{
	"texture_size": [32, 32],
	"textures": {
		"1": "default/crashed_drone",
		"particle": "default/crashed_drone"
	},
	"elements": [
		{
			"from": [10.375, 0, 6.125],
			"to": [13.375, 2, 10.875],
			"rotation": {"angle": 22.5, "axis": "y", "origin": [13.625, 1, 9.5]},
			"faces": {
				"north": {"uv": [11, 6.5, 12.5, 7.5], "texture": "#1"},
				"east": {"uv": [9, 2.5, 11.5, 3.5], "texture": "#1"},
				"south": {"uv": [8.5, 11, 10, 12], "texture": "#1"},
				"west": {"uv": [9, 7.5, 11.5, 8.5], "texture": "#1"},
				"up": {"uv": [10.5, 2.5, 9, 0], "texture": "#1"},
				"down": {"uv": [1.5, 9, 0, 11.5], "texture": "#1"}
			}
		},
		{
			"from": [-0.999, 0.001, 1.001],
			"to": [2.999, 1.999, 5.999],
			"faces": {
				"north": {"uv": [10, 5, 12, 6], "texture": "#1"},
				"east": {"uv": [9, 8.5, 11.5, 9.5], "texture": "#1"},
				"south": {"uv": [10.5, 1.5, 12.5, 2.5], "texture": "#1"},
				"west": {"uv": [9, 9.5, 11.5, 10.5], "texture": "#1"},
				"up": {"uv": [10, 6, 8, 3.5], "texture": "#1"},
				"down": {"uv": [2, 9, 0, 11.5], "texture": "#1"}
			}
		},
		{
			"from": [-1, 0, 11],
			"to": [2, 2, 14],
			"faces": {
				"north": {"uv": [10, 11, 11.5, 12], "texture": "#1"},
				"east": {"uv": [0, 11.5, 1.5, 12.5], "texture": "#1"},
				"south": {"uv": [1.5, 11.5, 3, 12.5], "texture": "#1"},
				"west": {"uv": [11.5, 2.5, 13, 3.5], "texture": "#1"},
				"up": {"uv": [8.5, 11.5, 7, 10], "texture": "#1"},
				"down": {"uv": [12, 0, 10.5, 1.5], "texture": "#1"}
			}
		},
		{
			"from": [7.001, 0.001, 13.001],
			"to": [9.999, 1.999, 15.999],
			"faces": {
				"north": {"uv": [11.5, 3.5, 13, 4.5], "texture": "#1"},
				"east": {"uv": [6.5, 11.5, 8, 12.5], "texture": "#1"},
				"south": {"uv": [11.5, 7.5, 13, 8.5], "texture": "#1"},
				"west": {"uv": [11.5, 8.5, 13, 9.5], "texture": "#1"},
				"up": {"uv": [5, 12, 3.5, 10.5], "texture": "#1"},
				"down": {"uv": [6.5, 10.5, 5, 12], "texture": "#1"}
			}
		},
		{
			"from": [7.5, 0, 14.2],
			"to": [11.25, 1, 17],
			"faces": {
				"north": {"uv": [0, 12.5, 2, 13], "texture": "#1"},
				"east": {"uv": [12.5, 7, 14, 7.5], "texture": "#1"},
				"south": {"uv": [12.5, 1.5, 14.5, 2], "texture": "#1"},
				"west": {"uv": [8.5, 12.5, 10, 13], "texture": "#1"},
				"up": {"uv": [5.5, 10.5, 3.5, 9], "texture": "#1"},
				"down": {"uv": [11, 6, 9, 7.5], "texture": "#1"}
			}
		},
		{
			"from": [0, 0, 0],
			"to": [4, 1, 7],
			"faces": {
				"north": {"uv": [4.5, 12, 6.5, 12.5], "texture": "#1"},
				"east": {"uv": [8.5, 10.5, 12, 11], "texture": "#1"},
				"south": {"uv": [11, 12, 13, 12.5], "texture": "#1"},
				"west": {"uv": [11, 6, 14.5, 6.5], "texture": "#1"},
				"up": {"uv": [9, 3.5, 7, 0], "texture": "#1"},
				"down": {"uv": [9, 6.5, 7, 10], "texture": "#1"}
			}
		},
		{
			"from": [11.001, 0.001, 5.001],
			"to": [13.999, 0.999, 7.999],
			"faces": {
				"north": {"uv": [12.5, 2, 14, 2.5], "texture": "#1"},
				"east": {"uv": [4.5, 12.5, 6, 13], "texture": "#1"},
				"south": {"uv": [6, 12.5, 7.5, 13], "texture": "#1"},
				"west": {"uv": [12.5, 6.5, 14, 7], "texture": "#1"},
				"up": {"uv": [7, 10.5, 5.5, 9], "texture": "#1"},
				"down": {"uv": [11.5, 3.5, 10, 5], "texture": "#1"}
			}
		},
		{
			"from": [16.61396, 1, 3.75],
			"to": [17.11396, 2, 4.25],
			"rotation": {"angle": 45, "axis": "y", "origin": [8, 7, 8]},
			"faces": {
				"north": {"uv": [7, 3.5, 7.5, 4], "texture": "#1"},
				"east": {"uv": [7.5, 3.5, 8, 4], "texture": "#1"},
				"south": {"uv": [8, 6, 8.5, 6.5], "texture": "#1"},
				"west": {"uv": [8.5, 6, 9, 6.5], "texture": "#1"},
				"up": {"uv": [9, 10.5, 8.5, 10], "texture": "#1"},
				"down": {"uv": [7, 10.5, 6.5, 11], "texture": "#1"}
			}
		},
		{
			"from": [12.36396, 0, 3.5],
			"to": [17.36396, 1, 4.5],
			"rotation": {"angle": 45, "axis": "y", "origin": [8, 7, 8]},
			"faces": {
				"north": {"uv": [11.5, 4.5, 14, 5], "texture": "#1"},
				"east": {"uv": [6.5, 11, 7, 11.5], "texture": "#1"},
				"south": {"uv": [11.5, 9.5, 14, 10], "texture": "#1"},
				"west": {"uv": [2, 12.5, 2.5, 13], "texture": "#1"},
				"up": {"uv": [14, 10.5, 11.5, 10], "texture": "#1"},
				"down": {"uv": [14, 11, 11.5, 11.5], "texture": "#1"}
			}
		},
		{
			"from": [0.18934, 1.75, 12.81066],
			"to": [0.68934, 2.75, 13.31066],
			"rotation": {"angle": 22.5, "axis": "x", "origin": [2.43934, 1, 13.56066]},
			"faces": {
				"north": {"uv": [2.5, 12.5, 3, 13], "texture": "#1"},
				"east": {"uv": [7.5, 12.5, 8, 13], "texture": "#1"},
				"south": {"uv": [10, 12.5, 10.5, 13], "texture": "#1"},
				"west": {"uv": [10.5, 12.5, 11, 13], "texture": "#1"},
				"up": {"uv": [11.5, 13, 11, 12.5], "texture": "#1"},
				"down": {"uv": [12, 12.5, 11.5, 13], "texture": "#1"}
			}
		},
		{
			"from": [4.93934, 0, 9.06066],
			"to": [5.93934, 1, 14.06066],
			"rotation": {"angle": 22.5, "axis": "x", "origin": [2.43934, 1, 13.56066]},
			"faces": {
				"north": {"uv": [12, 12.5, 12.5, 13], "texture": "#1"},
				"east": {"uv": [11.5, 11.5, 14, 12], "texture": "#1"},
				"south": {"uv": [12.5, 12.5, 13, 13], "texture": "#1"},
				"west": {"uv": [12, 0, 14.5, 0.5], "texture": "#1"},
				"up": {"uv": [3.5, 14, 3, 11.5], "texture": "#1"},
				"down": {"uv": [8.5, 11.5, 8, 14], "texture": "#1"}
			}
		},
		{
			"from": [12.66661, 6.5, 11.33422],
			"to": [13.16661, 7.5, 11.83422],
			"rotation": {"angle": -45, "axis": "x", "origin": [14.91661, 1, 13.83422]},
			"faces": {
				"north": {"uv": [0, 13, 0.5, 13.5], "texture": "#1"},
				"east": {"uv": [0.5, 13, 1, 13.5], "texture": "#1"},
				"south": {"uv": [1, 13, 1.5, 13.5], "texture": "#1"},
				"west": {"uv": [1.5, 13, 2, 13.5], "texture": "#1"},
				"up": {"uv": [2.5, 13.5, 2, 13], "texture": "#1"},
				"down": {"uv": [3, 13, 2.5, 13.5], "texture": "#1"}
			}
		},
		{
			"from": [12.41661, 5.5, 7.08422],
			"to": [13.41661, 6.5, 12.08422],
			"rotation": {"angle": -45, "axis": "x", "origin": [14.91661, 1, 13.83422]},
			"faces": {
				"north": {"uv": [13, 2.5, 13.5, 3], "texture": "#1"},
				"east": {"uv": [12, 0.5, 14.5, 1], "texture": "#1"},
				"south": {"uv": [13, 3, 13.5, 3.5], "texture": "#1"},
				"west": {"uv": [12, 1, 14.5, 1.5], "texture": "#1"},
				"up": {"uv": [4, 14.5, 3.5, 12], "texture": "#1"},
				"down": {"uv": [4.5, 12, 4, 14.5], "texture": "#1"}
			}
		},
		{
			"from": [4.5, 0, -2],
			"to": [11.5, 5, 6],
			"rotation": {"angle": -45, "axis": "x", "origin": [8, 7, 8]},
			"faces": {
				"north": {"uv": [0, 6.5, 3.5, 9], "texture": "#1"},
				"east": {"uv": [0, 4, 4, 6.5], "texture": "#1"},
				"south": {"uv": [3.5, 6.5, 7, 9], "texture": "#1"},
				"west": {"uv": [4, 4, 8, 6.5], "texture": "#1"},
				"up": {"uv": [3.5, 4, 0, 0], "texture": "#1"},
				"down": {"uv": [7, 0, 3.5, 4], "texture": "#1"}
			}
		},
		{
			"from": [1.52513, 1, 7.35355],
			"to": [6.52513, 2, 8.35355],
			"rotation": {"angle": -22.5, "axis": "z", "origin": [1.02513, 2, 3.85355]},
			"faces": {
				"north": {"uv": [12, 5, 14.5, 5.5], "texture": "#1"},
				"east": {"uv": [13, 3.5, 13.5, 4], "texture": "#1"},
				"south": {"uv": [12, 5.5, 14.5, 6], "texture": "#1"},
				"west": {"uv": [13, 4, 13.5, 4.5], "texture": "#1"},
				"up": {"uv": [11, 12.5, 8.5, 12], "texture": "#1"},
				"down": {"uv": [14.5, 10.5, 12, 11], "texture": "#1"}
			}
		},
		{
			"from": [1.77513, 2, 7.60355],
			"to": [2.27513, 3, 8.10355],
			"rotation": {"angle": -22.5, "axis": "z", "origin": [1.02513, 2, 3.85355]},
			"faces": {
				"north": {"uv": [4.5, 13, 5, 13.5], "texture": "#1"},
				"east": {"uv": [5, 13, 5.5, 13.5], "texture": "#1"},
				"south": {"uv": [5.5, 13, 6, 13.5], "texture": "#1"},
				"west": {"uv": [6, 13, 6.5, 13.5], "texture": "#1"},
				"up": {"uv": [7, 13.5, 6.5, 13], "texture": "#1"},
				"down": {"uv": [7.5, 13, 7, 13.5], "texture": "#1"}
			}
		},
		{
			"from": [3, 0, 16],
			"to": [7, 1, 17],
			"rotation": {"angle": 45, "axis": "y", "origin": [2, 0.5, 17.5]},
			"faces": {
				"north": {"uv": [14, 15.5, 16, 16], "texture": "#1"},
				"east": {"uv": [14, 15.5, 14.5, 16], "texture": "#1"},
				"south": {"uv": [14, 15.5, 16, 16], "texture": "#1"},
				"west": {"uv": [14, 15.5, 14.5, 16], "texture": "#1"},
				"up": {"uv": [14, 15.5, 16, 16], "texture": "#1"},
				"down": {"uv": [14, 15.5, 16, 16], "texture": "#1"}
			}
		},
		{
			"from": [13.33655, -0.75, 4.9078],
			"to": [14.33655, 0.25, 8.9078],
			"rotation": {"angle": 45, "axis": "z", "origin": [13.08655, 0.5, 12.9078]},
			"faces": {
				"north": {"uv": [14, 15.5, 14.5, 16], "rotation": 270, "texture": "#1"},
				"east": {"uv": [14, 15.5, 16, 16], "rotation": 180, "texture": "#1"},
				"south": {"uv": [14, 15.5, 14.5, 16], "rotation": 90, "texture": "#1"},
				"west": {"uv": [14, 15.5, 16, 16], "texture": "#1"},
				"up": {"uv": [14, 15.5, 16, 16], "rotation": 90, "texture": "#1"},
				"down": {"uv": [14, 15.5, 16, 16], "rotation": 90, "texture": "#1"}
			}
		},
		{
			"from": [0.74772, 7.89949, -6.0922],
			"to": [1.74772, 8.89949, -2.0922],
			"rotation": {"angle": -45, "axis": "x", "origin": [4.24772, 10.39949, 6.9078]},
			"faces": {
				"north": {"uv": [14, 15.5, 14.5, 16], "rotation": 270, "texture": "#1"},
				"east": {"uv": [14, 15.5, 16, 16], "rotation": 180, "texture": "#1"},
				"south": {"uv": [14, 15.5, 14.5, 16], "rotation": 90, "texture": "#1"},
				"west": {"uv": [14, 15.5, 16, 16], "texture": "#1"},
				"up": {"uv": [14, 15.5, 16, 16], "rotation": 90, "texture": "#1"},
				"down": {"uv": [14, 15.5, 16, 16], "rotation": 90, "texture": "#1"}
			}
		}
	],
	"display": {
		"head": {
			"scale": [3, 3, 3]
		},
		"fixed": {
			"rotation": [-90, 0, 0],
			"translation": [0, 0, -32],
			"scale": [4, 4, 4]
		}
	},
	"groups": [
		{
			"name": "group",
			"origin": [8, 8, 8],
			"color": 0,
			"nbt": "{}",
			"children": [
				{
					"name": "group",
					"origin": [0, 0, 0],
					"color": 0,
					"nbt": "{}",
					"children": [
						0,
						1,
						2,
						3,
						4,
						5,
						6,
						{
							"name": "potato",
							"origin": [8, 8, 8],
							"color": 0,
							"nbt": "{}",
							"children": []
						}
					]
				},
				{
					"name": "group",
					"origin": [4.5, 5.5, 2.5],
					"color": 0,
					"nbt": "{}",
					"children": [
						{
							"name": "group",
							"origin": [2.25, 8.5, 5.75],
							"color": 0,
							"nbt": "{}",
							"children": [
								{
									"name": "group",
									"origin": [2.25, 8.5, 13.75],
									"color": 0,
									"nbt": "{}",
									"children": [7, 8, 9, 10, 11, 12]
								}
							]
						}
					]
				},
				{
					"name": "wheat",
					"origin": [8, 8, 8],
					"color": 0,
					"nbt": "{}",
					"children": [
						{
							"name": "group",
							"origin": [8.25, 9.25, 4.25],
							"color": 0,
							"nbt": "{}",
							"children": [
								{
									"name": "group",
									"origin": [11, 6.5, 12],
									"color": 0,
									"nbt": "{}",
									"children": [
										13,
										{
											"name": "group",
											"origin": [6.79499, 2.44827, 8],
											"color": 0,
											"nbt": "{}",
											"children": []
										},
										14,
										15
									]
								}
							]
						}
					]
				}
			]
		},
		16,
		17,
		18
	]
}