{
	"texture_size": [128, 128],
	"textures": {
		"3": "default/dollar_board"
	},
	"elements": [
		{
			"from": [-16, -16, 7],
			"to": [32, 32, 9],
			"rotation": {"angle": 0, "axis": "y", "origin": [7, 0, 11]},
			"faces": {
				"north": {"uv": [6, 6, 0, 12], "texture": "#3"},
				"east": {"uv": [6.25, 10, 6, 16], "texture": "#3"},
				"south": {"uv": [6, 0, 0, 6], "texture": "#3"},
				"west": {"uv": [6.5, 10, 6.25, 16], "texture": "#3"},
				"up": {"uv": [12.5, 10, 6.5, 10.25], "texture": "#3"},
				"down": {"uv": [12.5, 10.5, 6.5, 10.25], "texture": "#3"}
			}
		},
		{
			"from": [-12, -12, 6.95],
			"to": [28, 28, 6.95],
			"rotation": {"angle": 0, "axis": "y", "origin": [7, 0, 9]},
			"faces": {
				"north": {"uv": [6, 5, 11, 10], "texture": "#3"},
				"east": {"uv": [0, 0, 0, 5], "texture": "#3"},
				"south": {"uv": [11, 5, 6, 10], "texture": "#3"},
				"west": {"uv": [0, 0, 0, 5], "texture": "#3"},
				"up": {"uv": [5, 0, 0, 0], "texture": "#3"},
				"down": {"uv": [5, 0, 0, 0], "texture": "#3"}
			}
		}
	],
	"display": {
		"thirdperson_righthand": {
			"translation": [0, 3, 1],
			"scale": [0.55, 0.55, 0.55]
		},
		"thirdperson_lefthand": {
			"translation": [0, 3, 1],
			"scale": [0.55, 0.55, 0.55]
		},
		"firstperson_righthand": {
			"rotation": [0, -90, 25],
			"translation": [1.13, 3.2, 1.13],
			"scale": [0.68, 0.68, 0.68]
		},
		"firstperson_lefthand": {
			"rotation": [0, -90, 25],
			"translation": [1.13, 3.2, 1.13],
			"scale": [0.68, 0.68, 0.68]
		},
		"ground": {
			"translation": [0, 2, 0],
			"scale": [0.5, 0.5, 0.5]
		},
		"head": {
			"scale": [3, 3, 1]
		},
		"fixed": {
			"rotation": [0, 180, 0]
		}
	}
}