{
    "credit": "Polygony Creation Co.,Ltd.",
    "texture_size": [
        12,
        12
    ],
    "textures": {
        "1": "independence_dayset:american_flag",
        "2": "independence_dayset:animations/star_animation",
        "5": "independence_dayset:backpack",
        "particle": "independence_dayset:backpack"
    },
    "elements": [
        {
            "from": [
                4,
                0,
                4
            ],
            "to": [
                12,
                6,
                12
            ],
            "rotation": {
                "angle": 0,
                "axis": "y",
                "origin": [
                    3,
                    0,
                    4
                ]
            },
            "faces": {
                "north": {
                    "uv": [
                        3.2,
                        0,
                        6.4,
                        2.4
                    ],
                    "texture": "#5"
                },
                "east": {
                    "uv": [
                        3.2,
                        2.4,
                        6.4,
                        4.8
                    ],
                    "texture": "#5"
                },
                "south": {
                    "uv": [
                        3.2,
                        4.8,
                        6.4,
                        7.2
                    ],
                    "texture": "#5"
                },
                "west": {
                    "uv": [
                        0,
                        6.4,
                        3.2,
                        8.8
                    ],
                    "texture": "#5"
                },
                "up": {
                    "uv": [
                        3.2,
                        3.2,
                        0,
                        0
                    ],
                    "texture": "#5"
                },
                "down": {
                    "uv": [
                        3.2,
                        3.2,
                        0,
                        6.4
                    ],
                    "texture": "#5"
                }
            }
        },
        {
            "from": [
                2,
                0,
                6.25
            ],
            "to": [
                4,
                3,
                9.75
            ],
            "rotation": {
                "angle": 0,
                "axis": "y",
                "origin": [
                    3,
                    0,
                    4
                ]
            },
            "faces": {
                "north": {
                    "uv": [
                        10.4,
                        3.2,
                        11.2,
                        4.4
                    ],
                    "texture": "#5"
                },
                "south": {
                    "uv": [
                        4.4,
                        10.4,
                        5.2,
                        11.6
                    ],
                    "texture": "#5"
                },
                "west": {
                    "uv": [
                        9.6,
                        7.6,
                        11,
                        8.8
                    ],
                    "texture": "#5"
                },
                "down": {
                    "uv": [
                        2.8,
                        10.4,
                        2,
                        11.8
                    ],
                    "texture": "#5"
                }
            }
        },
        {
            "from": [
                12,
                0,
                6.25
            ],
            "to": [
                14,
                3,
                9.75
            ],
            "rotation": {
                "angle": 0,
                "axis": "y",
                "origin": [
                    13,
                    0,
                    4
                ]
            },
            "faces": {
                "north": {
                    "uv": [
                        8,
                        10.8,
                        8.8,
                        12
                    ],
                    "texture": "#5"
                },
                "east": {
                    "uv": [
                        8,
                        9.6,
                        9.4,
                        10.8
                    ],
                    "texture": "#5"
                },
                "south": {
                    "uv": [
                        8.8,
                        10.8,
                        9.6,
                        12
                    ],
                    "texture": "#5"
                },
                "up": {
                    "uv": [
                        3.6,
                        11.8,
                        2.8,
                        10.4
                    ],
                    "texture": "#5"
                },
                "down": {
                    "uv": [
                        4.4,
                        10.4,
                        3.6,
                        11.8
                    ],
                    "texture": "#5"
                }
            }
        },
        {
            "from": [
                1.5,
                3,
                6
            ],
            "to": [
                4,
                3.5,
                10
            ],
            "rotation": {
                "angle": 0,
                "axis": "y",
                "origin": [
                    3,
                    0,
                    4
                ]
            },
            "faces": {
                "north": {
                    "uv": [
                        12.8,
                        1.2,
                        13.8,
                        1.4
                    ],
                    "texture": "#5"
                },
                "south": {
                    "uv": [
                        12.8,
                        1.6,
                        13.8,
                        1.8
                    ],
                    "texture": "#5"
                },
                "west": {
                    "uv": [
                        12.4,
                        0,
                        14,
                        0.2
                    ],
                    "texture": "#5"
                },
                "up": {
                    "uv": [
                        10.6,
                        10.4,
                        9.6,
                        8.8
                    ],
                    "texture": "#5"
                },
                "down": {
                    "uv": [
                        11.4,
                        0,
                        10.4,
                        1.6
                    ],
                    "texture": "#5"
                }
            }
        },
        {
            "from": [
                1.5,
                2,
                6
            ],
            "to": [
                2,
                3,
                10
            ],
            "rotation": {
                "angle": 0,
                "axis": "y",
                "origin": [
                    3,
                    0,
                    4
                ]
            },
            "faces": {
                "north": {
                    "uv": [
                        1.6,
                        13.2,
                        1.8,
                        13.6
                    ],
                    "texture": "#5"
                },
                "east": {
                    "uv": [
                        10.8,
                        8.8,
                        12.4,
                        9.2
                    ],
                    "texture": "#5"
                },
                "south": {
                    "uv": [
                        13.2,
                        2,
                        13.4,
                        2.4
                    ],
                    "texture": "#5"
                },
                "west": {
                    "uv": [
                        10.8,
                        9.2,
                        12.4,
                        9.6
                    ],
                    "texture": "#5"
                },
                "down": {
                    "uv": [
                        12.6,
                        0.4,
                        12.4,
                        2
                    ],
                    "texture": "#5"
                }
            }
        },
        {
            "from": [
                12,
                3,
                6
            ],
            "to": [
                14.5,
                3.5,
                10
            ],
            "rotation": {
                "angle": 0,
                "axis": "y",
                "origin": [
                    13.75,
                    2.875,
                    8
                ]
            },
            "faces": {
                "north": {
                    "uv": [
                        12.8,
                        8.8,
                        13.8,
                        9
                    ],
                    "texture": "#5"
                },
                "east": {
                    "uv": [
                        12.8,
                        0.4,
                        14.4,
                        0.6
                    ],
                    "texture": "#5"
                },
                "south": {
                    "uv": [
                        12.8,
                        9.2,
                        13.8,
                        9.4
                    ],
                    "texture": "#5"
                },
                "up": {
                    "uv": [
                        1.8,
                        12,
                        0.8,
                        10.4
                    ],
                    "texture": "#5"
                },
                "down": {
                    "uv": [
                        11.4,
                        1.6,
                        10.4,
                        3.2
                    ],
                    "texture": "#5"
                }
            }
        },
        {
            "from": [
                14,
                2,
                6
            ],
            "to": [
                14.5,
                3,
                10
            ],
            "rotation": {
                "angle": 0,
                "axis": "y",
                "origin": [
                    13.75,
                    2.875,
                    8
                ]
            },
            "faces": {
                "north": {
                    "uv": [
                        13.2,
                        2.4,
                        13.4,
                        2.8
                    ],
                    "texture": "#5"
                },
                "east": {
                    "uv": [
                        10.8,
                        9.6,
                        12.4,
                        10
                    ],
                    "texture": "#5"
                },
                "south": {
                    "uv": [
                        13.2,
                        2.8,
                        13.4,
                        3.2
                    ],
                    "texture": "#5"
                },
                "west": {
                    "uv": [
                        10.8,
                        10,
                        12.4,
                        10.4
                    ],
                    "texture": "#5"
                },
                "down": {
                    "uv": [
                        10.2,
                        12.4,
                        10,
                        14
                    ],
                    "texture": "#5"
                }
            }
        },
        {
            "from": [
                4,
                6,
                4
            ],
            "to": [
                12,
                8,
                10
            ],
            "rotation": {
                "angle": 0,
                "axis": "y",
                "origin": [
                    3,
                    6,
                    4
                ]
            },
            "faces": {
                "north": {
                    "uv": [
                        0,
                        8.8,
                        3.2,
                        9.6
                    ],
                    "texture": "#5"
                },
                "east": {
                    "uv": [
                        0.8,
                        9.6,
                        3.2,
                        10.4
                    ],
                    "texture": "#5"
                },
                "south": {
                    "uv": [
                        3.2,
                        8.8,
                        6.4,
                        9.6
                    ],
                    "texture": "#5"
                },
                "west": {
                    "uv": [
                        3.2,
                        9.6,
                        5.6,
                        10.4
                    ],
                    "texture": "#5"
                },
                "up": {
                    "uv": [
                        9.6,
                        2.4,
                        6.4,
                        0
                    ],
                    "texture": "#5"
                }
            }
        },
        {
            "from": [
                4,
                8,
                4
            ],
            "to": [
                12,
                12,
                7
            ],
            "rotation": {
                "angle": 0,
                "axis": "y",
                "origin": [
                    3,
                    8,
                    4
                ]
            },
            "faces": {
                "north": {
                    "uv": [
                        6.4,
                        2.4,
                        9.6,
                        4
                    ],
                    "texture": "#5"
                },
                "east": {
                    "uv": [
                        9.6,
                        4.4,
                        10.8,
                        6
                    ],
                    "texture": "#5"
                },
                "south": {
                    "uv": [
                        6.4,
                        4,
                        9.6,
                        5.6
                    ],
                    "texture": "#5"
                },
                "west": {
                    "uv": [
                        5.6,
                        9.6,
                        6.8,
                        11.2
                    ],
                    "texture": "#5"
                },
                "up": {
                    "uv": [
                        9.6,
                        8.4,
                        6.4,
                        7.2
                    ],
                    "texture": "#5"
                }
            }
        },
        {
            "from": [
                4.0035,
                8,
                7
            ],
            "to": [
                11.9965,
                12,
                10
            ],
            "rotation": {
                "angle": 22.5,
                "axis": "x",
                "origin": [
                    3.0035,
                    8,
                    7
                ]
            },
            "faces": {
                "north": {
                    "uv": [
                        6.4,
                        5.6,
                        9.6,
                        7.2
                    ],
                    "texture": "#5"
                },
                "east": {
                    "uv": [
                        9.6,
                        6,
                        10.8,
                        7.6
                    ],
                    "texture": "#5"
                },
                "south": {
                    "uv": [
                        3.2,
                        7.2,
                        6.4,
                        8.8
                    ],
                    "texture": "#5"
                },
                "west": {
                    "uv": [
                        6.8,
                        9.6,
                        8,
                        11.2
                    ],
                    "texture": "#5"
                },
                "up": {
                    "uv": [
                        9.6,
                        9.6,
                        6.4,
                        8.4
                    ],
                    "texture": "#5"
                }
            }
        },
        {
            "from": [
                4.0035,
                8,
                5.75
            ],
            "to": [
                4.0035,
                11,
                7
            ],
            "rotation": {
                "angle": 22.5,
                "axis": "x",
                "origin": [
                    3.0035,
                    8,
                    7
                ]
            },
            "faces": {
                "west": {
                    "uv": [
                        11.2,
                        3.2,
                        11.7,
                        4.4
                    ],
                    "texture": "#5"
                }
            }
        },
        {
            "from": [
                11.9965,
                8,
                5.75
            ],
            "to": [
                11.9965,
                11,
                7
            ],
            "rotation": {
                "angle": 22.5,
                "axis": "x",
                "origin": [
                    12.9965,
                    8,
                    7
                ]
            },
            "faces": {
                "east": {
                    "uv": [
                        6,
                        11.2,
                        6.5,
                        12.4
                    ],
                    "texture": "#5"
                }
            }
        },
        {
            "from": [
                0.1971,
                7.94328,
                7.985
            ],
            "to": [
                3.1971,
                11.44328,
                8.015
            ],
            "rotation": {
                "angle": -22.5,
                "axis": "z",
                "origin": [
                    2.1971,
                    10.69328,
                    8
                ]
            },
            "faces": {
                "north": {
                    "uv": [
                        7,
                        6.00179,
                        0,
                        0
                    ],
                    "rotation": 270,
                    "texture": "#1"
                },
                "south": {
                    "uv": [
                        0,
                        6.00179,
                        7,
                        0
                    ],
                    "rotation": 90,
                    "texture": "#1"
                }
            }
        },
        {
            "from": [
                0.1971,
                11.44328,
                7.75
            ],
            "to": [
                5.1971,
                11.94328,
                8.25
            ],
            "rotation": {
                "angle": -22.5,
                "axis": "z",
                "origin": [
                    2.1971,
                    10.69328,
                    8
                ]
            },
            "faces": {
                "north": {
                    "uv": [
                        11.00357,
                        10.00714,
                        12.00179,
                        0
                    ],
                    "rotation": 270,
                    "texture": "#1"
                },
                "south": {
                    "uv": [
                        15.00179,
                        10.00714,
                        16,
                        0
                    ],
                    "rotation": 90,
                    "texture": "#1"
                },
                "west": {
                    "uv": [
                        8.50179,
                        0,
                        7.50357,
                        1.00714
                    ],
                    "rotation": 180,
                    "texture": "#1"
                },
                "up": {
                    "uv": [
                        9.00357,
                        10.00714,
                        10.00179,
                        0
                    ],
                    "rotation": 90,
                    "texture": "#1"
                },
                "down": {
                    "uv": [
                        13.00357,
                        10.00714,
                        14.00179,
                        0
                    ],
                    "rotation": 90,
                    "texture": "#1"
                }
            }
        },
        {
            "from": [
                12.8029,
                7.94328,
                7.985
            ],
            "to": [
                15.8029,
                11.44328,
                8.015
            ],
            "rotation": {
                "angle": 22.5,
                "axis": "z",
                "origin": [
                    13.8029,
                    10.69328,
                    8
                ]
            },
            "faces": {
                "north": {
                    "uv": [
                        7,
                        0,
                        0,
                        6.00179
                    ],
                    "rotation": 270,
                    "texture": "#1"
                },
                "south": {
                    "uv": [
                        0,
                        0,
                        7,
                        6.00179
                    ],
                    "rotation": 90,
                    "texture": "#1"
                }
            }
        },
        {
            "from": [
                10.8029,
                11.44328,
                7.75
            ],
            "to": [
                15.8029,
                11.94328,
                8.25
            ],
            "rotation": {
                "angle": 22.5,
                "axis": "z",
                "origin": [
                    13.8029,
                    10.69328,
                    8
                ]
            },
            "faces": {
                "north": {
                    "uv": [
                        11.00357,
                        0,
                        12.00179,
                        10.00714
                    ],
                    "rotation": 270,
                    "texture": "#1"
                },
                "east": {
                    "uv": [
                        7.50357,
                        0,
                        8.50179,
                        1.00714
                    ],
                    "rotation": 180,
                    "texture": "#1"
                },
                "south": {
                    "uv": [
                        15.00179,
                        0,
                        16,
                        10.00714
                    ],
                    "rotation": 90,
                    "texture": "#1"
                },
                "up": {
                    "uv": [
                        9.00357,
                        0,
                        10.00179,
                        10.00714
                    ],
                    "rotation": 90,
                    "texture": "#1"
                },
                "down": {
                    "uv": [
                        13.00357,
                        0,
                        14.00179,
                        10.00714
                    ],
                    "rotation": 90,
                    "texture": "#1"
                }
            }
        },
        {
            "from": [
                7.66469,
                0.42023,
                11.7525
            ],
            "to": [
                8.91469,
                3.02023,
                12.7525
            ],
            "rotation": {
                "angle": 22.5,
                "axis": "z",
                "origin": [
                    8,
                    3.43823,
                    12.2525
                ]
            },
            "faces": {
                "north": {
                    "uv": [
                        11.2,
                        10.4,
                        11.7,
                        11.4
                    ],
                    "texture": "#5"
                },
                "east": {
                    "uv": [
                        4,
                        12,
                        4.4,
                        13
                    ],
                    "texture": "#5"
                },
                "south": {
                    "uv": [
                        11.6,
                        0,
                        12.1,
                        1
                    ],
                    "texture": "#5"
                },
                "down": {
                    "uv": [
                        13.3,
                        3.2,
                        12.8,
                        3.6
                    ],
                    "texture": "#5"
                }
            }
        },
        {
            "from": [
                8.20562,
                2.20447,
                11.761
            ],
            "to": [
                10.75562,
                3.20447,
                12.744
            ],
            "rotation": {
                "angle": -45,
                "axis": "z",
                "origin": [
                    8,
                    3.43823,
                    12.2525
                ]
            },
            "faces": {
                "north": {
                    "uv": [
                        12,
                        6,
                        13,
                        6.4
                    ],
                    "texture": "#5"
                },
                "south": {
                    "uv": [
                        12,
                        6.4,
                        13,
                        6.8
                    ],
                    "texture": "#5"
                },
                "down": {
                    "uv": [
                        13,
                        6.8,
                        12,
                        7.2
                    ],
                    "texture": "#5"
                }
            }
        },
        {
            "from": [
                8.24658,
                2.66563,
                11.7525
            ],
            "to": [
                10.49658,
                3.91563,
                12.7525
            ],
            "rotation": {
                "angle": 0,
                "axis": "y",
                "origin": [
                    8,
                    3.43823,
                    12.2525
                ]
            },
            "faces": {
                "east": {
                    "uv": [
                        12.8,
                        3.6,
                        13.2,
                        4.1
                    ],
                    "texture": "#5"
                },
                "south": {
                    "uv": [
                        2,
                        12,
                        2.9,
                        12.5
                    ],
                    "texture": "#5"
                },
                "up": {
                    "uv": [
                        12.9,
                        10.8,
                        12,
                        10.4
                    ],
                    "texture": "#5"
                }
            }
        },
        {
            "from": [
                8.17355,
                2.00001,
                11.756
            ],
            "to": [
                10.10655,
                3.00001,
                12.749
            ],
            "rotation": {
                "angle": 22.5,
                "axis": "z",
                "origin": [
                    8,
                    3.43823,
                    12.2525
                ]
            },
            "faces": {
                "north": {
                    "uv": [
                        12.4,
                        2,
                        13.2,
                        2.4
                    ],
                    "texture": "#5"
                },
                "south": {
                    "uv": [
                        12.4,
                        2.4,
                        13.2,
                        2.8
                    ],
                    "texture": "#5"
                },
                "down": {
                    "uv": [
                        13.2,
                        2.8,
                        12.4,
                        3.2
                    ],
                    "texture": "#5"
                }
            }
        },
        {
            "from": [
                5.89345,
                2.00001,
                11.756
            ],
            "to": [
                7.82645,
                3.00001,
                12.749
            ],
            "rotation": {
                "angle": -22.5,
                "axis": "z",
                "origin": [
                    8,
                    3.43823,
                    12.2525
                ]
            },
            "faces": {
                "north": {
                    "uv": [
                        12.4,
                        4.4,
                        13.2,
                        4.8
                    ],
                    "texture": "#5"
                },
                "south": {
                    "uv": [
                        12.4,
                        4.8,
                        13.2,
                        5.2
                    ],
                    "texture": "#5"
                },
                "down": {
                    "uv": [
                        6.8,
                        12.4,
                        6,
                        12.8
                    ],
                    "texture": "#5"
                }
            }
        },
        {
            "from": [
                7.7361,
                2.6718,
                11.761
            ],
            "to": [
                9.2361,
                5.1718,
                12.744
            ],
            "rotation": {
                "angle": 22.5,
                "axis": "z",
                "origin": [
                    8,
                    3.43823,
                    12.2525
                ]
            },
            "faces": {
                "north": {
                    "uv": [
                        6.8,
                        11.2,
                        7.4,
                        12.2
                    ],
                    "texture": "#5"
                },
                "east": {
                    "uv": [
                        12,
                        7.2,
                        12.4,
                        8.2
                    ],
                    "texture": "#5"
                },
                "south": {
                    "uv": [
                        11.2,
                        7.6,
                        11.8,
                        8.6
                    ],
                    "texture": "#5"
                },
                "up": {
                    "uv": [
                        13.4,
                        1.2,
                        12.8,
                        0.8
                    ],
                    "texture": "#5"
                }
            }
        },
        {
            "from": [
                7.5215,
                4.51287,
                11.7525
            ],
            "to": [
                8.4785,
                5.51287,
                12.7525
            ],
            "rotation": {
                "angle": 0,
                "axis": "y",
                "origin": [
                    8,
                    3.43823,
                    12.2525
                ]
            },
            "faces": {
                "east": {
                    "uv": [
                        6.4,
                        12.8,
                        6.8,
                        13.2
                    ],
                    "texture": "#5"
                },
                "south": {
                    "uv": [
                        9.2,
                        12.8,
                        9.6,
                        13.2
                    ],
                    "texture": "#5"
                },
                "west": {
                    "uv": [
                        9.6,
                        12.8,
                        10,
                        13.2
                    ],
                    "texture": "#5"
                },
                "up": {
                    "uv": [
                        13.2,
                        10,
                        12.8,
                        9.6
                    ],
                    "texture": "#5"
                }
            }
        },
        {
            "from": [
                6.7639,
                2.9218,
                11.756
            ],
            "to": [
                8.0639,
                5.1718,
                12.749
            ],
            "rotation": {
                "angle": -22.5,
                "axis": "z",
                "origin": [
                    8,
                    3.43823,
                    12.2525
                ]
            },
            "faces": {
                "north": {
                    "uv": [
                        3.2,
                        12,
                        3.7,
                        12.9
                    ],
                    "texture": "#5"
                },
                "south": {
                    "uv": [
                        12,
                        3.2,
                        12.5,
                        4.1
                    ],
                    "texture": "#5"
                },
                "west": {
                    "uv": [
                        10.8,
                        12,
                        11.2,
                        12.9
                    ],
                    "texture": "#5"
                },
                "up": {
                    "uv": [
                        4.9,
                        13.2,
                        4.4,
                        12.8
                    ],
                    "texture": "#5"
                }
            }
        },
        {
            "from": [
                5.50342,
                2.66563,
                11.7525
            ],
            "to": [
                7.75342,
                3.91563,
                12.7525
            ],
            "rotation": {
                "angle": 0,
                "axis": "y",
                "origin": [
                    8,
                    3.43823,
                    12.2525
                ]
            },
            "faces": {
                "south": {
                    "uv": [
                        12,
                        5.2,
                        12.9,
                        5.7
                    ],
                    "texture": "#5"
                },
                "west": {
                    "uv": [
                        6,
                        12.8,
                        6.4,
                        13.3
                    ],
                    "texture": "#5"
                },
                "up": {
                    "uv": [
                        12.9,
                        11.2,
                        12,
                        10.8
                    ],
                    "texture": "#5"
                }
            }
        },
        {
            "from": [
                7.08531,
                0.42023,
                11.7525
            ],
            "to": [
                8.33531,
                3.02023,
                12.7525
            ],
            "rotation": {
                "angle": -22.5,
                "axis": "z",
                "origin": [
                    8,
                    3.43823,
                    12.2525
                ]
            },
            "faces": {
                "north": {
                    "uv": [
                        11.6,
                        1.2,
                        12.1,
                        2.2
                    ],
                    "texture": "#5"
                },
                "south": {
                    "uv": [
                        4.4,
                        11.6,
                        4.9,
                        12.6
                    ],
                    "texture": "#5"
                },
                "west": {
                    "uv": [
                        8,
                        12,
                        8.4,
                        13
                    ],
                    "texture": "#5"
                },
                "down": {
                    "uv": [
                        8.9,
                        12.8,
                        8.4,
                        13.2
                    ],
                    "texture": "#5"
                }
            }
        },
        {
            "from": [
                5.24438,
                2.20447,
                11.756
            ],
            "to": [
                7.76938,
                3.20447,
                12.749
            ],
            "rotation": {
                "angle": 45,
                "axis": "z",
                "origin": [
                    8,
                    3.43823,
                    12.2525
                ]
            },
            "faces": {
                "north": {
                    "uv": [
                        8.4,
                        12,
                        9.4,
                        12.4
                    ],
                    "texture": "#5"
                },
                "south": {
                    "uv": [
                        12,
                        8.4,
                        13,
                        8.8
                    ],
                    "texture": "#5"
                },
                "down": {
                    "uv": [
                        10.6,
                        12,
                        9.6,
                        12.4
                    ],
                    "texture": "#5"
                }
            }
        },
        {
            "from": [
                6.99389,
                2.43212,
                11.75
            ],
            "to": [
                8.61889,
                4.05712,
                12.755
            ],
            "rotation": {
                "angle": 45,
                "axis": "z",
                "origin": [
                    8,
                    3.43823,
                    12.2525
                ]
            },
            "faces": {
                "north": {
                    "uv": [
                        11.6,
                        2.4,
                        12.3,
                        3.1
                    ],
                    "texture": "#5"
                },
                "south": {
                    "uv": [
                        11.6,
                        4.4,
                        12.3,
                        5.1
                    ],
                    "texture": "#5"
                }
            }
        },
        {
            "from": [
                5,
                12,
                4
            ],
            "to": [
                6.5,
                13.5,
                4.5
            ],
            "rotation": {
                "angle": 0,
                "axis": "y",
                "origin": [
                    5.5,
                    12,
                    4
                ]
            },
            "faces": {
                "north": {
                    "uv": [
                        12,
                        11.2,
                        12.6,
                        11.8
                    ],
                    "texture": "#5"
                },
                "east": {
                    "uv": [
                        12.8,
                        11.6,
                        13,
                        12.2
                    ],
                    "texture": "#5"
                },
                "south": {
                    "uv": [
                        12,
                        12,
                        12.6,
                        12.6
                    ],
                    "texture": "#5"
                },
                "west": {
                    "uv": [
                        12,
                        12.8,
                        12.2,
                        13.4
                    ],
                    "texture": "#5"
                },
                "up": {
                    "uv": [
                        13,
                        13,
                        12.4,
                        12.8
                    ],
                    "texture": "#5"
                }
            }
        },
        {
            "from": [
                5,
                13,
                0
            ],
            "to": [
                6.5,
                13.5,
                4
            ],
            "rotation": {
                "angle": 0,
                "axis": "y",
                "origin": [
                    5.5,
                    12,
                    4
                ]
            },
            "faces": {
                "east": {
                    "uv": [
                        12.4,
                        7.2,
                        14,
                        7.4
                    ],
                    "texture": "#5"
                },
                "west": {
                    "uv": [
                        12.4,
                        7.6,
                        14,
                        7.8
                    ],
                    "texture": "#5"
                },
                "up": {
                    "uv": [
                        10.2,
                        12,
                        9.6,
                        10.4
                    ],
                    "texture": "#5"
                },
                "down": {
                    "uv": [
                        11,
                        10.4,
                        10.4,
                        12
                    ],
                    "texture": "#5"
                }
            }
        },
        {
            "from": [
                5,
                3,
                -0.5
            ],
            "to": [
                6.5,
                13.5,
                0
            ],
            "rotation": {
                "angle": 0,
                "axis": "y",
                "origin": [
                    5.5,
                    12,
                    4
                ]
            },
            "faces": {
                "north": {
                    "uv": [
                        0,
                        9.6,
                        0.6,
                        13.8
                    ],
                    "texture": "#5"
                },
                "east": {
                    "uv": [
                        5.2,
                        10.4,
                        5.4,
                        14.6
                    ],
                    "texture": "#5"
                },
                "south": {
                    "uv": [
                        9.6,
                        0,
                        10.2,
                        4.2
                    ],
                    "texture": "#5"
                },
                "west": {
                    "uv": [
                        5.6,
                        11.2,
                        5.8,
                        15.4
                    ],
                    "texture": "#5"
                },
                "up": {
                    "uv": [
                        13.4,
                        12.6,
                        12.8,
                        12.4
                    ],
                    "texture": "#5"
                },
                "down": {
                    "uv": [
                        1.4,
                        13.2,
                        0.8,
                        13.4
                    ],
                    "texture": "#5"
                }
            }
        },
        {
            "from": [
                5,
                3,
                0
            ],
            "to": [
                6.5,
                3.5,
                4
            ],
            "rotation": {
                "angle": 0,
                "axis": "y",
                "origin": [
                    5.5,
                    12,
                    4
                ]
            },
            "faces": {
                "east": {
                    "uv": [
                        12.4,
                        8,
                        14,
                        8.2
                    ],
                    "texture": "#5"
                },
                "west": {
                    "uv": [
                        8.4,
                        12.4,
                        10,
                        12.6
                    ],
                    "texture": "#5"
                },
                "up": {
                    "uv": [
                        11.4,
                        6,
                        10.8,
                        4.4
                    ],
                    "texture": "#5"
                },
                "down": {
                    "uv": [
                        11.4,
                        6,
                        10.8,
                        7.6
                    ],
                    "texture": "#5"
                }
            }
        },
        {
            "from": [
                9.5,
                12,
                4
            ],
            "to": [
                11,
                13.5,
                4.5
            ],
            "rotation": {
                "angle": 0,
                "axis": "y",
                "origin": [
                    10.5,
                    12,
                    4
                ]
            },
            "faces": {
                "north": {
                    "uv": [
                        12.6,
                        11.2,
                        12,
                        11.8
                    ],
                    "texture": "#5"
                },
                "east": {
                    "uv": [
                        12.2,
                        12.8,
                        12,
                        13.4
                    ],
                    "texture": "#5"
                },
                "south": {
                    "uv": [
                        12.6,
                        12,
                        12,
                        12.6
                    ],
                    "texture": "#5"
                },
                "west": {
                    "uv": [
                        13,
                        11.6,
                        12.8,
                        12.2
                    ],
                    "texture": "#5"
                },
                "up": {
                    "uv": [
                        12.4,
                        13,
                        13,
                        12.8
                    ],
                    "texture": "#5"
                }
            }
        },
        {
            "from": [
                9.5,
                13,
                0
            ],
            "to": [
                11,
                13.5,
                4
            ],
            "rotation": {
                "angle": 0,
                "axis": "y",
                "origin": [
                    10.5,
                    12,
                    4
                ]
            },
            "faces": {
                "east": {
                    "uv": [
                        14,
                        7.6,
                        12.4,
                        7.8
                    ],
                    "texture": "#5"
                },
                "west": {
                    "uv": [
                        14,
                        7.2,
                        12.4,
                        7.4
                    ],
                    "texture": "#5"
                },
                "up": {
                    "uv": [
                        9.6,
                        12,
                        10.2,
                        10.4
                    ],
                    "texture": "#5"
                },
                "down": {
                    "uv": [
                        10.4,
                        10.4,
                        11,
                        12
                    ],
                    "texture": "#5"
                }
            }
        },
        {
            "from": [
                9.5,
                3,
                -0.5
            ],
            "to": [
                11,
                13.5,
                0
            ],
            "rotation": {
                "angle": 0,
                "axis": "y",
                "origin": [
                    10.5,
                    12,
                    4
                ]
            },
            "faces": {
                "north": {
                    "uv": [
                        0.6,
                        9.6,
                        0,
                        13.8
                    ],
                    "texture": "#5"
                },
                "east": {
                    "uv": [
                        5.8,
                        11.2,
                        5.6,
                        15.4
                    ],
                    "texture": "#5"
                },
                "south": {
                    "uv": [
                        10.2,
                        0,
                        9.6,
                        4.2
                    ],
                    "texture": "#5"
                },
                "west": {
                    "uv": [
                        5.4,
                        10.4,
                        5.2,
                        14.6
                    ],
                    "texture": "#5"
                },
                "up": {
                    "uv": [
                        12.8,
                        12.6,
                        13.4,
                        12.4
                    ],
                    "texture": "#5"
                },
                "down": {
                    "uv": [
                        0.8,
                        13.2,
                        1.4,
                        13.4
                    ],
                    "texture": "#5"
                }
            }
        },
        {
            "from": [
                9.5,
                3,
                0
            ],
            "to": [
                11,
                3.5,
                4
            ],
            "rotation": {
                "angle": 0,
                "axis": "y",
                "origin": [
                    10.5,
                    12,
                    4
                ]
            },
            "faces": {
                "east": {
                    "uv": [
                        10,
                        12.4,
                        8.4,
                        12.6
                    ],
                    "texture": "#5"
                },
                "west": {
                    "uv": [
                        14,
                        8,
                        12.4,
                        8.2
                    ],
                    "texture": "#5"
                },
                "up": {
                    "uv": [
                        10.8,
                        6,
                        11.4,
                        4.4
                    ],
                    "texture": "#5"
                },
                "down": {
                    "uv": [
                        10.8,
                        6,
                        11.4,
                        7.6
                    ],
                    "texture": "#5"
                }
            }
        },
        {
            "from": [
                4.25,
                9.5,
                7.25
            ],
            "to": [
                4.75,
                13.5,
                7.75
            ],
            "rotation": {
                "angle": 22.5,
                "axis": "z",
                "origin": [
                    3.41515,
                    12.94161,
                    7.5
                ]
            },
            "faces": {
                "north": {
                    "uv": [
                        6.8,
                        12.4,
                        7,
                        14
                    ],
                    "texture": "#5"
                },
                "east": {
                    "uv": [
                        7.2,
                        12.4,
                        7.4,
                        14
                    ],
                    "texture": "#5"
                },
                "south": {
                    "uv": [
                        7.6,
                        12.4,
                        7.8,
                        14
                    ],
                    "texture": "#5"
                },
                "west": {
                    "uv": [
                        12.4,
                        8.8,
                        12.6,
                        10.4
                    ],
                    "texture": "#5"
                },
                "up": {
                    "uv": [
                        3.4,
                        13.4,
                        3.2,
                        13.2
                    ],
                    "texture": "#5"
                },
                "down": {
                    "uv": [
                        3.8,
                        13.2,
                        3.6,
                        13.4
                    ],
                    "texture": "#5"
                }
            }
        },
        {
            "from": [
                4,
                13.5,
                7
            ],
            "to": [
                5,
                16.5,
                8
            ],
            "rotation": {
                "angle": 22.5,
                "axis": "z",
                "origin": [
                    3.41515,
                    12.94161,
                    7.5
                ]
            },
            "faces": {
                "north": {
                    "uv": [
                        7.6,
                        11.2,
                        8,
                        12.4
                    ],
                    "texture": "#5"
                },
                "east": {
                    "uv": [
                        11.6,
                        5.2,
                        12,
                        6.4
                    ],
                    "texture": "#5"
                },
                "south": {
                    "uv": [
                        11.6,
                        6.4,
                        12,
                        7.6
                    ],
                    "texture": "#5"
                },
                "west": {
                    "uv": [
                        11.2,
                        11.6,
                        11.6,
                        12.8
                    ],
                    "texture": "#5"
                },
                "up": {
                    "uv": [
                        13.2,
                        10.4,
                        12.8,
                        10
                    ],
                    "texture": "#5"
                },
                "down": {
                    "uv": [
                        11.6,
                        12.8,
                        11.2,
                        13.2
                    ],
                    "texture": "#5"
                }
            }
        },
        {
            "from": [
                2.36261,
                12.94249,
                7
            ],
            "to": [
                3.36261,
                15.94249,
                8
            ],
            "rotation": {
                "angle": 45,
                "axis": "z",
                "origin": [
                    3.41515,
                    12.94161,
                    7.5
                ]
            },
            "faces": {
                "north": {
                    "uv": [
                        11.6,
                        11.6,
                        12,
                        12.8
                    ],
                    "texture": "#5"
                },
                "east": {
                    "uv": [
                        0.8,
                        12,
                        1.2,
                        13.2
                    ],
                    "texture": "#5"
                },
                "south": {
                    "uv": [
                        1.2,
                        12,
                        1.6,
                        13.2
                    ],
                    "texture": "#5"
                },
                "west": {
                    "uv": [
                        1.6,
                        12,
                        2,
                        13.2
                    ],
                    "texture": "#5"
                },
                "up": {
                    "uv": [
                        13.2,
                        11.6,
                        12.8,
                        11.2
                    ],
                    "texture": "#5"
                },
                "down": {
                    "uv": [
                        12,
                        12.8,
                        11.6,
                        13.2
                    ],
                    "texture": "#5"
                }
            }
        },
        {
            "from": [
                2.61261,
                8.94249,
                7.25
            ],
            "to": [
                3.11261,
                12.94249,
                7.75
            ],
            "rotation": {
                "angle": 45,
                "axis": "z",
                "origin": [
                    3.41515,
                    12.94161,
                    7.5
                ]
            },
            "faces": {
                "north": {
                    "uv": [
                        10.4,
                        12.4,
                        10.6,
                        14
                    ],
                    "texture": "#5"
                },
                "east": {
                    "uv": [
                        2,
                        12.8,
                        2.2,
                        14.4
                    ],
                    "texture": "#5"
                },
                "south": {
                    "uv": [
                        2.4,
                        12.8,
                        2.6,
                        14.4
                    ],
                    "texture": "#5"
                },
                "west": {
                    "uv": [
                        2.8,
                        12.8,
                        3,
                        14.4
                    ],
                    "texture": "#5"
                },
                "up": {
                    "uv": [
                        13.4,
                        3.8,
                        13.2,
                        3.6
                    ],
                    "texture": "#5"
                },
                "down": {
                    "uv": [
                        4.2,
                        13.2,
                        4,
                        13.4
                    ],
                    "texture": "#5"
                }
            }
        },
        {
            "from": [
                11.25,
                9.5,
                7.25
            ],
            "to": [
                11.75,
                13.5,
                7.75
            ],
            "rotation": {
                "angle": -22.5,
                "axis": "z",
                "origin": [
                    12.58485,
                    12.94161,
                    7.5
                ]
            },
            "faces": {
                "north": {
                    "uv": [
                        7,
                        12.4,
                        6.8,
                        14
                    ],
                    "texture": "#5"
                },
                "east": {
                    "uv": [
                        12.6,
                        8.8,
                        12.4,
                        10.4
                    ],
                    "texture": "#5"
                },
                "south": {
                    "uv": [
                        7.8,
                        12.4,
                        7.6,
                        14
                    ],
                    "texture": "#5"
                },
                "west": {
                    "uv": [
                        7.4,
                        12.4,
                        7.2,
                        14
                    ],
                    "texture": "#5"
                },
                "up": {
                    "uv": [
                        3.2,
                        13.4,
                        3.4,
                        13.2
                    ],
                    "texture": "#5"
                },
                "down": {
                    "uv": [
                        3.6,
                        13.2,
                        3.8,
                        13.4
                    ],
                    "texture": "#5"
                }
            }
        },
        {
            "from": [
                11,
                13.5,
                7
            ],
            "to": [
                12,
                16.5,
                8
            ],
            "rotation": {
                "angle": -22.5,
                "axis": "z",
                "origin": [
                    12.58485,
                    12.94161,
                    7.5
                ]
            },
            "faces": {
                "north": {
                    "uv": [
                        8,
                        11.2,
                        7.6,
                        12.4
                    ],
                    "texture": "#5"
                },
                "east": {
                    "uv": [
                        11.6,
                        11.6,
                        11.2,
                        12.8
                    ],
                    "texture": "#5"
                },
                "south": {
                    "uv": [
                        12,
                        6.4,
                        11.6,
                        7.6
                    ],
                    "texture": "#5"
                },
                "west": {
                    "uv": [
                        12,
                        5.2,
                        11.6,
                        6.4
                    ],
                    "texture": "#5"
                },
                "up": {
                    "uv": [
                        12.8,
                        10.4,
                        13.2,
                        10
                    ],
                    "texture": "#5"
                },
                "down": {
                    "uv": [
                        11.2,
                        12.8,
                        11.6,
                        13.2
                    ],
                    "texture": "#5"
                }
            }
        },
        {
            "from": [
                12.88739,
                8.94249,
                7.25
            ],
            "to": [
                13.38739,
                12.94249,
                7.75
            ],
            "rotation": {
                "angle": -45,
                "axis": "z",
                "origin": [
                    12.58485,
                    12.94161,
                    7.5
                ]
            },
            "faces": {
                "north": {
                    "uv": [
                        10.6,
                        12.4,
                        10.4,
                        14
                    ],
                    "texture": "#5"
                },
                "east": {
                    "uv": [
                        3,
                        12.8,
                        2.8,
                        14.4
                    ],
                    "texture": "#5"
                },
                "south": {
                    "uv": [
                        2.6,
                        12.8,
                        2.4,
                        14.4
                    ],
                    "texture": "#5"
                },
                "west": {
                    "uv": [
                        2.2,
                        12.8,
                        2,
                        14.4
                    ],
                    "texture": "#5"
                },
                "up": {
                    "uv": [
                        13.2,
                        3.8,
                        13.4,
                        3.6
                    ],
                    "texture": "#5"
                },
                "down": {
                    "uv": [
                        4,
                        13.2,
                        4.2,
                        13.4
                    ],
                    "texture": "#5"
                }
            }
        },
        {
            "from": [
                12.63739,
                12.94249,
                7
            ],
            "to": [
                13.63739,
                15.94249,
                8
            ],
            "rotation": {
                "angle": -45,
                "axis": "z",
                "origin": [
                    12.58485,
                    12.94161,
                    7.5
                ]
            },
            "faces": {
                "north": {
                    "uv": [
                        12,
                        11.6,
                        11.6,
                        12.8
                    ],
                    "texture": "#5"
                },
                "east": {
                    "uv": [
                        2,
                        12,
                        1.6,
                        13.2
                    ],
                    "texture": "#5"
                },
                "south": {
                    "uv": [
                        1.6,
                        12,
                        1.2,
                        13.2
                    ],
                    "texture": "#5"
                },
                "west": {
                    "uv": [
                        1.2,
                        12,
                        0.8,
                        13.2
                    ],
                    "texture": "#5"
                },
                "up": {
                    "uv": [
                        12.8,
                        11.6,
                        13.2,
                        11.2
                    ],
                    "texture": "#5"
                },
                "down": {
                    "uv": [
                        11.6,
                        12.8,
                        12,
                        13.2
                    ],
                    "texture": "#5"
                }
            }
        },
        {
            "from": [
                1.25,
                7.5,
                11.875
            ],
            "to": [
                5.5,
                11.75,
                11.875
            ],
            "rotation": {
                "angle": 22.5,
                "axis": "z",
                "origin": [
                    3.54966,
                    11.49908,
                    11.75
                ]
            },
            "faces": {
                "south": {
                    "uv": [
                        0,
                        0,
                        5.66667,
                        5.66667
                    ],
                    "texture": "#2"
                }
            }
        },
        {
            "from": [
                -0.41302,
                9.72717,
                10.625
            ],
            "to": [
                2.83698,
                12.97717,
                10.625
            ],
            "rotation": {
                "angle": 22.5,
                "axis": "z",
                "origin": [
                    1.21198,
                    11.35217,
                    10.625
                ]
            },
            "faces": {
                "south": {
                    "uv": [
                        0,
                        6.66667,
                        4.33333,
                        11
                    ],
                    "texture": "#2"
                }
            }
        },
        {
            "from": [
                3.90749,
                11.5848,
                9.875
            ],
            "to": [
                6.15749,
                13.8348,
                9.875
            ],
            "rotation": {
                "angle": -22.5,
                "axis": "z",
                "origin": [
                    5.03249,
                    12.7098,
                    9.875
                ]
            },
            "faces": {
                "south": {
                    "uv": [
                        6.66667,
                        0,
                        9.66667,
                        3
                    ],
                    "texture": "#2"
                }
            }
        },
        {
            "from": [
                10.5,
                7.5,
                11.875
            ],
            "to": [
                14.75,
                11.75,
                11.875
            ],
            "rotation": {
                "angle": -22.5,
                "axis": "z",
                "origin": [
                    12.45034,
                    11.49908,
                    11.75
                ]
            },
            "faces": {
                "south": {
                    "uv": [
                        5.66667,
                        0,
                        0,
                        5.66667
                    ],
                    "texture": "#2"
                }
            }
        },
        {
            "from": [
                13.16302,
                9.72717,
                10.625
            ],
            "to": [
                16.41302,
                12.97717,
                10.625
            ],
            "rotation": {
                "angle": -22.5,
                "axis": "z",
                "origin": [
                    14.78802,
                    11.35217,
                    10.625
                ]
            },
            "faces": {
                "south": {
                    "uv": [
                        4.33333,
                        6.66667,
                        0,
                        11
                    ],
                    "texture": "#2"
                }
            }
        },
        {
            "from": [
                9.84251,
                11.5848,
                9.875
            ],
            "to": [
                12.09251,
                13.8348,
                9.875
            ],
            "rotation": {
                "angle": 22.5,
                "axis": "z",
                "origin": [
                    10.96751,
                    12.7098,
                    9.875
                ]
            },
            "faces": {
                "south": {
                    "uv": [
                        9.66667,
                        0,
                        6.66667,
                        3
                    ],
                    "texture": "#2"
                }
            }
        }
    ],
    "gui_light": "front",
    "display": {
        "thirdperson_righthand": {
            "rotation": [
                -126.75,
                0,
                -180
            ],
            "translation": [
                0,
                0.25,
                -2.5
            ],
            "scale": [
                0.7,
                0.7,
                0.7
            ]
        },
        "thirdperson_lefthand": {
            "rotation": [
                67.75,
                0,
                0
            ],
            "translation": [
                -5.5,
                -8.75,
                9.75
            ]
        },
        "firstperson_righthand": {
            "rotation": [
                -18.5,
                0,
                0
            ],
            "translation": [
                0,
                4.75,
                0
            ],
            "scale": [
                0.61914,
                0.61914,
                0.61914
            ]
        },
        "firstperson_lefthand": {
            "rotation": [
                -18.5,
                0,
                0
            ],
            "translation": [
                0,
                4.75,
                0
            ],
            "scale": [
                0,
                0,
                0
            ]
        },
        "ground": {
            "rotation": [
                -35,
                0,
                0
            ],
            "translation": [
                0,
                3,
                0
            ],
            "scale": [
                0.7,
                0.7,
                0.7
            ]
        },
        "gui": {
            "rotation": [
                0,
                -45,
                0
            ],
            "translation": [
                -1,
                -0.25,
                0
            ]
        },
        "head": {
            "translation": [
                0,
                -62,
                9.5
            ],
            "scale": [
                1.6,
                1.6,
                1.6
            ]
        },
        "fixed": {
            "rotation": [
                -90,
                180,
                0
            ],
            "translation": [
                0,
                0.75,
                -16
            ],
            "scale": [
                2,
                2,
                2
            ]
        }
    },
    "USER": "{{USER}}",
    "NONCE": "{{NONCE}}",
    "TIMESTAMP": "{{TIMESTAMP}}",
    "RESOURCE": "{{RESOURCE}}",
    "MCMODELS": "{{MCMODELS}}"
}