{
    "credit": "Polygony Creation Co.,Ltd.",
    "texture_size": [
        12,
        12
    ],
    "textures": {
        "1": "independence_dayset:american_flag",
        "2": "independence_dayset:trident",
        "3": "independence_dayset:animations/star_animation",
        "particle": "independence_dayset:trident"
    },
    "elements": [
        {
            "from": [
                7.25,
                1.5,
                7.25
            ],
            "to": [
                8.75,
                2,
                8.75
            ],
            "rotation": {
                "angle": 0,
                "axis": "y",
                "origin": [
                    8,
                    2,
                    8
                ]
            },
            "faces": {
                "north": {
                    "uv": [
                        12,
                        9.33333,
                        13,
                        9.66667
                    ],
                    "texture": "#2"
                },
                "east": {
                    "uv": [
                        12,
                        10,
                        13,
                        10.33333
                    ],
                    "texture": "#2"
                },
                "south": {
                    "uv": [
                        10.66667,
                        12,
                        11.66667,
                        12.33333
                    ],
                    "texture": "#2"
                },
                "west": {
                    "uv": [
                        12,
                        10.66667,
                        13,
                        11
                    ],
                    "texture": "#2"
                },
                "up": {
                    "uv": [
                        10.33333,
                        3,
                        9.33333,
                        2
                    ],
                    "texture": "#2"
                },
                "down": {
                    "uv": [
                        10.33333,
                        7.33333,
                        9.33333,
                        8.33333
                    ],
                    "texture": "#2"
                }
            }
        },
        {
            "from": [
                7.25,
                8.25,
                7.25
            ],
            "to": [
                8.75,
                8.75,
                8.75
            ],
            "rotation": {
                "angle": 0,
                "axis": "y",
                "origin": [
                    8,
                    8.75,
                    8
                ]
            },
            "faces": {
                "north": {
                    "uv": [
                        12,
                        12,
                        13,
                        12.33333
                    ],
                    "texture": "#2"
                },
                "east": {
                    "uv": [
                        0,
                        12.66667,
                        1,
                        13
                    ],
                    "texture": "#2"
                },
                "south": {
                    "uv": [
                        12.66667,
                        0,
                        13.66667,
                        0.33333
                    ],
                    "texture": "#2"
                },
                "west": {
                    "uv": [
                        12.66667,
                        0.66667,
                        13.66667,
                        1
                    ],
                    "texture": "#2"
                },
                "up": {
                    "uv": [
                        9.66667,
                        10.33333,
                        8.66667,
                        9.33333
                    ],
                    "texture": "#2"
                },
                "down": {
                    "uv": [
                        11,
                        0,
                        10,
                        1
                    ],
                    "texture": "#2"
                }
            }
        },
        {
            "from": [
                7.25,
                3,
                7.25
            ],
            "to": [
                8.75,
                3.5,
                8.75
            ],
            "rotation": {
                "angle": 0,
                "axis": "y",
                "origin": [
                    8,
                    3.5,
                    8
                ]
            },
            "faces": {
                "north": {
                    "uv": [
                        12,
                        12,
                        13,
                        12.33333
                    ],
                    "texture": "#2"
                },
                "east": {
                    "uv": [
                        0,
                        12.66667,
                        1,
                        13
                    ],
                    "texture": "#2"
                },
                "south": {
                    "uv": [
                        12.66667,
                        0,
                        13.66667,
                        0.33333
                    ],
                    "texture": "#2"
                },
                "west": {
                    "uv": [
                        12.66667,
                        0.66667,
                        13.66667,
                        1
                    ],
                    "texture": "#2"
                },
                "up": {
                    "uv": [
                        9.66667,
                        10.33333,
                        8.66667,
                        9.33333
                    ],
                    "texture": "#2"
                },
                "down": {
                    "uv": [
                        11,
                        0,
                        10,
                        1
                    ],
                    "texture": "#2"
                }
            }
        },
        {
            "from": [
                7.25,
                13.25,
                7.25
            ],
            "to": [
                8.75,
                13.75,
                8.75
            ],
            "rotation": {
                "angle": 0,
                "axis": "y",
                "origin": [
                    8,
                    13.75,
                    8
                ]
            },
            "faces": {
                "north": {
                    "uv": [
                        12,
                        12,
                        13,
                        12.33333
                    ],
                    "texture": "#2"
                },
                "east": {
                    "uv": [
                        0,
                        12.66667,
                        1,
                        13
                    ],
                    "texture": "#2"
                },
                "south": {
                    "uv": [
                        12.66667,
                        0,
                        13.66667,
                        0.33333
                    ],
                    "texture": "#2"
                },
                "west": {
                    "uv": [
                        12.66667,
                        0.66667,
                        13.66667,
                        1
                    ],
                    "texture": "#2"
                },
                "up": {
                    "uv": [
                        9.66667,
                        10.33333,
                        8.66667,
                        9.33333
                    ],
                    "texture": "#2"
                },
                "down": {
                    "uv": [
                        11,
                        0,
                        10,
                        1
                    ],
                    "texture": "#2"
                }
            }
        },
        {
            "from": [
                7.25,
                22.25,
                7.25
            ],
            "to": [
                8.75,
                22.75,
                8.75
            ],
            "rotation": {
                "angle": 0,
                "axis": "y",
                "origin": [
                    8,
                    22.75,
                    8
                ]
            },
            "faces": {
                "north": {
                    "uv": [
                        12,
                        12,
                        13,
                        12.33333
                    ],
                    "texture": "#2"
                },
                "east": {
                    "uv": [
                        0,
                        12.66667,
                        1,
                        13
                    ],
                    "texture": "#2"
                },
                "south": {
                    "uv": [
                        12.66667,
                        0,
                        13.66667,
                        0.33333
                    ],
                    "texture": "#2"
                },
                "west": {
                    "uv": [
                        12.66667,
                        0.66667,
                        13.66667,
                        1
                    ],
                    "texture": "#2"
                },
                "up": {
                    "uv": [
                        9.66667,
                        10.33333,
                        8.66667,
                        9.33333
                    ],
                    "texture": "#2"
                },
                "down": {
                    "uv": [
                        11,
                        0,
                        10,
                        1
                    ],
                    "texture": "#2"
                }
            }
        },
        {
            "from": [
                7.5,
                2,
                7.5
            ],
            "to": [
                8.5,
                3,
                8.5
            ],
            "rotation": {
                "angle": 0,
                "axis": "y",
                "origin": [
                    8,
                    2.5,
                    8
                ]
            },
            "faces": {
                "north": {
                    "uv": [
                        9.33333,
                        8.66667,
                        10,
                        9.33333
                    ],
                    "texture": "#2"
                },
                "east": {
                    "uv": [
                        8,
                        10,
                        8.66667,
                        10.66667
                    ],
                    "texture": "#2"
                },
                "south": {
                    "uv": [
                        2,
                        12,
                        2.66667,
                        12.66667
                    ],
                    "texture": "#2"
                },
                "west": {
                    "uv": [
                        12,
                        4.66667,
                        12.66667,
                        5.33333
                    ],
                    "texture": "#2"
                }
            }
        },
        {
            "from": [
                7.25,
                10.25,
                7.25
            ],
            "to": [
                8.75,
                11.75,
                8.75
            ],
            "rotation": {
                "angle": -45,
                "axis": "x",
                "origin": [
                    8,
                    11,
                    8
                ]
            },
            "faces": {
                "north": {
                    "uv": [
                        10,
                        3.33333,
                        11,
                        4.33333
                    ],
                    "texture": "#2"
                },
                "east": {
                    "uv": [
                        4,
                        10,
                        5,
                        11
                    ],
                    "texture": "#2"
                },
                "south": {
                    "uv": [
                        10,
                        4.66667,
                        11,
                        5.66667
                    ],
                    "texture": "#2"
                },
                "west": {
                    "uv": [
                        5.33333,
                        10,
                        6.33333,
                        11
                    ],
                    "texture": "#2"
                },
                "up": {
                    "uv": [
                        11,
                        7,
                        10,
                        6
                    ],
                    "texture": "#2"
                },
                "down": {
                    "uv": [
                        7.66667,
                        10,
                        6.66667,
                        11
                    ],
                    "texture": "#2"
                }
            }
        },
        {
            "from": [
                7.15,
                0.25,
                7.25
            ],
            "to": [
                8.85,
                1.75,
                8.75
            ],
            "rotation": {
                "angle": -45,
                "axis": "x",
                "origin": [
                    8,
                    1,
                    8
                ]
            },
            "faces": {
                "north": {
                    "uv": [
                        8.66667,
                        4.66667,
                        9.83333,
                        5.66667
                    ],
                    "texture": "#2"
                },
                "east": {
                    "uv": [
                        10,
                        8.66667,
                        11,
                        9.66667
                    ],
                    "texture": "#2"
                },
                "south": {
                    "uv": [
                        5.33333,
                        8.66667,
                        6.5,
                        9.66667
                    ],
                    "texture": "#2"
                },
                "west": {
                    "uv": [
                        10,
                        10,
                        11,
                        11
                    ],
                    "texture": "#2"
                },
                "up": {
                    "uv": [
                        9.83333,
                        7,
                        8.66667,
                        6
                    ],
                    "texture": "#2"
                },
                "down": {
                    "uv": [
                        7.83333,
                        8.66667,
                        6.66667,
                        9.66667
                    ],
                    "texture": "#2"
                }
            }
        },
        {
            "from": [
                6.9,
                0.5,
                7.5
            ],
            "to": [
                9.1,
                1.5,
                8.5
            ],
            "rotation": {
                "angle": -45,
                "axis": "x",
                "origin": [
                    8,
                    1,
                    8
                ]
            },
            "faces": {
                "north": {
                    "uv": [
                        10,
                        1.33333,
                        11.5,
                        2
                    ],
                    "texture": "#2"
                },
                "east": {
                    "uv": [
                        12,
                        5.33333,
                        12.66667,
                        6
                    ],
                    "texture": "#2"
                },
                "south": {
                    "uv": [
                        10.66667,
                        2,
                        12.16667,
                        2.66667
                    ],
                    "texture": "#2"
                },
                "west": {
                    "uv": [
                        6,
                        12,
                        6.66667,
                        12.66667
                    ],
                    "texture": "#2"
                },
                "up": {
                    "uv": [
                        12.16667,
                        3.33333,
                        10.66667,
                        2.66667
                    ],
                    "texture": "#2"
                },
                "down": {
                    "uv": [
                        12.16667,
                        7.33333,
                        10.66667,
                        8
                    ],
                    "texture": "#2"
                }
            }
        },
        {
            "from": [
                7.5,
                8.75,
                7.5
            ],
            "to": [
                8.5,
                13.25,
                8.5
            ],
            "rotation": {
                "angle": 45,
                "axis": "y",
                "origin": [
                    8,
                    9.25,
                    8
                ]
            },
            "faces": {
                "north": {
                    "uv": [
                        5.33333,
                        0,
                        6,
                        3
                    ],
                    "texture": "#2"
                },
                "east": {
                    "uv": [
                        5.33333,
                        3.33333,
                        6,
                        6.33333
                    ],
                    "texture": "#2"
                },
                "south": {
                    "uv": [
                        6,
                        0,
                        6.66667,
                        3
                    ],
                    "texture": "#2"
                },
                "west": {
                    "uv": [
                        6,
                        3.33333,
                        6.66667,
                        6.33333
                    ],
                    "texture": "#2"
                },
                "up": {
                    "uv": [
                        12.66667,
                        6.66667,
                        12,
                        6
                    ],
                    "texture": "#2"
                },
                "down": {
                    "uv": [
                        7.33333,
                        12,
                        6.66667,
                        12.66667
                    ],
                    "texture": "#2"
                }
            }
        },
        {
            "from": [
                7.6,
                3.5,
                7.6
            ],
            "to": [
                8.4,
                8.25,
                8.4
            ],
            "rotation": {
                "angle": 45,
                "axis": "y",
                "origin": [
                    8,
                    4,
                    8
                ]
            },
            "faces": {
                "north": {
                    "uv": [
                        8,
                        0,
                        8.5,
                        3.16667
                    ],
                    "texture": "#2"
                },
                "east": {
                    "uv": [
                        8,
                        3.33333,
                        8.5,
                        6.5
                    ],
                    "texture": "#2"
                },
                "south": {
                    "uv": [
                        8,
                        6.66667,
                        8.5,
                        9.83333
                    ],
                    "texture": "#2"
                },
                "west": {
                    "uv": [
                        0,
                        8.66667,
                        0.5,
                        11.83333
                    ],
                    "texture": "#2"
                },
                "up": {
                    "uv": [
                        13.16667,
                        3.83333,
                        12.66667,
                        3.33333
                    ],
                    "texture": "#2"
                },
                "down": {
                    "uv": [
                        4.5,
                        12.66667,
                        4,
                        13.16667
                    ],
                    "texture": "#2"
                }
            }
        },
        {
            "from": [
                7.6,
                13.75,
                7.6
            ],
            "to": [
                8.4,
                18.5,
                8.4
            ],
            "rotation": {
                "angle": 45,
                "axis": "y",
                "origin": [
                    8,
                    15.25,
                    8
                ]
            },
            "faces": {
                "north": {
                    "uv": [
                        8.66667,
                        0,
                        9.16667,
                        3.16667
                    ],
                    "texture": "#2"
                },
                "east": {
                    "uv": [
                        0.66667,
                        8.66667,
                        1.16667,
                        11.83333
                    ],
                    "texture": "#2"
                },
                "south": {
                    "uv": [
                        1.33333,
                        8.66667,
                        1.83333,
                        11.83333
                    ],
                    "texture": "#2"
                },
                "west": {
                    "uv": [
                        2,
                        8.66667,
                        2.5,
                        11.83333
                    ],
                    "texture": "#2"
                },
                "up": {
                    "uv": [
                        13.16667,
                        4.5,
                        12.66667,
                        4
                    ],
                    "texture": "#2"
                },
                "down": {
                    "uv": [
                        5.16667,
                        12.66667,
                        4.66667,
                        13.16667
                    ],
                    "texture": "#2"
                }
            }
        },
        {
            "from": [
                7,
                22.75,
                7
            ],
            "to": [
                9,
                24.75,
                9
            ],
            "rotation": {
                "angle": 0,
                "axis": "y",
                "origin": [
                    7,
                    22.75,
                    7
                ]
            },
            "faces": {
                "north": {
                    "uv": [
                        6.66667,
                        6,
                        8,
                        7.33333
                    ],
                    "texture": "#2"
                },
                "east": {
                    "uv": [
                        0,
                        7.33333,
                        1.33333,
                        8.66667
                    ],
                    "texture": "#2"
                },
                "south": {
                    "uv": [
                        1.33333,
                        7.33333,
                        2.66667,
                        8.66667
                    ],
                    "texture": "#2"
                },
                "west": {
                    "uv": [
                        2.66667,
                        7.33333,
                        4,
                        8.66667
                    ],
                    "texture": "#2"
                },
                "up": {
                    "uv": [
                        5.33333,
                        8.66667,
                        4,
                        7.33333
                    ],
                    "texture": "#2"
                },
                "down": {
                    "uv": [
                        8,
                        7.33333,
                        6.66667,
                        8.66667
                    ],
                    "texture": "#2"
                }
            }
        },
        {
            "from": [
                7,
                22.75,
                4.75
            ],
            "to": [
                9,
                23.25,
                7
            ],
            "rotation": {
                "angle": 0,
                "axis": "y",
                "origin": [
                    7,
                    22.75,
                    5
                ]
            },
            "faces": {
                "north": {
                    "uv": [
                        12,
                        6.66667,
                        13.33333,
                        7
                    ],
                    "texture": "#2"
                },
                "east": {
                    "uv": [
                        10.66667,
                        11.33333,
                        12.16667,
                        11.66667
                    ],
                    "texture": "#2"
                },
                "west": {
                    "uv": [
                        0,
                        12,
                        1.5,
                        12.33333
                    ],
                    "texture": "#2"
                },
                "up": {
                    "uv": [
                        8,
                        1.5,
                        6.66667,
                        0
                    ],
                    "texture": "#2"
                },
                "down": {
                    "uv": [
                        8,
                        2,
                        6.66667,
                        3.5
                    ],
                    "texture": "#2"
                }
            }
        },
        {
            "from": [
                7,
                24.25,
                4.75
            ],
            "to": [
                9,
                24.75,
                7
            ],
            "rotation": {
                "angle": 0,
                "axis": "y",
                "origin": [
                    7,
                    24.25,
                    5
                ]
            },
            "faces": {
                "north": {
                    "uv": [
                        7.33333,
                        12,
                        8.66667,
                        12.33333
                    ],
                    "texture": "#2"
                },
                "east": {
                    "uv": [
                        12,
                        1.33333,
                        13.5,
                        1.66667
                    ],
                    "texture": "#2"
                },
                "west": {
                    "uv": [
                        4,
                        12,
                        5.5,
                        12.33333
                    ],
                    "texture": "#2"
                },
                "up": {
                    "uv": [
                        8,
                        5.5,
                        6.66667,
                        4
                    ],
                    "texture": "#2"
                },
                "down": {
                    "uv": [
                        6.66667,
                        6.66667,
                        5.33333,
                        8.16667
                    ],
                    "texture": "#2"
                }
            }
        },
        {
            "from": [
                7.25,
                23.25,
                5
            ],
            "to": [
                8.75,
                24.25,
                7
            ],
            "rotation": {
                "angle": 0,
                "axis": "y",
                "origin": [
                    7,
                    23.75,
                    5
                ]
            },
            "faces": {
                "north": {
                    "uv": [
                        5.33333,
                        11.33333,
                        6.33333,
                        12
                    ],
                    "texture": "#2"
                },
                "east": {
                    "uv": [
                        10.66667,
                        8,
                        12,
                        8.66667
                    ],
                    "texture": "#2"
                },
                "west": {
                    "uv": [
                        4,
                        11.33333,
                        5.33333,
                        12
                    ],
                    "texture": "#2"
                }
            }
        },
        {
            "from": [
                7,
                24.25,
                9
            ],
            "to": [
                9,
                24.75,
                11.25
            ],
            "rotation": {
                "angle": 0,
                "axis": "y",
                "origin": [
                    7,
                    24.25,
                    11
                ]
            },
            "faces": {
                "east": {
                    "uv": [
                        13.5,
                        1.33333,
                        12,
                        1.66667
                    ],
                    "texture": "#2"
                },
                "south": {
                    "uv": [
                        8.66667,
                        12,
                        7.33333,
                        12.33333
                    ],
                    "texture": "#2"
                },
                "west": {
                    "uv": [
                        5.5,
                        12,
                        4,
                        12.33333
                    ],
                    "texture": "#2"
                },
                "up": {
                    "uv": [
                        8,
                        4,
                        6.66667,
                        5.5
                    ],
                    "texture": "#2"
                },
                "down": {
                    "uv": [
                        6.66667,
                        8.16667,
                        5.33333,
                        6.66667
                    ],
                    "texture": "#2"
                }
            }
        },
        {
            "from": [
                7.25,
                23.25,
                9
            ],
            "to": [
                8.75,
                24.25,
                11
            ],
            "rotation": {
                "angle": 0,
                "axis": "y",
                "origin": [
                    7,
                    23.75,
                    11
                ]
            },
            "faces": {
                "east": {
                    "uv": [
                        12,
                        8,
                        10.66667,
                        8.66667
                    ],
                    "texture": "#2"
                },
                "south": {
                    "uv": [
                        6.33333,
                        11.33333,
                        5.33333,
                        12
                    ],
                    "texture": "#2"
                },
                "west": {
                    "uv": [
                        5.33333,
                        11.33333,
                        4,
                        12
                    ],
                    "texture": "#2"
                }
            }
        },
        {
            "from": [
                7,
                22.75,
                9
            ],
            "to": [
                9,
                23.25,
                11.25
            ],
            "rotation": {
                "angle": 0,
                "axis": "y",
                "origin": [
                    7,
                    22.75,
                    11
                ]
            },
            "faces": {
                "east": {
                    "uv": [
                        12.16667,
                        11.33333,
                        10.66667,
                        11.66667
                    ],
                    "texture": "#2"
                },
                "south": {
                    "uv": [
                        13.33333,
                        6.66667,
                        12,
                        7
                    ],
                    "texture": "#2"
                },
                "west": {
                    "uv": [
                        1.5,
                        12,
                        0,
                        12.33333
                    ],
                    "texture": "#2"
                },
                "up": {
                    "uv": [
                        8,
                        0,
                        6.66667,
                        1.5
                    ],
                    "texture": "#2"
                },
                "down": {
                    "uv": [
                        8,
                        3.5,
                        6.66667,
                        2
                    ],
                    "texture": "#2"
                }
            }
        },
        {
            "from": [
                7.75,
                25.29328,
                1.9471
            ],
            "to": [
                8.25,
                25.79328,
                6.9471
            ],
            "rotation": {
                "angle": 22.5,
                "axis": "x",
                "origin": [
                    8,
                    24.54328,
                    3.9471
                ]
            },
            "faces": {
                "north": {
                    "uv": [
                        8.5,
                        1,
                        7.5,
                        0
                    ],
                    "rotation": 180,
                    "texture": "#1"
                },
                "east": {
                    "uv": [
                        11,
                        0,
                        12,
                        10
                    ],
                    "rotation": 90,
                    "texture": "#1"
                },
                "south": {
                    "uv": [
                        8.5,
                        2,
                        7.5,
                        3
                    ],
                    "texture": "#1"
                },
                "west": {
                    "uv": [
                        15,
                        0,
                        16,
                        10
                    ],
                    "rotation": 270,
                    "texture": "#1"
                },
                "up": {
                    "uv": [
                        13,
                        0,
                        14,
                        10
                    ],
                    "texture": "#1"
                },
                "down": {
                    "uv": [
                        9,
                        0,
                        10,
                        10
                    ],
                    "rotation": 180,
                    "texture": "#1"
                }
            }
        },
        {
            "from": [
                7.985,
                21.79328,
                1.9471
            ],
            "to": [
                8.015,
                25.29328,
                4.9471
            ],
            "rotation": {
                "angle": 22.5,
                "axis": "x",
                "origin": [
                    8,
                    24.54328,
                    3.9471
                ]
            },
            "faces": {
                "east": {
                    "uv": [
                        0,
                        0,
                        7,
                        6
                    ],
                    "rotation": 90,
                    "texture": "#1"
                },
                "west": {
                    "uv": [
                        7,
                        0,
                        0,
                        6
                    ],
                    "rotation": 270,
                    "texture": "#1"
                }
            }
        },
        {
            "from": [
                7.75,
                25.29328,
                9.0529
            ],
            "to": [
                8.25,
                25.79328,
                14.0529
            ],
            "rotation": {
                "angle": -22.5,
                "axis": "x",
                "origin": [
                    8,
                    24.54328,
                    12.0529
                ]
            },
            "faces": {
                "north": {
                    "uv": [
                        7.5,
                        2,
                        8.5,
                        3
                    ],
                    "texture": "#1"
                },
                "east": {
                    "uv": [
                        11,
                        10,
                        12,
                        0
                    ],
                    "rotation": 90,
                    "texture": "#1"
                },
                "south": {
                    "uv": [
                        7.5,
                        1,
                        8.5,
                        0
                    ],
                    "rotation": 180,
                    "texture": "#1"
                },
                "west": {
                    "uv": [
                        15,
                        10,
                        16,
                        0
                    ],
                    "rotation": 270,
                    "texture": "#1"
                },
                "up": {
                    "uv": [
                        13,
                        10,
                        14,
                        0
                    ],
                    "texture": "#1"
                },
                "down": {
                    "uv": [
                        9,
                        10,
                        10,
                        0
                    ],
                    "rotation": 180,
                    "texture": "#1"
                }
            }
        },
        {
            "from": [
                7.985,
                21.79328,
                11.0529
            ],
            "to": [
                8.015,
                25.29328,
                14.0529
            ],
            "rotation": {
                "angle": -22.5,
                "axis": "x",
                "origin": [
                    8,
                    24.54328,
                    12.0529
                ]
            },
            "faces": {
                "east": {
                    "uv": [
                        0,
                        6,
                        7,
                        0
                    ],
                    "rotation": 90,
                    "texture": "#1"
                },
                "west": {
                    "uv": [
                        7,
                        6,
                        0,
                        0
                    ],
                    "rotation": 270,
                    "texture": "#1"
                }
            }
        },
        {
            "from": [
                7.04289,
                18.5,
                6.75
            ],
            "to": [
                8.54289,
                22.25,
                8.25
            ],
            "rotation": {
                "angle": -45,
                "axis": "y",
                "origin": [
                    7.29289,
                    18.75,
                    8
                ]
            },
            "faces": {
                "north": {
                    "uv": [
                        0,
                        4.66667,
                        1,
                        7.16667
                    ],
                    "texture": "#2"
                },
                "east": {
                    "uv": [
                        1.33333,
                        4.66667,
                        2.33333,
                        7.16667
                    ],
                    "texture": "#2"
                },
                "south": {
                    "uv": [
                        2.66667,
                        4.66667,
                        3.66667,
                        7.16667
                    ],
                    "texture": "#2"
                },
                "west": {
                    "uv": [
                        4,
                        4.66667,
                        5,
                        7.16667
                    ],
                    "texture": "#2"
                },
                "up": {
                    "uv": [
                        9,
                        11.66667,
                        8,
                        10.66667
                    ],
                    "texture": "#2"
                },
                "down": {
                    "uv": [
                        12.33333,
                        0,
                        11.33333,
                        1
                    ],
                    "texture": "#2"
                }
            }
        },
        {
            "from": [
                7.75,
                24.75,
                7.5
            ],
            "to": [
                8.25,
                28,
                8.5
            ],
            "rotation": {
                "angle": 0,
                "axis": "y",
                "origin": [
                    7.75,
                    24.75,
                    6.5
                ]
            },
            "faces": {
                "north": {
                    "uv": [
                        9.33333,
                        10.66667,
                        9.66667,
                        12.83333
                    ],
                    "texture": "#2"
                },
                "east": {
                    "uv": [
                        2.66667,
                        8.66667,
                        3.33333,
                        10.83333
                    ],
                    "texture": "#2"
                },
                "south": {
                    "uv": [
                        11.33333,
                        4.66667,
                        11.66667,
                        6.83333
                    ],
                    "texture": "#2"
                },
                "west": {
                    "uv": [
                        3.33333,
                        8.66667,
                        4,
                        10.83333
                    ],
                    "texture": "#2"
                },
                "up": {
                    "uv": [
                        13,
                        5.33333,
                        12.66667,
                        4.66667
                    ],
                    "texture": "#2"
                },
                "down": {
                    "uv": [
                        5.66667,
                        12.66667,
                        5.33333,
                        13.33333
                    ],
                    "texture": "#2"
                }
            }
        },
        {
            "from": [
                7.7535,
                24.24987,
                6.25105
            ],
            "to": [
                8.2465,
                25.24987,
                7.50105
            ],
            "rotation": {
                "angle": -22.5,
                "axis": "x",
                "origin": [
                    8,
                    25.99987,
                    5.93855
                ]
            },
            "faces": {
                "east": {
                    "uv": [
                        6.66667,
                        11.33333,
                        7.5,
                        12
                    ],
                    "texture": "#2"
                },
                "west": {
                    "uv": [
                        11.33333,
                        8.66667,
                        12.16667,
                        9.33333
                    ],
                    "texture": "#2"
                },
                "up": {
                    "uv": [
                        3.66667,
                        13.5,
                        3.33333,
                        12.66667
                    ],
                    "texture": "#2"
                }
            }
        },
        {
            "from": [
                7.7535,
                24.24987,
                5.25105
            ],
            "to": [
                8.2465,
                26.74987,
                6.25105
            ],
            "rotation": {
                "angle": -22.5,
                "axis": "x",
                "origin": [
                    8,
                    25.99987,
                    5.93855
                ]
            },
            "faces": {
                "north": {
                    "uv": [
                        11.33333,
                        9.33333,
                        11.66667,
                        11
                    ],
                    "texture": "#2"
                },
                "east": {
                    "uv": [
                        8.66667,
                        7.33333,
                        9.33333,
                        9
                    ],
                    "texture": "#2"
                },
                "south": {
                    "uv": [
                        10,
                        11.33333,
                        10.33333,
                        13
                    ],
                    "texture": "#2"
                },
                "west": {
                    "uv": [
                        9.33333,
                        0,
                        10,
                        1.66667
                    ],
                    "texture": "#2"
                }
            }
        },
        {
            "from": [
                7.985,
                25.25,
                4.25
            ],
            "to": [
                8.015,
                31.75,
                11.75
            ],
            "rotation": {
                "angle": 0,
                "axis": "y",
                "origin": [
                    7.485,
                    24.75,
                    6.5
                ]
            },
            "faces": {
                "east": {
                    "uv": [
                        5,
                        0,
                        0,
                        4.33333
                    ],
                    "texture": "#2"
                },
                "west": {
                    "uv": [
                        0,
                        0,
                        5,
                        4.33333
                    ],
                    "texture": "#2"
                }
            }
        },
        {
            "from": [
                7.7475,
                27.41366,
                7
            ],
            "to": [
                8.2525,
                28.82866,
                8.415
            ],
            "rotation": {
                "angle": -45,
                "axis": "x",
                "origin": [
                    7.9975,
                    28.41366,
                    8
                ]
            },
            "faces": {
                "north": {
                    "uv": [
                        1.33333,
                        12.66667,
                        1.66667,
                        13.66667
                    ],
                    "texture": "#2"
                },
                "east": {
                    "uv": [
                        2.66667,
                        11.33333,
                        3.66667,
                        12.33333
                    ],
                    "texture": "#2"
                },
                "south": {
                    "uv": [
                        2,
                        12.66667,
                        2.33333,
                        13.66667
                    ],
                    "texture": "#2"
                },
                "west": {
                    "uv": [
                        11.33333,
                        3.33333,
                        12.33333,
                        4.33333
                    ],
                    "texture": "#2"
                },
                "up": {
                    "uv": [
                        13,
                        3,
                        12.66667,
                        2
                    ],
                    "texture": "#2"
                },
                "down": {
                    "uv": [
                        3,
                        12.66667,
                        2.66667,
                        13.66667
                    ],
                    "texture": "#2"
                }
            }
        },
        {
            "from": [
                7.7475,
                26.10508,
                5.23326
            ],
            "to": [
                8.2525,
                27.02008,
                6.14826
            ],
            "rotation": {
                "angle": 22.5,
                "axis": "x",
                "origin": [
                    8,
                    26.81258,
                    5.94076
                ]
            },
            "faces": {
                "north": {
                    "uv": [
                        12.66667,
                        5.33333,
                        13,
                        6
                    ],
                    "texture": "#2"
                },
                "east": {
                    "uv": [
                        12,
                        8,
                        12.66667,
                        8.66667
                    ],
                    "texture": "#2"
                },
                "south": {
                    "uv": [
                        6,
                        12.66667,
                        6.33333,
                        13.33333
                    ],
                    "texture": "#2"
                },
                "west": {
                    "uv": [
                        8.66667,
                        12,
                        9.33333,
                        12.66667
                    ],
                    "texture": "#2"
                },
                "up": {
                    "uv": [
                        13,
                        6.66667,
                        12.66667,
                        6
                    ],
                    "texture": "#2"
                },
                "down": {
                    "uv": [
                        7,
                        12.66667,
                        6.66667,
                        13.33333
                    ],
                    "texture": "#2"
                }
            }
        },
        {
            "from": [
                7.7535,
                24.24987,
                9.74895
            ],
            "to": [
                8.2465,
                26.74987,
                10.74895
            ],
            "rotation": {
                "angle": 22.5,
                "axis": "x",
                "origin": [
                    8,
                    25.99987,
                    10.06145
                ]
            },
            "faces": {
                "north": {
                    "uv": [
                        10.33333,
                        11.33333,
                        10,
                        13
                    ],
                    "texture": "#2"
                },
                "east": {
                    "uv": [
                        9.33333,
                        7.33333,
                        8.66667,
                        9
                    ],
                    "texture": "#2"
                },
                "south": {
                    "uv": [
                        11.66667,
                        9.33333,
                        11.33333,
                        11
                    ],
                    "texture": "#2"
                },
                "west": {
                    "uv": [
                        10,
                        0,
                        9.33333,
                        1.66667
                    ],
                    "texture": "#2"
                }
            }
        },
        {
            "from": [
                7.7475,
                26.10508,
                9.85174
            ],
            "to": [
                8.2525,
                27.02008,
                10.76674
            ],
            "rotation": {
                "angle": -22.5,
                "axis": "x",
                "origin": [
                    8,
                    26.81258,
                    10.05924
                ]
            },
            "faces": {
                "north": {
                    "uv": [
                        6.33333,
                        12.66667,
                        6,
                        13.33333
                    ],
                    "texture": "#2"
                },
                "east": {
                    "uv": [
                        12.66667,
                        8,
                        12,
                        8.66667
                    ],
                    "texture": "#2"
                },
                "south": {
                    "uv": [
                        13,
                        5.33333,
                        12.66667,
                        6
                    ],
                    "texture": "#2"
                },
                "west": {
                    "uv": [
                        9.33333,
                        12,
                        8.66667,
                        12.66667
                    ],
                    "texture": "#2"
                },
                "up": {
                    "uv": [
                        13,
                        6,
                        12.66667,
                        6.66667
                    ],
                    "texture": "#2"
                },
                "down": {
                    "uv": [
                        7,
                        13.33333,
                        6.66667,
                        12.66667
                    ],
                    "texture": "#2"
                }
            }
        },
        {
            "from": [
                7.7535,
                24.24987,
                8.49895
            ],
            "to": [
                8.2465,
                25.24987,
                9.74895
            ],
            "rotation": {
                "angle": 22.5,
                "axis": "x",
                "origin": [
                    8,
                    25.99987,
                    10.06145
                ]
            },
            "faces": {
                "east": {
                    "uv": [
                        7.5,
                        11.33333,
                        6.66667,
                        12
                    ],
                    "texture": "#2"
                },
                "west": {
                    "uv": [
                        12.16667,
                        8.66667,
                        11.33333,
                        9.33333
                    ],
                    "texture": "#2"
                },
                "up": {
                    "uv": [
                        3.66667,
                        12.66667,
                        3.33333,
                        13.5
                    ],
                    "texture": "#2"
                }
            }
        },
        {
            "from": [
                6.75,
                22,
                5.875
            ],
            "to": [
                6.75,
                26.25,
                10.125
            ],
            "rotation": {
                "angle": 0,
                "axis": "y",
                "origin": [
                    6.75,
                    22,
                    5.875
                ]
            },
            "faces": {
                "west": {
                    "uv": [
                        0,
                        0,
                        5.66667,
                        5.66667
                    ],
                    "texture": "#3"
                }
            }
        },
        {
            "from": [
                7,
                25.75,
                9
            ],
            "to": [
                7,
                28,
                11.25
            ],
            "rotation": {
                "angle": 22.5,
                "axis": "x",
                "origin": [
                    7,
                    25.75,
                    9
                ]
            },
            "faces": {
                "west": {
                    "uv": [
                        6.66667,
                        0,
                        9.66667,
                        3
                    ],
                    "texture": "#3"
                }
            }
        },
        {
            "from": [
                7,
                25.75,
                5
            ],
            "to": [
                7,
                29,
                8.25
            ],
            "rotation": {
                "angle": -22.5,
                "axis": "x",
                "origin": [
                    7,
                    25.75,
                    5
                ]
            },
            "faces": {
                "west": {
                    "uv": [
                        0,
                        6.66667,
                        4.33333,
                        11
                    ],
                    "texture": "#3"
                }
            }
        },
        {
            "from": [
                9.25,
                22,
                5.875
            ],
            "to": [
                9.25,
                26.25,
                10.125
            ],
            "rotation": {
                "angle": 0,
                "axis": "y",
                "origin": [
                    9.25,
                    22,
                    5.875
                ]
            },
            "faces": {
                "east": {
                    "uv": [
                        5.66667,
                        0,
                        0,
                        5.66667
                    ],
                    "texture": "#3"
                }
            }
        },
        {
            "from": [
                9,
                25.75,
                9
            ],
            "to": [
                9,
                28,
                11.25
            ],
            "rotation": {
                "angle": 22.5,
                "axis": "x",
                "origin": [
                    9,
                    25.75,
                    9
                ]
            },
            "faces": {
                "east": {
                    "uv": [
                        9.66667,
                        0,
                        6.66667,
                        3
                    ],
                    "texture": "#3"
                }
            }
        },
        {
            "from": [
                9,
                25.75,
                5
            ],
            "to": [
                9,
                29,
                8.25
            ],
            "rotation": {
                "angle": -22.5,
                "axis": "x",
                "origin": [
                    9,
                    25.75,
                    5
                ]
            },
            "faces": {
                "east": {
                    "uv": [
                        4.33333,
                        6.66667,
                        0,
                        11
                    ],
                    "texture": "#3"
                }
            }
        }
    ],
    "gui_light": "front",
    "display": {
        "thirdperson_righthand": {
            "translation": [
                0,
                -5,
                1
            ]
        },
        "thirdperson_lefthand": {
            "translation": [
                0,
                -5,
                1
            ]
        },
        "firstperson_righthand": {
            "rotation": [
                -10,
                0,
                0
            ],
            "translation": [
                3.75,
                -7.25,
                -0.75
            ]
        },
        "firstperson_lefthand": {
            "rotation": [
                -10,
                0,
                0
            ],
            "translation": [
                3.75,
                -7.25,
                -0.75
            ]
        },
        "ground": {
            "rotation": [
                -45,
                0,
                0
            ],
            "translation": [
                0,
                3,
                0
            ],
            "scale": [
                0.7,
                0.7,
                0.7
            ]
        },
        "gui": {
            "rotation": [
                -90,
                45,
                90
            ],
            "translation": [
                3.75,
                -3.75,
                0
            ],
            "scale": [
                0.7,
                0.7,
                0.7
            ]
        },
        "head": {
            "rotation": [
                0,
                -90,
                0
            ]
        },
        "fixed": {
            "rotation": [
                0,
                -90,
                0
            ],
            "translation": [
                0,
                -8,
                -1.5
            ],
            "scale": [
                2,
                2,
                2
            ]
        }
    }
}