{
    "credit": "Polygony Creation Co.,Ltd.",
    "texture_size": [
        12,
        12
    ],
    "textures": {
        "1": "independence_dayset:wings",
        "2": "independence_dayset:animations/star_animation",
        "particle": "independence_dayset:animations/star_animation"
    },
    "elements": [
        {
            "from": [
                6.5,
                6.5,
                7.5
            ],
            "to": [
                9.5,
                9.5,
                8.5
            ],
            "rotation": {
                "angle": 45,
                "axis": "z",
                "origin": [
                    8,
                    8,
                    8
                ]
            },
            "faces": {
                "north": {
                    "uv": [
                        0.57143,
                        11.85714,
                        2.28571,
                        13.57143
                    ],
                    "texture": "#1"
                },
                "east": {
                    "uv": [
                        13.14286,
                        0.42857,
                        13.71429,
                        2.14286
                    ],
                    "texture": "#1"
                },
                "south": {
                    "uv": [
                        2.28571,
                        11.85714,
                        4,
                        13.57143
                    ],
                    "texture": "#1"
                },
                "west": {
                    "uv": [
                        13.14286,
                        2.14286,
                        13.71429,
                        3.85714
                    ],
                    "texture": "#1"
                },
                "up": {
                    "uv": [
                        14.85714,
                        4.42857,
                        13.14286,
                        3.85714
                    ],
                    "texture": "#1"
                },
                "down": {
                    "uv": [
                        14.85714,
                        4.42857,
                        13.14286,
                        5
                    ],
                    "texture": "#1"
                }
            }
        },
        {
            "from": [
                6.75,
                6.75,
                7.25
            ],
            "to": [
                9.25,
                9.25,
                8.75
            ],
            "rotation": {
                "angle": 45,
                "axis": "z",
                "origin": [
                    8,
                    8,
                    8
                ]
            },
            "faces": {
                "north": {
                    "uv": [
                        4,
                        11.85714,
                        5.42857,
                        13.28571
                    ],
                    "texture": "#1"
                },
                "east": {
                    "uv": [
                        7.42857,
                        11.85714,
                        8.28571,
                        13.28571
                    ],
                    "texture": "#1"
                },
                "south": {
                    "uv": [
                        5.71429,
                        11.85714,
                        7.14286,
                        13.28571
                    ],
                    "texture": "#1"
                },
                "west": {
                    "uv": [
                        8.57143,
                        11.85714,
                        9.42857,
                        13.28571
                    ],
                    "texture": "#1"
                },
                "up": {
                    "uv": [
                        11.14286,
                        12.71429,
                        9.71429,
                        11.85714
                    ],
                    "texture": "#1"
                },
                "down": {
                    "uv": [
                        12.85714,
                        11.85714,
                        11.42857,
                        12.71429
                    ],
                    "texture": "#1"
                }
            }
        },
        {
            "from": [
                9,
                0.75,
                7.75
            ],
            "to": [
                31,
                20.75,
                7.78
            ],
            "rotation": {
                "angle": -22.5,
                "axis": "y",
                "origin": [
                    9,
                    2.75,
                    7.75
                ]
            },
            "faces": {
                "north": {
                    "uv": [
                        0,
                        0,
                        12.57143,
                        11.42857
                    ],
                    "texture": "#1"
                },
                "south": {
                    "uv": [
                        12.57143,
                        0,
                        0,
                        11.42857
                    ],
                    "texture": "#1"
                }
            }
        },
        {
            "from": [
                -15,
                0.75,
                7.75
            ],
            "to": [
                7,
                20.75,
                7.78
            ],
            "rotation": {
                "angle": 22.5,
                "axis": "y",
                "origin": [
                    7,
                    2.75,
                    7.75
                ]
            },
            "faces": {
                "north": {
                    "uv": [
                        12.57143,
                        0,
                        0,
                        11.42857
                    ],
                    "texture": "#1"
                },
                "south": {
                    "uv": [
                        0,
                        0,
                        12.57143,
                        11.42857
                    ],
                    "texture": "#1"
                }
            }
        },
        {
            "from": [
                12.5,
                5.75,
                8.875
            ],
            "to": [
                16.75,
                10,
                8.875
            ],
            "rotation": {
                "angle": -22.5,
                "axis": "y",
                "origin": [
                    14.625,
                    7.875,
                    8.875
                ]
            },
            "faces": {
                "north": {
                    "uv": [
                        0,
                        0,
                        5.66667,
                        5.66667
                    ],
                    "texture": "#2"
                }
            }
        },
        {
            "from": [
                11.125,
                11.5,
                7.875
            ],
            "to": [
                13.375,
                13.75,
                7.875
            ],
            "rotation": {
                "angle": 22.5,
                "axis": "z",
                "origin": [
                    13.375,
                    11.5,
                    7.875
                ]
            },
            "faces": {
                "north": {
                    "uv": [
                        6.66667,
                        0,
                        9.66667,
                        3
                    ],
                    "texture": "#2"
                }
            }
        },
        {
            "from": [
                14.375,
                9.5,
                9.875
            ],
            "to": [
                17.625,
                12.75,
                9.875
            ],
            "rotation": {
                "angle": -22.5,
                "axis": "z",
                "origin": [
                    17.625,
                    9.5,
                    9.875
                ]
            },
            "faces": {
                "north": {
                    "uv": [
                        0,
                        6.66667,
                        4.33333,
                        11
                    ],
                    "texture": "#2"
                }
            }
        },
        {
            "from": [
                -0.75,
                5.75,
                8.875
            ],
            "to": [
                3.5,
                10,
                8.875
            ],
            "rotation": {
                "angle": 22.5,
                "axis": "y",
                "origin": [
                    1.375,
                    7.875,
                    8.875
                ]
            },
            "faces": {
                "north": {
                    "uv": [
                        5.66667,
                        0,
                        0,
                        5.66667
                    ],
                    "texture": "#2"
                }
            }
        },
        {
            "from": [
                -1.625,
                9.5,
                9.875
            ],
            "to": [
                1.625,
                12.75,
                9.875
            ],
            "rotation": {
                "angle": 22.5,
                "axis": "z",
                "origin": [
                    -1.625,
                    9.5,
                    9.875
                ]
            },
            "faces": {
                "north": {
                    "uv": [
                        4.33333,
                        6.66667,
                        0,
                        11
                    ],
                    "texture": "#2"
                }
            }
        },
        {
            "from": [
                2.625,
                11.5,
                7.875
            ],
            "to": [
                4.875,
                13.75,
                7.875
            ],
            "rotation": {
                "angle": -22.5,
                "axis": "z",
                "origin": [
                    2.625,
                    11.5,
                    7.875
                ]
            },
            "faces": {
                "north": {
                    "uv": [
                        9.66667,
                        0,
                        6.66667,
                        3
                    ],
                    "texture": "#2"
                }
            }
        }
    ],
    "gui_light": "front",
    "display": {
        "thirdperson_righthand": {
            "rotation": [
                -127.25,
                0,
                -180
            ],
            "scale": [
                0.7,
                0.7,
                0.7
            ]
        },
        "thirdperson_lefthand": {
            "rotation": [
                66,
                0,
                0
            ],
            "translation": [
                -5.5,
                -6.5,
                10
            ]
        },
        "firstperson_righthand": {
            "rotation": [
                154.25,
                0,
                -180
            ],
            "translation": [
                3.25,
                1.25,
                1
            ],
            "scale": [
                0.5,
                0.5,
                0.5
            ]
        },
        "firstperson_lefthand": {
            "rotation": [
                154.25,
                0,
                -180
            ],
            "translation": [
                3.25,
                1.25,
                1
            ],
            "scale": [
                0,
                0,
                0
            ]
        },
        "ground": {
            "rotation": [
                -45,
                0,
                0
            ],
            "translation": [
                0,
                3,
                0
            ],
            "scale": [
                0.7,
                0.7,
                0.7
            ]
        },
        "gui": {
            "rotation": [
                0,
                180,
                0
            ],
            "translation": [
                0,
                -1,
                0
            ],
            "scale": [
                0.5,
                0.5,
                0.5
            ]
        },
        "head": {
            "translation": [
                0,
                -59.5,
                7
            ],
            "scale": [
                1.6,
                1.6,
                1.6
            ]
        },
        "fixed": {
            "rotation": [
                0,
                180,
                0
            ],
            "translation": [
                0,
                0,
                -1.75
            ],
            "scale": [
                2,
                2,
                2
            ]
        }
    }
}