{"credit":"Made with Blockbench","ambientocclusion":false,"texture_size":[256,256],"textures":{"0":"bush_props:bush","particle":"bush_props:bush"},"elements":[{"from":[0.96339,4,8.08839],"to":[15.46339,21.5,8.08839],"rotation":{"angle":45,"axis":"y","origin":[8.125,12.25,8]},"faces":{"north":{"uv":[8.1875,6.4375,10,8.625],"texture":"#0"},"south":{"uv":[8.1875,6.4375,10,8.625],"texture":"#0"}}},{"from":[8.21339,4,0.83839],"to":[8.21339,21.5,15.33839],"rotation":{"angle":45,"axis":"y","origin":[8.125,12.25,8]},"faces":{"east":{"uv":[8.1875,6.4375,10,8.625],"texture":"#0"},"west":{"uv":[8.1875,6.4375,10,8.625],"texture":"#0"}}},{"from":[1,4,8],"to":[15.5,21.5,8],"rotation":{"angle":0,"axis":"y","origin":[8.125,12.25,8]},"faces":{"north":{"uv":[4.375,3.875,6.1875,6.0625],"texture":"#0"},"south":{"uv":[4.375,3.875,6.1875,6.0625],"texture":"#0"}}},{"from":[8.25,4,0.75],"to":[8.25,21.5,15.25],"rotation":{"angle":0,"axis":"y","origin":[8.125,12.25,8]},"faces":{"east":{"uv":[4.375,3.875,6.1875,6.0625],"texture":"#0"},"west":{"uv":[4.375,3.875,6.1875,6.0625],"texture":"#0"}}}],"gui_light":"front","display":{"thirdperson_righthand":{"rotation":[49.75,45,0],"translation":[0,3,1],"scale":[0.81641,0.81641,0.81641]},"thirdperson_lefthand":{"rotation":[49.75,45,0],"translation":[0,3,1],"scale":[0.81641,0.81641,0.81641]},"firstperson_righthand":{"rotation":[0,75.75,0],"translation":[5.25,2.75,1.5],"scale":[0.4,0.4,0.4]},"firstperson_lefthand":{"rotation":[0,75.75,0],"translation":[5.25,2.75,2],"scale":[0.4,0.4,0.4]},"ground":{"translation":[0,3,0],"scale":[0.25,0.25,0.25]},"gui":{"rotation":[30,225,0],"translation":[0.25,-3.25,0],"scale":[0.76563,0.76563,0.76563]},"head":{"translation":[0,12.75,0],"scale":[0.79492,0.79492,0.79492]},"fixed":{"rotation":[-90,0,0],"translation":[0,0,-16],"scale":[2.00195,2.00195,2.00195]}},"mcmodels":"f9c0163139895b386539d47714627100"}