{"credit":"MadewithBlockbench","texture_size":[32,32],"textures":{"3":"city_streets:street_light_big"},"elements":[{"from":[7.3875,-8.85,7.3],"to":[8.7875,14.95,8.7],"rotation":{"angle":0,"axis":"y","origin":[8.0875,4.8,8]},"faces":{"north":{"uv":[2.5,0,3,8.5],"texture":"#3"},"east":{"uv":[3,0,3.5,8.5],"texture":"#3"},"south":{"uv":[3.5,0,4,8.5],"texture":"#3"},"west":{"uv":[4,0,4.5,8.5],"texture":"#3"},"up":{"uv":[8.25,3,7.75,2.5],"texture":"#3"},"down":{"uv":[6,9.75,5.5,10.25],"texture":"#3"}}},{"from":[6.1625,-15.85,5.9],"to":[10.0125,-14.45,10.1],"rotation":{"angle":0,"axis":"y","origin":[8.0875,-4.3,8]},"faces":{"north":{"uv":[9,1.5,10.5,2],"texture":"#3"},"east":{"uv":[9,2,10.5,2.5],"texture":"#3"},"south":{"uv":[6.75,9,8.25,9.5],"texture":"#3"},"west":{"uv":[4.5,9.25,6,9.75],"texture":"#3"},"up":{"uv":[6,6.75,4.5,5.25],"texture":"#3"},"down":{"uv":[7.5,5.25,6,6.75],"texture":"#3"}}},{"from":[6.8625,-15.85,6.6],"to":[9.3125,-10.25,9.4],"rotation":{"angle":0,"axis":"y","origin":[8.0875,-4.3,8]},"faces":{"north":{"uv":[6.25,3,7.25,5],"texture":"#3"},"east":{"uv":[0,6.75,1,8.75],"texture":"#3"},"south":{"uv":[1,6.75,2,8.75],"texture":"#3"},"west":{"uv":[4.5,6.75,5.5,8.75],"texture":"#3"},"up":{"uv":[9.5,3.5,8.5,2.5],"texture":"#3"},"down":{"uv":[4.5,8.5,3.5,9.5],"texture":"#3"}}},{"from":[6.5125,-10.25,6.25],"to":[9.6625,-8.85,9.75],"rotation":{"angle":0,"axis":"y","origin":[8.0875,-4.3,8]},"faces":{"north":{"uv":[9.5,6.5,10.75,7],"texture":"#3"},"east":{"uv":[6.75,9.5,8,10],"texture":"#3"},"south":{"uv":[9.5,7,10.75,7.5],"texture":"#3"},"west":{"uv":[0,9.75,1.25,10.25],"texture":"#3"},"up":{"uv":[6.75,8,5.5,6.75],"texture":"#3"},"down":{"uv":[8,6.75,6.75,8],"texture":"#3"}}},{"from":[7.2125,-2.55,6.95],"to":[8.9625,-1.85,9.05],"rotation":{"angle":0,"axis":"y","origin":[8.0875,-4.3,8]},"faces":{"north":{"uv":[6.25,5,7,5.25],"texture":"#3"},"east":{"uv":[8.75,6.5,9.5,6.75],"texture":"#3"},"south":{"uv":[10.75,6,11.5,6.25],"texture":"#3"},"west":{"uv":[7.25,10.75,8,11],"texture":"#3"},"up":{"uv":[2.5,6.75,1.75,6],"texture":"#3"},"down":{"uv":[2,9.75,1.25,10.5],"texture":"#3"}}},{"from":[6.3375,17.05,6.25],"to":[9.8375,19.15,9.75],"rotation":{"angle":0,"axis":"y","origin":[8.0875,4.8,8]},"faces":{"north":{"uv":[8.5,3.5,9.75,4.25],"texture":"#3"},"east":{"uv":[8.75,4.25,10,5],"texture":"#3"},"south":{"uv":[8.75,5,10,5.75],"texture":"#3"},"west":{"uv":[8.75,5.75,10,6.5],"texture":"#3"},"up":{"uv":[8.5,4.25,7.25,3],"texture":"#3"},"down":{"uv":[8.75,4.25,7.5,5.5],"texture":"#3"}}},{"from":[4.5875,21.95,4.5],"to":[11.5875,21.95,11.5],"rotation":{"angle":0,"axis":"y","origin":[8.0875,4.8,8]},"faces":{"north":{"uv":[0,0,2.5,0],"texture":"#3"},"east":{"uv":[0,0,2.5,0],"texture":"#3"},"south":{"uv":[0,0,2.5,0],"texture":"#3"},"west":{"uv":[0,0,2.5,0],"texture":"#3"},"up":{"uv":[2.5,2.5,0,0],"texture":"#3"},"down":{"uv":[2.5,2.5,0,5],"texture":"#3"}}},{"from":[7.2125,13.55,6.95],"to":[8.9625,16.35,9.05],"rotation":{"angle":0,"axis":"y","origin":[8.0875,4.8,8]},"faces":{"north":{"uv":[1.75,5,2.5,6],"texture":"#3"},"east":{"uv":[6,9.25,6.75,10.25],"texture":"#3"},"south":{"uv":[8.25,9.25,9,10.25],"texture":"#3"},"west":{"uv":[9,9.25,9.75,10.25],"texture":"#3"},"up":{"uv":[10.5,10,9.75,9.25],"texture":"#3"},"down":{"uv":[10.75,4,10,4.75],"texture":"#3"}}},{"from":[7.3875,16.35,7.3],"to":[8.7875,17.05,8.7],"rotation":{"angle":0,"axis":"y","origin":[8.0875,4.8,8]},"faces":{"north":{"uv":[7,5,7.5,5.25],"texture":"#3"},"east":{"uv":[2,8.25,2.5,8.5],"texture":"#3"},"south":{"uv":[6.25,11,6.75,11.25],"texture":"#3"},"west":{"uv":[8.25,11,8.75,11.25],"texture":"#3"},"up":{"uv":[2.25,11.25,1.75,10.75],"texture":"#3"},"down":{"uv":[2.75,10.75,2.25,11.25],"texture":"#3"}}},{"from":[5.6375,21.95,5.55],"to":[10.5375,22.65,10.45],"rotation":{"angle":0,"axis":"y","origin":[8.0875,4.8,8]},"faces":{"north":{"uv":[10,6.25,11.75,6.5],"texture":"#3"},"east":{"uv":[4.25,10.25,6,10.5],"texture":"#3"},"south":{"uv":[1,10.5,2.75,10.75],"texture":"#3"},"west":{"uv":[10.5,1.5,12.25,1.75],"texture":"#3"},"up":{"uv":[6.25,1.75,4.5,0],"texture":"#3"},"down":{"uv":[6.25,1.75,4.5,3.5],"texture":"#3"}}},{"from":[6.3375,22.65,6.25],"to":[9.8375,24.05,9.75],"rotation":{"angle":0,"axis":"y","origin":[8.0875,4.8,8]},"faces":{"north":{"uv":[9.75,3.5,11,4],"texture":"#3"},"east":{"uv":[4.25,9.75,5.5,10.25],"texture":"#3"},"south":{"uv":[9.75,7.5,11,8],"texture":"#3"},"west":{"uv":[9.75,8,11,8.5],"texture":"#3"},"up":{"uv":[8.75,6.75,7.5,5.5],"texture":"#3"},"down":{"uv":[9,0,7.75,1.25],"texture":"#3"}}},{"from":[7.3875,24.05,7.3],"to":[8.7875,25.45,8.7],"rotation":{"angle":0,"axis":"y","origin":[8.0875,4.8,8]},"faces":{"north":{"uv":[2.75,10.75,3.25,11.25],"texture":"#3"},"east":{"uv":[3.25,10.75,3.75,11.25],"texture":"#3"},"south":{"uv":[3.75,10.75,4.25,11.25],"texture":"#3"},"west":{"uv":[10.75,4,11.25,4.5],"texture":"#3"},"up":{"uv":[4.75,11.25,4.25,10.75],"texture":"#3"},"down":{"uv":[11.25,4.5,10.75,5],"texture":"#3"}}},{"from":[7.7375,25.45,7.65],"to":[8.4375,26.85,8.35],"rotation":{"angle":0,"axis":"y","origin":[8.0875,4.8,8]},"faces":{"north":{"uv":[8.25,2.5,8.5,3],"texture":"#3"},"east":{"uv":[8,9.5,8.25,10],"texture":"#3"},"south":{"uv":[1.5,11,1.75,11.5],"texture":"#3"},"west":{"uv":[11,8.25,11.25,8.75],"texture":"#3"},"up":{"uv":[8.25,8,8,7.75],"texture":"#3"},"down":{"uv":[4.5,9.5,4.25,9.75],"texture":"#3"}}},{"from":[5.9875,19.15,5.9],"to":[10.1875,21.95,10.1],"rotation":{"angle":0,"axis":"y","origin":[8.0875,4.8,8]},"faces":{"north":{"uv":[6.75,8,8.25,9],"texture":"#3"},"east":{"uv":[8,6.75,9.5,7.75],"texture":"#3"},"south":{"uv":[8.25,7.75,9.75,8.75],"texture":"#3"},"west":{"uv":[2,8.5,3.5,9.5],"texture":"#3"},"up":{"uv":[7.75,1.5,6.25,0],"texture":"#3"},"down":{"uv":[7.75,1.5,6.25,3],"texture":"#3"}}},{"from":[7.3875,23,8.175],"to":[8.7875,25.1,8.875],"rotation":{"angle":-22.5,"axis":"x","origin":[8.0875,24.75,8]},"faces":{"north":{"uv":[2,6.75,2.5,7.5],"texture":"#3"},"east":{"uv":[7.25,4.25,7.5,5],"texture":"#3"},"south":{"uv":[2,7.5,2.5,8.25],"texture":"#3"},"west":{"uv":[8,10.75,8.25,11.5],"texture":"#3"},"up":{"uv":[9.25,11.25,8.75,11],"texture":"#3"},"down":{"uv":[11.5,8.75,11,9],"texture":"#3"}}},{"from":[7.3875,23,7.125],"to":[8.7875,25.1,7.825],"rotation":{"angle":22.5,"axis":"x","origin":[8.0875,24.75,8]},"faces":{"north":{"uv":[6.25,10.25,6.75,11],"texture":"#3"},"east":{"uv":[10.75,8.5,11,9.25],"texture":"#3"},"south":{"uv":[8.25,10.25,8.75,11],"texture":"#3"},"west":{"uv":[9.75,10.75,10,11.5],"texture":"#3"},"up":{"uv":[11.5,9.25,11,9],"texture":"#3"},"down":{"uv":[9.75,11,9.25,11.25],"texture":"#3"}}},{"from":[7.2125,22.965,7.3],"to":[7.9125,25.065,8.7],"rotation":{"angle":-22.5,"axis":"z","origin":[8.0875,24.75,8]},"faces":{"north":{"uv":[10,10.75,10.25,11.5],"texture":"#3"},"east":{"uv":[8.75,10.25,9.25,11],"texture":"#3"},"south":{"uv":[10.25,10.75,10.5,11.5],"texture":"#3"},"west":{"uv":[9.25,10.25,9.75,11],"texture":"#3"},"up":{"uv":[11.25,11.25,11,10.75],"texture":"#3"},"down":{"uv":[0.25,11.25,0,11.75],"texture":"#3"}}},{"from":[8.2625,22.965,7.3],"to":[8.9625,25.065,8.7],"rotation":{"angle":22.5,"axis":"z","origin":[8.0875,24.75,8]},"faces":{"north":{"uv":[10.5,10.75,10.75,11.5],"texture":"#3"},"east":{"uv":[10.75,0,11.25,0.75],"texture":"#3"},"south":{"uv":[10.75,10.75,11,11.5],"texture":"#3"},"west":{"uv":[10.75,0.75,11.25,1.5],"texture":"#3"},"up":{"uv":[11.5,0.5,11.25,0],"texture":"#3"},"down":{"uv":[0.5,11.25,0.25,11.75],"texture":"#3"}}},{"from":[2.6625,14.775,7.3],"to":[7.5625,15.475,8.7],"rotation":{"angle":0,"axis":"y","origin":[8.0875,4.8,8]},"faces":{"north":{"uv":[10.5,1.75,12.25,2],"texture":"#3"},"east":{"uv":[0.5,11.25,1,11.5],"texture":"#3"},"south":{"uv":[10.5,2,12.25,2.25],"texture":"#3"},"west":{"uv":[11.25,0.5,11.75,0.75],"texture":"#3"},"up":{"uv":[10,9.25,8.25,8.75],"texture":"#3"},"down":{"uv":[10.75,0,9,0.5],"texture":"#3"}}},{"from":[8.6125,14.775,7.3],"to":[13.5125,15.475,8.7],"rotation":{"angle":0,"axis":"y","origin":[8.0875,4.8,8]},"faces":{"north":{"uv":[10.5,9.5,12.25,9.75],"texture":"#3"},"east":{"uv":[11.25,0.75,11.75,1],"texture":"#3"},"south":{"uv":[10.5,9.75,12.25,10],"texture":"#3"},"west":{"uv":[1,11.25,1.5,11.5],"texture":"#3"},"up":{"uv":[10.75,1,9,0.5],"texture":"#3"},"down":{"uv":[10.75,1,9,1.5],"texture":"#3"}}},{"from":[7.2125,0.95,6.95],"to":[8.9625,3.75,9.05],"rotation":{"angle":0,"axis":"y","origin":[8.0875,-4.3,8]},"faces":{"north":{"uv":[2,9.5,2.75,10.5],"texture":"#3"},"east":{"uv":[9.5,2.5,10.25,3.5],"texture":"#3"},"south":{"uv":[2.75,9.5,3.5,10.5],"texture":"#3"},"west":{"uv":[3.5,9.5,4.25,10.5],"texture":"#3"},"up":{"uv":[10.75,5.5,10,4.75],"texture":"#3"},"down":{"uv":[10.75,5.5,10,6.25],"texture":"#3"}}},{"from":[6.6875,1.65,6.6],"to":[9.4875,3.05,9.4],"rotation":{"angle":0,"axis":"y","origin":[8.0875,-4.3,8]},"faces":{"north":{"uv":[4.5,8.75,5.5,9.25],"texture":"#3"},"east":{"uv":[0,10.25,1,10.75],"texture":"#3"},"south":{"uv":[10.25,2.5,11.25,3],"texture":"#3"},"west":{"uv":[10.25,3,11.25,3.5],"texture":"#3"},"up":{"uv":[1,9.75,0,8.75],"texture":"#3"},"down":{"uv":[2,8.75,1,9.75],"texture":"#3"}}},{"from":[7.2125,-8.15,6.95],"to":[8.9625,-7.45,9.05],"rotation":{"angle":0,"axis":"y","origin":[8.0875,-4.3,8]},"faces":{"north":{"uv":[0,11,0.75,11.25],"texture":"#3"},"east":{"uv":[0.75,11,1.5,11.25],"texture":"#3"},"south":{"uv":[11,3.5,11.75,3.75],"texture":"#3"},"west":{"uv":[11,3.75,11.75,4],"texture":"#3"},"up":{"uv":[7.5,10.75,6.75,10],"texture":"#3"},"down":{"uv":[8.25,10,7.5,10.75],"texture":"#3"}}},{"from":[7.2125,-6.75,6.95],"to":[8.9625,-6.05,9.05],"rotation":{"angle":0,"axis":"y","origin":[8.0875,-4.3,8]},"faces":{"north":{"uv":[7.25,11,8,11.25],"texture":"#3"},"east":{"uv":[11,7.5,11.75,7.75],"texture":"#3"},"south":{"uv":[11,7.75,11.75,8],"texture":"#3"},"west":{"uv":[11,8,11.75,8.25],"texture":"#3"},"up":{"uv":[10.75,9.25,10,8.5],"texture":"#3"},"down":{"uv":[10.5,10,9.75,10.75],"texture":"#3"}}},{"from":[6.3375,17.225,6.25],"to":[9.8375,17.225,9.75],"rotation":{"angle":0,"axis":"y","origin":[8.0875,4.8,8]},"faces":{"north":{"uv":[0,0,1.25,0],"texture":"#3"},"east":{"uv":[0,0,1.25,0],"texture":"#3"},"south":{"uv":[0,0,1.25,0],"texture":"#3"},"west":{"uv":[0,0,1.25,0],"texture":"#3"},"up":{"uv":[9,2.5,7.75,1.25],"texture":"#3"},"down":{"uv":[6.75,8,5.5,9.25],"texture":"#3"}}},{"from":[5.6375,21.425,5.55],"to":[10.5375,22.125,10.45],"rotation":{"angle":0,"axis":"y","origin":[8.0875,4.8,8]},"faces":{"north":{"uv":[10.5,10,12.25,10.25],"texture":"#3"},"east":{"uv":[10.5,10.25,12.25,10.5],"texture":"#3"},"south":{"uv":[10.5,10.5,12.25,10.75],"texture":"#3"},"west":{"uv":[0,10.75,1.75,11],"texture":"#3"},"up":{"uv":[6.25,5.25,4.5,3.5],"texture":"#3"},"down":{"uv":[1.75,5,0,6.75],"texture":"#3"}}},{"from":[7.3875,17.05,7.3],"to":[8.7875,17.75,8.7],"rotation":{"angle":0,"axis":"y","origin":[8.0875,4.8,8]},"faces":{"north":{"uv":[11.25,1,11.75,1.25],"texture":"#3"},"east":{"uv":[11.25,1.25,11.75,1.5],"texture":"#3"},"south":{"uv":[1.75,11.25,2.25,11.5],"texture":"#3"},"west":{"uv":[2.25,11.25,2.75,11.5],"texture":"#3"},"up":{"uv":[5.25,11.25,4.75,10.75],"texture":"#3"},"down":{"uv":[11.25,5,10.75,5.5],"texture":"#3"}}},{"from":[7.7375,17.75,7.65],"to":[8.4375,18.45,8.35],"rotation":{"angle":0,"axis":"y","origin":[8.0875,4.8,8]},"faces":{"north":{"uv":[9.75,8.5,10,8.75],"texture":"#3"},"east":{"uv":[1,10.25,1.25,10.5],"texture":"#3"},"south":{"uv":[6,10.25,6.25,10.5],"texture":"#3"},"west":{"uv":[11.25,2.5,11.5,2.75],"texture":"#3"},"up":{"uv":[3,11.5,2.75,11.25],"texture":"#3"},"down":{"uv":[11.5,2.75,11.25,3],"texture":"#3"}}},{"from":[7.3875,18.45,7.3],"to":[8.7875,19.85,8.7],"rotation":{"angle":0,"axis":"y","origin":[8.0875,4.8,8]},"faces":{"north":{"uv":[5.25,10.75,5.75,11.25],"texture":"#3"},"east":{"uv":[10.75,5.5,11.25,6],"texture":"#3"},"south":{"uv":[5.75,10.75,6.25,11.25],"texture":"#3"},"west":{"uv":[10.75,6.5,11.25,7],"texture":"#3"},"up":{"uv":[7.25,11.25,6.75,10.75],"texture":"#3"},"down":{"uv":[11.25,7,10.75,7.5],"texture":"#3"}}}],"gui_light":"front","display":{"thirdperson_righthand":{"rotation":[68,16,0],"translation":[-0.75,0.5,1.5],"scale":[0.38594,0.38594,0.38594]},"thirdperson_lefthand":{"rotation":[68,16,0],"translation":[-0.75,0.5,1.5],"scale":[0.38594,0.38594,0.38594]},"firstperson_righthand":{"rotation":[18,125,-10],"translation":[3.13,4.2,-0.87],"scale":[0.23078,0.23078,0.23078]},"firstperson_lefthand":{"rotation":[18,125,-10],"translation":[3.13,4.2,-0.87],"scale":[0.23078,0.23078,0.23078]},"ground":{"rotation":[97,0,-88],"translation":[0,-0.25,0],"scale":[0.49,0.49,0.49]},"gui":{"rotation":[22,-139,0],"translation":[0,1.75,0],"scale":[0.37,0.37,0.37]},"head":{"translation":[0,11.25,0],"scale":[2.285,2.285,2.285]},"fixed":{"rotation":[-90,0,0],"translation":[0,0,-67.75],"scale":[2.83,2.83,2.83]}},"groups":[{"name":"street_light","origin":[8.0875,-15.5,8],"color":0,"children":[0,1,2,3,4,5,6,7,8,9,10,11,12,13,14,15,16,17,18,19,20,21,22,23,24,25,{"name":"light","origin":[8.05,0.35,8],"color":0,"children":[26,27,28]}]}],"mcmodels":"2de400d2cda8f86ffd62cef79c621065"}