{"credit":"MadewithBlockbench","texture_size":[128,128],"textures":{"1":"city_streets:traffic_light3","3":"city_streets:traffic_light","particle":"city_streets:traffic_light3"},"elements":[{"from":[6.25,18.51296,7.5],"to":[9.75,29.01296,11],"rotation":{"angle":0,"axis":"y","origin":[-9,-4.98704,6.75]},"faces":{"north":{"uv":[0,5.5,3.375,16],"texture":"#1"},"east":{"uv":[0.875,0,1.75,2.625],"texture":"#3"},"south":{"uv":[1.75,0,2.625,2.625],"texture":"#3"},"west":{"uv":[0,2.625,0.875,5.25],"texture":"#3"},"up":{"uv":[2.5,3.5,1.625,2.625],"texture":"#3"},"down":{"uv":[3.75,0,2.875,0.875],"texture":"#3"}}},{"from":[7.175,25.11296,6],"to":[8.675,25.11296,7.5],"rotation":{"angle":0,"axis":"y","origin":[-9.075,-6.48704,6.75]},"faces":{"north":{"uv":[0,0,0.375,0],"texture":"#3"},"east":{"uv":[0,0,0.375,0],"texture":"#3"},"south":{"uv":[0,0,0.375,0],"texture":"#3"},"west":{"uv":[0,0,0.375,0],"texture":"#3"},"up":{"uv":[2,3.875,1.625,3.5],"texture":"#3"},"down":{"uv":[2.375,3.5,2,3.875],"texture":"#3"}}},{"from":[9.025,24.98796,6.5],"to":[10.025,24.98796,7.5],"rotation":{"angle":-45,"axis":"z","origin":[8.95,25.53796,7]},"faces":{"north":{"uv":[0.25,0,0,0],"texture":"#3"},"east":{"uv":[0.25,0,0,0],"texture":"#3"},"south":{"uv":[0.25,0,0,0],"texture":"#3"},"west":{"uv":[0.25,0,0,0],"texture":"#3"},"up":{"uv":[2.375,3.75,2.625,3.5],"texture":"#3"},"down":{"uv":[3.75,1.375,4,1.625],"texture":"#3"}}},{"from":[5.825,24.98796,6.5],"to":[6.825,24.98796,7.5],"rotation":{"angle":45,"axis":"z","origin":[6.9,25.53796,7]},"faces":{"north":{"uv":[0,0,0.25,0],"texture":"#3"},"east":{"uv":[0,0,0.25,0],"texture":"#3"},"south":{"uv":[0,0,0.25,0],"texture":"#3"},"west":{"uv":[0,0,0.25,0],"texture":"#3"},"up":{"uv":[2.625,3.75,2.375,3.5],"texture":"#3"},"down":{"uv":[4,1.375,3.75,1.625],"texture":"#3"}}},{"from":[5.825,27.98796,6.5],"to":[6.825,27.98796,7.5],"rotation":{"angle":45,"axis":"z","origin":[6.9,28.53796,7]},"faces":{"north":{"uv":[0,0,0.25,0],"texture":"#3"},"east":{"uv":[0,0,0.25,0],"texture":"#3"},"south":{"uv":[0,0,0.25,0],"texture":"#3"},"west":{"uv":[0,0,0.25,0],"texture":"#3"},"up":{"uv":[2.625,3.75,2.375,3.5],"texture":"#3"},"down":{"uv":[4,1.375,3.75,1.625],"texture":"#3"}}},{"from":[7.175,28.11296,6],"to":[8.675,28.11296,7.5],"rotation":{"angle":0,"axis":"y","origin":[-9.075,-3.48704,6.75]},"faces":{"north":{"uv":[0,0,0.375,0],"texture":"#3"},"east":{"uv":[0,0,0.375,0],"texture":"#3"},"south":{"uv":[0,0,0.375,0],"texture":"#3"},"west":{"uv":[0,0,0.375,0],"texture":"#3"},"up":{"uv":[2,3.875,1.625,3.5],"texture":"#3"},"down":{"uv":[2.375,3.5,2,3.875],"texture":"#3"}}},{"from":[9.025,27.98796,6.5],"to":[10.025,27.98796,7.5],"rotation":{"angle":-45,"axis":"z","origin":[8.95,28.53796,7]},"faces":{"north":{"uv":[0.25,0,0,0],"texture":"#3"},"east":{"uv":[0.25,0,0,0],"texture":"#3"},"south":{"uv":[0.25,0,0,0],"texture":"#3"},"west":{"uv":[0.25,0,0,0],"texture":"#3"},"up":{"uv":[2.375,3.75,2.625,3.5],"texture":"#3"},"down":{"uv":[3.75,1.375,4,1.625],"texture":"#3"}}},{"from":[5.825,21.98796,6.5],"to":[6.825,21.98796,7.5],"rotation":{"angle":45,"axis":"z","origin":[6.9,22.53796,7]},"faces":{"north":{"uv":[0,0,0.25,0],"texture":"#3"},"east":{"uv":[0,0,0.25,0],"texture":"#3"},"south":{"uv":[0,0,0.25,0],"texture":"#3"},"west":{"uv":[0,0,0.25,0],"texture":"#3"},"up":{"uv":[2.625,3.75,2.375,3.5],"texture":"#3"},"down":{"uv":[4,1.375,3.75,1.625],"texture":"#3"}}},{"from":[7.175,22.11296,6],"to":[8.675,22.11296,7.5],"rotation":{"angle":0,"axis":"y","origin":[-9.075,-9.48704,6.75]},"faces":{"north":{"uv":[0,0,0.375,0],"texture":"#3"},"east":{"uv":[0,0,0.375,0],"texture":"#3"},"south":{"uv":[0,0,0.375,0],"texture":"#3"},"west":{"uv":[0,0,0.375,0],"texture":"#3"},"up":{"uv":[2,3.875,1.625,3.5],"texture":"#3"},"down":{"uv":[2.375,3.5,2,3.875],"texture":"#3"}}},{"from":[9.025,21.98796,6.5],"to":[10.025,21.98796,7.5],"rotation":{"angle":-45,"axis":"z","origin":[8.95,22.53796,7]},"faces":{"north":{"uv":[0.25,0,0,0],"texture":"#3"},"east":{"uv":[0.25,0,0,0],"texture":"#3"},"south":{"uv":[0.25,0,0,0],"texture":"#3"},"west":{"uv":[0.25,0,0,0],"texture":"#3"},"up":{"uv":[2.375,3.75,2.625,3.5],"texture":"#3"},"down":{"uv":[3.75,1.375,4,1.625],"texture":"#3"}}},{"from":[7.5,-3.98704,8.75],"to":[8.5,18.51296,9.75],"rotation":{"angle":0,"axis":"y","origin":[-9,-4.98704,6.75]},"faces":{"north":{"uv":[2.625,0,2.875,5.625],"texture":"#3"},"east":{"uv":[0.875,2.625,1.125,8.25],"texture":"#3"},"south":{"uv":[1.125,2.625,1.375,8.25],"texture":"#3"},"west":{"uv":[1.375,2.625,1.625,8.25],"texture":"#3"},"up":{"uv":[4.125,2.875,3.875,2.625],"texture":"#3"},"down":{"uv":[3.125,3.875,2.875,4.125],"texture":"#3"}}},{"from":[6.25,-4.98704,7.5],"to":[9.75,-4.48704,11],"rotation":{"angle":0,"axis":"y","origin":[-9,-4.98704,6.75]},"faces":{"north":{"uv":[3.75,0.375,4.625,0.5],"texture":"#3"},"east":{"uv":[3.75,0.5,4.625,0.625],"texture":"#3"},"south":{"uv":[3.75,0.625,4.625,0.75],"texture":"#3"},"west":{"uv":[3.75,0.75,4.625,0.875],"texture":"#3"},"up":{"uv":[3.75,1.75,2.875,0.875],"texture":"#3"},"down":{"uv":[3.75,1.75,2.875,2.625],"texture":"#3"}}},{"from":[6.75,-4.48704,8],"to":[9.25,-3.98704,10.5],"rotation":{"angle":0,"axis":"y","origin":[-9,-4.98704,6.75]},"faces":{"north":{"uv":[3.75,0.875,4.375,1],"texture":"#3"},"east":{"uv":[3.75,1,4.375,1.125],"texture":"#3"},"south":{"uv":[3.75,1.125,4.375,1.25],"texture":"#3"},"west":{"uv":[3.75,1.25,4.375,1.375],"texture":"#3"},"up":{"uv":[3.5,3.25,2.875,2.625],"texture":"#3"},"down":{"uv":[3.5,3.25,2.875,3.875],"texture":"#3"}}}],"gui_light":"front","display":{"thirdperson_righthand":{"rotation":[63,48,-8],"translation":[0,1,0.75],"scale":[0.56445,0.56445,0.56445]},"thirdperson_lefthand":{"rotation":[63,48,-8],"translation":[0,1,0.75],"scale":[0.56445,0.56445,0.56445]},"firstperson_righthand":{"rotation":[11,109,-2],"translation":[0.75,3,0],"scale":[0.57422,0.57422,0.57422]},"firstperson_lefthand":{"rotation":[11,109,-2],"translation":[0.75,3,0],"scale":[0.57422,0.57422,0.57422]},"ground":{"rotation":[39,0,0],"translation":[0,6.5,0],"scale":[0.50977,0.50977,0.50977]},"gui":{"rotation":[11,156,0],"translation":[-0.25,-2,0],"scale":[0.46094,0.46094,0.46094]},"head":{"translation":[0,-2,-4],"scale":[3.2,3.2,3.2]},"fixed":{"rotation":[-90,0,0],"translation":[0,-4.75,-49.75],"scale":[4,4,4]}},"groups":[{"name":"traffic_light","origin":[-0.85185,-12.97407,9.24999],"color":0,"children":[0,1,2,3,4,5,6,7,8,9,10,11,12]}],"mcmodels":"2de400d2cda8f86ffd62cef79c621065"}