{"credit":"MadewithBlockbench","texture_size":[32,32],"textures":{"1":"city_streets:trash_container_big","2":"city_streets:flyes_anim"},"elements":[{"from":[-6.65,-13.15,4.81891],"to":[20.65,8.55,24.41891],"rotation":{"angle":0,"axis":"y","origin":[1.575,-2.65,16.76891]},"faces":{"north":{"uv":[2.875,0,5.3125,1.9375],"texture":"#1"},"east":{"uv":[0,6.125,1.75,8.0625],"texture":"#1"},"south":{"uv":[2.875,1.9375,5.3125,3.875],"texture":"#1"},"west":{"uv":[4.3125,6.1875,6.0625,8.125],"texture":"#1"},"up":{"uv":[5.3125,5.625,2.875,3.875],"texture":"#1"},"down":{"uv":[2.4375,4.375,0,6.125],"texture":"#1"}}},{"from":[20.65,-13.85,4.11891],"to":[22.05,9.25,25.11891],"rotation":{"angle":0,"axis":"y","origin":[1.575,-2.65,16.76891]},"faces":{"north":{"uv":[1.625,8.0625,1.75,10.125],"texture":"#1"},"east":{"uv":[5.3125,0,7.1875,2.0625],"texture":"#1"},"south":{"uv":[1.75,9.0625,1.875,11.125],"texture":"#1"},"west":{"uv":[5.3125,2.0625,7.1875,4.125],"texture":"#1"},"up":{"uv":[2.25,10.9375,2.125,9.0625],"texture":"#1"},"down":{"uv":[2.375,9.0625,2.25,10.9375],"texture":"#1"}}},{"from":[-9.45,-6.85,4.11891],"to":[-8.05,-3.35,25.11891],"rotation":{"angle":0,"axis":"y","origin":[1.575,-2.65,16.76891]},"faces":{"north":{"uv":[9.6875,3,9.8125,3.3125],"texture":"#1"},"east":{"uv":[9,6.0625,10.875,6.375],"texture":"#1"},"south":{"uv":[9.6875,3.3125,9.8125,3.625],"texture":"#1"},"west":{"uv":[9,6.375,10.875,6.6875],"texture":"#1"},"up":{"uv":[2.5,10.9375,2.375,9.0625],"texture":"#1"},"down":{"uv":[2.625,9.0625,2.5,10.9375],"texture":"#1"}}},{"from":[-5.71234,-10.95842,4.12031],"to":[-4.31234,-8.85842,25.10631],"rotation":{"angle":-45,"axis":"z","origin":[1.575,-2.65,16.76891]},"faces":{"north":{"uv":[5.1875,5.625,5.3125,5.8125],"texture":"#1"},"east":{"uv":[9.3125,8.8125,11.1875,9],"texture":"#1"},"south":{"uv":[2.3125,6.875,2.4375,7.0625],"texture":"#1"},"west":{"uv":[9.3125,9,11.1875,9.1875],"texture":"#1"},"up":{"uv":[2.75,10.9375,2.625,9.0625],"texture":"#1"},"down":{"uv":[2.875,9.0625,2.75,10.9375],"texture":"#1"}}},{"from":[17.1847,-13.80025,4.12031],"to":[18.5847,-11.70025,25.10631],"rotation":{"angle":45,"axis":"z","origin":[8.575,-2.65,16.76891]},"faces":{"north":{"uv":[9.8125,3,9.9375,3.1875],"texture":"#1"},"east":{"uv":[9.3125,9.1875,11.1875,9.375],"texture":"#1"},"south":{"uv":[9.8125,3.1875,9.9375,3.375],"texture":"#1"},"west":{"uv":[9.3125,9.375,11.1875,9.5625],"texture":"#1"},"up":{"uv":[3,10.9375,2.875,9.0625],"texture":"#1"},"down":{"uv":[3.125,9.0625,3,10.9375],"texture":"#1"}}},{"from":[22.05,-6.85,4.11891],"to":[23.45,-3.35,25.11891],"rotation":{"angle":0,"axis":"y","origin":[1.575,-2.65,16.76891]},"faces":{"north":{"uv":[9.6875,3.625,9.8125,3.9375],"texture":"#1"},"east":{"uv":[9,6.6875,10.875,7],"texture":"#1"},"south":{"uv":[9.6875,3.9375,9.8125,4.25],"texture":"#1"},"west":{"uv":[9,7,10.875,7.3125],"texture":"#1"},"up":{"uv":[3.25,10.9375,3.125,9.0625],"texture":"#1"},"down":{"uv":[3.375,9.0625,3.25,10.9375],"texture":"#1"}}},{"from":[-8.05,-13.85,4.11891],"to":[-6.65,9.25,25.11891],"rotation":{"angle":0,"axis":"y","origin":[1.575,-2.65,16.76891]},"faces":{"north":{"uv":[1.875,9.0625,2,11.125],"texture":"#1"},"east":{"uv":[7.1875,2.0625,5.3125,4.125],"texture":"#1"},"south":{"uv":[2,9.0625,2.125,11.125],"texture":"#1"},"west":{"uv":[2.4375,5.625,4.3125,7.6875],"texture":"#1"},"up":{"uv":[0.125,11.3125,0,9.4375],"texture":"#1"},"down":{"uv":[0.25,9.4375,0.125,11.3125],"texture":"#1"}}},{"from":[-8.925,-3,3.34891],"to":[23.275,-0.2,3.34891],"rotation":{"angle":0,"axis":"y","origin":[1.575,-2.65,16.76891]},"faces":{"north":{"uv":[8.5,5.0625,11.375,5.3125],"texture":"#1"},"east":{"uv":[0,0,0,0.25],"texture":"#1"},"south":{"uv":[8.5,5.3125,11.375,5.5625],"texture":"#1"},"west":{"uv":[0,0,0,0.25],"texture":"#1"},"up":{"uv":[2.875,0,0,0],"texture":"#1"},"down":{"uv":[2.875,0,0,0],"texture":"#1"}}},{"from":[-8.925,4.71811,5.12724],"to":[23.275,7.51811,29.62724],"rotation":{"angle":-22.5,"axis":"x","origin":[1.575,-2.65,16.76891]},"faces":{"north":{"uv":[8.5,5.5625,11.375,5.8125],"texture":"#1"},"east":{"uv":[9,7.3125,11.1875,7.5625],"texture":"#1"},"south":{"uv":[8.5,5.8125,11.375,6.0625],"texture":"#1"},"west":{"uv":[9,7.5625,11.1875,7.8125],"texture":"#1"},"up":{"uv":[2.875,2.1875,0,0],"texture":"#1"},"down":{"uv":[2.875,2.1875,0,4.375],"texture":"#1"}}},{"from":[5.95,4.71811,5.12724],"to":[5.95,7.51811,29.62724],"rotation":{"angle":-22.5,"axis":"x","origin":[1.575,-2.65,16.76891]},"faces":{"north":{"uv":[0,0,0,0.25],"texture":"#1"},"east":{"uv":[9,7.8125,11.1875,8.0625],"texture":"#1"},"south":{"uv":[0,0,0,0.25],"texture":"#1"},"west":{"uv":[9,8.0625,11.1875,8.3125],"texture":"#1"},"up":{"uv":[0,2.1875,0,0],"texture":"#1"},"down":{"uv":[0,0,0,2.1875],"texture":"#1"}}},{"from":[-7.525,4.71811,5.12724],"to":[-7.525,7.51811,29.62724],"rotation":{"angle":-22.5,"axis":"x","origin":[1.575,-2.65,16.76891]},"faces":{"north":{"uv":[0,0,0,0.25],"texture":"#1"},"east":{"uv":[9,8.3125,11.1875,8.5625],"texture":"#1"},"south":{"uv":[0,0,0,0.25],"texture":"#1"},"west":{"uv":[9,8.5625,11.1875,8.8125],"texture":"#1"},"up":{"uv":[0,2.1875,0,0],"texture":"#1"},"down":{"uv":[0,0,0,2.1875],"texture":"#1"}}},{"from":[-8.05,13.07287,-11.31112],"to":[6.65,14.47287,11.78888],"rotation":{"angle":45,"axis":"x","origin":[1.575,-2.65,16.76891]},"faces":{"north":{"uv":[0.25,9.4375,1.5625,9.5625],"texture":"#1"},"east":{"uv":[9.3125,9.5625,11.375,9.6875],"texture":"#1"},"south":{"uv":[0.25,9.5625,1.5625,9.6875],"texture":"#1"},"west":{"uv":[9.6875,0,11.75,0.125],"texture":"#1"},"up":{"uv":[7.375,8.25,6.0625,6.1875],"texture":"#1"},"down":{"uv":[8.5,0,7.1875,2.0625],"texture":"#1"}}},{"from":[-7.35,14.25828,-9.53229],"to":[5.95,14.95828,10.76771],"rotation":{"angle":45,"axis":"x","origin":[1.575,-2.65,16.76891]},"faces":{"north":{"uv":[9.6875,2.25,10.875,2.3125],"texture":"#1"},"east":{"uv":[9.6875,2,11.5,2.0625],"texture":"#1"},"south":{"uv":[9.6875,2.3125,10.875,2.375],"texture":"#1"},"west":{"uv":[9.6875,2.0625,11.5,2.125],"texture":"#1"},"up":{"uv":[4.5625,9.9375,3.375,8.125],"texture":"#1"},"down":{"uv":[5.75,8.125,4.5625,9.9375],"texture":"#1"}}},{"from":[-7.35,22.97317,-2.22193],"to":[5.95,23.67317,-0.82193],"rotation":{"angle":22.5,"axis":"x","origin":[1.575,-2.65,16.76891]},"faces":{"north":{"uv":[9.6875,2.375,10.875,2.4375],"texture":"#1"},"east":{"uv":[4.875,5.8125,5,5.875],"texture":"#1"},"south":{"uv":[9.6875,2.4375,10.875,2.5],"texture":"#1"},"west":{"uv":[4.75,6.0625,4.875,6.125],"texture":"#1"},"up":{"uv":[10.875,0.625,9.6875,0.5],"texture":"#1"},"down":{"uv":[10.875,0.625,9.6875,0.75],"texture":"#1"}}},{"from":[8.05,8.70352,8.30607],"to":[21.35,9.40352,28.60607],"rotation":{"angle":-22.5,"axis":"x","origin":[1.575,-2.65,16.76891]},"faces":{"north":{"uv":[9.6875,2.5,10.875,2.5625],"texture":"#1"},"east":{"uv":[9.6875,2.125,11.5,2.1875],"texture":"#1"},"south":{"uv":[9.6875,2.5625,10.875,2.625],"texture":"#1"},"west":{"uv":[9.6875,2.1875,11.5,2.25],"texture":"#1"},"up":{"uv":[6.9375,10.0625,5.75,8.25],"texture":"#1"},"down":{"uv":[9.6875,0,8.5,1.8125],"texture":"#1"}}},{"from":[7.35,7.51811,6.52724],"to":[22.05,8.91811,29.62724],"rotation":{"angle":-22.5,"axis":"x","origin":[1.575,-2.65,16.76891]},"faces":{"north":{"uv":[0.25,9.6875,1.5625,9.8125],"texture":"#1"},"east":{"uv":[9.6875,0.125,11.75,0.25],"texture":"#1"},"south":{"uv":[9.6875,0.375,11,0.5],"texture":"#1"},"west":{"uv":[9.6875,0.25,11.75,0.375],"texture":"#1"},"up":{"uv":[8.5,4.125,7.1875,2.0625],"texture":"#1"},"down":{"uv":[8.5,4.125,7.1875,6.1875],"texture":"#1"}}},{"from":[8.05,11.0148,12.13286],"to":[21.35,11.7148,13.53286],"rotation":{"angle":-45,"axis":"x","origin":[1.575,-2.65,16.76891]},"faces":{"north":{"uv":[9.6875,2.625,10.875,2.6875],"texture":"#1"},"east":{"uv":[5.125,6.125,5.25,6.1875],"texture":"#1"},"south":{"uv":[9.6875,2.6875,10.875,2.75],"texture":"#1"},"west":{"uv":[2.3125,7.0625,2.4375,7.125],"texture":"#1"},"up":{"uv":[10.875,0.875,9.6875,0.75],"texture":"#1"},"down":{"uv":[10.875,0.875,9.6875,1],"texture":"#1"}}},{"from":[-7.35,12.93215,17.85623],"to":[5.95,14.33215,19.25623],"rotation":{"angle":22.5,"axis":"x","origin":[1.575,-2.65,16.76891]},"faces":{"north":{"uv":[9.6875,1,10.875,1.125],"texture":"#1"},"east":{"uv":[2.625,5.5,2.75,5.625],"texture":"#1"},"south":{"uv":[9.6875,1.125,10.875,1.25],"texture":"#1"},"west":{"uv":[2.75,5.5,2.875,5.625],"texture":"#1"},"up":{"uv":[10.875,1.375,9.6875,1.25],"texture":"#1"},"down":{"uv":[10.875,1.375,9.6875,1.5],"texture":"#1"}}},{"from":[8.05,12.93215,17.85623],"to":[21.35,14.33215,19.25623],"rotation":{"angle":22.5,"axis":"x","origin":[1.575,-2.65,16.76891]},"faces":{"north":{"uv":[9.6875,1.5,10.875,1.625],"texture":"#1"},"east":{"uv":[4.5,6.0625,4.625,6.1875],"texture":"#1"},"south":{"uv":[9.6875,1.625,10.875,1.75],"texture":"#1"},"west":{"uv":[4.625,6.0625,4.75,6.1875],"texture":"#1"},"up":{"uv":[10.875,1.875,9.6875,1.75],"texture":"#1"},"down":{"uv":[10.875,1.875,9.6875,2],"texture":"#1"}}},{"name":"whell","from":[18.2,-15.25,21.61891],"to":[19.95,-13.15,22.31891],"rotation":{"angle":0,"axis":"y","origin":[1.575,-2.65,16.76891]},"faces":{"north":{"uv":[4.125,7.9375,4.3125,8.125],"texture":"#1"},"east":{"uv":[5.25,5.8125,5.3125,6],"texture":"#1"},"south":{"uv":[7.1875,8.75,7.375,8.9375],"texture":"#1"},"west":{"uv":[5.25,6,5.3125,6.1875],"texture":"#1"},"up":{"uv":[4.5,6.1875,4.3125,6.125],"texture":"#1"},"down":{"uv":[4.9375,6.125,4.75,6.1875],"texture":"#1"}}},{"name":"whell","from":[-5.95,-15.25,21.61891],"to":[-4.2,-13.15,22.31891],"rotation":{"angle":0,"axis":"y","origin":[1.575,-2.65,16.76891]},"faces":{"north":{"uv":[9.6875,4.25,9.875,4.4375],"texture":"#1"},"east":{"uv":[1.5625,9.4375,1.625,9.625],"texture":"#1"},"south":{"uv":[9.6875,4.4375,9.875,4.625],"texture":"#1"},"west":{"uv":[1.5625,9.625,1.625,9.8125],"texture":"#1"},"up":{"uv":[5.125,6.1875,4.9375,6.125],"texture":"#1"},"down":{"uv":[2.4375,7.625,2.25,7.6875],"texture":"#1"}}},{"name":"whell","from":[18.2,-15.25,6.91891],"to":[19.95,-13.15,7.61891],"rotation":{"angle":0,"axis":"y","origin":[1.575,-2.65,16.76891]},"faces":{"north":{"uv":[9.6875,4.625,9.875,4.8125],"texture":"#1"},"east":{"uv":[1.5625,9.8125,1.625,10],"texture":"#1"},"south":{"uv":[9.6875,4.8125,9.875,5],"texture":"#1"},"west":{"uv":[9.9375,2.9375,10,3.125],"texture":"#1"},"up":{"uv":[5.9375,8.1875,5.75,8.125],"texture":"#1"},"down":{"uv":[5.9375,8.1875,5.75,8.25],"texture":"#1"}}},{"name":"whell","from":[-5.775,-15.95,20.91891],"to":[-4.375,-13.85,23.01891],"rotation":{"angle":0,"axis":"y","origin":[1.575,-2.65,16.76891]},"faces":{"north":{"uv":[9.8125,3.375,9.9375,3.5625],"texture":"#1"},"east":{"uv":[9.3125,9.6875,9.5,9.875],"texture":"#1"},"south":{"uv":[9.8125,3.5625,9.9375,3.75],"texture":"#1"},"west":{"uv":[9.5,9.6875,9.6875,9.875],"texture":"#1"},"up":{"uv":[9.9375,3.9375,9.8125,3.75],"texture":"#1"},"down":{"uv":[9.9375,3.9375,9.8125,4.125],"texture":"#1"}}},{"name":"whell","from":[-5.775,-15.95,6.21891],"to":[-4.375,-13.85,8.31891],"rotation":{"angle":0,"axis":"y","origin":[1.575,-2.65,16.76891]},"faces":{"north":{"uv":[9.875,2.75,10,2.9375],"texture":"#1"},"east":{"uv":[9.6875,9.6875,9.875,9.875],"texture":"#1"},"south":{"uv":[9.875,4.125,10,4.3125],"texture":"#1"},"west":{"uv":[0.25,9.8125,0.4375,10],"texture":"#1"},"up":{"uv":[10,4.5,9.875,4.3125],"texture":"#1"},"down":{"uv":[10,4.5,9.875,4.6875],"texture":"#1"}}},{"name":"whell","from":[18.375,-15.95,20.91891],"to":[19.775,-13.85,23.01891],"rotation":{"angle":0,"axis":"y","origin":[1.575,-2.65,16.76891]},"faces":{"north":{"uv":[9.875,4.6875,10,4.875],"texture":"#1"},"east":{"uv":[0.4375,9.8125,0.625,10],"texture":"#1"},"south":{"uv":[9.875,4.875,10,5.0625],"texture":"#1"},"west":{"uv":[0.625,9.8125,0.8125,10],"texture":"#1"},"up":{"uv":[9.4375,10.0625,9.3125,9.875],"texture":"#1"},"down":{"uv":[9.5625,9.875,9.4375,10.0625],"texture":"#1"}}},{"name":"whell","from":[18.375,-15.95,6.21891],"to":[19.775,-13.85,8.31891],"rotation":{"angle":0,"axis":"y","origin":[1.575,-2.65,16.76891]},"faces":{"north":{"uv":[9.5625,9.875,9.6875,10.0625],"texture":"#1"},"east":{"uv":[0.8125,9.8125,1,10],"texture":"#1"},"south":{"uv":[9.6875,9.875,9.8125,10.0625],"texture":"#1"},"west":{"uv":[1,9.8125,1.1875,10],"texture":"#1"},"up":{"uv":[10,9.875,9.875,9.6875],"texture":"#1"},"down":{"uv":[9.9375,9.875,9.8125,10.0625],"texture":"#1"}}},{"name":"whell","from":[-5.95,-15.25,6.91891],"to":[-4.2,-13.15,7.61891],"rotation":{"angle":0,"axis":"y","origin":[1.575,-2.65,16.76891]},"faces":{"north":{"uv":[1.1875,9.8125,1.375,10],"texture":"#1"},"east":{"uv":[9.9375,3.125,10,3.3125],"texture":"#1"},"south":{"uv":[1.375,9.8125,1.5625,10],"texture":"#1"},"west":{"uv":[9.9375,3.3125,10,3.5],"texture":"#1"},"up":{"uv":[8.6875,6.125,8.5,6.0625],"texture":"#1"},"down":{"uv":[8.6875,6.125,8.5,6.1875],"texture":"#1"}}},{"from":[5.845,-4.05,5.16891],"to":[5.845,11.35,23.36891],"rotation":{"angle":0,"axis":"y","origin":[1.575,-2.65,16.76891]},"faces":{"north":{"uv":[0,0,0,1.375],"texture":"#1"},"east":{"uv":[7.375,6.1875,9,7.5625],"texture":"#1"},"south":{"uv":[0,0,0,1.375],"texture":"#1"},"west":{"uv":[7.375,7.5625,9,8.9375],"texture":"#1"},"up":{"uv":[0,1.625,0,0],"texture":"#1"},"down":{"uv":[0,0,0,1.625],"texture":"#1"}}},{"from":[-7.455,-4.05,5.16891],"to":[-7.455,11.35,23.36891],"rotation":{"angle":0,"axis":"y","origin":[1.575,-2.65,16.76891]},"faces":{"north":{"uv":[0,0,0,1.375],"texture":"#1"},"east":{"uv":[1.75,7.6875,3.375,9.0625],"texture":"#1"},"south":{"uv":[0,0,0,1.375],"texture":"#1"},"west":{"uv":[0,8.0625,1.625,9.4375],"texture":"#1"},"up":{"uv":[0,1.625,0,0],"texture":"#1"},"down":{"uv":[0,0,0,1.625],"texture":"#1"}}},{"from":[-7.455,-4.05,23.36891],"to":[5.845,11.35,23.36891],"rotation":{"angle":0,"axis":"y","origin":[1.575,-2.65,16.76891]},"faces":{"north":{"uv":[6.9375,8.9375,8.125,10.3125],"texture":"#1"},"east":{"uv":[0,0,0,1.375],"texture":"#1"},"south":{"uv":[8.125,8.9375,9.3125,10.3125],"texture":"#1"},"west":{"uv":[0,0,0,1.375],"texture":"#1"},"up":{"uv":[1.1875,0,0,0],"texture":"#1"},"down":{"uv":[1.1875,0,0,0],"texture":"#1"}}},{"name":"trash","from":[-7.35,3.5121,5.075],"to":[5.95,3.5121,23.275],"rotation":{"angle":0,"axis":"y","origin":[1.575,-2.65,16.76891]},"faces":{"north":{"uv":[0,0,1.1875,0],"texture":"#1"},"east":{"uv":[0,0,1.625,0],"texture":"#1"},"south":{"uv":[0,0,1.1875,0],"texture":"#1"},"west":{"uv":[0,0,1.625,0],"texture":"#1"},"up":{"uv":[9.6875,3.4375,8.5,1.8125],"texture":"#1"},"down":{"uv":[9.6875,3.4375,8.5,5.0625],"texture":"#1"}}},{"name":"trash","from":[-4.2,5.49358,18.39961],"to":[-1.4,5.49358,20.49961],"rotation":{"angle":22.5,"axis":"x","origin":[1.575,-2.65,16.76891]},"faces":{"north":{"uv":[0,0,0.25,0],"texture":"#1"},"east":{"uv":[0,0,0.1875,0],"texture":"#1"},"south":{"uv":[0,0,0.25,0],"texture":"#1"},"west":{"uv":[0,0,0.1875,0],"texture":"#1"},"up":{"uv":[2.6875,4.5625,2.4375,4.375],"texture":"#1"},"down":{"uv":[2.6875,4.5625,2.4375,4.75],"texture":"#1"}}},{"name":"trash","from":[-4.2,1.96585,21.56982],"to":[-1.4,1.96585,23.66982],"rotation":{"angle":-22.5,"axis":"x","origin":[1.575,-2.65,16.76891]},"faces":{"north":{"uv":[0,0,0.25,0],"texture":"#1"},"east":{"uv":[0,0,0.1875,0],"texture":"#1"},"south":{"uv":[0,0,0.25,0],"texture":"#1"},"west":{"uv":[0,0,0.1875,0],"texture":"#1"},"up":{"uv":[2.6875,4.9375,2.4375,4.75],"texture":"#1"},"down":{"uv":[2.6875,4.9375,2.4375,5.125],"texture":"#1"}}},{"name":"trash","from":[-5.10317,2.05812,19.985],"to":[-3.00317,2.05812,22.785],"rotation":{"angle":-22.5,"axis":"z","origin":[1.575,-2.65,16.76891]},"faces":{"north":{"uv":[0,0,0.1875,0],"texture":"#1"},"east":{"uv":[0,0,0.25,0],"texture":"#1"},"south":{"uv":[0,0,0.1875,0],"texture":"#1"},"west":{"uv":[0,0,0.25,0],"texture":"#1"},"up":{"uv":[2.875,4.625,2.6875,4.375],"texture":"#1"},"down":{"uv":[2.875,4.625,2.6875,4.875],"texture":"#1"}}},{"name":"trash","from":[-1.93296,5.40132,19.985],"to":[0.16704,5.40132,22.785],"rotation":{"angle":22.5,"axis":"z","origin":[1.575,-2.65,16.76891]},"faces":{"north":{"uv":[0,0,0.1875,0],"texture":"#1"},"east":{"uv":[0,0,0.25,0],"texture":"#1"},"south":{"uv":[0,0,0.1875,0],"texture":"#1"},"west":{"uv":[0,0,0.25,0],"texture":"#1"},"up":{"uv":[2.875,5.125,2.6875,4.875],"texture":"#1"},"down":{"uv":[2.625,5.125,2.4375,5.375],"texture":"#1"}}},{"name":"trash","from":[2.45,7.05554,9.28222],"to":[5.25,7.05554,11.38222],"rotation":{"angle":-22.5,"axis":"x","origin":[1.575,-2.65,16.76891]},"faces":{"north":{"uv":[0,0,0.25,0],"texture":"#1"},"east":{"uv":[0,0,0.1875,0],"texture":"#1"},"south":{"uv":[0,0,0.25,0],"texture":"#1"},"west":{"uv":[0,0,0.1875,0],"texture":"#1"},"up":{"uv":[2.875,5.3125,2.625,5.125],"texture":"#1"},"down":{"uv":[2.875,5.3125,2.625,5.5],"texture":"#1"}}},{"name":"trash","from":[1.04063,4.60296,6.685],"to":[3.14063,4.60296,9.485],"rotation":{"angle":-22.5,"axis":"z","origin":[1.575,-2.65,16.76891]},"faces":{"north":{"uv":[0,0,0.1875,0],"texture":"#1"},"east":{"uv":[0,0,0.25,0],"texture":"#1"},"south":{"uv":[0,0,0.1875,0],"texture":"#1"},"west":{"uv":[0,0,0.25,0],"texture":"#1"},"up":{"uv":[2.625,5.625,2.4375,5.375],"texture":"#1"},"down":{"uv":[4.5,5.625,4.3125,5.875],"texture":"#1"}}},{"name":"trash","from":[2.45,0.40389,6.11202],"to":[5.25,0.40389,8.21202],"rotation":{"angle":22.5,"axis":"x","origin":[1.575,-2.65,16.76891]},"faces":{"north":{"uv":[0,0,0.25,0],"texture":"#1"},"east":{"uv":[0,0,0.1875,0],"texture":"#1"},"south":{"uv":[0,0,0.25,0],"texture":"#1"},"west":{"uv":[0,0,0.1875,0],"texture":"#1"},"up":{"uv":[4.75,5.8125,4.5,5.625],"texture":"#1"},"down":{"uv":[5,5.625,4.75,5.8125],"texture":"#1"}}},{"name":"trash","from":[4.21084,2.85647,6.685],"to":[6.31084,2.85647,9.485],"rotation":{"angle":22.5,"axis":"z","origin":[1.575,-2.65,16.76891]},"faces":{"north":{"uv":[0,0,0.1875,0],"texture":"#1"},"east":{"uv":[0,0,0.25,0],"texture":"#1"},"south":{"uv":[0,0,0.1875,0],"texture":"#1"},"west":{"uv":[0,0,0.25,0],"texture":"#1"},"up":{"uv":[5.1875,5.875,5,5.625],"texture":"#1"},"down":{"uv":[4.6875,5.8125,4.5,6.0625],"texture":"#1"}}},{"name":"trash","from":[-5.16654,6.74071,16.485],"to":[-3.06654,6.74071,19.285],"rotation":{"angle":22.5,"axis":"z","origin":[1.575,-2.65,16.76891]},"faces":{"north":{"uv":[0,0,0.1875,0],"texture":"#1"},"east":{"uv":[0,0,0.25,0],"texture":"#1"},"south":{"uv":[0,0,0.1875,0],"texture":"#1"},"west":{"uv":[0,0,0.25,0],"texture":"#1"},"up":{"uv":[4.875,6.0625,4.6875,5.8125],"texture":"#1"},"down":{"uv":[4.5,5.875,4.3125,6.125],"texture":"#1"}}},{"name":"trash","from":[-8.33675,0.71872,16.485],"to":[-6.23675,0.71872,19.285],"rotation":{"angle":-22.5,"axis":"z","origin":[1.575,-2.65,16.76891]},"faces":{"north":{"uv":[0,0,0.1875,0],"texture":"#1"},"east":{"uv":[0,0,0.25,0],"texture":"#1"},"south":{"uv":[0,0,0.1875,0],"texture":"#1"},"west":{"uv":[0,0,0.25,0],"texture":"#1"},"up":{"uv":[5.0625,6.125,4.875,5.875],"texture":"#1"},"down":{"uv":[5.25,5.875,5.0625,6.125],"texture":"#1"}}},{"name":"trash","from":[-7.7,3.30525,18.33624],"to":[-4.9,3.30525,20.43624],"rotation":{"angle":-22.5,"axis":"x","origin":[1.575,-2.65,16.76891]},"faces":{"north":{"uv":[0,0,0.25,0],"texture":"#1"},"east":{"uv":[0,0,0.1875,0],"texture":"#1"},"south":{"uv":[0,0,0.25,0],"texture":"#1"},"west":{"uv":[0,0,0.1875,0],"texture":"#1"},"up":{"uv":[2,6.3125,1.75,6.125],"texture":"#1"},"down":{"uv":[2.25,6.125,2,6.3125],"texture":"#1"}}},{"name":"trash","from":[-7.7,4.15419,15.16604],"to":[-4.9,4.15419,17.26604],"rotation":{"angle":22.5,"axis":"x","origin":[1.575,-2.65,16.76891]},"faces":{"north":{"uv":[0,0,0.25,0],"texture":"#1"},"east":{"uv":[0,0,0.1875,0],"texture":"#1"},"south":{"uv":[0,0,0.25,0],"texture":"#1"},"west":{"uv":[0,0,0.1875,0],"texture":"#1"},"up":{"uv":[2,6.5,1.75,6.3125],"texture":"#1"},"down":{"uv":[2.25,6.3125,2,6.5],"texture":"#1"}}},{"name":"trash","from":[-7.69003,0.9866,8.785],"to":[-5.59003,0.9866,11.585],"rotation":{"angle":-22.5,"axis":"z","origin":[1.575,-2.65,16.76891]},"faces":{"north":{"uv":[0,0,0.1875,0],"texture":"#1"},"east":{"uv":[0,0,0.25,0],"texture":"#1"},"south":{"uv":[0,0,0.1875,0],"texture":"#1"},"west":{"uv":[0,0,0.25,0],"texture":"#1"},"up":{"uv":[2.4375,6.375,2.25,6.125],"texture":"#1"},"down":{"uv":[2.4375,6.375,2.25,6.625],"texture":"#1"}}},{"name":"trash","from":[-7,1.20753,8.05216],"to":[-4.2,1.20753,10.15216],"rotation":{"angle":22.5,"axis":"x","origin":[1.575,-2.65,16.76891]},"faces":{"north":{"uv":[0,0,0.25,0],"texture":"#1"},"east":{"uv":[0,0,0.1875,0],"texture":"#1"},"south":{"uv":[0,0,0.25,0],"texture":"#1"},"west":{"uv":[0,0,0.1875,0],"texture":"#1"},"up":{"uv":[2,6.6875,1.75,6.5],"texture":"#1"},"down":{"uv":[2.25,6.5,2,6.6875],"texture":"#1"}}},{"name":"trash","from":[-7,6.25191,11.22237],"to":[-4.2,6.25191,13.32237],"rotation":{"angle":-22.5,"axis":"x","origin":[1.575,-2.65,16.76891]},"faces":{"north":{"uv":[0,0,0.25,0],"texture":"#1"},"east":{"uv":[0,0,0.1875,0],"texture":"#1"},"south":{"uv":[0,0,0.25,0],"texture":"#1"},"west":{"uv":[0,0,0.1875,0],"texture":"#1"},"up":{"uv":[2,6.875,1.75,6.6875],"texture":"#1"},"down":{"uv":[2.25,6.6875,2,6.875],"texture":"#1"}}},{"name":"trash","from":[-4.51983,6.47283,8.785],"to":[-2.41983,6.47283,11.585],"rotation":{"angle":22.5,"axis":"z","origin":[1.575,-2.65,16.76891]},"faces":{"north":{"uv":[0,0,0.1875,0],"texture":"#1"},"east":{"uv":[0,0,0.25,0],"texture":"#1"},"south":{"uv":[0,0,0.1875,0],"texture":"#1"},"west":{"uv":[0,0,0.25,0],"texture":"#1"},"up":{"uv":[2.4375,6.875,2.25,6.625],"texture":"#1"},"down":{"uv":[1.9375,6.875,1.75,7.125],"texture":"#1"}}},{"name":"trash","from":[1.36399,4.7369,11.515],"to":[3.46399,4.7369,14.315],"rotation":{"angle":-22.5,"axis":"z","origin":[1.575,-2.65,16.76891]},"faces":{"north":{"uv":[0,0,0.1875,0],"texture":"#1"},"east":{"uv":[0,0,0.25,0],"texture":"#1"},"south":{"uv":[0,0,0.1875,0],"texture":"#1"},"west":{"uv":[0,0,0.25,0],"texture":"#1"},"up":{"uv":[2.125,7.125,1.9375,6.875],"texture":"#1"},"down":{"uv":[2.3125,6.875,2.125,7.125],"texture":"#1"}}},{"name":"trash","from":[2.8,5.20191,13.74237],"to":[5.6,5.20191,15.84237],"rotation":{"angle":-22.5,"axis":"x","origin":[1.575,-2.65,16.76891]},"faces":{"north":{"uv":[0,0,0.25,0],"texture":"#1"},"east":{"uv":[0,0,0.1875,0],"texture":"#1"},"south":{"uv":[0,0,0.25,0],"texture":"#1"},"west":{"uv":[0,0,0.1875,0],"texture":"#1"},"up":{"uv":[2,7.3125,1.75,7.125],"texture":"#1"},"down":{"uv":[2.25,7.125,2,7.3125],"texture":"#1"}}},{"name":"trash","from":[2.8,2.25753,10.57216],"to":[5.6,2.25753,12.67216],"rotation":{"angle":22.5,"axis":"x","origin":[1.575,-2.65,16.76891]},"faces":{"north":{"uv":[0,0,0.25,0],"texture":"#1"},"east":{"uv":[0,0,0.1875,0],"texture":"#1"},"south":{"uv":[0,0,0.25,0],"texture":"#1"},"west":{"uv":[0,0,0.1875,0],"texture":"#1"},"up":{"uv":[2,7.5,1.75,7.3125],"texture":"#1"},"down":{"uv":[2.25,7.3125,2,7.5],"texture":"#1"}}},{"name":"trash","from":[4.53419,2.72253,11.515],"to":[6.63419,2.72253,14.315],"rotation":{"angle":22.5,"axis":"z","origin":[1.575,-2.65,16.76891]},"faces":{"north":{"uv":[0,0,0.1875,0],"texture":"#1"},"east":{"uv":[0,0,0.25,0],"texture":"#1"},"south":{"uv":[0,0,0.1875,0],"texture":"#1"},"west":{"uv":[0,0,0.25,0],"texture":"#1"},"up":{"uv":[2.4375,7.375,2.25,7.125],"texture":"#1"},"down":{"uv":[2.4375,7.375,2.25,7.625],"texture":"#1"}}},{"name":"trash","from":[-0.63953,4.86556,15.085],"to":[1.46047,4.86556,17.885],"rotation":{"angle":22.5,"axis":"z","origin":[1.575,-2.65,16.76891]},"faces":{"north":{"uv":[0,0,0.1875,0],"texture":"#1"},"east":{"uv":[0,0,0.25,0],"texture":"#1"},"south":{"uv":[0,0,0.1875,0],"texture":"#1"},"west":{"uv":[0,0,0.25,0],"texture":"#1"},"up":{"uv":[3.5625,7.9375,3.375,7.6875],"texture":"#1"},"down":{"uv":[3.75,7.6875,3.5625,7.9375],"texture":"#1"}}},{"name":"trash","from":[-3.80974,2.59387,15.085],"to":[-1.70974,2.59387,17.885],"rotation":{"angle":-22.5,"axis":"z","origin":[1.575,-2.65,16.76891]},"faces":{"north":{"uv":[0,0,0.1875,0],"texture":"#1"},"east":{"uv":[0,0,0.25,0],"texture":"#1"},"south":{"uv":[0,0,0.1875,0],"texture":"#1"},"west":{"uv":[0,0,0.25,0],"texture":"#1"},"up":{"uv":[3.9375,7.9375,3.75,7.6875],"texture":"#1"},"down":{"uv":[4.125,7.6875,3.9375,7.9375],"texture":"#1"}}},{"name":"trash","from":[-2.8,3.841,17.04281],"to":[0,3.841,19.14281],"rotation":{"angle":-22.5,"axis":"x","origin":[1.575,-2.65,16.76891]},"faces":{"north":{"uv":[0,0,0.25,0],"texture":"#1"},"east":{"uv":[0,0,0.1875,0],"texture":"#1"},"south":{"uv":[0,0,0.25,0],"texture":"#1"},"west":{"uv":[0,0,0.1875,0],"texture":"#1"},"up":{"uv":[2,7.6875,1.75,7.5],"texture":"#1"},"down":{"uv":[2.25,7.5,2,7.6875],"texture":"#1"}}},{"name":"trash","from":[-2.8,3.61843,13.8726],"to":[0,3.61843,15.9726],"rotation":{"angle":22.5,"axis":"x","origin":[1.575,-2.65,16.76891]},"faces":{"north":{"uv":[0,0,0.25,0],"texture":"#1"},"east":{"uv":[0,0,0.1875,0],"texture":"#1"},"south":{"uv":[0,0,0.25,0],"texture":"#1"},"west":{"uv":[0,0,0.1875,0],"texture":"#1"},"up":{"uv":[3.625,8.125,3.375,7.9375],"texture":"#1"},"down":{"uv":[3.875,7.9375,3.625,8.125],"texture":"#1"}}},{"from":[-3.71946,2.25,13.37821],"to":[8.88054,12.05,13.37821],"rotation":{"angle":45,"axis":"y","origin":[1.575,-2.65,16.76891]},"faces":{"north":{"uv":[0,0,9,7],"texture":"#2"},"east":{"uv":[0,0,0,7],"texture":"#missing"},"south":{"uv":[9,0,0,7],"texture":"#2"},"west":{"uv":[0,0,0,7],"texture":"#missing"},"up":{"uv":[0,0,9,0],"texture":"#missing"},"down":{"uv":[0,0,9,0],"texture":"#missing"}}},{"from":[2.58054,3.65,7.07821],"to":[2.58054,13.45,19.67821],"rotation":{"angle":45,"axis":"y","origin":[1.575,-2.65,16.76891]},"faces":{"north":{"uv":[0,0,0,7],"texture":"#2"},"east":{"uv":[0,0,9,7],"texture":"#2"},"south":{"uv":[0,0,0,7],"texture":"#2"},"west":{"uv":[9,0,0,7],"texture":"#2"},"up":{"uv":[0,9,0,0],"texture":"#2"},"down":{"uv":[0,0,0,9],"texture":"#2"}}},{"name":"trash","from":[-2.1,0.93965,7.40545],"to":[0.7,0.93965,9.50545],"rotation":{"angle":22.5,"axis":"x","origin":[1.575,-2.65,16.76891]},"faces":{"north":{"uv":[0,0,0.25,0],"texture":"#1"},"east":{"uv":[0,0,0.1875,0],"texture":"#1"},"south":{"uv":[0,0,0.25,0],"texture":"#1"},"west":{"uv":[0,0,0.1875,0],"texture":"#1"},"up":{"uv":[4.125,8.125,3.875,7.9375],"texture":"#1"},"down":{"uv":[7.1875,8.25,6.9375,8.4375],"texture":"#1"}}},{"name":"trash","from":[-2.1,6.51979,10.57565],"to":[0.7,6.51979,12.67565],"rotation":{"angle":-22.5,"axis":"x","origin":[1.575,-2.65,16.76891]},"faces":{"north":{"uv":[0,0,0.25,0],"texture":"#1"},"east":{"uv":[0,0,0.1875,0],"texture":"#1"},"south":{"uv":[0,0,0.25,0],"texture":"#1"},"west":{"uv":[0,0,0.1875,0],"texture":"#1"},"up":{"uv":[7.1875,8.625,6.9375,8.4375],"texture":"#1"},"down":{"uv":[7.1875,8.625,6.9375,8.8125],"texture":"#1"}}},{"name":"trash","from":[0.00718,4.59768,8.085],"to":[2.10718,4.59768,10.885],"rotation":{"angle":22.5,"axis":"z","origin":[1.575,-2.65,16.76891]},"faces":{"north":{"uv":[0,0,0.1875,0],"texture":"#1"},"east":{"uv":[0,0,0.25,0],"texture":"#1"},"south":{"uv":[0,0,0.1875,0],"texture":"#1"},"west":{"uv":[0,0,0.25,0],"texture":"#1"},"up":{"uv":[4.3125,7.9375,4.125,7.6875],"texture":"#1"},"down":{"uv":[7.375,8.25,7.1875,8.5],"texture":"#1"}}},{"name":"trash","from":[-3.16302,2.86175,8.085],"to":[-1.06302,2.86175,10.885],"rotation":{"angle":-22.5,"axis":"z","origin":[1.575,-2.65,16.76891]},"faces":{"north":{"uv":[0,0,0.1875,0],"texture":"#1"},"east":{"uv":[0,0,0.25,0],"texture":"#1"},"south":{"uv":[0,0,0.1875,0],"texture":"#1"},"west":{"uv":[0,0,0.25,0],"texture":"#1"},"up":{"uv":[7.375,8.75,7.1875,8.5],"texture":"#1"},"down":{"uv":[9.875,2.75,9.6875,3],"texture":"#1"}}}],"gui_light":"front","display":{"thirdperson_righthand":{"rotation":[68,16,0],"translation":[-0.75,3.25,1.5],"scale":[0.15,0.15,0.15]},"thirdperson_lefthand":{"rotation":[68,16,0],"translation":[-0.75,3.25,1.5],"scale":[0.15,0.15,0.15]},"firstperson_righthand":{"rotation":[18,125,-10],"translation":[3.13,3.2,-0.87],"scale":[0.16,0.16,0.16]},"firstperson_lefthand":{"rotation":[18,125,-10],"translation":[3.13,3.2,-0.87],"scale":[0.16,0.16,0.16]},"ground":{"translation":[0,4.25,0],"scale":[0.22852,0.22852,0.22852]},"gui":{"rotation":[22,-139,0],"translation":[1.5,0.25,0],"scale":[0.31,0.31,0.31]},"head":{"translation":[1.5,11.75,-3.25],"scale":[2.285,2.285,2.285]},"fixed":{"rotation":[-90,0,0],"translation":[0,-5,-72.75],"scale":[3.02,3.02,3.02]}},"groups":[{"name":"group","origin":[0.245,3.65,3.76891],"color":0,"children":[0,1,2,3,4,5,6,7,8,9,10,11,12,13,14,15,16,17,18,19,20,21,22,23,24,25,26,27,28,29,{"name":"trash","origin":[-0.605,-4.64,23.28475],"color":0,"children":[30,31,32,33,34,35,36,37,38,39,40,41,42,43,44,45,46,47,48,49,50,51,52,53,54,55,56,57,58,59,60]}]}],"mcmodels":"2de400d2cda8f86ffd62cef79c621065"}