{
	"credit": "Made with Blockbench",
	"texture_size": [128, 128],
	"textures": {
		"3": "cyber_set:red/cyber_crate"
	},
	"elements": [
		{
			"from": [-1, 12, 1],
			"to": [17, 16, 15],
			"rotation": {"angle": 0, "axis": "x", "origin": [8, 9, 15.16667]},
			"faces": {
				"north": {"uv": [5, 4.5, 7.25, 5], "texture": "#3"},
				"east": {"uv": [2.25, 5.625, 4, 6.125], "texture": "#3"},
				"south": {"uv": [5, 5, 7.25, 5.5], "texture": "#3"},
				"west": {"uv": [4, 5.875, 5.75, 6.375], "texture": "#3"},
				"up": {"uv": [5, 5.25, 2.75, 3.5], "texture": "#3"},
				"down": {"uv": [2.25, 4.5, 0, 6.25], "texture": "#3"}
			}
		},
		{
			"from": [-3, 9, -1],
			"to": [19, 12, 17],
			"rotation": {"angle": 0, "axis": "x", "origin": [8, 9, 15.16667]},
			"faces": {
				"north": {"uv": [2.25, 5.25, 5, 5.625], "texture": "#3"},
				"east": {"uv": [5.75, 5.875, 8, 6.25], "texture": "#3"},
				"south": {"uv": [5, 5.5, 7.75, 5.875], "texture": "#3"},
				"west": {"uv": [0, 6.25, 2.25, 6.625], "texture": "#3"},
				"up": {"uv": [2.75, 2.25, 0, 0], "texture": "#3"},
				"down": {"uv": [2.75, 2.25, 0, 4.5], "texture": "#3"}
			}
		},
		{
			"from": [5, 6, -2],
			"to": [11, 11, 1],
			"rotation": {"angle": 0, "axis": "x", "origin": [8, 9, 15.16667]},
			"faces": {
				"north": {"uv": [2.25, 6.125, 3, 6.75], "texture": "#3"},
				"east": {"uv": [7.25, 6.25, 7.625, 6.875], "texture": "#3"},
				"south": {"uv": [3, 6.125, 3.75, 6.75], "texture": "#3"},
				"west": {"uv": [0, 7.5, 0.375, 8.125], "texture": "#3"},
				"up": {"uv": [7.5, 4.375, 6.75, 4], "texture": "#3"},
				"down": {"uv": [8, 3.125, 7.25, 3.5], "texture": "#3"}
			}
		},
		{
			"from": [14, 0, 12],
			"to": [19, 2, 17],
			"faces": {
				"north": {"uv": [7.625, 7.625, 8.25, 7.875], "texture": "#3"},
				"east": {"uv": [0.375, 7.75, 1, 8], "texture": "#3"},
				"south": {"uv": [1, 7.75, 1.625, 8], "texture": "#3"},
				"west": {"uv": [3.5, 7.75, 4.125, 8], "texture": "#3"},
				"up": {"uv": [7.875, 2.5, 7.25, 1.875], "texture": "#3"},
				"down": {"uv": [7.875, 2.5, 7.25, 3.125], "texture": "#3"}
			}
		},
		{
			"from": [-2, 2, 0],
			"to": [2, 9, 4],
			"faces": {
				"north": {"uv": [5.75, 6.25, 6.25, 7.125], "texture": "#3"},
				"east": {"uv": [6.25, 6.25, 6.75, 7.125], "texture": "#3"},
				"south": {"uv": [3.75, 6.375, 4.25, 7.25], "texture": "#3"},
				"west": {"uv": [4.25, 6.375, 4.75, 7.25], "texture": "#3"},
				"up": {"uv": [2.75, 5, 2.25, 4.5], "texture": "#3"},
				"down": {"uv": [4, 7.25, 3.5, 7.75], "texture": "#3"}
			}
		},
		{
			"from": [-2, 2, 12],
			"to": [2, 9, 16],
			"faces": {
				"north": {"uv": [4.75, 6.375, 5.25, 7.25], "texture": "#3"},
				"east": {"uv": [5.25, 6.375, 5.75, 7.25], "texture": "#3"},
				"south": {"uv": [0, 6.625, 0.5, 7.5], "texture": "#3"},
				"west": {"uv": [0.5, 6.625, 1, 7.5], "texture": "#3"},
				"up": {"uv": [7.75, 4, 7.25, 3.5], "texture": "#3"},
				"down": {"uv": [4.5, 7.25, 4, 7.75], "texture": "#3"}
			}
		},
		{
			"from": [14, 2, 0],
			"to": [18, 9, 4],
			"faces": {
				"north": {"uv": [1, 6.625, 1.5, 7.5], "texture": "#3"},
				"east": {"uv": [1.5, 6.625, 2, 7.5], "texture": "#3"},
				"south": {"uv": [2, 6.75, 2.5, 7.625], "texture": "#3"},
				"west": {"uv": [6.75, 2.25, 7.25, 3.125], "texture": "#3"},
				"up": {"uv": [7.75, 4.875, 7.25, 4.375], "texture": "#3"},
				"down": {"uv": [5, 7.25, 4.5, 7.75], "texture": "#3"}
			}
		},
		{
			"from": [14, 2, 12],
			"to": [18, 9, 16],
			"faces": {
				"north": {"uv": [2.5, 6.75, 3, 7.625], "texture": "#3"},
				"east": {"uv": [3, 6.75, 3.5, 7.625], "texture": "#3"},
				"south": {"uv": [6.75, 3.125, 7.25, 4], "texture": "#3"},
				"west": {"uv": [6.75, 6.25, 7.25, 7.125], "texture": "#3"},
				"up": {"uv": [7.75, 5.375, 7.25, 4.875], "texture": "#3"},
				"down": {"uv": [5.5, 7.25, 5, 7.75], "texture": "#3"}
			}
		},
		{
			"from": [-1, 0.025, 1],
			"to": [17, 9.025, 15],
			"faces": {
				"north": {"uv": [5, 0, 7.25, 1.125], "texture": "#3"},
				"east": {"uv": [5, 2.25, 6.75, 3.375], "texture": "#3"},
				"south": {"uv": [5, 1.125, 7.25, 2.25], "texture": "#3"},
				"west": {"uv": [5, 3.375, 6.75, 4.5], "texture": "#3"},
				"up": {"uv": [5, 1.75, 2.75, 0], "texture": "#3"},
				"down": {"uv": [5, 1.75, 2.75, 3.5], "texture": "#3"}
			}
		},
		{
			"from": [-3, 0, -1],
			"to": [2, 2, 4],
			"faces": {
				"north": {"uv": [4, 5.625, 4.625, 5.875], "texture": "#3"},
				"east": {"uv": [7.25, 6.875, 7.875, 7.125], "texture": "#3"},
				"south": {"uv": [0.375, 7.5, 1, 7.75], "texture": "#3"},
				"west": {"uv": [1, 7.5, 1.625, 7.75], "texture": "#3"},
				"up": {"uv": [6.375, 7.75, 5.75, 7.125], "texture": "#3"},
				"down": {"uv": [7, 7.125, 6.375, 7.75], "texture": "#3"}
			}
		},
		{
			"from": [-3, 0, 12],
			"to": [2, 2, 17],
			"faces": {
				"north": {"uv": [7.5, 4, 8.125, 4.25], "texture": "#3"},
				"east": {"uv": [1.625, 7.625, 2.25, 7.875], "texture": "#3"},
				"south": {"uv": [2.25, 7.625, 2.875, 7.875], "texture": "#3"},
				"west": {"uv": [2.875, 7.625, 3.5, 7.875], "texture": "#3"},
				"up": {"uv": [7.625, 7.75, 7, 7.125], "texture": "#3"},
				"down": {"uv": [7.875, 0, 7.25, 0.625], "texture": "#3"}
			}
		},
		{
			"from": [14, 0, -1],
			"to": [19, 2, 4],
			"faces": {
				"north": {"uv": [7.625, 6.25, 8.25, 6.5], "texture": "#3"},
				"east": {"uv": [7.625, 6.5, 8.25, 6.75], "texture": "#3"},
				"south": {"uv": [7.625, 7.125, 8.25, 7.375], "texture": "#3"},
				"west": {"uv": [7.625, 7.375, 8.25, 7.625], "texture": "#3"},
				"up": {"uv": [7.875, 1.25, 7.25, 0.625], "texture": "#3"},
				"down": {"uv": [7.875, 1.25, 7.25, 1.875], "texture": "#3"}
			}
		}
	],
	"gui_light": "front",
	"display": {
		"thirdperson_righthand": {
			"rotation": [59.45, 15.87, 2.22],
			"translation": [0, 2, 0.5],
			"scale": [0.5, 0.5, 0.5]
		},
		"thirdperson_lefthand": {
			"rotation": [59.45, 15.87, 2.22],
			"translation": [0, 2, 0.5],
			"scale": [0.5, 0.5, 0.5]
		},
		"firstperson_righthand": {
			"rotation": [-167.36, 55.77, 164.26],
			"translation": [2, 2, 0],
			"scale": [0.4, 0.4, 0.4]
		},
		"firstperson_lefthand": {
			"rotation": [-167.36, 55.77, 164.26],
			"translation": [2, 2, 0],
			"scale": [0.4, 0.4, 0.4]
		},
		"ground": {
			"translation": [0, 2.5, 0],
			"scale": [0.5, 0.5, 0.5]
		},
		"gui": {
			"rotation": [0, -180, 0],
			"scale": [0.7, 0.7, 0.7]
		},
		"head": {
			"translation": [0, -30.45, 0],
			"scale": [1.6, 1.6, 1.6]
		},
		"fixed": {
			"rotation": [-90, -180, 0],
			"translation": [0, 0, -17],
			"scale": [2, 2, 2]
		}
	},
	"groups": [
		{
			"name": "group",
			"origin": [0, 0, 0],
			"color": 0,
			"children": [0, 1, 2]
		},
		{
			"name": "group",
			"origin": [0, 0, 0],
			"color": 0,
			"children": [3, 4, 5, 6, 7, 8, 9, 10, 11]
		}
	]
}

