{"credit":"MadewithBlockbench","texture_size":[128,128],"textures":{"0":"elitecreatures:headlesshorseman_animated_weapon_set/headlesshorseman_texture_01","1":"elitecreatures:headlesshorseman_animated_weapon_set/headlesshorseman_animation_01","4":"elitecreatures:headlesshorseman_animated_weapon_set/headlesshorseman_animation_04","particle":"elitecreatures:headlesshorseman_animated_weapon_set/headlesshorseman_texture_01"},"elements":[{"from":[7,-10,7],"to":[9,-2,9],"rotation":{"angle":0,"axis":"y","origin":[7,5.5,8]},"faces":{"north":{"uv":[0.625,1.5625,0.875,2.5625],"texture":"#0"},"east":{"uv":[0.625,1.5625,0.875,2.5625],"texture":"#0"},"south":{"uv":[0.625,1.5625,0.875,2.5625],"texture":"#0"},"west":{"uv":[0.625,1.5625,0.875,2.5625],"texture":"#0"},"up":{"uv":[0.625,1.5625,0.875,1.8125],"texture":"#0"},"down":{"uv":[0.625,1.5625,0.875,1.8125],"texture":"#0"}}},{"from":[6,-1.5,6],"to":[10,-0.5,10],"rotation":{"angle":0,"axis":"y","origin":[8,26,8]},"faces":{"north":{"uv":[2.125,1.75,2.25,2.25],"rotation":90,"texture":"#0"},"east":{"uv":[2.25,1.75,2.125,2.25],"rotation":270,"texture":"#0"},"south":{"uv":[2,1.75,2.125,2.25],"rotation":90,"texture":"#0"},"west":{"uv":[2,1.75,2.125,2.25],"rotation":90,"texture":"#0"},"up":{"uv":[2,1.75,1.5,2.25],"rotation":180,"texture":"#0"},"down":{"uv":[1.5,1.75,2,2.25],"texture":"#0"}}},{"from":[8,3,4],"to":[8,15,10],"rotation":{"angle":0,"axis":"y","origin":[8,26,8]},"faces":{"north":{"uv":[2.125,1.75,2.25,2.25],"rotation":90,"texture":"#0"},"east":{"uv":[0.75,8.1875,2.25,7.4375],"rotation":90,"texture":"#0"},"south":{"uv":[2,1.75,2.125,2.25],"rotation":90,"texture":"#0"},"west":{"uv":[0.75,7.4375,2.25,8.1875],"rotation":90,"texture":"#0"},"up":{"uv":[2,1.75,1.5,2.25],"rotation":180,"texture":"#0"},"down":{"uv":[1.5,1.75,2,2.25],"texture":"#0"}}},{"from":[6.5,-12.5,6.5],"to":[9.5,-10,9.5],"rotation":{"angle":0,"axis":"y","origin":[8,6.31499,8]},"faces":{"north":{"uv":[0.875,1.5625,1.25,1.875],"texture":"#0"},"east":{"uv":[0.875,1.5625,1.25,1.875],"texture":"#0"},"south":{"uv":[0.875,1.5625,1.25,1.875],"texture":"#0"},"west":{"uv":[0.875,1.5625,1.25,1.875],"texture":"#0"},"up":{"uv":[0.875,1.875,1.25,2.25],"texture":"#0"},"down":{"uv":[0.875,1.875,1.25,2.25],"texture":"#0"}}},{"from":[5.75,-8.08922,-6.30421],"to":[10.25,-5.58922,-3.80421],"rotation":{"angle":-45,"axis":"x","origin":[8,6.21499,8]},"faces":{"north":{"uv":[1.4375,2.5625,0.875,2.875],"texture":"#0"},"east":{"uv":[1.1875,2.25,0.875,2.5625],"texture":"#0"},"south":{"uv":[1.4375,2.5625,0.875,2.875],"texture":"#0"},"west":{"uv":[0.875,2.25,1.1875,2.5625],"texture":"#0"},"up":{"uv":[1.4375,2.5625,0.875,2.875],"texture":"#0"},"down":{"uv":[1.4375,2.5625,0.875,2.875],"texture":"#0"}}},{"from":[7.25,-14.3,10.5],"to":[8.75,-12.8,11.5],"rotation":{"angle":22.5,"axis":"x","origin":[8,-12.175,10.375]},"faces":{"north":{"uv":[4.3125,0.125,4.5,0.3125],"rotation":90,"texture":"#0"},"east":{"uv":[3.0625,0.3125,3.25,0.4375],"rotation":90,"texture":"#0"},"south":{"uv":[4.3125,0.125,4.5,0.3125],"rotation":90,"texture":"#0"},"west":{"uv":[3.0625,0.3125,3.25,0.4375],"rotation":90,"texture":"#0"},"up":{"uv":[3.0625,0.4375,3.25,0.5625],"texture":"#0"},"down":{"uv":[3.0625,0.4375,3.25,0.5625],"texture":"#0"}}},{"from":[7.1,-13.58188,10.02574],"to":[8.9,-11.58188,11.52574],"rotation":{"angle":-22.5,"axis":"x","origin":[8,-12.175,10.375]},"faces":{"north":{"uv":[2.8125,0.5625,3.0625,0.8125],"rotation":90,"texture":"#0"},"east":{"uv":[3.75,0.3125,4,0.125],"rotation":90,"texture":"#0"},"south":{"uv":[2.8125,0.5625,3.0625,0.8125],"rotation":90,"texture":"#0"},"west":{"uv":[3.75,0.125,4,0.3125],"rotation":90,"texture":"#0"},"up":{"uv":[4.0125,0.125,4.2625,0.3125],"texture":"#0"},"down":{"uv":[4.0125,0.125,4.2625,0.3125],"texture":"#0"}}},{"from":[7,-12.2,8.8],"to":[9,-10.7,10.8],"rotation":{"angle":22.5,"axis":"x","origin":[8,-12.175,10.375]},"faces":{"north":{"uv":[3.5,0.125,3.75,0.3125],"texture":"#0"},"east":{"uv":[3.25,0.125,3.5,0.3125],"texture":"#0"},"south":{"uv":[3.5,0.125,3.75,0.3125],"texture":"#0"},"west":{"uv":[3.25,0.125,3.5,0.3125],"texture":"#0"},"up":{"uv":[2.8125,0.3125,3.0625,0.5625],"rotation":90,"texture":"#0"},"down":{"uv":[2.8125,0.3125,3.0625,0.5625],"rotation":90,"texture":"#0"}}},{"from":[7,-15.5,7.25],"to":[9,-13,8.75],"rotation":{"angle":0,"axis":"y","origin":[7,5.5,8]},"faces":{"north":{"uv":[3.0625,0.5625,3.25,0.875],"texture":"#0"},"east":{"uv":[3.0625,0.5625,3.25,0.875],"texture":"#0"},"south":{"uv":[3.0625,0.5625,3.25,0.875],"texture":"#0"},"west":{"uv":[3.0625,0.5625,3.25,0.875],"texture":"#0"},"up":{"uv":[2.8125,0.8125,3.0625,1],"texture":"#0"},"down":{"uv":[2.8125,0.8125,3.0625,1],"texture":"#0"}}},{"from":[7.25,-14.3,4.5],"to":[8.75,-12.8,5.5],"rotation":{"angle":-22.5,"axis":"x","origin":[8,-12.175,5.625]},"faces":{"north":{"uv":[4.3125,0.3125,4.5,0.125],"rotation":90,"texture":"#0"},"east":{"uv":[3.0625,0.4375,3.25,0.3125],"rotation":90,"texture":"#0"},"south":{"uv":[4.3125,0.3125,4.5,0.125],"rotation":90,"texture":"#0"},"west":{"uv":[3.0625,0.4375,3.25,0.3125],"rotation":90,"texture":"#0"},"up":{"uv":[3.0625,0.5625,3.25,0.4375],"texture":"#0"},"down":{"uv":[3.0625,0.5625,3.25,0.4375],"texture":"#0"}}},{"from":[7.1,-13.58188,4.47426],"to":[8.9,-11.58188,5.97426],"rotation":{"angle":22.5,"axis":"x","origin":[8,-12.175,5.625]},"faces":{"north":{"uv":[2.8125,0.8125,3.0625,0.5625],"rotation":90,"texture":"#0"},"east":{"uv":[3.75,0.125,4,0.3125],"rotation":90,"texture":"#0"},"south":{"uv":[2.8125,0.8125,3.0625,0.5625],"rotation":90,"texture":"#0"},"west":{"uv":[3.75,0.3125,4,0.125],"rotation":90,"texture":"#0"},"up":{"uv":[4.0125,0.3125,4.2625,0.125],"texture":"#0"},"down":{"uv":[4.0125,0.3125,4.2625,0.125],"texture":"#0"}}},{"from":[7,-12.2,5.2],"to":[9,-10.7,7.2],"rotation":{"angle":-22.5,"axis":"x","origin":[8,-12.175,5.625]},"faces":{"north":{"uv":[3.75,0.125,3.5,0.3125],"texture":"#0"},"east":{"uv":[3.5,0.125,3.25,0.3125],"texture":"#0"},"south":{"uv":[3.75,0.125,3.5,0.3125],"texture":"#0"},"west":{"uv":[3.5,0.125,3.25,0.3125],"texture":"#0"},"up":{"uv":[3.0625,0.3125,2.8125,0.5625],"rotation":90,"texture":"#0"},"down":{"uv":[3.0625,0.3125,2.8125,0.5625],"rotation":90,"texture":"#0"}}},{"from":[8,-16,3.25],"to":[8,-12,13.25],"rotation":{"angle":0,"axis":"y","origin":[0,17,0]},"faces":{"north":{"uv":[0,4,0,0],"texture":"#1"},"east":{"uv":[0,4,10,0],"texture":"#1"},"south":{"uv":[0,4,0,0],"texture":"#1"},"west":{"uv":[10,4,0,0],"texture":"#1"},"up":{"uv":[0,10,0,0],"texture":"#1"},"down":{"uv":[0,0,0,10],"texture":"#1"}}},{"from":[7.97173,-10.64928,5.43044],"to":[9.97173,-9.64928,6.43044],"rotation":{"angle":-45,"axis":"z","origin":[8,-10.41644,5.95518]},"faces":{"north":{"uv":[1.1875,2.375,1.4375,2.25],"texture":"#0"},"east":{"uv":[1.1875,2.5,1.3125,2.375],"texture":"#0"},"south":{"uv":[1.1875,2.375,1.4375,2.25],"texture":"#0"},"west":{"uv":[1.1875,2.5,1.3125,2.375],"texture":"#0"},"up":{"uv":[1.25,2.25,1.5,2.125],"texture":"#0"},"down":{"uv":[1.25,2.25,1.5,2.125],"texture":"#0"}}},{"from":[6.9,-11.34144,5.18018],"to":[9.1,-9.84144,6.68018],"rotation":{"angle":22.5,"axis":"x","origin":[8,-10.71644,5.95518]},"faces":{"north":{"uv":[1.5,1.9375,1.25,1.75],"texture":"#0"},"east":{"uv":[1.4375,2.125,1.25,1.9375],"texture":"#0"},"south":{"uv":[1.5,1.9375,1.25,1.75],"texture":"#0"},"west":{"uv":[1.4375,2.125,1.25,1.9375],"texture":"#0"},"up":{"uv":[1.5,1.75,1.25,1.5625],"texture":"#0"},"down":{"uv":[1.5,1.75,1.25,1.5625],"texture":"#0"}}},{"from":[6.02827,-10.64928,5.43044],"to":[8.02827,-9.64928,6.43044],"rotation":{"angle":45,"axis":"z","origin":[8,-10.41644,5.95518]},"faces":{"north":{"uv":[1.4375,2.375,1.1875,2.25],"texture":"#0"},"east":{"uv":[1.3125,2.5,1.1875,2.375],"texture":"#0"},"south":{"uv":[1.4375,2.375,1.1875,2.25],"texture":"#0"},"west":{"uv":[1.3125,2.5,1.1875,2.375],"texture":"#0"},"up":{"uv":[1.5,2.25,1.25,2.125],"texture":"#0"},"down":{"uv":[1.5,2.25,1.25,2.125],"texture":"#0"}}},{"from":[7.97173,-10.64928,9.56956],"to":[9.97173,-9.64928,10.56956],"rotation":{"angle":-45,"axis":"z","origin":[8,-10.41644,10.04482]},"faces":{"north":{"uv":[1.4375,2.375,1.1875,2.25],"texture":"#0"},"east":{"uv":[1.3125,2.5,1.1875,2.375],"texture":"#0"},"south":{"uv":[1.4375,2.375,1.1875,2.25],"texture":"#0"},"west":{"uv":[1.3125,2.5,1.1875,2.375],"texture":"#0"},"up":{"uv":[1.25,2.125,1.5,2.25],"texture":"#0"},"down":{"uv":[1.25,2.125,1.5,2.25],"texture":"#0"}}},{"from":[6.02827,-10.64928,9.56956],"to":[8.02827,-9.64928,10.56956],"rotation":{"angle":45,"axis":"z","origin":[8,-10.41644,10.04482]},"faces":{"north":{"uv":[1.1875,2.375,1.4375,2.25],"texture":"#0"},"east":{"uv":[1.1875,2.5,1.3125,2.375],"texture":"#0"},"south":{"uv":[1.1875,2.375,1.4375,2.25],"texture":"#0"},"west":{"uv":[1.1875,2.5,1.3125,2.375],"texture":"#0"},"up":{"uv":[1.5,2.125,1.25,2.25],"texture":"#0"},"down":{"uv":[1.5,2.125,1.25,2.25],"texture":"#0"}}},{"from":[6.9,-11.34144,9.31982],"to":[9.1,-9.84144,10.81982],"rotation":{"angle":-22.5,"axis":"x","origin":[8,-10.71644,10.04482]},"faces":{"north":{"uv":[1.25,1.9375,1.5,1.75],"texture":"#0"},"east":{"uv":[1.25,2.125,1.4375,1.9375],"texture":"#0"},"south":{"uv":[1.25,1.9375,1.5,1.75],"texture":"#0"},"west":{"uv":[1.25,2.125,1.4375,1.9375],"texture":"#0"},"up":{"uv":[1.5,1.5625,1.25,1.75],"texture":"#0"},"down":{"uv":[1.5,1.5625,1.25,1.75],"texture":"#0"}}},{"from":[6.8,-0.1,7.6],"to":[9.3,2.9,10.6],"rotation":{"angle":45,"axis":"x","origin":[8,2.5,8]},"faces":{"north":{"uv":[2.1875,0.375,1.875,0.75],"texture":"#0"},"east":{"uv":[1.875,0.375,1.5,0.75],"texture":"#0"},"south":{"uv":[2.5,0.375,2.1875,0.75],"texture":"#0"},"west":{"uv":[1.5,0.375,1.875,0.75],"texture":"#0"},"up":{"uv":[2.1875,0.375,1.875,0.75],"texture":"#0"},"down":{"uv":[2.5,0.375,2.1875,0.75],"texture":"#0"}}},{"from":[6.5,-3.5,6.5],"to":[9.5,-1,9.5],"rotation":{"angle":0,"axis":"y","origin":[8,7.68501,8]},"faces":{"north":{"uv":[1.4375,2.5625,1.8125,2.25],"texture":"#0"},"east":{"uv":[1.4375,2.5625,1.8125,2.25],"texture":"#0"},"south":{"uv":[1.4375,2.5625,1.8125,2.25],"texture":"#0"},"west":{"uv":[1.4375,2.5625,1.8125,2.25],"texture":"#0"},"up":{"uv":[1.4375,2.9375,1.8125,2.5625],"texture":"#0"},"down":{"uv":[1.4375,2.9375,1.8125,2.5625],"texture":"#0"}}},{"from":[6.32827,-0.45883,5.08803],"to":[8.32827,0.54117,6.08803],"rotation":{"angle":45,"axis":"y","origin":[8.3,0.01644,5.85518]},"faces":{"north":{"uv":[1.5,2.125,1.25,2.25],"rotation":180,"texture":"#0"},"east":{"uv":[1.3125,2.375,1.1875,2.5],"rotation":270,"texture":"#0"},"south":{"uv":[1.5,2.125,1.25,2.25],"texture":"#0"},"west":{"uv":[1.3125,2.375,1.1875,2.5],"rotation":90,"texture":"#0"},"up":{"uv":[1.4375,2.25,1.1875,2.375],"rotation":180,"texture":"#0"},"down":{"uv":[1.4375,2.25,1.1875,2.375],"texture":"#0"}}},{"from":[7.15,-0.70856,5.18018],"to":[8.85,0.79144,6.68018],"rotation":{"angle":-22.5,"axis":"x","origin":[8.3,0.01644,6.05518]},"faces":{"north":{"uv":[1.4375,1.5625,1.25,1.75],"rotation":180,"texture":"#0"},"east":{"uv":[1.4375,1.9375,1.25,2.125],"rotation":270,"texture":"#0"},"south":{"uv":[1.4375,1.5625,1.25,1.75],"texture":"#0"},"west":{"uv":[1.4375,1.9375,1.25,2.125],"rotation":90,"texture":"#0"},"up":{"uv":[1.4375,1.75,1.25,1.9375],"rotation":180,"texture":"#0"},"down":{"uv":[1.4375,1.75,1.25,1.9375],"texture":"#0"}}},{"from":[7.67173,-0.45883,5.08803],"to":[9.67173,0.54117,6.08803],"rotation":{"angle":-45,"axis":"y","origin":[7.7,0.01644,5.85518]},"faces":{"north":{"uv":[1.25,2.125,1.5,2.25],"rotation":180,"texture":"#0"},"east":{"uv":[1.3125,2.5,1.1875,2.375],"rotation":90,"texture":"#0"},"south":{"uv":[1.25,2.125,1.5,2.25],"texture":"#0"},"west":{"uv":[1.3125,2.5,1.1875,2.375],"rotation":270,"texture":"#0"},"up":{"uv":[1.1875,2.25,1.4375,2.375],"rotation":180,"texture":"#0"},"down":{"uv":[1.1875,2.25,1.4375,2.375],"texture":"#0"}}},{"from":[6.32827,-0.45883,9.91197],"to":[8.32827,0.54117,10.91197],"rotation":{"angle":-45,"axis":"y","origin":[8.3,0.01644,10.14482]},"faces":{"north":{"uv":[1.25,2.125,1.5,2.25],"texture":"#0"},"east":{"uv":[1.3125,2.5,1.1875,2.375],"rotation":270,"texture":"#0"},"south":{"uv":[1.25,2.125,1.5,2.25],"rotation":180,"texture":"#0"},"west":{"uv":[1.3125,2.5,1.1875,2.375],"rotation":90,"texture":"#0"},"up":{"uv":[1.4375,2.375,1.1875,2.25],"rotation":180,"texture":"#0"},"down":{"uv":[1.4375,2.375,1.1875,2.25],"texture":"#0"}}},{"from":[7.15,-0.70856,9.31982],"to":[8.85,0.79144,10.81982],"rotation":{"angle":22.5,"axis":"x","origin":[8.3,0.01644,9.94482]},"faces":{"north":{"uv":[1.25,1.5625,1.4375,1.75],"texture":"#0"},"east":{"uv":[1.4375,2.125,1.25,1.9375],"rotation":270,"texture":"#0"},"south":{"uv":[1.25,1.5625,1.4375,1.75],"rotation":180,"texture":"#0"},"west":{"uv":[1.4375,2.125,1.25,1.9375],"rotation":90,"texture":"#0"},"up":{"uv":[1.4375,1.9375,1.25,1.75],"rotation":180,"texture":"#0"},"down":{"uv":[1.4375,1.9375,1.25,1.75],"texture":"#0"}}},{"from":[7.67173,-0.45883,9.91197],"to":[9.67173,0.54117,10.91197],"rotation":{"angle":45,"axis":"y","origin":[7.7,0.01644,10.14482]},"faces":{"north":{"uv":[1.5,2.125,1.25,2.25],"texture":"#0"},"east":{"uv":[1.3125,2.375,1.1875,2.5],"rotation":90,"texture":"#0"},"south":{"uv":[1.5,2.125,1.25,2.25],"rotation":180,"texture":"#0"},"west":{"uv":[1.3125,2.375,1.1875,2.5],"rotation":270,"texture":"#0"},"up":{"uv":[1.1875,2.375,1.4375,2.25],"rotation":180,"texture":"#0"},"down":{"uv":[1.1875,2.375,1.4375,2.25],"texture":"#0"}}},{"from":[8,1,0],"to":[8,5,7],"rotation":{"angle":22.5,"axis":"x","origin":[8,5,6.5]},"faces":{"north":{"uv":[0,0,0,6],"texture":"#4"},"east":{"uv":[0,0,14,8],"texture":"#4"},"south":{"uv":[0,0,0,6],"texture":"#4"},"west":{"uv":[0,0,14,8],"texture":"#4"},"up":{"uv":[0,14,0,0],"texture":"#4"},"down":{"uv":[0,0,0,14],"texture":"#4"}}},{"from":[7.9,-1,-2],"to":[7.9,2.5,3],"rotation":{"angle":-22.5,"axis":"x","origin":[8,5,6.5]},"faces":{"north":{"uv":[0,0,0,6],"texture":"#4"},"east":{"uv":[0,0,14,8],"texture":"#4"},"south":{"uv":[0,0,0,6],"texture":"#4"},"west":{"uv":[0,0,14,8],"texture":"#4"},"up":{"uv":[0,14,0,0],"texture":"#4"},"down":{"uv":[0,0,0,14],"texture":"#4"}}},{"from":[7.5,-0.6,5.6],"to":[8.5,3.4,9.6],"rotation":{"angle":45,"axis":"x","origin":[8,1,8]},"faces":{"north":{"uv":[2.25,1.75,2.125,2.25],"texture":"#0"},"east":{"uv":[1.5,1.75,2,2.25],"texture":"#0"},"south":{"uv":[2,1.75,2.125,2.25],"texture":"#0"},"west":{"uv":[2,1.75,1.5,2.25],"texture":"#0"},"up":{"uv":[2,1.75,2.125,2.25],"texture":"#0"},"down":{"uv":[2.125,1.75,2.25,2.25],"texture":"#0"}}}],"gui_light":"front","display":{"thirdperson_righthand":{"rotation":[-22,0,0],"translation":[0,5.75,-2.25],"scale":[0.31133,0.31133,0.31133]},"thirdperson_lefthand":{"rotation":[-22,0,0],"translation":[0,5.75,-2.25],"scale":[0.31133,0.31133,0.31133]},"firstperson_righthand":{"rotation":[-90,0,0],"translation":[1,5,0],"scale":[0.35195,0.35195,0.35195]},"firstperson_lefthand":{"rotation":[-90,0,0],"translation":[1,5,0],"scale":[0.35195,0.35195,0.35195]},"ground":{"rotation":[180,178,0],"translation":[0,6,0],"scale":[0.45,0.45,0.45]},"gui":{"rotation":[180,90,0],"translation":[0.5,-4.25,-1.5],"scale":[0.5,0.5,0.5]},"head":{"scale":[0,0,0]},"fixed":{"rotation":[0,90,0],"translation":[0,8.5,-1.5]}},"mcmodels":"189a334a44333733ab167318ccb1a467"}