{"credit":"Pologony Creation Co.,Ltd.","texture_size":[24,24],"textures":{"3":"plny_lunar_new_year_2025:animated/animated_3","4":"plny_lunar_new_year_2025:animated/animated_2","5":"plny_lunar_new_year_2025:axe","particle":"plny_lunar_new_year_2025:animated/animated_3"},"elements":[{"from":[7,-2.5,7],"to":[9,-2,9],"rotation":{"angle":0,"axis":"y","origin":[7,-2.5,7]},"faces":{"north":{"uv":[12.66667,9,13.33333,9.16667],"texture":"#5"},"east":{"uv":[12.66667,9.66667,13.33333,9.83333],"texture":"#5"},"south":{"uv":[10.33333,12.66667,11,12.83333],"texture":"#5"},"west":{"uv":[11.33333,12.66667,12,12.83333],"texture":"#5"},"up":{"uv":[6,8,5.33333,7.33333],"texture":"#5"},"down":{"uv":[8.33333,2,7.66667,2.66667],"texture":"#5"}}},{"from":[7.125,-2,7.125],"to":[8.875,0,8.875],"rotation":{"angle":0,"axis":"y","origin":[7.125,-2,6.875]},"faces":{"north":{"uv":[8.66667,3.66667,9.25,4.33333],"texture":"#5"},"east":{"uv":[9,6.66667,9.58333,7.33333],"texture":"#5"},"south":{"uv":[7.33333,9,7.91667,9.66667],"texture":"#5"},"west":{"uv":[8.33333,9,8.91667,9.66667],"texture":"#5"}}},{"from":[7.25,0.5,7.25],"to":[8.75,1.5,8.75],"rotation":{"angle":0,"axis":"y","origin":[7.25,0.5,6.75]},"faces":{"north":{"uv":[4,11.66667,4.5,12],"texture":"#5"},"east":{"uv":[11.66667,4.66667,12.16667,5],"texture":"#5"},"south":{"uv":[5,11.66667,5.5,12],"texture":"#5"},"west":{"uv":[11.66667,5.33333,12.16667,5.66667],"texture":"#5"},"up":{"uv":[11.16667,0.5,10.66667,0],"texture":"#5"}}},{"from":[7.375,1.5,7.375],"to":[8.625,4.5,8.625],"rotation":{"angle":0,"axis":"y","origin":[7.375,2.5,6.625]},"faces":{"north":{"uv":[8.33333,0,8.75,1],"texture":"#5"},"east":{"uv":[5.33333,8.33333,5.75,9.33333],"texture":"#5"},"south":{"uv":[8.33333,7.66667,8.75,8.66667],"texture":"#5"},"west":{"uv":[8.66667,1.33333,9.08333,2.33333],"texture":"#5"}}},{"from":[7,0,7],"to":[9,0.5,9],"rotation":{"angle":0,"axis":"y","origin":[7,0,7]},"faces":{"north":{"uv":[12.33333,12.66667,13,12.83333],"texture":"#5"},"east":{"uv":[0,13,0.66667,13.16667],"texture":"#5"},"south":{"uv":[13,2,13.66667,2.16667],"texture":"#5"},"west":{"uv":[13,2.66667,13.66667,2.83333],"texture":"#5"},"up":{"uv":[3,8.33333,2.33333,7.66667],"texture":"#5"},"down":{"uv":[8.33333,3,7.66667,3.66667],"texture":"#5"}}},{"from":[7,7,7],"to":[9,7.5,9],"rotation":{"angle":0,"axis":"y","origin":[7,7.5,7]},"faces":{"north":{"uv":[3.33333,13,4,13.16667],"texture":"#5"},"east":{"uv":[13,7,13.66667,7.16667],"texture":"#5"},"south":{"uv":[7.66667,13,8.33333,13.16667],"texture":"#5"},"west":{"uv":[9.33333,13,10,13.16667],"texture":"#5"},"up":{"uv":[4,8.33333,3.33333,7.66667],"texture":"#5"},"down":{"uv":[5,7.66667,4.33333,8.33333],"texture":"#5"}}},{"from":[7,5.5,7],"to":[9,6,9],"rotation":{"angle":0,"axis":"y","origin":[7,6,7]},"faces":{"north":{"uv":[13,10.33333,13.66667,10.5],"texture":"#5"},"east":{"uv":[13,11,13.66667,11.16667],"texture":"#5"},"south":{"uv":[13,11.66667,13.66667,11.83333],"texture":"#5"},"west":{"uv":[1.66667,13.33333,2.33333,13.5],"texture":"#5"},"up":{"uv":[7,8.66667,6.33333,8],"texture":"#5"},"down":{"uv":[8.66667,6.66667,8,7.33333],"texture":"#5"}}},{"from":[7.125,6,7.125],"to":[8.875,7,8.875],"rotation":{"angle":0,"axis":"y","origin":[7.125,8,6.875]},"faces":{"north":{"uv":[0,11.66667,0.58333,12],"texture":"#5"},"east":{"uv":[11.66667,0,12.25,0.33333],"texture":"#5"},"south":{"uv":[11.66667,0.66667,12.25,1],"texture":"#5"},"west":{"uv":[11.66667,1.33333,12.25,1.66667],"texture":"#5"}}},{"from":[7.25,4.5,7.25],"to":[8.75,5.5,8.75],"rotation":{"angle":0,"axis":"y","origin":[7.25,5.5,6.75]},"faces":{"north":{"uv":[6,11.66667,6.5,12],"texture":"#5"},"east":{"uv":[11.66667,6,12.16667,6.33333],"texture":"#5"},"south":{"uv":[11.66667,6.66667,12.16667,7],"texture":"#5"},"west":{"uv":[11.66667,8,12.16667,8.33333],"texture":"#5"},"down":{"uv":[11.16667,1,10.66667,1.5],"texture":"#5"}}},{"from":[6.75,10.5,6.5],"to":[9.25,11.75,9.5],"rotation":{"angle":0,"axis":"y","origin":[7,10,6.5]},"faces":{"east":{"uv":[2.33333,8.66667,3.33333,9.08333],"texture":"#5"},"west":{"uv":[8.66667,2.66667,9.66667,3.08333],"texture":"#5"},"up":{"uv":[0.83333,6.66667,0,5.66667],"texture":"#5"},"down":{"uv":[6.83333,0,6,1],"texture":"#5"}}},{"from":[6.7475,9.19382,6.43612],"to":[9.2525,10.54382,7.43612],"rotation":{"angle":-22.5,"axis":"x","origin":[6.9975,8.79382,3.93612]},"faces":{"north":{"uv":[0,9.33333,0.83333,9.75],"texture":"#5"},"east":{"uv":[5,12.33333,5.33333,12.75],"texture":"#5"},"south":{"uv":[9.33333,0,10.16667,0.41667],"texture":"#5"},"west":{"uv":[5.66667,12.33333,6,12.75],"texture":"#5"},"up":{"uv":[4.83333,10.66667,4,10.33333],"texture":"#5"},"down":{"uv":[6.83333,10.33333,6,10.66667],"texture":"#5"}}},{"from":[6.7475,9.19382,8.56388],"to":[9.2525,10.54382,9.56388],"rotation":{"angle":22.5,"axis":"x","origin":[6.9975,8.79382,12.06388]},"faces":{"north":{"uv":[9.33333,4.66667,10.16667,5.08333],"texture":"#5"},"east":{"uv":[6.33333,12.33333,6.66667,12.75],"texture":"#5"},"south":{"uv":[9.33333,5.66667,10.16667,6.08333],"texture":"#5"},"west":{"uv":[8.66667,12.33333,9,12.75],"texture":"#5"},"up":{"uv":[11.16667,8.33333,10.33333,8],"texture":"#5"},"down":{"uv":[11.16667,8.66667,10.33333,9],"texture":"#5"}}},{"from":[7,11.75,3],"to":[9,12.75,13],"rotation":{"angle":0,"axis":"y","origin":[7,11.75,4]},"faces":{"north":{"uv":[7.66667,4,8.33333,4.33333],"texture":"#5"},"east":{"uv":[5.66667,4.66667,9,5],"texture":"#5"},"south":{"uv":[10.66667,9.33333,11.33333,9.66667],"texture":"#5"},"west":{"uv":[5.66667,5.33333,9,5.66667],"texture":"#5"},"up":{"uv":[0.66667,3.33333,0,0],"texture":"#5"},"down":{"uv":[1.66667,0,1,3.33333],"texture":"#5"}}},{"from":[7,10.75,5],"to":[9,11.75,11],"rotation":{"angle":0,"axis":"y","origin":[7,10.75,4]},"faces":{"north":{"uv":[0,11,0.66667,11.33333],"texture":"#5"},"east":{"uv":[6,1.33333,8,1.66667],"texture":"#5"},"south":{"uv":[11,2,11.66667,2.33333],"texture":"#5"},"west":{"uv":[7,6,9,6.33333],"texture":"#5"},"down":{"uv":[4.33333,0,3.66667,2],"texture":"#5"}}},{"from":[7.0035,10.90328,4.7706],"to":[8.9965,11.90328,5.7706],"rotation":{"angle":-22.5,"axis":"x","origin":[8.0035,11.40328,5.2706]},"faces":{"north":{"uv":[11,2.66667,11.66667,3],"texture":"#5"},"east":{"uv":[6.33333,7.33333,6.66667,7.66667],"texture":"#5"},"west":{"uv":[4.33333,13,4.66667,13.33333],"texture":"#5"}}},{"from":[7.0085,11.59619,3.94239],"to":[8.9915,12.59619,5.44239],"rotation":{"angle":22.5,"axis":"x","origin":[8.0085,12.09619,4.44239]},"faces":{"east":{"uv":[8.66667,11.66667,9.16667,12],"texture":"#5"},"west":{"uv":[11.66667,8.66667,12.16667,9],"texture":"#5"},"down":{"uv":[2,9.33333,1.33333,9.83333],"texture":"#5"}}},{"from":[7.0085,11.59619,10.55761],"to":[8.9915,12.59619,12.05761],"rotation":{"angle":-22.5,"axis":"x","origin":[8.0085,12.09619,11.55761]},"faces":{"east":{"uv":[11.66667,9.33333,12.16667,9.66667],"texture":"#5"},"west":{"uv":[9.66667,11.66667,10.16667,12],"texture":"#5"},"down":{"uv":[10,7.66667,9.33333,8.16667],"texture":"#5"}}},{"from":[7.0035,10.90328,10.2294],"to":[8.9965,11.90328,11.2294],"rotation":{"angle":22.5,"axis":"x","origin":[8.0035,11.40328,10.7294]},"faces":{"east":{"uv":[2.66667,13.33333,3,13.66667],"texture":"#5"},"south":{"uv":[4,11,4.66667,11.33333],"texture":"#5"},"west":{"uv":[13.33333,3.33333,13.66667,3.66667],"texture":"#5"}}},{"from":[7.5,12.75,6.25],"to":[8.5,17,9.75],"rotation":{"angle":0,"axis":"y","origin":[7.5,12.75,6]},"faces":{"north":{"uv":[1,7,1.33333,8.41667],"texture":"#5"},"east":{"uv":[2,3.33333,3.16667,4.75],"texture":"#5"},"south":{"uv":[1.66667,7.33333,2,8.75],"texture":"#5"},"west":{"uv":[0,3.66667,1.16667,5.08333],"texture":"#5"},"up":{"uv":[5,9.83333,4.66667,8.66667],"texture":"#5"}}},{"from":[7.625,12.34777,4.47783],"to":[8.375,15.09777,6.72783],"rotation":{"angle":-22.5,"axis":"x","origin":[8.125,14.09777,5.47783]},"faces":{"north":{"uv":[8,10.66667,8.25,11.58333],"texture":"#5"},"east":{"uv":[5.66667,6,6.41667,6.91667],"texture":"#5"},"west":{"uv":[3,6.33333,3.75,7.25],"texture":"#5"},"up":{"uv":[1.91667,12.41667,1.66667,11.66667],"texture":"#5"},"down":{"uv":[11.91667,3.33333,11.66667,4.08333],"texture":"#5"}}},{"from":[6.5035,12.5,7],"to":[7.9965,13.5,9],"rotation":{"angle":0,"axis":"y","origin":[6.5035,12.5,7]},"faces":{"east":{"uv":[5,11,5.66667,11.33333],"texture":"#5"},"west":{"uv":[6,11,6.66667,11.33333],"texture":"#5"},"up":{"uv":[9.83333,9.33333,9.33333,8.66667],"texture":"#5"},"down":{"uv":[10.16667,1,9.66667,1.66667],"texture":"#5"}}},{"from":[6.75,13.5,7.25],"to":[7.75,14,8.75],"rotation":{"angle":0,"axis":"y","origin":[6.5,13.5,7]},"faces":{"north":{"uv":[10.33333,14.33333,10.66667,14.5],"texture":"#5"},"east":{"uv":[0,13.66667,0.5,13.83333],"texture":"#5"},"south":{"uv":[11,14.33333,11.33333,14.5],"texture":"#5"},"west":{"uv":[13.66667,0,14.16667,0.16667],"texture":"#5"},"up":{"uv":[3.33333,5.83333,3,5.33333],"texture":"#5"}}},{"from":[6.5,13.26537,6.40224],"to":[8,14.34037,7.15224],"rotation":{"angle":22.5,"axis":"x","origin":[6.5,13.26537,5.15224]},"faces":{"north":{"uv":[11.66667,10,12.16667,10.33333],"texture":"#5"},"east":{"uv":[13.66667,0.66667,13.91667,1],"texture":"#5"},"south":{"uv":[12,2,12.5,2.33333],"texture":"#5"},"west":{"uv":[1,13.66667,1.25,14],"texture":"#5"},"up":{"uv":[12.83333,4.25,12.33333,4],"texture":"#5"},"down":{"uv":[9.83333,12.33333,9.33333,12.58333],"texture":"#5"}}},{"from":[6.5,12.11732,9.07612],"to":[8,13.19232,9.82612],"rotation":{"angle":-22.5,"axis":"x","origin":[6.5,12.11732,8.07612]},"faces":{"north":{"uv":[12,2.66667,12.5,3],"texture":"#5"},"east":{"uv":[13.66667,1.33333,13.91667,1.66667],"texture":"#5"},"south":{"uv":[12,7.33333,12.5,7.66667],"texture":"#5"},"west":{"uv":[3.33333,13.66667,3.58333,14],"texture":"#5"},"up":{"uv":[13.16667,0.25,12.66667,0],"texture":"#5"},"down":{"uv":[13.16667,0.66667,12.66667,0.91667],"texture":"#5"}}},{"from":[8.25,13.5,7.25],"to":[9.25,14,8.75],"rotation":{"angle":0,"axis":"y","origin":[9.5,13.5,7]},"faces":{"north":{"uv":[11.66667,14.33333,12,14.5],"texture":"#5"},"east":{"uv":[4,13.66667,4.5,13.83333],"texture":"#5"},"south":{"uv":[12.33333,14.33333,12.66667,14.5],"texture":"#5"},"west":{"uv":[13.66667,4.66667,14.16667,4.83333],"texture":"#5"},"up":{"uv":[8.33333,12.5,8,12],"texture":"#5"}}},{"from":[8,13.26537,6.40224],"to":[9.5,14.34037,7.15224],"rotation":{"angle":22.5,"axis":"x","origin":[9.5,13.26537,5.15224]},"faces":{"north":{"uv":[12,10.66667,12.5,11],"texture":"#5"},"east":{"uv":[13.66667,5.33333,13.91667,5.66667],"texture":"#5"},"south":{"uv":[12,11.33333,12.5,11.66667],"texture":"#5"},"west":{"uv":[7,13.66667,7.25,14],"texture":"#5"},"up":{"uv":[13.16667,1.58333,12.66667,1.33333],"texture":"#5"},"down":{"uv":[2.83333,12.66667,2.33333,12.91667],"texture":"#5"}}},{"from":[8.0035,12.5,7],"to":[9.4965,13.5,9],"rotation":{"angle":0,"axis":"y","origin":[9.4965,12.5,7]},"faces":{"east":{"uv":[8.66667,11,9.33333,11.33333],"texture":"#5"},"west":{"uv":[9.66667,11,10.33333,11.33333],"texture":"#5"},"up":{"uv":[2.83333,10.33333,2.33333,9.66667],"texture":"#5"},"down":{"uv":[10.16667,3.66667,9.66667,4.33333],"texture":"#5"}}},{"from":[8,12.11732,9.07612],"to":[9.5,13.19232,9.82612],"rotation":{"angle":-22.5,"axis":"x","origin":[9.5,12.11732,8.07612]},"faces":{"north":{"uv":[12,12,12.5,12.33333],"texture":"#5"},"east":{"uv":[7.66667,13.66667,7.91667,14],"texture":"#5"},"south":{"uv":[0,12.33333,0.5,12.66667],"texture":"#5"},"west":{"uv":[13.66667,9,13.91667,9.33333],"texture":"#5"},"up":{"uv":[13.16667,4.91667,12.66667,4.66667],"texture":"#5"},"down":{"uv":[13.16667,5.33333,12.66667,5.58333],"texture":"#5"}}},{"from":[7.25,12.5,4.5],"to":[8.75,13,6],"rotation":{"angle":22.5,"axis":"x","origin":[7.375,13.25,5.25]},"faces":{"north":{"uv":[9.33333,13.66667,9.83333,13.83333],"texture":"#5"},"east":{"uv":[13.66667,9.66667,14.16667,9.83333],"texture":"#5"},"south":{"uv":[1.66667,14,2.16667,14.16667],"texture":"#5"},"west":{"uv":[14,2,14.5,2.16667],"texture":"#5"},"up":{"uv":[2.16667,11.16667,1.66667,10.66667],"texture":"#5"},"down":{"uv":[11.16667,3.66667,10.66667,4.16667],"texture":"#5"}}},{"from":[7.25,13,5.5],"to":[8.75,13.5,6],"rotation":{"angle":22.5,"axis":"x","origin":[7.375,13.25,5.25]},"faces":{"north":{"uv":[14,2.66667,14.5,2.83333],"texture":"#5"},"east":{"uv":[14.66667,11.66667,14.83333,11.83333],"texture":"#5"},"south":{"uv":[14,3.33333,14.5,3.5],"texture":"#5"},"west":{"uv":[15,1.33333,15.16667,1.5],"texture":"#5"}}},{"from":[7.25,13,4.5],"to":[8.75,13.5,5],"rotation":{"angle":22.5,"axis":"x","origin":[7.375,13.25,5.25]},"faces":{"north":{"uv":[14,4,14.5,4.16667],"texture":"#5"},"east":{"uv":[15,2,15.16667,2.16667],"texture":"#5"},"south":{"uv":[5,14,5.5,14.16667],"texture":"#5"},"west":{"uv":[2.33333,15,2.5,15.16667],"texture":"#5"}}},{"from":[7.25,13.5,4.5],"to":[8.75,14,6],"rotation":{"angle":22.5,"axis":"x","origin":[7.375,13.25,5.25]},"faces":{"north":{"uv":[6,14,6.5,14.16667],"texture":"#5"},"east":{"uv":[14,6,14.5,6.16667],"texture":"#5"},"south":{"uv":[14,6.66667,14.5,6.83333],"texture":"#5"},"west":{"uv":[14,7.33333,14.5,7.5],"texture":"#5"},"up":{"uv":[11.16667,5.16667,10.66667,4.66667],"texture":"#5"},"down":{"uv":[11.16667,5.66667,10.66667,6.16667],"texture":"#5"}}},{"from":[7.625,-3.75,7.25],"to":[8.375,-2.25,7.75],"rotation":{"angle":-45,"axis":"x","origin":[8,-3,8]},"faces":{"north":{"uv":[1,12.66667,1.25,13.16667],"texture":"#5"},"east":{"uv":[2.66667,14,2.83333,14.5],"texture":"#5"},"south":{"uv":[12.66667,6,12.91667,6.5],"texture":"#5"},"west":{"uv":[14,8,14.16667,8.5],"texture":"#5"},"up":{"uv":[14.91667,4.83333,14.66667,4.66667],"texture":"#5"},"down":{"uv":[5.25,14.66667,5,14.83333],"texture":"#5"}}},{"from":[7.625,-3.75,7.75],"to":[8.375,-3.25,8.25],"rotation":{"angle":-45,"axis":"x","origin":[8,-3,8]},"faces":{"east":{"uv":[15,2.66667,15.16667,2.83333],"texture":"#5"},"west":{"uv":[3,15,3.16667,15.16667],"texture":"#5"},"up":{"uv":[5.91667,14.83333,5.66667,14.66667],"texture":"#5"},"down":{"uv":[6.58333,14.66667,6.33333,14.83333],"texture":"#5"}}},{"from":[7.625,-3.75,8.25],"to":[8.375,-2.25,8.75],"rotation":{"angle":-45,"axis":"x","origin":[8,-3,8]},"faces":{"north":{"uv":[7,12.66667,7.25,13.16667],"texture":"#5"},"east":{"uv":[8.33333,14,8.5,14.5],"texture":"#5"},"south":{"uv":[12.66667,8,12.91667,8.5],"texture":"#5"},"west":{"uv":[14,10.33333,14.16667,10.83333],"texture":"#5"},"up":{"uv":[14.91667,8.16667,14.66667,8],"texture":"#5"},"down":{"uv":[14.91667,9.66667,14.66667,9.83333],"texture":"#5"}}},{"from":[7.625,-2.75,7.75],"to":[8.375,-2.25,8.25],"rotation":{"angle":-45,"axis":"x","origin":[8,-3,8]},"faces":{"east":{"uv":[15,3.33333,15.16667,3.5],"texture":"#5"},"west":{"uv":[3.66667,15,3.83333,15.16667],"texture":"#5"},"up":{"uv":[14.91667,10.5,14.66667,10.33333],"texture":"#5"},"down":{"uv":[14.91667,11,14.66667,11.16667],"texture":"#5"}}},{"from":[6.725,7.64645,11.75],"to":[6.745,11.89645,12.25],"rotation":{"angle":0,"axis":"y","origin":[6.725,8.89645,12.25]},"faces":{"east":{"uv":[2.66667,10.66667,2.83333,12.08333],"texture":"#5"},"west":{"uv":[7.33333,10.66667,7.5,12.08333],"texture":"#5"}}},{"from":[6.6,10.83579,11.75],"to":[6.85,11.33579,12.25],"rotation":{"angle":45,"axis":"x","origin":[6.725,10.58579,12]},"faces":{"east":{"uv":[15,4,15.16667,4.16667],"texture":"#5"},"west":{"uv":[15,6,15.16667,6.16667],"texture":"#5"},"up":{"uv":[15.08333,8.83333,15,8.66667],"texture":"#5"},"down":{"uv":[9.08333,15,9,15.16667],"texture":"#5"}}},{"from":[6.6,9.83579,11.75],"to":[6.85,10.33579,12.25],"rotation":{"angle":45,"axis":"x","origin":[6.725,10.58579,12]},"faces":{"east":{"uv":[15,6.66667,15.16667,6.83333],"texture":"#5"},"west":{"uv":[15,7.33333,15.16667,7.5],"texture":"#5"},"up":{"uv":[9.75,15.16667,9.66667,15],"texture":"#5"},"down":{"uv":[10.41667,15,10.33333,15.16667],"texture":"#5"}}},{"from":[6.6,9.83579,11.25],"to":[6.85,11.33579,11.75],"rotation":{"angle":45,"axis":"x","origin":[6.725,10.58579,12]},"faces":{"north":{"uv":[14.66667,13,14.75,13.5],"texture":"#5"},"east":{"uv":[14,11.33333,14.16667,11.83333],"texture":"#5"},"south":{"uv":[14.33333,14.66667,14.41667,15.16667],"texture":"#5"},"west":{"uv":[13,14,13.16667,14.5],"texture":"#5"},"up":{"uv":[11.08333,15.16667,11,15],"texture":"#5"},"down":{"uv":[11.75,15,11.66667,15.16667],"texture":"#5"}}},{"from":[6.6,9.83579,12.25],"to":[6.85,11.33579,12.75],"rotation":{"angle":45,"axis":"x","origin":[6.725,10.58579,12]},"faces":{"north":{"uv":[0,15,0.08333,15.5],"texture":"#5"},"east":{"uv":[14,13,14.16667,13.5],"texture":"#5"},"south":{"uv":[0.66667,15,0.75,15.5],"texture":"#5"},"west":{"uv":[13.66667,14,13.83333,14.5],"texture":"#5"},"up":{"uv":[12.41667,15.16667,12.33333,15],"texture":"#5"},"down":{"uv":[15.08333,12.33333,15,12.5],"texture":"#5"}}},{"from":[6.475,8.14645,11.25],"to":[6.975,8.64645,12.5],"rotation":{"angle":-45,"axis":"x","origin":[6.475,8.14645,10.5]},"faces":{"north":{"uv":[7.66667,15,7.83333,15.16667],"texture":"#5"},"east":{"uv":[3.33333,14.33333,3.75,14.5],"texture":"#5"},"south":{"uv":[8.33333,15,8.5,15.16667],"texture":"#5"},"west":{"uv":[14.33333,5.33333,14.75,5.5],"texture":"#5"},"up":{"uv":[4.5,14.75,4.33333,14.33333],"texture":"#5"},"down":{"uv":[7.16667,14.33333,7,14.75],"texture":"#5"}}},{"from":[6.475,7.39645,11.25],"to":[6.975,7.89645,12.5],"rotation":{"angle":-45,"axis":"x","origin":[6.475,7.39645,10.5]},"faces":{"north":{"uv":[7.66667,15,7.83333,15.16667],"texture":"#5"},"east":{"uv":[3.33333,14.33333,3.75,14.5],"texture":"#5"},"south":{"uv":[8.33333,15,8.5,15.16667],"texture":"#5"},"west":{"uv":[14.33333,5.33333,14.75,5.5],"texture":"#5"},"up":{"uv":[4.5,14.75,4.33333,14.33333],"texture":"#5"},"down":{"uv":[7.16667,14.33333,7,14.75],"texture":"#5"}}},{"from":[6.475,6.64645,11.25],"to":[6.975,7.14645,12.5],"rotation":{"angle":-45,"axis":"x","origin":[6.475,6.64645,10.5]},"faces":{"north":{"uv":[7.66667,15,7.83333,15.16667],"texture":"#5"},"east":{"uv":[3.33333,14.33333,3.75,14.5],"texture":"#5"},"south":{"uv":[8.33333,15,8.5,15.16667],"texture":"#5"},"west":{"uv":[14.33333,5.33333,14.75,5.5],"texture":"#5"},"up":{"uv":[4.5,14.75,4.33333,14.33333],"texture":"#5"},"down":{"uv":[7.16667,14.33333,7,14.75],"texture":"#5"}}},{"from":[6.475,8.14645,11.5],"to":[6.975,8.64645,12.75],"rotation":{"angle":45,"axis":"x","origin":[6.475,8.14645,13.5]},"faces":{"north":{"uv":[8.5,15,8.33333,15.16667],"texture":"#5"},"east":{"uv":[3.75,14.33333,3.33333,14.5],"texture":"#5"},"south":{"uv":[7.83333,15,7.66667,15.16667],"texture":"#5"},"west":{"uv":[14.75,5.33333,14.33333,5.5],"texture":"#5"},"up":{"uv":[4.5,14.33333,4.33333,14.75],"texture":"#5"},"down":{"uv":[7.16667,14.75,7,14.33333],"texture":"#5"}}},{"from":[6.475,7.39645,11.5],"to":[6.975,7.89645,12.75],"rotation":{"angle":45,"axis":"x","origin":[6.475,7.39645,13.5]},"faces":{"north":{"uv":[8.5,15,8.33333,15.16667],"texture":"#5"},"east":{"uv":[3.75,14.33333,3.33333,14.5],"texture":"#5"},"south":{"uv":[7.83333,15,7.66667,15.16667],"texture":"#5"},"west":{"uv":[14.75,5.33333,14.33333,5.5],"texture":"#5"},"up":{"uv":[4.5,14.33333,4.33333,14.75],"texture":"#5"},"down":{"uv":[7.16667,14.75,7,14.33333],"texture":"#5"}}},{"from":[6.475,6.64645,11.5],"to":[6.975,7.14645,12.75],"rotation":{"angle":45,"axis":"x","origin":[6.475,6.64645,13.5]},"faces":{"north":{"uv":[8.5,15,8.33333,15.16667],"texture":"#5"},"east":{"uv":[3.75,14.33333,3.33333,14.5],"texture":"#5"},"south":{"uv":[7.83333,15,7.66667,15.16667],"texture":"#5"},"west":{"uv":[14.75,5.33333,14.33333,5.5],"texture":"#5"},"up":{"uv":[4.5,14.33333,4.33333,14.75],"texture":"#5"},"down":{"uv":[7.16667,14.75,7,14.33333],"texture":"#5"}}},{"from":[6.35,6.39645,11.625],"to":[7.1,7.64645,12.375],"rotation":{"angle":0,"axis":"y","origin":[6.85,7.02145,11.875]},"faces":{"north":{"uv":[10.33333,13.33333,10.58333,13.75],"texture":"#5"},"east":{"uv":[11,13.33333,11.25,13.75],"texture":"#5"},"south":{"uv":[11.66667,13.33333,11.91667,13.75],"texture":"#5"},"west":{"uv":[12.33333,13.33333,12.58333,13.75],"texture":"#5"},"up":{"uv":[7.91667,14.58333,7.66667,14.33333],"texture":"#5"},"down":{"uv":[9.25,14.33333,9,14.58333],"texture":"#5"}}},{"from":[7.5,12.25,2.75],"to":[8.5,13.25,5.75],"rotation":{"angle":0,"axis":"y","origin":[7.5,12.25,2.75]},"faces":{"north":{"uv":[13.33333,4,13.66667,4.33333],"texture":"#5"},"east":{"uv":[9.66667,2,10.66667,2.33333],"texture":"#5"},"south":{"uv":[5,13.33333,5.33333,13.66667],"texture":"#5"},"west":{"uv":[9.33333,9.66667,10.33333,10],"texture":"#5"},"up":{"uv":[5.66667,10.66667,5.33333,9.66667],"texture":"#5"},"down":{"uv":[3.66667,10,3.33333,11],"texture":"#5"}}},{"from":[7.5035,13.0206,2.90328],"to":[8.4965,14.0206,3.82828],"rotation":{"angle":22.5,"axis":"x","origin":[8.0035,13.5206,3.40328]},"faces":{"north":{"uv":[5.66667,13.33333,6,13.66667],"texture":"#5"},"east":{"uv":[13.33333,6,13.66667,6.33333],"texture":"#5"},"south":{"uv":[6.33333,13.33333,6.66667,13.66667],"texture":"#5"},"west":{"uv":[13.33333,7.66667,13.66667,8],"texture":"#5"}}},{"from":[7.25,13.75,1.75],"to":[8.75,14.75,4.25],"rotation":{"angle":0,"axis":"y","origin":[7.5,13.75,2.75]},"faces":{"north":{"uv":[12.33333,3.33333,12.83333,3.66667],"texture":"#5"},"east":{"uv":[9,10.33333,9.83333,10.66667],"texture":"#5"},"south":{"uv":[4,12.33333,4.5,12.66667],"texture":"#5"},"west":{"uv":[10.33333,10.33333,11.16667,10.66667],"texture":"#5"},"up":{"uv":[4.16667,9.5,3.66667,8.66667],"texture":"#5"},"down":{"uv":[6.83333,9,6.33333,9.83333],"texture":"#5"}}},{"from":[7.25,14.75,2.5],"to":[8.75,15.25,4.25],"rotation":{"angle":0,"axis":"y","origin":[7.5,14.75,2.75]},"faces":{"north":{"uv":[0,14.33333,0.5,14.5],"texture":"#5"},"east":{"uv":[13.33333,12.33333,13.91667,12.5],"texture":"#5"},"south":{"uv":[14.33333,0.66667,14.83333,0.83333],"texture":"#5"},"west":{"uv":[13,13.33333,13.58333,13.5],"texture":"#5"},"up":{"uv":[10.5,3.25,10,2.66667],"texture":"#5"}}},{"from":[7.625,13.61639,0.8515],"to":[8.375,13.62639,1.8515],"rotation":{"angle":-22.5,"axis":"x","origin":[7.625,13.61639,0.8515]},"faces":{"up":{"uv":[1.25,14.66667,1,14.33333],"texture":"#5"},"down":{"uv":[14.58333,1.33333,14.33333,1.66667],"texture":"#5"}}},{"from":[7.625,12.34777,9.27217],"to":[8.375,15.09777,11.52217],"rotation":{"angle":22.5,"axis":"x","origin":[8.125,14.09777,10.52217]},"faces":{"east":{"uv":[6.41667,6,5.66667,6.91667],"texture":"#5"},"south":{"uv":[8.25,10.66667,8,11.58333],"texture":"#5"},"west":{"uv":[3.75,6.33333,3,7.25],"texture":"#5"},"up":{"uv":[1.91667,11.66667,1.66667,12.41667],"texture":"#5"},"down":{"uv":[11.91667,4.08333,11.66667,3.33333],"texture":"#5"}}},{"from":[7.25,13.5,10],"to":[8.75,14,11.5],"rotation":{"angle":-22.5,"axis":"x","origin":[7.375,13.25,10.75]},"faces":{"north":{"uv":[14.5,6.66667,14,6.83333],"texture":"#5"},"east":{"uv":[14.5,6,14,6.16667],"texture":"#5"},"south":{"uv":[6.5,14,6,14.16667],"texture":"#5"},"west":{"uv":[14.5,7.33333,14,7.5],"texture":"#5"},"up":{"uv":[11.16667,4.66667,10.66667,5.16667],"texture":"#5"},"down":{"uv":[11.16667,6.16667,10.66667,5.66667],"texture":"#5"}}},{"from":[7.25,13,11],"to":[8.75,13.5,11.5],"rotation":{"angle":-22.5,"axis":"x","origin":[7.375,13.25,10.75]},"faces":{"north":{"uv":[5.5,14,5,14.16667],"texture":"#5"},"east":{"uv":[15.16667,2,15,2.16667],"texture":"#5"},"south":{"uv":[14.5,4,14,4.16667],"texture":"#5"},"west":{"uv":[2.5,15,2.33333,15.16667],"texture":"#5"}}},{"from":[7.25,12.5,10],"to":[8.75,13,11.5],"rotation":{"angle":-22.5,"axis":"x","origin":[7.375,13.25,10.75]},"faces":{"north":{"uv":[2.16667,14,1.66667,14.16667],"texture":"#5"},"east":{"uv":[14.16667,9.66667,13.66667,9.83333],"texture":"#5"},"south":{"uv":[9.83333,13.66667,9.33333,13.83333],"texture":"#5"},"west":{"uv":[14.5,2,14,2.16667],"texture":"#5"},"up":{"uv":[2.16667,10.66667,1.66667,11.16667],"texture":"#5"},"down":{"uv":[11.16667,4.16667,10.66667,3.66667],"texture":"#5"}}},{"from":[7.25,13,10],"to":[8.75,13.5,10.5],"rotation":{"angle":-22.5,"axis":"x","origin":[7.375,13.25,10.75]},"faces":{"north":{"uv":[14.5,3.33333,14,3.5],"texture":"#5"},"east":{"uv":[14.83333,11.66667,14.66667,11.83333],"texture":"#5"},"south":{"uv":[14.5,2.66667,14,2.83333],"texture":"#5"},"west":{"uv":[15.16667,1.33333,15,1.5],"texture":"#5"}}},{"from":[7.5,12.25,10.25],"to":[8.5,13.25,13.25],"rotation":{"angle":0,"axis":"y","origin":[7.5,12.25,13.25]},"faces":{"north":{"uv":[5.33333,13.33333,5,13.66667],"texture":"#5"},"east":{"uv":[10.66667,2,9.66667,2.33333],"texture":"#5"},"south":{"uv":[13.66667,4,13.33333,4.33333],"texture":"#5"},"west":{"uv":[10.33333,9.66667,9.33333,10],"texture":"#5"},"up":{"uv":[5.66667,9.66667,5.33333,10.66667],"texture":"#5"},"down":{"uv":[3.66667,11,3.33333,10],"texture":"#5"}}},{"from":[7.5035,13.0206,12.17172],"to":[8.4965,14.0206,13.09672],"rotation":{"angle":-22.5,"axis":"x","origin":[8.0035,13.5206,12.59672]},"faces":{"north":{"uv":[6.66667,13.33333,6.33333,13.66667],"texture":"#5"},"east":{"uv":[13.66667,6,13.33333,6.33333],"texture":"#5"},"south":{"uv":[6,13.33333,5.66667,13.66667],"texture":"#5"},"west":{"uv":[13.66667,7.66667,13.33333,8],"texture":"#5"}}},{"from":[7.25,13.75,11.75],"to":[8.75,14.75,14.25],"rotation":{"angle":0,"axis":"y","origin":[7.5,13.75,13.25]},"faces":{"north":{"uv":[4.5,12.33333,4,12.66667],"texture":"#5"},"east":{"uv":[9.83333,10.33333,9,10.66667],"texture":"#5"},"south":{"uv":[12.83333,3.33333,12.33333,3.66667],"texture":"#5"},"west":{"uv":[11.16667,10.33333,10.33333,10.66667],"texture":"#5"},"up":{"uv":[4.16667,8.66667,3.66667,9.5],"texture":"#5"},"down":{"uv":[6.83333,9.83333,6.33333,9],"texture":"#5"}}},{"from":[7.25,14.75,11.75],"to":[8.75,15.25,13.5],"rotation":{"angle":0,"axis":"y","origin":[7.5,14.75,13.25]},"faces":{"north":{"uv":[14.83333,0.66667,14.33333,0.83333],"texture":"#5"},"east":{"uv":[13.91667,12.33333,13.33333,12.5],"texture":"#5"},"south":{"uv":[0.5,14.33333,0,14.5],"texture":"#5"},"west":{"uv":[13.58333,13.33333,13,13.5],"texture":"#5"},"up":{"uv":[10.5,2.66667,10,3.25],"texture":"#5"}}},{"from":[7.625,13.61639,14.1485],"to":[8.375,13.62639,15.1485],"rotation":{"angle":22.5,"axis":"x","origin":[7.625,13.61639,15.1485]},"faces":{"up":{"uv":[1.25,14.33333,1,14.66667],"texture":"#5"},"down":{"uv":[14.58333,1.66667,14.33333,1.33333],"texture":"#5"}}},{"from":[6.25,9.25,4],"to":[6.25,17.25,12],"rotation":{"angle":0,"axis":"y","origin":[6.25,9.25,4]},"faces":{"west":{"uv":[0,0,16,16],"texture":"#4"}}},{"from":[9.75,9.25,4],"to":[9.75,17.25,12],"rotation":{"angle":0,"axis":"y","origin":[9.75,9.25,12]},"faces":{"east":{"uv":[0,0,16,16],"texture":"#4"}}},{"from":[6.25,11.75,12],"to":[9.75,12.5,12.75],"rotation":{"angle":-45,"axis":"x","origin":[5.5,11.75,12]},"faces":{"north":{"uv":[10,6.66667,11.16667,6.91667],"texture":"#5"},"east":{"uv":[14.33333,9,14.58333,9.25],"texture":"#5"},"south":{"uv":[7.33333,10,8.5,10.25],"texture":"#5"},"west":{"uv":[9.66667,14.33333,9.91667,14.58333],"texture":"#5"},"up":{"uv":[1.16667,10.58333,0,10.33333],"texture":"#5"},"down":{"uv":[11.5,7.33333,10.33333,7.58333],"texture":"#5"}}},{"from":[6.5,11.75,11.92678],"to":[7,12.75,12.92678],"rotation":{"angle":-45,"axis":"x","origin":[6.5,11.75,12.17678]},"faces":{"north":{"uv":[14.33333,12.33333,14.5,12.66667],"texture":"#5"},"east":{"uv":[13.33333,8.33333,13.66667,8.66667],"texture":"#5"},"south":{"uv":[14.33333,14,14.5,14.33333],"texture":"#5"},"west":{"uv":[8.66667,13.33333,9,13.66667],"texture":"#5"},"up":{"uv":[14.83333,0.33333,14.66667,0],"texture":"#5"},"down":{"uv":[1.83333,14.66667,1.66667,15],"texture":"#5"}}},{"from":[9.255,7.64645,11.75],"to":[9.275,11.89645,12.25],"rotation":{"angle":0,"axis":"y","origin":[9.275,8.89645,12.25]},"faces":{"east":{"uv":[7.5,10.66667,7.33333,12.08333],"texture":"#5"},"west":{"uv":[2.83333,10.66667,2.66667,12.08333],"texture":"#5"}}},{"from":[9.15,10.83579,11.75],"to":[9.4,11.33579,12.25],"rotation":{"angle":45,"axis":"x","origin":[9.275,10.58579,12]},"faces":{"east":{"uv":[15.16667,6,15,6.16667],"texture":"#5"},"west":{"uv":[15.16667,4,15,4.16667],"texture":"#5"},"up":{"uv":[15,8.83333,15.08333,8.66667],"texture":"#5"},"down":{"uv":[9,15,9.08333,15.16667],"texture":"#5"}}},{"from":[9.15,9.83579,11.75],"to":[9.4,10.33579,12.25],"rotation":{"angle":45,"axis":"x","origin":[9.275,10.58579,12]},"faces":{"east":{"uv":[15.16667,7.33333,15,7.5],"texture":"#5"},"west":{"uv":[15.16667,6.66667,15,6.83333],"texture":"#5"},"up":{"uv":[9.66667,15.16667,9.75,15],"texture":"#5"},"down":{"uv":[10.33333,15,10.41667,15.16667],"texture":"#5"}}},{"from":[9.15,9.83579,11.25],"to":[9.4,11.33579,11.75],"rotation":{"angle":45,"axis":"x","origin":[9.275,10.58579,12]},"faces":{"north":{"uv":[14.75,13,14.66667,13.5],"texture":"#5"},"east":{"uv":[13.16667,14,13,14.5],"texture":"#5"},"south":{"uv":[14.41667,14.66667,14.33333,15.16667],"texture":"#5"},"west":{"uv":[14.16667,11.33333,14,11.83333],"texture":"#5"},"up":{"uv":[11,15.16667,11.08333,15],"texture":"#5"},"down":{"uv":[11.66667,15,11.75,15.16667],"texture":"#5"}}},{"from":[9.15,9.83579,12.25],"to":[9.4,11.33579,12.75],"rotation":{"angle":45,"axis":"x","origin":[9.275,10.58579,12]},"faces":{"north":{"uv":[0.08333,15,0,15.5],"texture":"#5"},"east":{"uv":[13.83333,14,13.66667,14.5],"texture":"#5"},"south":{"uv":[0.75,15,0.66667,15.5],"texture":"#5"},"west":{"uv":[14.16667,13,14,13.5],"texture":"#5"},"up":{"uv":[12.33333,15.16667,12.41667,15],"texture":"#5"},"down":{"uv":[15,12.33333,15.08333,12.5],"texture":"#5"}}},{"from":[9.025,8.14645,11.25],"to":[9.525,8.64645,12.5],"rotation":{"angle":-45,"axis":"x","origin":[9.525,8.14645,10.5]},"faces":{"north":{"uv":[7.83333,15,7.66667,15.16667],"texture":"#5"},"east":{"uv":[14.75,5.33333,14.33333,5.5],"texture":"#5"},"south":{"uv":[8.5,15,8.33333,15.16667],"texture":"#5"},"west":{"uv":[3.75,14.33333,3.33333,14.5],"texture":"#5"},"up":{"uv":[4.33333,14.75,4.5,14.33333],"texture":"#5"},"down":{"uv":[7,14.33333,7.16667,14.75],"texture":"#5"}}},{"from":[8.9,6.39645,11.625],"to":[9.65,7.64645,12.375],"rotation":{"angle":0,"axis":"y","origin":[9.15,7.02145,11.875]},"faces":{"north":{"uv":[10.58333,13.33333,10.33333,13.75],"texture":"#5"},"east":{"uv":[12.58333,13.33333,12.33333,13.75],"texture":"#5"},"south":{"uv":[11.91667,13.33333,11.66667,13.75],"texture":"#5"},"west":{"uv":[11.25,13.33333,11,13.75],"texture":"#5"},"up":{"uv":[7.66667,14.58333,7.91667,14.33333],"texture":"#5"},"down":{"uv":[9,14.33333,9.25,14.58333],"texture":"#5"}}},{"from":[9.025,7.39645,11.25],"to":[9.525,7.89645,12.5],"rotation":{"angle":-45,"axis":"x","origin":[9.525,7.39645,10.5]},"faces":{"north":{"uv":[7.83333,15,7.66667,15.16667],"texture":"#5"},"east":{"uv":[14.75,5.33333,14.33333,5.5],"texture":"#5"},"south":{"uv":[8.5,15,8.33333,15.16667],"texture":"#5"},"west":{"uv":[3.75,14.33333,3.33333,14.5],"texture":"#5"},"up":{"uv":[4.33333,14.75,4.5,14.33333],"texture":"#5"},"down":{"uv":[7,14.33333,7.16667,14.75],"texture":"#5"}}},{"from":[9.025,6.64645,11.25],"to":[9.525,7.14645,12.5],"rotation":{"angle":-45,"axis":"x","origin":[9.525,6.64645,10.5]},"faces":{"north":{"uv":[7.83333,15,7.66667,15.16667],"texture":"#5"},"east":{"uv":[14.75,5.33333,14.33333,5.5],"texture":"#5"},"south":{"uv":[8.5,15,8.33333,15.16667],"texture":"#5"},"west":{"uv":[3.75,14.33333,3.33333,14.5],"texture":"#5"},"up":{"uv":[4.33333,14.75,4.5,14.33333],"texture":"#5"},"down":{"uv":[7,14.33333,7.16667,14.75],"texture":"#5"}}},{"from":[9.025,6.64645,11.5],"to":[9.525,7.14645,12.75],"rotation":{"angle":45,"axis":"x","origin":[9.525,6.64645,13.5]},"faces":{"north":{"uv":[8.33333,15,8.5,15.16667],"texture":"#5"},"east":{"uv":[14.33333,5.33333,14.75,5.5],"texture":"#5"},"south":{"uv":[7.66667,15,7.83333,15.16667],"texture":"#5"},"west":{"uv":[3.33333,14.33333,3.75,14.5],"texture":"#5"},"up":{"uv":[4.33333,14.33333,4.5,14.75],"texture":"#5"},"down":{"uv":[7,14.75,7.16667,14.33333],"texture":"#5"}}},{"from":[9.025,7.39645,11.5],"to":[9.525,7.89645,12.75],"rotation":{"angle":45,"axis":"x","origin":[9.525,7.39645,13.5]},"faces":{"north":{"uv":[8.33333,15,8.5,15.16667],"texture":"#5"},"east":{"uv":[14.33333,5.33333,14.75,5.5],"texture":"#5"},"south":{"uv":[7.66667,15,7.83333,15.16667],"texture":"#5"},"west":{"uv":[3.33333,14.33333,3.75,14.5],"texture":"#5"},"up":{"uv":[4.33333,14.33333,4.5,14.75],"texture":"#5"},"down":{"uv":[7,14.75,7.16667,14.33333],"texture":"#5"}}},{"from":[9.025,8.14645,11.5],"to":[9.525,8.64645,12.75],"rotation":{"angle":45,"axis":"x","origin":[9.525,8.14645,13.5]},"faces":{"north":{"uv":[8.33333,15,8.5,15.16667],"texture":"#5"},"east":{"uv":[14.33333,5.33333,14.75,5.5],"texture":"#5"},"south":{"uv":[7.66667,15,7.83333,15.16667],"texture":"#5"},"west":{"uv":[3.33333,14.33333,3.75,14.5],"texture":"#5"},"up":{"uv":[4.33333,14.33333,4.5,14.75],"texture":"#5"},"down":{"uv":[7,14.75,7.16667,14.33333],"texture":"#5"}}},{"from":[9,11.75,11.92678],"to":[9.5,12.75,12.92678],"rotation":{"angle":-45,"axis":"x","origin":[9.5,11.75,12.17678]},"faces":{"north":{"uv":[14.5,12.33333,14.33333,12.66667],"texture":"#5"},"east":{"uv":[9,13.33333,8.66667,13.66667],"texture":"#5"},"south":{"uv":[14.5,14,14.33333,14.33333],"texture":"#5"},"west":{"uv":[13.66667,8.33333,13.33333,8.66667],"texture":"#5"},"up":{"uv":[14.66667,0.33333,14.83333,0],"texture":"#5"},"down":{"uv":[1.66667,14.66667,1.83333,15],"texture":"#5"}}},{"from":[7.5,7.5,6.79289],"to":[9.5,10.5,8.79289],"rotation":{"angle":-45,"axis":"y","origin":[8,7.75,7.29289]},"faces":{"north":{"uv":[4.33333,6.33333,5,7.33333],"texture":"#5"},"east":{"uv":[0,7,0.66667,8],"texture":"#5"},"south":{"uv":[7,6.66667,7.66667,7.66667],"texture":"#5"},"west":{"uv":[7.33333,0,8,1],"texture":"#5"},"up":{"uv":[8,8.66667,7.33333,8],"texture":"#5"},"down":{"uv":[0.66667,8.33333,0,9],"texture":"#5"}}},{"from":[7.75,11.25,0.59315],"to":[8.25,15.25,4.59315],"rotation":{"angle":45,"axis":"x","origin":[7.75,11.25,0.59315]},"faces":{"north":{"uv":[1,11,1.16667,12.33333],"texture":"#5"},"east":{"uv":[2,0,3.33333,1.33333],"texture":"#5"},"south":{"uv":[10.66667,11,10.83333,12.33333],"texture":"#5"},"west":{"uv":[2,1.66667,3.33333,3],"texture":"#5"},"up":{"uv":[3.5,12.66667,3.33333,11.33333],"texture":"#5"},"down":{"uv":[11.5,11,11.33333,12.33333],"texture":"#5"}}},{"from":[7.99,11.07087,-1.40685],"to":[8.01,13.32087,3.21815],"rotation":{"angle":22.5,"axis":"x","origin":[7.99,13.3116,1.5553]},"faces":{"east":{"uv":[5.33333,2.33333,3.66667,3.08333],"texture":"#5"},"west":{"uv":[3.66667,2.33333,5.33333,3.08333],"texture":"#5"}}},{"from":[7.985,10.125,-2.03886],"to":[8.015,12.375,2.96114],"rotation":{"angle":0,"axis":"x","origin":[7.985,12.36573,0.92329]},"faces":{"east":{"uv":[5.33333,5,3.66667,5.75],"texture":"#5"},"west":{"uv":[3.66667,5,5.33333,5.75],"texture":"#5"}}},{"from":[7.995,12.1866,-1.18492],"to":[8.005,14.4366,3.09008],"rotation":{"angle":45,"axis":"x","origin":[7.995,13.3116,1.5553]},"faces":{"east":{"uv":[5.33333,3.66667,3.66667,4.41667],"texture":"#5"},"west":{"uv":[3.66667,3.66667,5.33333,4.41667],"texture":"#5"}}},{"from":[8,12.32375,1.54602],"to":[8,16.27375,3.79602],"rotation":{"angle":-22.5,"axis":"x","origin":[8,13.3116,1.5553]},"faces":{"east":{"uv":[5.41667,0,4.66667,1.66667],"texture":"#5"},"west":{"uv":[4.66667,0,5.41667,1.66667],"texture":"#5"}}},{"from":[7.99,9.17913,-1.40685],"to":[8.01,11.42913,3.21815],"rotation":{"angle":-22.5,"axis":"x","origin":[7.99,9.1884,1.5553]},"faces":{"east":{"uv":[7.33333,3.33333,5.66667,4.08333],"texture":"#5"},"west":{"uv":[5.66667,3.33333,7.33333,4.08333],"texture":"#5"}}},{"from":[7.995,8.0634,-1.18492],"to":[8.005,10.3134,3.09008],"rotation":{"angle":-45,"axis":"x","origin":[7.995,9.1884,1.5553]},"faces":{"east":{"uv":[7.33333,2,5.66667,2.75],"texture":"#5"},"west":{"uv":[5.66667,2,7.33333,2.75],"texture":"#5"}}},{"from":[8,6.22625,1.54602],"to":[8,10.17625,3.79602],"rotation":{"angle":22.5,"axis":"x","origin":[8,9.1884,1.5553]},"faces":{"east":{"uv":[2.41667,5.33333,1.66667,7],"texture":"#5"},"west":{"uv":[1.66667,5.33333,2.41667,7],"texture":"#5"}}},{"from":[7.49725,5.25,-2.2389],"to":[7.52725,17.25,0.7611],"rotation":{"angle":-22.5,"axis":"y","origin":[7.52725,7.25,-2.2389]},"faces":{"east":{"uv":[3.55556,0,7.11111,14.22222],"texture":"#3"},"west":{"uv":[7.11111,0,3.55556,14.22222],"texture":"#3"}}},{"from":[6.3492,5.25,0.50978],"to":[6.3792,17.25,3.50978],"rotation":{"angle":22.5,"axis":"y","origin":[6.3792,7.25,0.50978]},"faces":{"east":{"uv":[0,0,3.48148,14.22222],"texture":"#3"},"west":{"uv":[3.48148,0,0,14.22222],"texture":"#3"}}},{"from":[7.49954,5.25,-2.25038],"to":[8.49954,17.25,-2.22038],"rotation":{"angle":0,"axis":"y","origin":[12.49954,7.25,-2.25038]},"faces":{"north":{"uv":[8.2963,0,7.11111,14.22222],"texture":"#3"},"south":{"uv":[7.11111,0,8.2963,14.22222],"texture":"#3"}}},{"from":[8.47046,5.25,-2.25],"to":[8.50046,17.25,0.75],"rotation":{"angle":22.5,"axis":"y","origin":[8.50046,7.25,-2.25]},"faces":{"east":{"uv":[11.85185,0,8.2963,14.22222],"texture":"#3"},"west":{"uv":[8.2963,0,11.85185,14.22222],"texture":"#3"}}},{"from":[9.61851,5.25,0.52164],"to":[9.64851,17.25,3.52164],"rotation":{"angle":-22.5,"axis":"y","origin":[9.64851,7.25,0.52164]},"faces":{"east":{"uv":[15.40741,0,11.85185,14.22222],"texture":"#3"},"west":{"uv":[11.85185,0,15.40741,14.22222],"texture":"#3"}}}],"gui_light":"front","display":{"thirdperson_righthand":{"translation":[0,3,0.75]},"thirdperson_lefthand":{"translation":[0,3,0.75]},"firstperson_righthand":{"rotation":[8,0,0],"translation":[2.5,3.5,0.25],"scale":[0.7,0.7,0.7]},"firstperson_lefthand":{"rotation":[8,0,0],"translation":[2.5,3.5,0.25],"scale":[0.7,0.7,0.7]},"ground":{"rotation":[-45,0,0],"translation":[0,5,0],"scale":[0.7,0.7,0.7]},"gui":{"rotation":[-90,45,90],"translation":[1,-0.25,0],"scale":[0.75,0.75,0.75]},"head":{"rotation":[0,-90,0]},"fixed":{"rotation":[0,-90,0],"translation":[0,4,-2.5],"scale":[2,2,2]}},"groups":[{"name":"axe","origin":[8.625,10.25,4.5],"color":0,"children":[0,1,2,3,4,5,6,7,8,9,10,11,12,13,14,15,16,17,18,19,20,21,22,23,24,25,26,27,28,29,30,31,32,33,34,35,36,37,38,39,40,41,42,43,44,45,46,47,48,49,50,51,52,53,54,55,56,57,58,59,60,61,62,63,64,65,66,67,68,69,70,71,72,73,74,75,76,77,78,79,80,81,82,83,84,85,86,87,88,89,90,91,92,93]}],"USER":"33672","NONCE":"2238fb43fad87426eb3c95ab6631a4ea","TIMESTAMP":"1738160249","RESOURCE":"13351","MCMODELS":"1","mcmodels":"2238fb43fad87426eb3c95ab6631a4ea"}