{"credit":"Pologony Creation Co.,Ltd.","texture_size":[8,8],"textures":{"2":"plny_lunar_new_year_2025:animated/animated_1","4":"plny_lunar_new_year_2025:animated/animated_2","5":"plny_lunar_new_year_2025:bow"},"elements":[{"from":[7.25,5.5,7.25],"to":[8.75,6.5,8.75],"rotation":{"angle":0,"axis":"y","origin":[7.25,5.5,6.75]},"faces":{"north":{"uv":[10.13333,1.6,10.53333,1.86667],"texture":"#5"},"east":{"uv":[10.13333,2.13333,10.53333,2.4],"texture":"#5"},"south":{"uv":[2.4,10.13333,2.8,10.4],"texture":"#5"},"west":{"uv":[10.13333,2.66667,10.53333,2.93333],"texture":"#5"},"up":{"uv":[9.46667,0.4,9.06667,0],"texture":"#5"}}},{"from":[7.375,6.5,7.375],"to":[8.625,9.5,8.625],"rotation":{"angle":0,"axis":"y","origin":[7.375,7.5,6.625]},"faces":{"north":{"uv":[6.66667,5.06667,7,5.86667],"texture":"#5"},"east":{"uv":[6.66667,6.13333,7,6.93333],"texture":"#5"},"south":{"uv":[6.93333,0,7.26667,0.8],"texture":"#5"},"west":{"uv":[2.66667,6.93333,3,7.73333],"texture":"#5"}}},{"from":[7,12,7],"to":[9,12.5,9],"rotation":{"angle":0,"axis":"y","origin":[7,7.5,7]},"faces":{"north":{"uv":[1.6,10.4,2.13333,10.53333],"texture":"#5"},"east":{"uv":[10.4,6.93333,10.93333,7.06667],"texture":"#5"},"south":{"uv":[10.4,8.53333,10.93333,8.66667],"texture":"#5"},"west":{"uv":[10.4,9.06667,10.93333,9.2],"texture":"#5"},"down":{"uv":[4.8,6.13333,4.26667,6.66667],"texture":"#5"}}},{"from":[7,10.5,7],"to":[9,11,9],"rotation":{"angle":0,"axis":"y","origin":[7,6,7]},"faces":{"north":{"uv":[10.13333,10.4,10.66667,10.53333],"texture":"#5"},"east":{"uv":[10.66667,0,11.2,0.13333],"texture":"#5"},"south":{"uv":[10.66667,0.53333,11.2,0.66667],"texture":"#5"},"west":{"uv":[10.66667,1.06667,11.2,1.2],"texture":"#5"},"up":{"uv":[6.4,6.93333,5.86667,6.4],"texture":"#5"},"down":{"uv":[1.33333,6.66667,0.8,7.2],"texture":"#5"}}},{"from":[7.125,11,7.125],"to":[8.875,12,8.875],"rotation":{"angle":0,"axis":"y","origin":[7.125,8,6.875]},"faces":{"north":{"uv":[8.53333,9.6,9,9.86667],"texture":"#5"},"east":{"uv":[9.6,8.53333,10.06667,8.8],"texture":"#5"},"south":{"uv":[9.6,9.06667,10.06667,9.33333],"texture":"#5"},"west":{"uv":[9.33333,9.6,9.8,9.86667],"texture":"#5"}}},{"from":[7,5,7],"to":[9,5.5,9],"rotation":{"angle":0,"axis":"y","origin":[7,10,7]},"faces":{"north":{"uv":[6.4,10.66667,6.93333,10.8],"texture":"#5"},"east":{"uv":[7.2,10.66667,7.73333,10.8],"texture":"#5"},"south":{"uv":[10.66667,9.6,11.2,9.73333],"texture":"#5"},"west":{"uv":[0,10.93333,0.53333,11.06667],"texture":"#5"},"up":{"uv":[7.2,4.8,6.66667,4.26667],"texture":"#5"},"down":{"uv":[5.6,6.66667,5.06667,7.2],"texture":"#5"}}},{"from":[7.125,4,7.125],"to":[8.875,5,8.875],"rotation":{"angle":0,"axis":"y","origin":[7.125,8,6.875]},"faces":{"north":{"uv":[9.86667,0,10.33333,0.26667],"texture":"#5"},"east":{"uv":[9.86667,0.53333,10.33333,0.8],"texture":"#5"},"south":{"uv":[9.86667,1.06667,10.33333,1.33333],"texture":"#5"},"west":{"uv":[1.6,9.86667,2.06667,10.13333],"texture":"#5"}}},{"from":[7,3.5,7],"to":[9,4,9],"rotation":{"angle":0,"axis":"y","origin":[7,8.5,7]},"faces":{"north":{"uv":[10.66667,4.8,11.2,4.93333],"texture":"#5"},"east":{"uv":[5.06667,10.66667,5.6,10.8],"texture":"#5"},"south":{"uv":[10.66667,5.33333,11.2,5.46667],"texture":"#5"},"west":{"uv":[10.66667,5.86667,11.2,6],"texture":"#5"},"up":{"uv":[7.2,2.4,6.66667,1.86667],"texture":"#5"}}},{"from":[7.25,9.5,7.25],"to":[8.75,10.5,8.75],"rotation":{"angle":0,"axis":"y","origin":[7.25,10.5,6.75]},"faces":{"north":{"uv":[3.2,10.13333,3.6,10.4],"texture":"#5"},"east":{"uv":[10.13333,3.73333,10.53333,4],"texture":"#5"},"south":{"uv":[4,10.13333,4.4,10.4],"texture":"#5"},"west":{"uv":[10.13333,4.26667,10.53333,4.53333],"texture":"#5"},"down":{"uv":[9.46667,0.8,9.06667,1.2],"texture":"#5"}}},{"from":[6.75,12.5,6.5],"to":[9.25,13.75,9.5],"rotation":{"angle":0,"axis":"y","origin":[7,12,6.5]},"faces":{"east":{"uv":[6.93333,1.06667,7.73333,1.4],"texture":"#5"},"west":{"uv":[1.6,7.2,2.4,7.53333],"texture":"#5"},"up":{"uv":[5.46667,0.8,4.8,0],"texture":"#5"},"down":{"uv":[5.46667,1.06667,4.8,1.86667],"texture":"#5"}}},{"from":[6.7475,11.19382,6.43612],"to":[9.2525,12.54382,7.43612],"rotation":{"angle":-22.5,"axis":"x","origin":[6.9975,10.79382,3.93612]},"faces":{"north":{"uv":[8,1.06667,8.66667,1.4],"texture":"#5"},"east":{"uv":[8.53333,10.13333,8.8,10.46667],"texture":"#5"},"south":{"uv":[1.6,8,2.26667,8.33333],"texture":"#5"},"west":{"uv":[9.06667,10.13333,9.33333,10.46667],"texture":"#5"},"up":{"uv":[9.2,3.73333,8.53333,3.46667],"texture":"#5"},"down":{"uv":[7.6,8.53333,6.93333,8.8],"texture":"#5"}}},{"from":[6.7475,11.19382,8.56388],"to":[9.2525,12.54382,9.56388],"rotation":{"angle":22.5,"axis":"x","origin":[6.9975,10.79382,12.06388]},"faces":{"north":{"uv":[2.66667,8,3.33333,8.33333],"texture":"#5"},"east":{"uv":[9.6,10.13333,9.86667,10.46667],"texture":"#5"},"south":{"uv":[8.26667,1.86667,8.93333,2.2],"texture":"#5"},"west":{"uv":[10.13333,9.6,10.4,9.93333],"texture":"#5"},"up":{"uv":[2.26667,9.06667,1.6,8.8],"texture":"#5"},"down":{"uv":[3.33333,8.8,2.66667,9.06667],"texture":"#5"}}},{"from":[7,13.75,3],"to":[9,14.75,8.5],"rotation":{"angle":0,"axis":"y","origin":[7,13.75,4]},"faces":{"north":{"uv":[6.66667,2.66667,7.2,2.93333],"texture":"#5"},"east":{"uv":[5.86667,3.2,7.33333,3.46667],"texture":"#5"},"south":{"uv":[5.06667,9.33333,5.6,9.6],"texture":"#5"},"west":{"uv":[5.86667,3.73333,7.33333,4],"texture":"#5"},"up":{"uv":[4,5.73333,3.46667,4.26667],"texture":"#5"},"down":{"uv":[4.8,4.26667,4.26667,5.73333],"texture":"#5"}}},{"from":[7,12.75,5],"to":[9,13.75,8.5],"rotation":{"angle":0,"axis":"y","origin":[7,12.75,4]},"faces":{"north":{"uv":[0,9.6,0.53333,9.86667],"texture":"#5"},"east":{"uv":[7.73333,0,8.66667,0.26667],"texture":"#5"},"south":{"uv":[0.8,9.6,1.33333,9.86667],"texture":"#5"},"west":{"uv":[7.73333,0.53333,8.66667,0.8],"texture":"#5"},"down":{"uv":[5.33333,2.13333,4.8,3.06667],"texture":"#5"}}},{"from":[7.0035,12.90328,4.7706],"to":[8.9965,13.90328,5.7706],"rotation":{"angle":-22.5,"axis":"x","origin":[8.0035,13.40328,5.2706]},"faces":{"north":{"uv":[9.6,3.2,10.13333,3.46667],"texture":"#5"},"east":{"uv":[4.53333,6.93333,4.8,7.2],"texture":"#5"},"west":{"uv":[5.86667,10.4,6.13333,10.66667],"texture":"#5"}}},{"from":[7.0085,13.59619,3.94239],"to":[8.9915,14.59619,5.44239],"rotation":{"angle":22.5,"axis":"x","origin":[8.0085,14.09619,4.44239]},"faces":{"east":{"uv":[6.4,10.13333,6.8,10.4],"texture":"#5"},"west":{"uv":[7.2,10.13333,7.6,10.4],"texture":"#5"},"down":{"uv":[4.26667,8,3.73333,8.4],"texture":"#5"}}},{"from":[7,1.25,3],"to":[9,2.25,8.5],"rotation":{"angle":0,"axis":"y","origin":[7,2.25,4]},"faces":{"north":{"uv":[6.66667,2.93333,7.2,2.66667],"texture":"#5"},"east":{"uv":[5.86667,3.46667,7.33333,3.2],"texture":"#5"},"south":{"uv":[5.06667,9.6,5.6,9.33333],"texture":"#5"},"west":{"uv":[5.86667,4,7.33333,3.73333],"texture":"#5"},"up":{"uv":[4.8,5.73333,4.26667,4.26667],"texture":"#5"},"down":{"uv":[4,4.26667,3.46667,5.73333],"texture":"#5"}}},{"from":[7,2.25,5],"to":[9,3.25,8.5],"rotation":{"angle":0,"axis":"y","origin":[7,3.25,4]},"faces":{"north":{"uv":[0,9.86667,0.53333,9.6],"texture":"#5"},"east":{"uv":[7.73333,0.26667,8.66667,0],"texture":"#5"},"south":{"uv":[0.8,9.86667,1.33333,9.6],"texture":"#5"},"west":{"uv":[7.73333,0.8,8.66667,0.53333],"texture":"#5"},"up":{"uv":[5.33333,3.06667,4.8,2.13333],"texture":"#5"}}},{"from":[7.0035,2.09672,4.7706],"to":[8.9965,3.09672,5.7706],"rotation":{"angle":22.5,"axis":"x","origin":[8.0035,2.59672,5.2706]},"faces":{"north":{"uv":[9.6,3.46667,10.13333,3.2],"texture":"#5"},"east":{"uv":[4.53333,7.2,4.8,6.93333],"texture":"#5"},"west":{"uv":[5.86667,10.66667,6.13333,10.4],"texture":"#5"}}},{"from":[7.0085,1.40381,3.94239],"to":[8.9915,2.40381,5.44239],"rotation":{"angle":-22.5,"axis":"x","origin":[8.0085,1.90381,4.44239]},"faces":{"east":{"uv":[6.4,10.4,6.8,10.13333],"texture":"#5"},"west":{"uv":[7.2,10.4,7.6,10.13333],"texture":"#5"},"up":{"uv":[4.26667,8.4,3.73333,8],"texture":"#5"}}},{"from":[6.7475,3.45618,6.43612],"to":[9.2525,4.80618,7.43612],"rotation":{"angle":22.5,"axis":"x","origin":[6.9975,5.20618,3.93612]},"faces":{"north":{"uv":[8,1.4,8.66667,1.06667],"texture":"#5"},"east":{"uv":[8.53333,10.46667,8.8,10.13333],"texture":"#5"},"south":{"uv":[1.6,8.33333,2.26667,8],"texture":"#5"},"west":{"uv":[9.06667,10.46667,9.33333,10.13333],"texture":"#5"},"up":{"uv":[7.6,8.8,6.93333,8.53333],"texture":"#5"},"down":{"uv":[9.2,3.46667,8.53333,3.73333],"texture":"#5"}}},{"from":[6.75,2.25,6.5],"to":[9.25,3.5,9.5],"rotation":{"angle":0,"axis":"y","origin":[7,4,6.5]},"faces":{"east":{"uv":[6.93333,1.4,7.73333,1.06667],"texture":"#5"},"west":{"uv":[1.6,7.53333,2.4,7.2],"texture":"#5"},"up":{"uv":[5.46667,1.86667,4.8,1.06667],"texture":"#5"},"down":{"uv":[5.46667,0,4.8,0.8],"texture":"#5"}}},{"from":[6.7475,3.45618,8.56388],"to":[9.2525,4.80618,9.56388],"rotation":{"angle":-22.5,"axis":"x","origin":[6.9975,5.20618,12.06388]},"faces":{"north":{"uv":[2.66667,8.33333,3.33333,8],"texture":"#5"},"east":{"uv":[9.6,10.46667,9.86667,10.13333],"texture":"#5"},"south":{"uv":[8.26667,2.2,8.93333,1.86667],"texture":"#5"},"west":{"uv":[10.13333,9.93333,10.4,9.6],"texture":"#5"},"up":{"uv":[3.33333,9.06667,2.66667,8.8],"texture":"#5"},"down":{"uv":[2.26667,8.8,1.6,9.06667],"texture":"#5"}}},{"from":[7.25,14.5,6.25],"to":[8.75,18.75,9.75],"rotation":{"angle":22.5,"axis":"x","origin":[8,15.6875,7.43879]},"faces":{"north":{"uv":[5.06667,3.46667,5.46667,4.6],"texture":"#5"},"east":{"uv":[0.8,4.26667,1.73333,5.4],"texture":"#5"},"south":{"uv":[5.06667,5.06667,5.46667,6.2],"texture":"#5"},"west":{"uv":[2.13333,4.26667,3.06667,5.4],"texture":"#5"},"up":{"uv":[2.26667,6.8,1.86667,5.86667],"texture":"#5"}}},{"from":[7.375,14.586,4.68843],"to":[8.625,17.336,6.93843],"rotation":{"angle":0,"axis":"x","origin":[8,15.6875,7.43879]},"faces":{"north":{"uv":[7.73333,2.93333,8.06667,3.66667],"texture":"#5"},"east":{"uv":[5.6,2.13333,6.2,2.86667],"texture":"#5"},"west":{"uv":[5.86667,0,6.46667,0.73333],"texture":"#5"},"up":{"uv":[8.6,8.33333,8.26667,7.73333],"texture":"#5"},"down":{"uv":[1.13333,8.53333,0.8,9.13333],"texture":"#5"}}},{"from":[6.5035,14.25,7],"to":[9.4965,15.25,9],"rotation":{"angle":22.5,"axis":"x","origin":[8,15.6875,7.43879]},"faces":{"east":{"uv":[6.4,9.6,6.93333,9.86667],"texture":"#5"},"west":{"uv":[9.6,6.4,10.13333,6.66667],"texture":"#5"},"up":{"uv":[1.6,6.4,0.8,5.86667],"texture":"#5"},"down":{"uv":[6.66667,1.06667,5.86667,1.6],"texture":"#5"}}},{"from":[6.75,15.25,7.25],"to":[9.25,15.75,8.75],"rotation":{"angle":22.5,"axis":"x","origin":[8,15.6875,7.43879]},"faces":{"north":{"uv":[10.4,3.2,11.06667,3.33333],"texture":"#5"},"east":{"uv":[10.93333,8,11.33333,8.13333],"texture":"#5"},"south":{"uv":[10.4,6.4,11.06667,6.53333],"texture":"#5"},"west":{"uv":[8.8,10.93333,9.2,11.06667],"texture":"#5"},"up":{"uv":[4.13333,7.6,3.46667,7.2],"texture":"#5"}}},{"from":[6.5,14.19151,6.83351],"to":[9.5,15.26651,7.58351],"rotation":{"angle":45,"axis":"x","origin":[8,15.6875,7.43879]},"faces":{"north":{"uv":[8.26667,4,9.06667,4.26667],"texture":"#5"},"east":{"uv":[5.86667,10.93333,6.06667,11.2],"texture":"#5"},"south":{"uv":[8.26667,4.53333,9.06667,4.8],"texture":"#5"},"west":{"uv":[9.6,10.93333,9.8,11.2],"texture":"#5"},"up":{"uv":[7.73333,9.26667,6.93333,9.06667],"texture":"#5"},"down":{"uv":[9.86667,7.46667,9.06667,7.66667],"texture":"#5"}}},{"from":[6.5,13.76198,8.33105],"to":[9.5,14.83698,9.08105],"rotation":{"angle":0,"axis":"x","origin":[8,15.6875,7.43879]},"faces":{"north":{"uv":[8.26667,5.06667,9.06667,5.33333],"texture":"#5"},"east":{"uv":[10.13333,10.93333,10.33333,11.2],"texture":"#5"},"south":{"uv":[5.33333,8.26667,6.13333,8.53333],"texture":"#5"},"west":{"uv":[10.93333,10.13333,11.13333,10.4],"texture":"#5"},"up":{"uv":[9.86667,8.2,9.06667,8],"texture":"#5"},"down":{"uv":[2.4,9.33333,1.6,9.53333],"texture":"#5"}}},{"from":[7.25,16.00845,11.18717],"to":[8.75,16.50845,12.68717],"rotation":{"angle":22.5,"axis":"x","origin":[8,16.575,14.01327]},"faces":{"north":{"uv":[10.66667,10.93333,11.06667,11.06667],"texture":"#5"},"east":{"uv":[2.4,11.2,2.8,11.33333],"texture":"#5"},"south":{"uv":[3.2,11.2,3.6,11.33333],"texture":"#5"},"west":{"uv":[4,11.2,4.4,11.33333],"texture":"#5"},"up":{"uv":[9.73333,2,9.33333,1.6],"texture":"#5"},"down":{"uv":[9.73333,2.4,9.33333,2.8],"texture":"#5"}}},{"from":[7.25,16.50845,11.18717],"to":[8.75,17.00845,11.68717],"rotation":{"angle":22.5,"axis":"x","origin":[8,16.575,14.01327]},"faces":{"north":{"uv":[4.8,11.2,5.2,11.33333],"texture":"#5"},"east":{"uv":[10.13333,11.46667,10.26667,11.6],"texture":"#5"},"south":{"uv":[6.4,11.2,6.8,11.33333],"texture":"#5"},"west":{"uv":[11.46667,10.4,11.6,10.53333],"texture":"#5"}}},{"from":[7.25,16.50845,12.18717],"to":[8.75,17.00845,12.68717],"rotation":{"angle":22.5,"axis":"x","origin":[8,16.575,14.01327]},"faces":{"north":{"uv":[11.2,6.93333,11.6,7.06667],"texture":"#5"},"east":{"uv":[10.66667,11.46667,10.8,11.6],"texture":"#5"},"south":{"uv":[7.2,11.2,7.6,11.33333],"texture":"#5"},"west":{"uv":[11.46667,10.93333,11.6,11.06667],"texture":"#5"}}},{"from":[7.25,17.00845,11.18717],"to":[8.75,17.50845,12.68717],"rotation":{"angle":22.5,"axis":"x","origin":[8,16.575,14.01327]},"faces":{"north":{"uv":[11.2,8.53333,11.6,8.66667],"texture":"#5"},"east":{"uv":[11.2,9.06667,11.6,9.2],"texture":"#5"},"south":{"uv":[0,11.46667,0.4,11.6],"texture":"#5"},"west":{"uv":[11.46667,0,11.86667,0.13333],"texture":"#5"},"up":{"uv":[3.06667,9.73333,2.66667,9.33333],"texture":"#5"},"down":{"uv":[3.86667,9.33333,3.46667,9.73333],"texture":"#5"}}},{"from":[8,-3,3.25],"to":[8.02,1.25,3.75],"rotation":{"angle":0,"axis":"y","origin":[8,-1.75,3.75]},"faces":{"east":{"uv":[5.86667,8.8,6,9.93333],"texture":"#5"},"west":{"uv":[9.33333,4.8,9.46667,5.93333],"texture":"#5"}}},{"from":[7.875,0.18934,3.25],"to":[8.125,0.68934,3.75],"rotation":{"angle":45,"axis":"x","origin":[8,-0.06066,3.5]},"faces":{"east":{"uv":[11.2,11.46667,11.33333,11.6],"texture":"#5"},"west":{"uv":[1.86667,11.73333,2,11.86667],"texture":"#5"},"up":{"uv":[4.6,11.86667,4.53333,11.73333],"texture":"#5"},"down":{"uv":[5.13333,11.73333,5.06667,11.86667],"texture":"#5"}}},{"from":[7.875,-0.81066,3.25],"to":[8.125,-0.31066,3.75],"rotation":{"angle":45,"axis":"x","origin":[8,-0.06066,3.5]},"faces":{"east":{"uv":[2.4,11.73333,2.53333,11.86667],"texture":"#5"},"west":{"uv":[2.93333,11.73333,3.06667,11.86667],"texture":"#5"},"up":{"uv":[6.2,11.86667,6.13333,11.73333],"texture":"#5"},"down":{"uv":[6.73333,11.73333,6.66667,11.86667],"texture":"#5"}}},{"from":[7.875,-0.81066,2.75],"to":[8.125,0.68934,3.25],"rotation":{"angle":45,"axis":"x","origin":[8,-0.06066,3.5]},"faces":{"north":{"uv":[8.53333,11.46667,8.6,11.86667],"texture":"#5"},"east":{"uv":[11.46667,0.53333,11.6,0.93333],"texture":"#5"},"south":{"uv":[9.06667,11.46667,9.13333,11.86667],"texture":"#5"},"west":{"uv":[0.8,11.46667,0.93333,11.86667],"texture":"#5"},"up":{"uv":[7.26667,11.86667,7.2,11.73333],"texture":"#5"},"down":{"uv":[11.8,7.46667,11.73333,7.6],"texture":"#5"}}},{"from":[7.875,-0.81066,3.75],"to":[8.125,0.68934,4.25],"rotation":{"angle":45,"axis":"x","origin":[8,-0.06066,3.5]},"faces":{"north":{"uv":[9.6,11.46667,9.66667,11.86667],"texture":"#5"},"east":{"uv":[1.33333,11.46667,1.46667,11.86667],"texture":"#5"},"south":{"uv":[11.46667,9.6,11.53333,10],"texture":"#5"},"west":{"uv":[11.46667,1.33333,11.6,1.73333],"texture":"#5"},"up":{"uv":[11.8,8.13333,11.73333,8],"texture":"#5"},"down":{"uv":[11.8,11.46667,11.73333,11.6],"texture":"#5"}}},{"from":[7.75,-2.5,2.75],"to":[8.25,-2,4],"rotation":{"angle":-45,"axis":"x","origin":[7.75,-2.5,2]},"faces":{"north":{"uv":[3.46667,11.73333,3.6,11.86667],"texture":"#5"},"east":{"uv":[11.46667,4.26667,11.8,4.4],"texture":"#5"},"south":{"uv":[4,11.73333,4.13333,11.86667],"texture":"#5"},"west":{"uv":[11.46667,4.8,11.8,4.93333],"texture":"#5"},"up":{"uv":[11.6,5.66667,11.46667,5.33333],"texture":"#5"},"down":{"uv":[5.73333,11.46667,5.6,11.8],"texture":"#5"}}},{"from":[7.75,-3.25,2.75],"to":[8.25,-2.75,4],"rotation":{"angle":-45,"axis":"x","origin":[7.75,-3.25,2]},"faces":{"north":{"uv":[3.46667,11.73333,3.6,11.86667],"texture":"#5"},"east":{"uv":[11.46667,4.26667,11.8,4.4],"texture":"#5"},"south":{"uv":[4,11.73333,4.13333,11.86667],"texture":"#5"},"west":{"uv":[11.46667,4.8,11.8,4.93333],"texture":"#5"},"up":{"uv":[11.6,5.66667,11.46667,5.33333],"texture":"#5"},"down":{"uv":[5.73333,11.46667,5.6,11.8],"texture":"#5"}}},{"from":[7.75,-4,2.75],"to":[8.25,-3.5,4],"rotation":{"angle":-45,"axis":"x","origin":[7.75,-4,2]},"faces":{"north":{"uv":[3.46667,11.73333,3.6,11.86667],"texture":"#5"},"east":{"uv":[11.46667,4.26667,11.8,4.4],"texture":"#5"},"south":{"uv":[4,11.73333,4.13333,11.86667],"texture":"#5"},"west":{"uv":[11.46667,4.8,11.8,4.93333],"texture":"#5"},"up":{"uv":[11.6,5.66667,11.46667,5.33333],"texture":"#5"},"down":{"uv":[5.73333,11.46667,5.6,11.8],"texture":"#5"}}},{"from":[7.75,-2.5,3],"to":[8.25,-2,4.25],"rotation":{"angle":45,"axis":"x","origin":[7.75,-2.5,5]},"faces":{"north":{"uv":[4.13333,11.73333,4,11.86667],"texture":"#5"},"east":{"uv":[11.8,4.26667,11.46667,4.4],"texture":"#5"},"south":{"uv":[3.6,11.73333,3.46667,11.86667],"texture":"#5"},"west":{"uv":[11.8,4.8,11.46667,4.93333],"texture":"#5"},"up":{"uv":[11.6,5.33333,11.46667,5.66667],"texture":"#5"},"down":{"uv":[5.73333,11.8,5.6,11.46667],"texture":"#5"}}},{"from":[7.75,-3.25,3],"to":[8.25,-2.75,4.25],"rotation":{"angle":45,"axis":"x","origin":[7.75,-3.25,5]},"faces":{"north":{"uv":[4.13333,11.73333,4,11.86667],"texture":"#5"},"east":{"uv":[11.8,4.26667,11.46667,4.4],"texture":"#5"},"south":{"uv":[3.6,11.73333,3.46667,11.86667],"texture":"#5"},"west":{"uv":[11.8,4.8,11.46667,4.93333],"texture":"#5"},"up":{"uv":[11.6,5.33333,11.46667,5.66667],"texture":"#5"},"down":{"uv":[5.73333,11.8,5.6,11.46667],"texture":"#5"}}},{"from":[7.75,-4,3],"to":[8.25,-3.5,4.25],"rotation":{"angle":45,"axis":"x","origin":[7.75,-4,5]},"faces":{"north":{"uv":[4.13333,11.73333,4,11.86667],"texture":"#5"},"east":{"uv":[11.8,4.26667,11.46667,4.4],"texture":"#5"},"south":{"uv":[3.6,11.73333,3.46667,11.86667],"texture":"#5"},"west":{"uv":[11.8,4.8,11.46667,4.93333],"texture":"#5"},"up":{"uv":[11.6,5.33333,11.46667,5.66667],"texture":"#5"},"down":{"uv":[5.73333,11.8,5.6,11.46667],"texture":"#5"}}},{"from":[7.625,-4.25,3.125],"to":[8.375,-3,3.875],"rotation":{"angle":0,"axis":"y","origin":[8.125,-3.625,3.375]},"faces":{"north":{"uv":[10.93333,1.6,11.13333,1.93333],"texture":"#5"},"east":{"uv":[1.86667,10.93333,2.06667,11.26667],"texture":"#5"},"south":{"uv":[10.93333,2.4,11.13333,2.73333],"texture":"#5"},"west":{"uv":[10.93333,3.73333,11.13333,4.06667],"texture":"#5"},"up":{"uv":[11.66667,6.33333,11.46667,6.13333],"texture":"#5"},"down":{"uv":[8.2,11.46667,8,11.66667],"texture":"#5"}}},{"from":[7.475,14.95,12.025],"to":[8.525,15.95,15.025],"rotation":{"angle":45,"axis":"x","origin":[7.975,16.575,14.01327]},"faces":{"north":{"uv":[8,10.4,8.26667,10.66667],"texture":"#5"},"east":{"uv":[8.26667,5.6,9.06667,5.86667],"texture":"#5"},"south":{"uv":[2.4,10.66667,2.66667,10.93333],"texture":"#5"},"west":{"uv":[8.26667,6.13333,9.06667,6.4],"texture":"#5"},"up":{"uv":[6.66667,9.06667,6.4,8.26667],"texture":"#5"},"down":{"uv":[8.53333,6.66667,8.26667,7.46667],"texture":"#5"}}},{"from":[7.5035,15.6104,13.78381],"to":[8.4965,16.6104,14.70881],"rotation":{"angle":22.5,"axis":"x","origin":[8,16.575,14.01327]},"faces":{"north":{"uv":[2.93333,10.66667,3.2,10.93333],"texture":"#5"},"east":{"uv":[3.46667,10.66667,3.73333,10.93333],"texture":"#5"},"south":{"uv":[4,10.66667,4.26667,10.93333],"texture":"#5"},"west":{"uv":[4.53333,10.66667,4.8,10.93333],"texture":"#5"}}},{"from":[7.25,16.45,13.525],"to":[8.75,17.45,16.025],"rotation":{"angle":45,"axis":"x","origin":[8,16.575,14.01327]},"faces":{"north":{"uv":[10.13333,7.46667,10.53333,7.73333],"texture":"#5"},"east":{"uv":[3.73333,8.8,4.4,9.06667],"texture":"#5"},"south":{"uv":[10.13333,8,10.53333,8.26667],"texture":"#5"},"west":{"uv":[4.8,8.8,5.46667,9.06667],"texture":"#5"},"up":{"uv":[6.26667,7.86667,5.86667,7.2],"texture":"#5"},"down":{"uv":[7.06667,7.2,6.66667,7.86667],"texture":"#5"}}},{"from":[7.25,17.45,13.525],"to":[8.75,17.95,15.275],"rotation":{"angle":45,"axis":"x","origin":[8,16.575,14.01327]},"faces":{"north":{"uv":[11.46667,2.13333,11.86667,2.26667],"texture":"#5"},"east":{"uv":[10.93333,7.46667,11.4,7.6],"texture":"#5"},"south":{"uv":[11.46667,2.66667,11.86667,2.8],"texture":"#5"},"west":{"uv":[8,10.93333,8.46667,11.06667],"texture":"#5"},"up":{"uv":[8.93333,3.13333,8.53333,2.66667],"texture":"#5"}}},{"from":[7.625,13.78733,14.88804],"to":[8.375,14.78733,14.89804],"rotation":{"angle":-22.5,"axis":"x","origin":[8,16.575,14.01327]},"faces":{"north":{"uv":[11.46667,3.2,11.66667,3.46667],"texture":"#5"},"south":{"uv":[11.46667,3.73333,11.66667,4],"texture":"#5"}}},{"from":[7.25,-0.50845,11.18717],"to":[8.75,-0.00845,12.68717],"rotation":{"angle":-22.5,"axis":"x","origin":[8,-0.575,14.01327]},"faces":{"north":{"uv":[10.66667,11.06667,11.06667,10.93333],"texture":"#5"},"east":{"uv":[2.4,11.33333,2.8,11.2],"texture":"#5"},"south":{"uv":[3.2,11.33333,3.6,11.2],"texture":"#5"},"west":{"uv":[4,11.33333,4.4,11.2],"texture":"#5"},"up":{"uv":[9.73333,2.8,9.33333,2.4],"texture":"#5"},"down":{"uv":[9.73333,1.6,9.33333,2],"texture":"#5"}}},{"from":[7.25,-1.00845,12.18717],"to":[8.75,-0.50845,12.68717],"rotation":{"angle":-22.5,"axis":"x","origin":[8,-0.575,14.01327]},"faces":{"north":{"uv":[11.2,7.06667,11.6,6.93333],"texture":"#5"},"east":{"uv":[10.66667,11.6,10.8,11.46667],"texture":"#5"},"south":{"uv":[7.2,11.33333,7.6,11.2],"texture":"#5"},"west":{"uv":[11.46667,11.06667,11.6,10.93333],"texture":"#5"}}},{"from":[7.25,-1.50845,11.18717],"to":[8.75,-1.00845,12.68717],"rotation":{"angle":-22.5,"axis":"x","origin":[8,-0.575,14.01327]},"faces":{"north":{"uv":[11.2,8.66667,11.6,8.53333],"texture":"#5"},"east":{"uv":[11.2,9.2,11.6,9.06667],"texture":"#5"},"south":{"uv":[0,11.6,0.4,11.46667],"texture":"#5"},"west":{"uv":[11.46667,0.13333,11.86667,0],"texture":"#5"},"up":{"uv":[3.86667,9.73333,3.46667,9.33333],"texture":"#5"},"down":{"uv":[3.06667,9.33333,2.66667,9.73333],"texture":"#5"}}},{"from":[7.25,-1.00845,11.18717],"to":[8.75,-0.50845,11.68717],"rotation":{"angle":-22.5,"axis":"x","origin":[8,-0.575,14.01327]},"faces":{"north":{"uv":[4.8,11.33333,5.2,11.2],"texture":"#5"},"east":{"uv":[10.13333,11.6,10.26667,11.46667],"texture":"#5"},"south":{"uv":[6.4,11.33333,6.8,11.2],"texture":"#5"},"west":{"uv":[11.46667,10.53333,11.6,10.4],"texture":"#5"}}},{"from":[7.475,0.05,12.025],"to":[8.525,1.05,15.025],"rotation":{"angle":-45,"axis":"x","origin":[7.975,-0.575,14.01327]},"faces":{"north":{"uv":[8,10.66667,8.26667,10.4],"texture":"#5"},"east":{"uv":[8.26667,5.86667,9.06667,5.6],"texture":"#5"},"south":{"uv":[2.4,10.93333,2.66667,10.66667],"texture":"#5"},"west":{"uv":[8.26667,6.4,9.06667,6.13333],"texture":"#5"},"up":{"uv":[8.53333,7.46667,8.26667,6.66667],"texture":"#5"},"down":{"uv":[6.66667,8.26667,6.4,9.06667],"texture":"#5"}}},{"from":[7.5035,-0.6104,13.78381],"to":[8.4965,0.3896,14.70881],"rotation":{"angle":-22.5,"axis":"x","origin":[8,-0.575,14.01327]},"faces":{"north":{"uv":[2.93333,10.93333,3.2,10.66667],"texture":"#5"},"east":{"uv":[3.46667,10.93333,3.73333,10.66667],"texture":"#5"},"south":{"uv":[4,10.93333,4.26667,10.66667],"texture":"#5"},"west":{"uv":[4.53333,10.93333,4.8,10.66667],"texture":"#5"}}},{"from":[7.25,-1.45,13.525],"to":[8.75,-0.45,16.025],"rotation":{"angle":-45,"axis":"x","origin":[8,-0.575,14.01327]},"faces":{"north":{"uv":[10.13333,7.73333,10.53333,7.46667],"texture":"#5"},"east":{"uv":[3.73333,9.06667,4.4,8.8],"texture":"#5"},"south":{"uv":[10.13333,8.26667,10.53333,8],"texture":"#5"},"west":{"uv":[4.8,9.06667,5.46667,8.8],"texture":"#5"},"up":{"uv":[7.06667,7.86667,6.66667,7.2],"texture":"#5"},"down":{"uv":[6.26667,7.2,5.86667,7.86667],"texture":"#5"}}},{"from":[7.25,-1.95,13.525],"to":[8.75,-1.45,15.275],"rotation":{"angle":-45,"axis":"x","origin":[8,-0.575,14.01327]},"faces":{"north":{"uv":[11.46667,2.26667,11.86667,2.13333],"texture":"#5"},"east":{"uv":[10.93333,7.6,11.4,7.46667],"texture":"#5"},"south":{"uv":[11.46667,2.8,11.86667,2.66667],"texture":"#5"},"west":{"uv":[8,11.06667,8.46667,10.93333],"texture":"#5"},"down":{"uv":[8.93333,2.66667,8.53333,3.13333],"texture":"#5"}}},{"from":[7.625,1.21267,14.88804],"to":[8.375,2.21267,14.89804],"rotation":{"angle":22.5,"axis":"x","origin":[8,-0.575,14.01327]},"faces":{"north":{"uv":[11.46667,3.46667,11.66667,3.2],"texture":"#5"},"south":{"uv":[11.46667,4,11.66667,3.73333],"texture":"#5"}}},{"from":[6.25,11.25,4],"to":[6.25,19.25,12],"rotation":{"angle":0,"axis":"y","origin":[6.25,11.25,4]},"faces":{"west":{"uv":[0,0,16,16],"texture":"#4"}}},{"from":[9.75,11.25,4],"to":[9.75,19.25,12],"rotation":{"angle":0,"axis":"y","origin":[9.75,11.25,12]},"faces":{"east":{"uv":[0,0,16,16],"texture":"#4"}}},{"from":[6.25,-3.25,4],"to":[6.25,4.75,12],"rotation":{"angle":0,"axis":"y","origin":[6.25,4.75,4]},"faces":{"west":{"uv":[0,16,16,0],"texture":"#4"}}},{"from":[9.75,-3.25,4],"to":[9.75,4.75,12],"rotation":{"angle":0,"axis":"y","origin":[9.75,4.75,12]},"faces":{"east":{"uv":[0,16,16,0],"texture":"#4"}}},{"from":[7.25,0.37495,7.5],"to":[8.75,3.37495,9],"rotation":{"angle":-22.5,"axis":"x","origin":[8,0.37495,11.25]},"faces":{"north":{"uv":[2.66667,5.86667,3.06667,6.66667],"texture":"#5"},"east":{"uv":[5.86667,4.26667,6.26667,5.06667],"texture":"#5"},"south":{"uv":[5.86667,5.33333,6.26667,6.13333],"texture":"#5"},"west":{"uv":[3.46667,6.13333,3.86667,6.93333],"texture":"#5"},"up":{"uv":[9.73333,4.4,9.33333,4],"texture":"#5"},"down":{"uv":[4.66667,9.33333,4.26667,9.73333],"texture":"#5"}}},{"from":[7.375,-2.27623,9.26026],"to":[8.625,0.72377,10.51026],"rotation":{"angle":-45,"axis":"x","origin":[8,-1.86236,10.64668]},"faces":{"north":{"uv":[0.8,7.46667,1.13333,8.26667],"texture":"#5"},"east":{"uv":[7.46667,1.86667,7.8,2.66667],"texture":"#5"},"south":{"uv":[7.46667,4.26667,7.8,5.06667],"texture":"#5"},"west":{"uv":[4.53333,7.46667,4.86667,8.26667],"texture":"#5"},"down":{"uv":[10.2,4.8,9.86667,5.13333],"texture":"#5"}}},{"from":[7.375,15.27623,9.26026],"to":[8.625,18.27623,10.51026],"rotation":{"angle":45,"axis":"x","origin":[8,17.86236,10.64668]},"faces":{"north":{"uv":[7.46667,5.33333,7.8,6.13333],"texture":"#5"},"east":{"uv":[7.46667,6.4,7.8,7.2],"texture":"#5"},"south":{"uv":[7.46667,7.46667,7.8,8.26667],"texture":"#5"},"west":{"uv":[0,7.73333,0.33333,8.53333],"texture":"#5"},"up":{"uv":[0.33333,10.46667,0,10.13333],"texture":"#5"},"down":{"uv":[1.13333,10.13333,0.8,10.46667],"texture":"#5"}}},{"from":[7.375,16.27616,12.50449],"to":[8.625,18.27616,13.75449],"rotation":{"angle":45,"axis":"x","origin":[8,17.86236,10.64668]},"faces":{"north":{"uv":[0,8.8,0.33333,9.33333],"texture":"#5"},"east":{"uv":[8.8,6.66667,9.13333,7.2],"texture":"#5"},"south":{"uv":[8,8.8,8.33333,9.33333],"texture":"#5"},"west":{"uv":[8.8,8.8,9.13333,9.33333],"texture":"#5"},"up":{"uv":[5.4,10.2,5.06667,9.86667],"texture":"#5"},"down":{"uv":[10.2,5.6,9.86667,5.93333],"texture":"#5"}}},{"from":[7.5,17.12623,10.51026],"to":[8.5,18.12623,12.51026],"rotation":{"angle":45,"axis":"x","origin":[7.875,17.86236,10.64668]},"faces":{"north":{"uv":[0.8,10.93333,1.06667,11.2],"texture":"#5"},"east":{"uv":[9.6,6.93333,10.13333,7.2],"texture":"#5"},"south":{"uv":[1.33333,10.93333,1.6,11.2],"texture":"#5"},"west":{"uv":[7.2,9.6,7.73333,9.86667],"texture":"#5"},"up":{"uv":[5.6,8,5.33333,7.46667],"texture":"#5"},"down":{"uv":[8.26667,9.6,8,10.13333],"texture":"#5"}}},{"from":[7.5,-2.12623,10.51026],"to":[8.5,-1.12623,12.51026],"rotation":{"angle":-45,"axis":"x","origin":[7.875,-1.86236,10.64668]},"faces":{"north":{"uv":[0.8,11.2,1.06667,10.93333],"texture":"#5"},"east":{"uv":[9.6,7.2,10.13333,6.93333],"texture":"#5"},"south":{"uv":[1.33333,11.2,1.6,10.93333],"texture":"#5"},"west":{"uv":[7.2,9.86667,7.73333,9.6],"texture":"#5"},"up":{"uv":[8.26667,10.13333,8,9.6],"texture":"#5"},"down":{"uv":[5.6,7.46667,5.33333,8],"texture":"#5"}}},{"from":[7.375,-2.27616,12.50449],"to":[8.625,-0.27616,13.75449],"rotation":{"angle":-45,"axis":"x","origin":[8,-1.86236,10.64668]},"faces":{"north":{"uv":[0,9.33333,0.33333,8.8],"texture":"#5"},"east":{"uv":[8.8,7.2,9.13333,6.66667],"texture":"#5"},"south":{"uv":[8,9.33333,8.33333,8.8],"texture":"#5"},"west":{"uv":[8.8,9.33333,9.13333,8.8],"texture":"#5"},"up":{"uv":[10.2,5.93333,9.86667,5.6],"texture":"#5"},"down":{"uv":[5.4,9.86667,5.06667,10.2],"texture":"#5"}}},{"from":[8,0.75,11.5],"to":[8,15.25,16.5],"rotation":{"angle":0,"axis":"y","origin":[0,0,5.25]},"faces":{"east":{"uv":[4.53333,0,3.2,3.86667],"texture":"#5"},"west":{"uv":[3.2,0,4.53333,3.86667],"texture":"#5"}}},{"from":[7.125,7.985,3.25],"to":[8.875,8.015,15.25],"rotation":{"angle":0,"axis":"y","origin":[8,8,9.25]},"faces":{"up":{"uv":[0.46667,7.46667,0,4.26667],"texture":"#5"},"down":{"uv":[0.46667,4.26667,0,7.46667],"texture":"#5"}}},{"from":[7.985,7.125,3.25],"to":[8.015,8.875,15.25],"rotation":{"angle":0,"axis":"z","origin":[8,8,9.25]},"faces":{"east":{"uv":[0.46667,4.26667,0,7.46667],"rotation":270,"texture":"#5"},"west":{"uv":[0.46667,7.46667,0,4.26667],"rotation":270,"texture":"#5"}}},{"from":[9.49,6.75,10.5],"to":[9.5,27.75,11.5],"rotation":{"angle":45,"axis":"x","origin":[8,17.25,9.5]},"faces":{"east":{"uv":[2,0,2.66667,14],"texture":"#2"},"west":{"uv":[2.66667,0,2,14],"texture":"#2"}}},{"from":[9.49,6.75,7.5],"to":[9.5,27.75,10.5],"rotation":{"angle":45,"axis":"x","origin":[8,17.25,9.5]},"faces":{"east":{"uv":[2.66667,0,4.66667,14],"texture":"#2"},"west":{"uv":[4.66667,0,2.66667,14],"texture":"#2"}}},{"from":[6.5,6.75,7.5],"to":[9.5,27.75,7.51],"rotation":{"angle":45,"axis":"x","origin":[8,17.25,9.5]},"faces":{"north":{"uv":[4.66667,0,6.66667,14],"texture":"#2"},"south":{"uv":[6.66667,0,4.66667,14],"texture":"#2"}}},{"from":[6.5,6.75,7.5],"to":[6.51,27.75,8.5],"rotation":{"angle":45,"axis":"x","origin":[8,17.25,9.5]},"faces":{"east":{"uv":[7.33333,0,6.66667,14],"texture":"#2"},"west":{"uv":[6.66667,0,7.33333,14],"texture":"#2"}}},{"from":[6.5,6.75,8.5],"to":[6.51,27.75,11.5],"rotation":{"angle":45,"axis":"x","origin":[8,17.25,9.5]},"faces":{"east":{"uv":[9.33333,0,7.33333,14],"texture":"#2"},"west":{"uv":[7.33333,0,9.33333,14],"texture":"#2"}}},{"from":[6.5,6.75,11.49],"to":[9.5,27.75,11.5],"rotation":{"angle":45,"axis":"x","origin":[8,17.25,9.5]},"faces":{"north":{"uv":[2,0,0,14],"texture":"#2"},"south":{"uv":[0,0,2,14],"texture":"#2"}}},{"from":[6.5,-11.75,10.5],"to":[6.51,9.25,11.5],"rotation":{"angle":-45,"axis":"x","origin":[8,-1.25,9.5]},"faces":{"east":{"uv":[2,14,2.66667,0],"texture":"#2"},"west":{"uv":[2.66667,14,2,0],"texture":"#2"}}},{"from":[6.5,-11.75,7.5],"to":[6.51,9.25,10.5],"rotation":{"angle":-45,"axis":"x","origin":[8,-1.25,9.5]},"faces":{"east":{"uv":[2.66667,14,4.66667,0],"texture":"#2"},"west":{"uv":[4.66667,14,2.66667,0],"texture":"#2"}}},{"from":[6.5,-11.75,7.5],"to":[9.5,9.25,7.51],"rotation":{"angle":-45,"axis":"x","origin":[8,-1.25,9.5]},"faces":{"north":{"uv":[6.66667,14,4.66667,0],"texture":"#2"},"south":{"uv":[4.66667,14,6.66667,0],"texture":"#2"}}},{"from":[9.49,-11.75,7.5],"to":[9.5,9.25,8.5],"rotation":{"angle":-45,"axis":"x","origin":[8,-1.25,9.5]},"faces":{"east":{"uv":[7.33333,14,6.66667,0],"texture":"#2"},"west":{"uv":[6.66667,14,7.33333,0],"texture":"#2"}}},{"from":[9.49,-11.75,8.5],"to":[9.5,9.25,11.5],"rotation":{"angle":-45,"axis":"x","origin":[8,-1.25,9.5]},"faces":{"east":{"uv":[9.33333,14,7.33333,0],"texture":"#2"},"west":{"uv":[7.33333,14,9.33333,0],"texture":"#2"}}},{"from":[6.5,-11.75,11.49],"to":[9.5,9.25,11.5],"rotation":{"angle":-45,"axis":"x","origin":[8,-1.25,9.5]},"faces":{"north":{"uv":[0,14,2,0],"texture":"#2"},"south":{"uv":[2,14,0,0],"texture":"#2"}}}],"gui_light":"front","display":{"thirdperson_righthand":{"translation":[0,-2,0.75]},"thirdperson_lefthand":{"translation":[0,-2,0.75]},"firstperson_righthand":{"rotation":[18.71,4.94,-0.89],"translation":[4.5,3.5,-4],"scale":[0.7,0.7,0.7]},"firstperson_lefthand":{"rotation":[19.9,-35.05,-1.43],"translation":[6.75,1.9,-0.1],"scale":[0.7,0.7,0.7]},"ground":{"rotation":[45,0,0],"translation":[0,5,0],"scale":[0.7,0.7,0.7]},"gui":{"rotation":[-90,135,90],"translation":[-1,1,0],"scale":[0.8,0.8,0.8]},"head":{"rotation":[0,-90,0]},"fixed":{"rotation":[0,-90,0],"translation":[0,0,-2.5],"scale":[2,2,2]}},"groups":[{"name":"bow","origin":[8.625,10.25,4.5],"color":0,"children":[0,1,2,3,4,5,6,7,8,9,10,11,12,13,14,15,16,17,18,19,20,21,22,23,24,25,26,27,28,29,30,31,32,33,34,35,36,37,38,39,40,41,42,43,44,45,46,47,48,49,50,51,52,53,54,55,56,57,58,59,60,61,62,63,64,65,66,67,68,69,70,71,72,73,74,75,76,77,78,79,80,81,82,83,84]}],"USER":"33672","NONCE":"2238fb43fad87426eb3c95ab6631a4ea","TIMESTAMP":"1738160249","RESOURCE":"13351","MCMODELS":"1","mcmodels":"2238fb43fad87426eb3c95ab6631a4ea"}