{"credit":"Pologony Creation Co.,Ltd.","texture_size":[48,48],"textures":{"2":"plny_lunar_new_year_2025:animated/animated_1","3":"plny_lunar_new_year_2025:crossbow","4":"plny_lunar_new_year_2025:animated/animated_2","particle":"plny_lunar_new_year_2025:crossbow"},"elements":[{"from":[7.25,6.5,0],"to":[8.75,7.5,8.5],"rotation":{"angle":0,"axis":"y","origin":[7,6.5,1]},"faces":{"north":{"uv":[12,8.33333,12.5,8.66667],"texture":"#3"},"east":{"uv":[6.33333,6.66667,9.16667,7],"texture":"#3"},"south":{"uv":[12,10.66667,12.5,11],"texture":"#3"},"west":{"uv":[7.33333,4,10.16667,4.33333],"texture":"#3"},"down":{"uv":[5.83333,4.33333,5.33333,7.16667],"texture":"#3"}}},{"from":[7.2585,6.34619,0.94239],"to":[8.7415,7.34619,2.44239],"rotation":{"angle":22.5,"axis":"x","origin":[8.0085,6.84619,1.44239]},"faces":{"east":{"uv":[12,7,12.5,7.33333],"texture":"#3"},"west":{"uv":[12,7.66667,12.5,8],"texture":"#3"},"down":{"uv":[4.83333,11,4.33333,11.5],"texture":"#3"}}},{"from":[7.2535,5.65328,1.7706],"to":[8.7465,6.65328,2.7706],"rotation":{"angle":-22.5,"axis":"x","origin":[8.0035,6.15328,2.2706]},"faces":{"north":{"uv":[4.33333,12,4.83333,12.33333],"texture":"#3"},"east":{"uv":[12.66667,6,13,6.33333],"texture":"#3"},"west":{"uv":[6.66667,12.66667,7,13],"texture":"#3"}}},{"from":[7.25,5.5,2],"to":[8.75,6.5,8.5],"rotation":{"angle":0,"axis":"y","origin":[7,5.5,1]},"faces":{"north":{"uv":[12,0,12.5,0.33333],"texture":"#3"},"east":{"uv":[7.33333,4.66667,9.5,5],"texture":"#3"},"south":{"uv":[12,0.66667,12.5,1],"texture":"#3"},"west":{"uv":[7.33333,5.33333,9.5,5.66667],"texture":"#3"},"down":{"uv":[2.5,6.66667,2,8.83333],"texture":"#3"}}},{"from":[10.6739,10.17681,-0.95183],"to":[12.1739,10.67681,0.54817],"rotation":{"angle":22.5,"axis":"z","origin":[13.5,10.74336,-0.20183]},"faces":{"north":{"uv":[13.33333,5.66667,13.83333,5.83333],"texture":"#3"},"east":{"uv":[6.66667,13.33333,7.16667,13.5],"texture":"#3"},"south":{"uv":[7.66667,13.33333,8.16667,13.5],"texture":"#3"},"west":{"uv":[8.66667,13.33333,9.16667,13.5],"texture":"#3"},"up":{"uv":[8.5,11.16667,8,10.66667],"texture":"#3"},"down":{"uv":[9.5,10.66667,9,11.16667],"texture":"#3"}}},{"from":[10.6739,10.67681,-0.95183],"to":[11.1739,11.17681,0.54817],"rotation":{"angle":22.5,"axis":"z","origin":[13.5,10.74336,-0.20183]},"faces":{"north":{"uv":[2,14.33333,2.16667,14.5],"texture":"#3"},"east":{"uv":[9.66667,13.33333,10.16667,13.5],"texture":"#3"},"south":{"uv":[2.66667,14.33333,2.83333,14.5],"texture":"#3"},"west":{"uv":[10.66667,13.33333,11.16667,13.5],"texture":"#3"}}},{"from":[11.6739,10.67681,-0.95183],"to":[12.1739,11.17681,0.54817],"rotation":{"angle":22.5,"axis":"z","origin":[13.5,10.74336,-0.20183]},"faces":{"north":{"uv":[14.33333,2.66667,14.5,2.83333],"texture":"#3"},"east":{"uv":[13.33333,11.33333,13.83333,11.5],"texture":"#3"},"south":{"uv":[14.33333,3.33333,14.5,3.5],"texture":"#3"},"west":{"uv":[11.66667,13.33333,12.16667,13.5],"texture":"#3"}}},{"from":[10.6739,11.17681,-0.95183],"to":[12.1739,11.67681,0.54817],"rotation":{"angle":22.5,"axis":"z","origin":[13.5,10.74336,-0.20183]},"faces":{"north":{"uv":[13.33333,12,13.83333,12.16667],"texture":"#3"},"east":{"uv":[12.66667,13.33333,13.16667,13.5],"texture":"#3"},"south":{"uv":[13.33333,12.66667,13.83333,12.83333],"texture":"#3"},"west":{"uv":[13.66667,0,14.16667,0.16667],"texture":"#3"},"up":{"uv":[10.5,11.16667,10,10.66667],"texture":"#3"},"down":{"uv":[0.5,11,0,11.5],"texture":"#3"}}},{"from":[7.995,2.25,0.25],"to":[8.015,6.5,0.75],"rotation":{"angle":0,"axis":"y","origin":[7.995,3.5,0.75]},"faces":{"east":{"uv":[11.33333,7,11.5,8.41667],"texture":"#3"},"west":{"uv":[11.66667,1.33333,11.83333,2.75],"texture":"#3"}}},{"from":[7.87,5.43934,0.25],"to":[8.12,5.93934,0.75],"rotation":{"angle":45,"axis":"x","origin":[7.995,5.18934,0.5]},"faces":{"east":{"uv":[14.33333,4,14.5,4.16667],"texture":"#3"},"west":{"uv":[5,14.33333,5.16667,14.5],"texture":"#3"},"up":{"uv":[14.41667,9.16667,14.33333,9],"texture":"#3"},"down":{"uv":[14.41667,9.66667,14.33333,9.83333],"texture":"#3"}}},{"from":[7.87,4.43934,0.25],"to":[8.12,4.93934,0.75],"rotation":{"angle":45,"axis":"x","origin":[7.995,5.18934,0.5]},"faces":{"east":{"uv":[14.33333,5.33333,14.5,5.5],"texture":"#3"},"west":{"uv":[14.33333,7,14.5,7.16667],"texture":"#3"},"up":{"uv":[14.41667,11.5,14.33333,11.33333],"texture":"#3"},"down":{"uv":[14.41667,12,14.33333,12.16667],"texture":"#3"}}},{"from":[7.87,4.43934,-0.25],"to":[8.12,5.93934,0.25],"rotation":{"angle":45,"axis":"x","origin":[7.995,5.18934,0.5]},"faces":{"north":{"uv":[0.66667,14.33333,0.75,14.83333],"texture":"#3"},"east":{"uv":[13.66667,0.66667,13.83333,1.16667],"texture":"#3"},"south":{"uv":[14.33333,0.66667,14.41667,1.16667],"texture":"#3"},"west":{"uv":[13.66667,1.66667,13.83333,2.16667],"texture":"#3"},"up":{"uv":[14.41667,12.83333,14.33333,12.66667],"texture":"#3"},"down":{"uv":[13.41667,14.33333,13.33333,14.5],"texture":"#3"}}},{"from":[7.87,4.43934,0.75],"to":[8.12,5.93934,1.25],"rotation":{"angle":45,"axis":"x","origin":[7.995,5.18934,0.5]},"faces":{"north":{"uv":[1.33333,14.33333,1.41667,14.83333],"texture":"#3"},"east":{"uv":[13.66667,2.66667,13.83333,3.16667],"texture":"#3"},"south":{"uv":[14.33333,1.66667,14.41667,2.16667],"texture":"#3"},"west":{"uv":[13.66667,3.66667,13.83333,4.16667],"texture":"#3"},"up":{"uv":[14.41667,13.5,14.33333,13.33333],"texture":"#3"},"down":{"uv":[14.08333,14.33333,14,14.5],"texture":"#3"}}},{"from":[7.745,2.75,-0.25],"to":[8.245,3.25,1],"rotation":{"angle":-45,"axis":"x","origin":[7.745,2.75,-1]},"faces":{"north":{"uv":[14.33333,7.66667,14.5,7.83333],"texture":"#3"},"east":{"uv":[13.66667,10.66667,14.08333,10.83333],"texture":"#3"},"south":{"uv":[14.33333,8.33333,14.5,8.5],"texture":"#3"},"west":{"uv":[3.33333,14,3.75,14.16667],"texture":"#3"},"up":{"uv":[0.16667,14.41667,0,14],"texture":"#3"},"down":{"uv":[4.5,14,4.33333,14.41667],"texture":"#3"}}},{"from":[7.745,2,-0.25],"to":[8.245,2.5,1],"rotation":{"angle":-45,"axis":"x","origin":[7.745,2,-1]},"faces":{"north":{"uv":[14.33333,7.66667,14.5,7.83333],"texture":"#3"},"east":{"uv":[13.66667,10.66667,14.08333,10.83333],"texture":"#3"},"south":{"uv":[14.33333,8.33333,14.5,8.5],"texture":"#3"},"west":{"uv":[3.33333,14,3.75,14.16667],"texture":"#3"},"up":{"uv":[0.16667,14.41667,0,14],"texture":"#3"},"down":{"uv":[4.5,14,4.33333,14.41667],"texture":"#3"}}},{"from":[7.745,1.25,-0.25],"to":[8.245,1.75,1],"rotation":{"angle":-45,"axis":"x","origin":[7.745,1.25,-1]},"faces":{"north":{"uv":[14.33333,7.66667,14.5,7.83333],"texture":"#3"},"east":{"uv":[13.66667,10.66667,14.08333,10.83333],"texture":"#3"},"south":{"uv":[14.33333,8.33333,14.5,8.5],"texture":"#3"},"west":{"uv":[3.33333,14,3.75,14.16667],"texture":"#3"},"up":{"uv":[0.16667,14.41667,0,14],"texture":"#3"},"down":{"uv":[4.5,14,4.33333,14.41667],"texture":"#3"}}},{"from":[7.745,2.75,0],"to":[8.245,3.25,1.25],"rotation":{"angle":45,"axis":"x","origin":[7.745,2.75,2]},"faces":{"north":{"uv":[14.5,8.33333,14.33333,8.5],"texture":"#3"},"east":{"uv":[14.08333,10.66667,13.66667,10.83333],"texture":"#3"},"south":{"uv":[14.5,7.66667,14.33333,7.83333],"texture":"#3"},"west":{"uv":[3.75,14,3.33333,14.16667],"texture":"#3"},"up":{"uv":[0.16667,14,0,14.41667],"texture":"#3"},"down":{"uv":[4.5,14.41667,4.33333,14],"texture":"#3"}}},{"from":[7.745,2,0],"to":[8.245,2.5,1.25],"rotation":{"angle":45,"axis":"x","origin":[7.745,2,2]},"faces":{"north":{"uv":[14.5,8.33333,14.33333,8.5],"texture":"#3"},"east":{"uv":[14.08333,10.66667,13.66667,10.83333],"texture":"#3"},"south":{"uv":[14.5,7.66667,14.33333,7.83333],"texture":"#3"},"west":{"uv":[3.75,14,3.33333,14.16667],"texture":"#3"},"up":{"uv":[0.16667,14,0,14.41667],"texture":"#3"},"down":{"uv":[4.5,14.41667,4.33333,14],"texture":"#3"}}},{"from":[7.745,1.25,0],"to":[8.245,1.75,1.25],"rotation":{"angle":45,"axis":"x","origin":[7.745,1.25,2]},"faces":{"north":{"uv":[14.5,8.33333,14.33333,8.5],"texture":"#3"},"east":{"uv":[14.08333,10.66667,13.66667,10.83333],"texture":"#3"},"south":{"uv":[14.5,7.66667,14.33333,7.83333],"texture":"#3"},"west":{"uv":[3.75,14,3.33333,14.16667],"texture":"#3"},"up":{"uv":[0.16667,14,0,14.41667],"texture":"#3"},"down":{"uv":[4.5,14.41667,4.33333,14],"texture":"#3"}}},{"from":[7.62,1,0.125],"to":[8.37,2.25,0.875],"rotation":{"angle":0,"axis":"y","origin":[8.12,1.625,0.375]},"faces":{"north":{"uv":[0.66667,13.33333,0.91667,13.75],"texture":"#3"},"east":{"uv":[1.33333,13.33333,1.58333,13.75],"texture":"#3"},"south":{"uv":[2,13.33333,2.25,13.75],"texture":"#3"},"west":{"uv":[2.66667,13.33333,2.91667,13.75],"texture":"#3"},"up":{"uv":[6.25,14.25,6,14],"texture":"#3"},"down":{"uv":[6.91667,14,6.66667,14.25],"texture":"#3"}}},{"from":[11.51173,9.11836,-0.72683],"to":[14.51173,10.11836,0.32317],"rotation":{"angle":0,"axis":"x","origin":[13.5,10.74336,-0.20183]},"faces":{"north":{"uv":[7.33333,6,8.33333,6.33333],"texture":"#3"},"east":{"uv":[6,12.33333,6.33333,12.66667],"texture":"#3"},"south":{"uv":[10,8,11,8.33333],"texture":"#3"},"west":{"uv":[12.33333,10,12.66667,10.33333],"texture":"#3"},"up":{"uv":[9.33333,10.33333,8.33333,10],"texture":"#3"},"down":{"uv":[11,8.66667,10,9],"texture":"#3"}}},{"from":[13.27054,9.77876,-0.69833],"to":[14.19554,10.77876,0.29467],"rotation":{"angle":22.5,"axis":"z","origin":[13.5,10.74336,-0.20183]},"faces":{"north":{"uv":[0,12.66667,0.33333,13],"texture":"#3"},"east":{"uv":[3.33333,12.66667,3.66667,13],"texture":"#3"},"south":{"uv":[4,12.66667,4.33333,13],"texture":"#3"},"west":{"uv":[4.66667,12.66667,5,13],"texture":"#3"}}},{"from":[13.01173,10.61836,-0.95183],"to":[15.51173,11.61836,0.54817],"rotation":{"angle":0,"axis":"x","origin":[13.5,10.74336,-0.20183]},"faces":{"north":{"uv":[10.66667,0,11.5,0.33333],"texture":"#3"},"east":{"uv":[11.66667,6.33333,12.16667,6.66667],"texture":"#3"},"south":{"uv":[10.66667,0.66667,11.5,1],"texture":"#3"},"west":{"uv":[0,12,0.5,12.33333],"texture":"#3"},"up":{"uv":[10.5,6.5,9.66667,6],"texture":"#3"},"down":{"uv":[7.83333,9.66667,7,10.16667],"texture":"#3"}}},{"from":[13.01173,11.61836,-0.95183],"to":[14.76173,12.11836,0.54817],"rotation":{"angle":0,"axis":"x","origin":[13.5,10.74336,-0.20183]},"faces":{"north":{"uv":[3.33333,13.33333,3.91667,13.5],"texture":"#3"},"east":{"uv":[13.66667,4.66667,14.16667,4.83333],"texture":"#3"},"south":{"uv":[4.33333,13.33333,4.91667,13.5],"texture":"#3"},"west":{"uv":[13.66667,6.33333,14.16667,6.5],"texture":"#3"},"up":{"uv":[1.91667,10.83333,1.33333,10.33333],"texture":"#3"}}},{"from":[15.28767,11.61813,-0.57683],"to":[16.28767,11.62813,0.17317],"rotation":{"angle":-22.5,"axis":"z","origin":[13.5,10.74336,-0.20183]},"faces":{"up":{"uv":[5.66667,13.91667,5.33333,13.66667],"texture":"#3"},"down":{"uv":[14,7,13.66667,7.25],"texture":"#3"}}},{"from":[13.25,12.5,-2],"to":[21.25,12.5,6],"rotation":{"angle":-22.5,"axis":"y","origin":[20.25,15.25,-6]},"faces":{"up":{"uv":[0,0,16,16],"texture":"#4"},"down":{"uv":[16,0,0,16],"rotation":180,"texture":"#4"}}},{"from":[-5.25,12.5,-2],"to":[2.75,12.5,6],"rotation":{"angle":22.5,"axis":"y","origin":[-4.25,15.25,-6]},"faces":{"up":{"uv":[16,0,0,16],"texture":"#4"},"down":{"uv":[0,0,16,16],"rotation":180,"texture":"#4"}}},{"from":[14.36769,8.30862,3.10363],"to":[16.36769,9.55862,4.35363],"rotation":{"angle":-22.5,"axis":"y","origin":[14.50223,8.93362,1.70665]},"faces":{"north":{"uv":[2.33333,10.66667,3,11.08333],"texture":"#3"},"east":{"uv":[10,11.66667,10.41667,12.08333],"texture":"#3"},"south":{"uv":[3.33333,10.66667,4,11.08333],"texture":"#3"},"west":{"uv":[11,11.66667,11.41667,12.08333],"texture":"#3"},"up":{"uv":[11.33333,4.08333,10.66667,3.66667],"texture":"#3"},"down":{"uv":[7.66667,10.66667,7,11.08333],"texture":"#3"}}},{"from":[15.21776,8.43362,1.1094],"to":[16.21776,9.43362,3.1094],"rotation":{"angle":-22.5,"axis":"y","origin":[14.50223,8.93362,1.70665]},"faces":{"north":{"uv":[13,10.66667,13.33333,11],"texture":"#3"},"east":{"uv":[11.33333,10,12,10.33333],"texture":"#3"},"south":{"uv":[0,13.33333,0.33333,13.66667],"texture":"#3"},"west":{"uv":[2.66667,11.66667,3.33333,12],"texture":"#3"},"up":{"uv":[12,4,11.66667,3.33333],"texture":"#3"},"down":{"uv":[4,11.66667,3.66667,12.33333],"texture":"#3"}}},{"from":[13.36776,8.30862,-0.1406],"to":[16.36776,9.55862,1.1094],"rotation":{"angle":-22.5,"axis":"y","origin":[14.50223,8.93362,1.70665]},"faces":{"north":{"uv":[4.33333,10,5.33333,10.41667],"texture":"#3"},"east":{"uv":[11.66667,9,12.08333,9.41667],"texture":"#3"},"south":{"uv":[10,4.66667,11,5.08333],"texture":"#3"},"up":{"uv":[6.66667,10.41667,5.66667,10],"texture":"#3"},"down":{"uv":[11,7,10,7.41667],"texture":"#3"}}},{"from":[11.18362,8.18362,-0.5],"to":[14.18362,9.68362,1],"rotation":{"angle":0,"axis":"y","origin":[14.50223,8.93362,1.70665]},"faces":{"north":{"uv":[9,3,10,3.5],"texture":"#3"},"east":{"uv":[11,10.66667,11.5,11.16667],"texture":"#3"},"south":{"uv":[5.66667,9,6.66667,9.5],"texture":"#3"},"west":{"uv":[1,11.33333,1.5,11.83333],"texture":"#3"},"up":{"uv":[1,9.83333,0,9.33333],"texture":"#3"},"down":{"uv":[10.33333,0.66667,9.33333,1.16667],"texture":"#3"}}},{"from":[10.68362,7.93362,-0.75],"to":[11.18362,9.93362,1.25],"rotation":{"angle":0,"axis":"y","origin":[11.75,8.93362,2.43139]},"faces":{"north":{"uv":[6,13,6.16667,13.66667],"texture":"#3"},"east":{"uv":[2.33333,9.66667,3,10.33333],"texture":"#3"},"south":{"uv":[13,6.66667,13.16667,7.33333],"texture":"#3"},"west":{"uv":[3.33333,9.66667,4,10.33333],"texture":"#3"},"up":{"uv":[13.16667,8.33333,13,7.66667],"texture":"#3"},"down":{"uv":[13.16667,9.66667,13,10.33333],"texture":"#3"}}},{"from":[9.68362,8.05862,-0.625],"to":[10.68362,9.80862,1.125],"rotation":{"angle":0,"axis":"y","origin":[11.75,8.93362,2.43139]},"faces":{"north":{"uv":[11.66667,5.33333,12,5.91667],"texture":"#3"},"south":{"uv":[6.66667,11.66667,7,12.25],"texture":"#3"},"up":{"uv":[7.66667,12.25,7.33333,11.66667],"texture":"#3"},"down":{"uv":[8.33333,11.66667,8,12.25],"texture":"#3"}}},{"from":[9.18362,7.93362,-0.75],"to":[9.68362,9.93362,1.25],"rotation":{"angle":0,"axis":"y","origin":[11.75,8.93362,2.43139]},"faces":{"north":{"uv":[13,0,13.16667,0.66667],"texture":"#3"},"east":{"uv":[5.33333,7.66667,6,8.33333],"texture":"#3"},"south":{"uv":[13,2.66667,13.16667,3.33333],"texture":"#3"},"west":{"uv":[1.33333,9.33333,2,10],"texture":"#3"},"up":{"uv":[13.16667,4.33333,13,3.66667],"texture":"#3"},"down":{"uv":[13.16667,4.66667,13,5.33333],"texture":"#3"}}},{"from":[3.8261,10.17681,-0.95183],"to":[5.3261,10.67681,0.54817],"rotation":{"angle":-22.5,"axis":"z","origin":[2.5,10.74336,-0.20183]},"faces":{"north":{"uv":[13.83333,5.66667,13.33333,5.83333],"texture":"#3"},"east":{"uv":[9.16667,13.33333,8.66667,13.5],"texture":"#3"},"south":{"uv":[8.16667,13.33333,7.66667,13.5],"texture":"#3"},"west":{"uv":[7.16667,13.33333,6.66667,13.5],"texture":"#3"},"up":{"uv":[8,11.16667,8.5,10.66667],"texture":"#3"},"down":{"uv":[9,10.66667,9.5,11.16667],"texture":"#3"}}},{"from":[4.8261,10.67681,-0.95183],"to":[5.3261,11.17681,0.54817],"rotation":{"angle":-22.5,"axis":"z","origin":[2.5,10.74336,-0.20183]},"faces":{"north":{"uv":[2.16667,14.33333,2,14.5],"texture":"#3"},"east":{"uv":[11.16667,13.33333,10.66667,13.5],"texture":"#3"},"south":{"uv":[2.83333,14.33333,2.66667,14.5],"texture":"#3"},"west":{"uv":[10.16667,13.33333,9.66667,13.5],"texture":"#3"}}},{"from":[3.8261,10.67681,-0.95183],"to":[4.3261,11.17681,0.54817],"rotation":{"angle":-22.5,"axis":"z","origin":[2.5,10.74336,-0.20183]},"faces":{"north":{"uv":[14.5,2.66667,14.33333,2.83333],"texture":"#3"},"east":{"uv":[12.16667,13.33333,11.66667,13.5],"texture":"#3"},"south":{"uv":[14.5,3.33333,14.33333,3.5],"texture":"#3"},"west":{"uv":[13.83333,11.33333,13.33333,11.5],"texture":"#3"}}},{"from":[3.8261,11.17681,-0.95183],"to":[5.3261,11.67681,0.54817],"rotation":{"angle":-22.5,"axis":"z","origin":[2.5,10.74336,-0.20183]},"faces":{"north":{"uv":[13.83333,12,13.33333,12.16667],"texture":"#3"},"east":{"uv":[14.16667,0,13.66667,0.16667],"texture":"#3"},"south":{"uv":[13.83333,12.66667,13.33333,12.83333],"texture":"#3"},"west":{"uv":[13.16667,13.33333,12.66667,13.5],"texture":"#3"},"up":{"uv":[10,11.16667,10.5,10.66667],"texture":"#3"},"down":{"uv":[0,11,0.5,11.5],"texture":"#3"}}},{"from":[1.48827,9.11836,-0.72683],"to":[4.48827,10.11836,0.32317],"rotation":{"angle":0,"axis":"x","origin":[2.5,10.74336,-0.20183]},"faces":{"north":{"uv":[8.33333,6,7.33333,6.33333],"texture":"#3"},"east":{"uv":[12.66667,10,12.33333,10.33333],"texture":"#3"},"south":{"uv":[11,8,10,8.33333],"texture":"#3"},"west":{"uv":[6.33333,12.33333,6,12.66667],"texture":"#3"},"up":{"uv":[8.33333,10.33333,9.33333,10],"texture":"#3"},"down":{"uv":[10,8.66667,11,9],"texture":"#3"}}},{"from":[1.80446,9.77876,-0.69833],"to":[2.72946,10.77876,0.29467],"rotation":{"angle":-22.5,"axis":"z","origin":[2.5,10.74336,-0.20183]},"faces":{"north":{"uv":[0.33333,12.66667,0,13],"texture":"#3"},"east":{"uv":[5,12.66667,4.66667,13],"texture":"#3"},"south":{"uv":[4.33333,12.66667,4,13],"texture":"#3"},"west":{"uv":[3.66667,12.66667,3.33333,13],"texture":"#3"}}},{"from":[0.48827,10.61836,-0.95183],"to":[2.98827,11.61836,0.54817],"rotation":{"angle":0,"axis":"x","origin":[2.5,10.74336,-0.20183]},"faces":{"north":{"uv":[11.5,0,10.66667,0.33333],"texture":"#3"},"east":{"uv":[0.5,12,0,12.33333],"texture":"#3"},"south":{"uv":[11.5,0.66667,10.66667,1],"texture":"#3"},"west":{"uv":[12.16667,6.33333,11.66667,6.66667],"texture":"#3"},"up":{"uv":[9.66667,6.5,10.5,6],"texture":"#3"},"down":{"uv":[7,9.66667,7.83333,10.16667],"texture":"#3"}}},{"from":[1.23827,11.61836,-0.95183],"to":[2.98827,12.11836,0.54817],"rotation":{"angle":0,"axis":"x","origin":[2.5,10.74336,-0.20183]},"faces":{"north":{"uv":[3.91667,13.33333,3.33333,13.5],"texture":"#3"},"east":{"uv":[14.16667,6.33333,13.66667,6.5],"texture":"#3"},"south":{"uv":[4.91667,13.33333,4.33333,13.5],"texture":"#3"},"west":{"uv":[14.16667,4.66667,13.66667,4.83333],"texture":"#3"},"up":{"uv":[1.33333,10.83333,1.91667,10.33333],"texture":"#3"}}},{"from":[-0.28767,11.61813,-0.57683],"to":[0.71233,11.62813,0.17317],"rotation":{"angle":22.5,"axis":"z","origin":[2.5,10.74336,-0.20183]},"faces":{"up":{"uv":[5.33333,13.91667,5.66667,13.66667],"texture":"#3"},"down":{"uv":[13.66667,7,14,7.25],"texture":"#3"}}},{"from":[5.31638,8.05862,-0.625],"to":[6.31638,9.80862,1.125],"rotation":{"angle":0,"axis":"y","origin":[4.25,8.93362,2.43139]},"faces":{"north":{"uv":[12,5.33333,11.66667,5.91667],"texture":"#3"},"south":{"uv":[7,11.66667,6.66667,12.25],"texture":"#3"},"up":{"uv":[7.33333,12.25,7.66667,11.66667],"texture":"#3"},"down":{"uv":[8,11.66667,8.33333,12.25],"texture":"#3"}}},{"from":[4.81638,7.93362,-0.75],"to":[5.31638,9.93362,1.25],"rotation":{"angle":0,"axis":"y","origin":[4.25,8.93362,2.43139]},"faces":{"north":{"uv":[6.16667,13,6,13.66667],"texture":"#3"},"east":{"uv":[4,9.66667,3.33333,10.33333],"texture":"#3"},"south":{"uv":[13.16667,6.66667,13,7.33333],"texture":"#3"},"west":{"uv":[3,9.66667,2.33333,10.33333],"texture":"#3"},"up":{"uv":[13,8.33333,13.16667,7.66667],"texture":"#3"},"down":{"uv":[13,9.66667,13.16667,10.33333],"texture":"#3"}}},{"from":[1.81638,8.18362,-0.5],"to":[4.81638,9.68362,1],"rotation":{"angle":0,"axis":"y","origin":[1.49777,8.93362,1.70665]},"faces":{"north":{"uv":[10,3,9,3.5],"texture":"#3"},"east":{"uv":[1.5,11.33333,1,11.83333],"texture":"#3"},"south":{"uv":[6.66667,9,5.66667,9.5],"texture":"#3"},"west":{"uv":[11.5,10.66667,11,11.16667],"texture":"#3"},"up":{"uv":[0,9.83333,1,9.33333],"texture":"#3"},"down":{"uv":[9.33333,0.66667,10.33333,1.16667],"texture":"#3"}}},{"from":[-0.36776,8.30862,-0.1406],"to":[2.63224,9.55862,1.1094],"rotation":{"angle":22.5,"axis":"y","origin":[1.49777,8.93362,1.70665]},"faces":{"north":{"uv":[5.33333,10,4.33333,10.41667],"texture":"#3"},"south":{"uv":[11,4.66667,10,5.08333],"texture":"#3"},"west":{"uv":[12.08333,9,11.66667,9.41667],"texture":"#3"},"up":{"uv":[5.66667,10.41667,6.66667,10],"texture":"#3"},"down":{"uv":[10,7,11,7.41667],"texture":"#3"}}},{"from":[-0.21776,8.43362,1.1094],"to":[0.78224,9.43362,3.1094],"rotation":{"angle":22.5,"axis":"y","origin":[1.49777,8.93362,1.70665]},"faces":{"north":{"uv":[13.33333,10.66667,13,11],"texture":"#3"},"east":{"uv":[3.33333,11.66667,2.66667,12],"texture":"#3"},"south":{"uv":[0.33333,13.33333,0,13.66667],"texture":"#3"},"west":{"uv":[12,10,11.33333,10.33333],"texture":"#3"},"up":{"uv":[11.66667,4,12,3.33333],"texture":"#3"},"down":{"uv":[3.66667,11.66667,4,12.33333],"texture":"#3"}}},{"from":[-0.36769,8.30862,3.10363],"to":[1.63231,9.55862,4.35363],"rotation":{"angle":22.5,"axis":"y","origin":[1.49777,8.93362,1.70665]},"faces":{"north":{"uv":[3,10.66667,2.33333,11.08333],"texture":"#3"},"east":{"uv":[11.41667,11.66667,11,12.08333],"texture":"#3"},"south":{"uv":[4,10.66667,3.33333,11.08333],"texture":"#3"},"west":{"uv":[10.41667,11.66667,10,12.08333],"texture":"#3"},"up":{"uv":[10.66667,4.08333,11.33333,3.66667],"texture":"#3"},"down":{"uv":[7,10.66667,7.66667,11.08333],"texture":"#3"}}},{"from":[6.31638,7.93362,-0.75],"to":[6.81638,9.93362,1.25],"rotation":{"angle":0,"axis":"y","origin":[4.25,8.93362,2.43139]},"faces":{"north":{"uv":[13.16667,0,13,0.66667],"texture":"#3"},"east":{"uv":[2,9.33333,1.33333,10],"texture":"#3"},"south":{"uv":[13.16667,2.66667,13,3.33333],"texture":"#3"},"west":{"uv":[6,7.66667,5.33333,8.33333],"texture":"#3"},"up":{"uv":[13,4.33333,13.16667,3.66667],"texture":"#3"},"down":{"uv":[13,4.66667,13.16667,5.33333],"texture":"#3"}}},{"from":[7.985,8.125,-3.75],"to":[8.015,9.875,8.25],"rotation":{"angle":0,"axis":"z","origin":[8,9,2.25]},"faces":{"east":{"uv":[5.91667,0,5.33333,4],"rotation":270,"texture":"#3"},"west":{"uv":[5.91667,4,5.33333,0],"rotation":270,"texture":"#3"}}},{"from":[7.125,8.985,-3.75],"to":[8.875,9.015,8.25],"rotation":{"angle":0,"axis":"y","origin":[8,9,2.25]},"faces":{"up":{"uv":[5.91667,4,5.33333,0],"texture":"#3"},"down":{"uv":[5.91667,0,5.33333,4],"texture":"#3"}}},{"from":[14,7.25,-4.75],"to":[15,7.26,16.25],"rotation":{"angle":22.5,"axis":"y","origin":[16,8.75,5.75]},"faces":{"up":{"uv":[2.66667,0,2,14],"rotation":180,"texture":"#2"},"down":{"uv":[2,0,2.66667,14],"texture":"#2"}}},{"from":[15,7.25,-4.75],"to":[18,7.26,16.25],"rotation":{"angle":22.5,"axis":"y","origin":[16,8.75,5.75]},"faces":{"up":{"uv":[4.66667,0,2.66667,14],"rotation":180,"texture":"#2"},"down":{"uv":[2.66667,0,4.66667,14],"texture":"#2"}}},{"from":[17.99,7.25,-4.75],"to":[18,10.25,16.25],"rotation":{"angle":22.5,"axis":"y","origin":[16,8.75,5.75]},"faces":{"east":{"uv":[4.66667,0,6.66667,14],"rotation":270,"texture":"#2"},"west":{"uv":[6.66667,0,4.66667,14],"rotation":90,"texture":"#2"}}},{"from":[17,10.24,-4.75],"to":[18,10.25,16.25],"rotation":{"angle":22.5,"axis":"y","origin":[16,8.75,5.75]},"faces":{"up":{"uv":[6.66667,0,7.33333,14],"rotation":180,"texture":"#2"},"down":{"uv":[7.33333,0,6.66667,14],"texture":"#2"}}},{"from":[14,10.24,-4.75],"to":[17,10.25,16.25],"rotation":{"angle":22.5,"axis":"y","origin":[16,8.75,5.75]},"faces":{"up":{"uv":[7.33333,0,9.33333,14],"rotation":180,"texture":"#2"},"down":{"uv":[9.33333,0,7.33333,14],"texture":"#2"}}},{"from":[14,7.25,-4.75],"to":[14.01,10.25,16.25],"rotation":{"angle":22.5,"axis":"y","origin":[16,8.75,5.75]},"faces":{"east":{"uv":[2,0,0,14],"rotation":270,"texture":"#2"},"west":{"uv":[0,0,2,14],"rotation":90,"texture":"#2"}}},{"from":[1,7.25,-4.75],"to":[2,7.26,16.25],"rotation":{"angle":-22.5,"axis":"y","origin":[0,8.75,5.75]},"faces":{"up":{"uv":[2,0,2.66667,14],"rotation":180,"texture":"#2"},"down":{"uv":[2.66667,0,2,14],"texture":"#2"}}},{"from":[-2,7.25,-4.75],"to":[1,7.26,16.25],"rotation":{"angle":-22.5,"axis":"y","origin":[0,8.75,5.75]},"faces":{"up":{"uv":[2.66667,0,4.66667,14],"rotation":180,"texture":"#2"},"down":{"uv":[4.66667,0,2.66667,14],"texture":"#2"}}},{"from":[-2,7.25,-4.75],"to":[-1.99,10.25,16.25],"rotation":{"angle":-22.5,"axis":"y","origin":[0,8.75,5.75]},"faces":{"east":{"uv":[6.66667,14,4.66667,0],"rotation":90,"texture":"#2"},"west":{"uv":[4.66667,14,6.66667,0],"rotation":270,"texture":"#2"}}},{"from":[-2,10.24,-4.75],"to":[-1,10.25,16.25],"rotation":{"angle":-22.5,"axis":"y","origin":[0,8.75,5.75]},"faces":{"up":{"uv":[7.33333,0,6.66667,14],"rotation":180,"texture":"#2"},"down":{"uv":[6.66667,0,7.33333,14],"texture":"#2"}}},{"from":[-1,10.24,-4.75],"to":[2,10.25,16.25],"rotation":{"angle":-22.5,"axis":"y","origin":[0,8.75,5.75]},"faces":{"up":{"uv":[9.33333,0,7.33333,14],"rotation":180,"texture":"#2"},"down":{"uv":[7.33333,0,9.33333,14],"texture":"#2"}}},{"from":[1.99,7.25,-4.75],"to":[2,10.25,16.25],"rotation":{"angle":-22.5,"axis":"y","origin":[0,8.75,5.75]},"faces":{"east":{"uv":[0,14,2,0],"rotation":90,"texture":"#2"},"west":{"uv":[2,14,0,0],"rotation":270,"texture":"#2"}}},{"from":[6.5,7.75,-0.25],"to":[9.5,8.25,0.75],"rotation":{"angle":0,"axis":"y","origin":[6.5,7.75,-0.25]},"faces":{"north":{"uv":[12,11.33333,13,11.5],"texture":"#3"},"east":{"uv":[8,14,8.33333,14.16667],"texture":"#3"},"south":{"uv":[12,12,13,12.16667],"texture":"#3"},"west":{"uv":[8.66667,14,9,14.16667],"texture":"#3"},"up":{"uv":[1,10.66667,0,10.33333],"texture":"#3"},"down":{"uv":[11.33333,1.66667,10.33333,2],"texture":"#3"}}},{"from":[6.5,9.75,-0.25],"to":[9.5,10.25,0.75],"rotation":{"angle":0,"axis":"y","origin":[6.5,9.75,-0.25]},"faces":{"north":{"uv":[12.33333,1.33333,13.33333,1.5],"texture":"#3"},"east":{"uv":[9.33333,14,9.66667,14.16667],"texture":"#3"},"south":{"uv":[12.33333,2,13.33333,2.16667],"texture":"#3"},"west":{"uv":[10,14,10.33333,14.16667],"texture":"#3"},"up":{"uv":[11.33333,2.66667,10.33333,2.33333],"texture":"#3"},"down":{"uv":[11.33333,3,10.33333,3.33333],"texture":"#3"}}},{"from":[9,8.25,-0.25],"to":[9.5,9.75,0.75],"rotation":{"angle":0,"axis":"y","origin":[6.5,9.25,-0.25]},"faces":{"north":{"uv":[13.66667,7.66667,13.83333,8.16667],"texture":"#3"},"east":{"uv":[1,12.33333,1.33333,12.83333],"texture":"#3"},"south":{"uv":[13.66667,8.66667,13.83333,9.16667],"texture":"#3"},"west":{"uv":[2.66667,12.33333,3,12.83333],"texture":"#3"},"up":{"uv":[10.83333,14.33333,10.66667,14],"texture":"#3"},"down":{"uv":[11.5,14,11.33333,14.33333],"texture":"#3"}}},{"from":[6.5,8.25,-0.25],"to":[7,9.75,0.75],"rotation":{"angle":0,"axis":"y","origin":[4,9.25,-0.25]},"faces":{"north":{"uv":[13.66667,9.66667,13.83333,10.16667],"texture":"#3"},"east":{"uv":[12.33333,2.66667,12.66667,3.16667],"texture":"#3"},"south":{"uv":[13.66667,13.33333,13.83333,13.83333],"texture":"#3"},"west":{"uv":[12.33333,3.66667,12.66667,4.16667],"texture":"#3"},"up":{"uv":[12.16667,14.33333,12,14],"texture":"#3"},"down":{"uv":[12.83333,14,12.66667,14.33333],"texture":"#3"}}},{"from":[7.5,8.25,8.25],"to":[8.5,9.25,9.25],"rotation":{"angle":22.5,"axis":"x","origin":[8,8.75,8.75]},"faces":{"north":{"uv":[10,12.66667,10.33333,13],"texture":"#3"},"east":{"uv":[10.66667,12.66667,11,13],"texture":"#3"},"south":{"uv":[11.33333,12.66667,11.66667,13],"texture":"#3"},"west":{"uv":[12,12.66667,12.33333,13],"texture":"#3"},"up":{"uv":[13,13,12.66667,12.66667],"texture":"#3"}}},{"from":[6,9.75,0.25],"to":[10,12.75,0.28],"rotation":{"angle":0,"axis":"y","origin":[6,9.75,0.25]},"faces":{"north":{"uv":[6.33333,0.66667,7.66667,1.66667],"texture":"#3"},"south":{"uv":[7.66667,0.66667,6.33333,1.66667],"texture":"#3"}}},{"from":[7,7.5,0],"to":[9,8.5,12],"rotation":{"angle":0,"axis":"y","origin":[7,7.5,0]},"faces":{"north":{"uv":[8.66667,6,9.33333,6.33333],"texture":"#3"},"east":{"uv":[0,6,4,6.33333],"texture":"#3"},"south":{"uv":[11.33333,4.66667,12,5],"texture":"#3"},"west":{"uv":[6.33333,0,10.33333,0.33333],"texture":"#3"},"up":{"uv":[5,4,4.33333,0],"texture":"#3"},"down":{"uv":[5,4.33333,4.33333,8.33333],"texture":"#3"}}},{"from":[6.75,6,8.5],"to":[9.25,8.25,10.75],"rotation":{"angle":0,"axis":"y","origin":[7,6.5,3]},"faces":{"north":{"uv":[3,8.33333,3.83333,9.08333],"texture":"#3"},"east":{"uv":[8.66667,8.66667,9.41667,9.41667],"texture":"#3"},"south":{"uv":[7.33333,8.33333,8.16667,9.08333],"texture":"#3"},"west":{"uv":[9,1.66667,9.75,2.41667],"texture":"#3"},"up":{"uv":[5.16667,9.41667,4.33333,8.66667],"texture":"#3"},"down":{"uv":[9.5,7.33333,8.66667,8.08333],"texture":"#3"}}},{"from":[7.25,6.75,10.75],"to":[8.75,8.25,17.75],"rotation":{"angle":0,"axis":"y","origin":[7.25,6.75,10.75]},"faces":{"east":{"uv":[6.33333,2,8.66667,2.5],"texture":"#3"},"west":{"uv":[6.33333,3,8.66667,3.5],"texture":"#3"},"up":{"uv":[6.83333,6.33333,6.33333,4],"texture":"#3"},"down":{"uv":[0.5,6.66667,0,9],"texture":"#3"}}},{"from":[7.625,5.12868,10.12132],"to":[8.375,7.12868,13.12132],"rotation":{"angle":22.5,"axis":"x","origin":[7.625,5.12868,13.12132]},"faces":{"east":{"uv":[7.33333,7.33333,8.33333,8],"texture":"#3"},"west":{"uv":[8,0.66667,9,1.33333],"texture":"#3"},"down":{"uv":[5.58333,11,5.33333,12],"texture":"#3"}}},{"from":[7.5,4.87868,13.12132],"to":[8.5,7.12868,13.62132],"rotation":{"angle":22.5,"axis":"x","origin":[7.5,5.12868,13.12132]},"faces":{"north":{"uv":[11,5.66667,11.33333,6.41667],"texture":"#3"},"east":{"uv":[12.33333,4.66667,12.5,5.41667],"texture":"#3"},"south":{"uv":[6,11,6.33333,11.75],"texture":"#3"},"west":{"uv":[5.33333,12.33333,5.5,13.08333],"texture":"#3"},"down":{"uv":[7.66667,14,7.33333,14.16667],"texture":"#3"}}},{"from":[7,5.25,17.75],"to":[9,8.5,18.25],"rotation":{"angle":0,"axis":"y","origin":[7,2.25,17.75]},"faces":{"north":{"uv":[3,6.66667,3.66667,7.75],"texture":"#3"},"east":{"uv":[8.66667,11.66667,8.83333,12.75],"texture":"#3"},"south":{"uv":[6.33333,7.33333,7,8.41667],"texture":"#3"},"west":{"uv":[9.33333,11.66667,9.5,12.75],"texture":"#3"},"up":{"uv":[8,12.83333,7.33333,12.66667],"texture":"#3"},"down":{"uv":[13.33333,9,12.66667,9.16667],"texture":"#3"}}},{"from":[7.75,6,13.75],"to":[8.25,6.75,17.75],"rotation":{"angle":0,"axis":"y","origin":[7.5,5.25,16.75]},"faces":{"east":{"uv":[10,9.33333,11.33333,9.58333],"texture":"#3"},"west":{"uv":[9.66667,10,11,10.25],"texture":"#3"},"down":{"uv":[2.16667,11.66667,2,13],"texture":"#3"}}},{"from":[2.25,9,3.75],"to":[13.75,9.01,8.5],"rotation":{"angle":0,"axis":"y","origin":[7.5,9,3.5]},"faces":{"up":{"uv":[3.83333,5.58333,0,4],"texture":"#3"},"down":{"uv":[3.83333,4,0,5.58333],"texture":"#3"}}}],"gui_light":"front","display":{"thirdperson_righthand":{"translation":[0,1.75,0.75]},"thirdperson_lefthand":{"translation":[0,1.75,0.75]},"firstperson_righthand":{"rotation":[0,-10.5,0],"translation":[1.42,-0.75,-1]},"firstperson_lefthand":{"rotation":[0,-9.4,0],"translation":[1.37,-0.75,-1]},"ground":{"rotation":[45,0,0],"translation":[0,5,0],"scale":[0.7,0.7,0.7]},"gui":{"rotation":[90,45,0],"translation":[1.75,-1.75,0],"scale":[0.8,0.8,0.8]},"fixed":{"rotation":[-90,0,0],"translation":[0,0,-5.5],"scale":[2,2,2]}},"groups":[{"name":"crossbow","origin":[8.625,10.25,4.5],"color":0,"children":[0,1,2,3,4,5,6,7,8,9,10,11,12,13,14,15,16,17,18,19,20,21,22,23,24,25,26,27,28,29,30,31,32,33,34,35,36,37,38,39,40,41,42,43,44,45,46,47,48,49,50,51,52,53,54,55,56,57,58,59,60,61,62,63,64,65,66,67,68,69,70,71,72,73,74,75,76,77]}],"mcmodels":"2238fb43fad87426eb3c95ab6631a4ea"}