{"credit":"Pologony Creation Co.,Ltd.","texture_size":[60,60],"textures":{"2":"plny_lunar_new_year_2025:animated/animated_1","4":"plny_lunar_new_year_2025:animated/animated_2","5":"plny_lunar_new_year_2025:fishing_rod"},"elements":[{"from":[7,-2.5,7],"to":[9,-2,9],"rotation":{"angle":0,"axis":"y","origin":[7,-2.5,7]},"faces":{"north":{"uv":[3.46667,9.86667,4,10],"texture":"#5"},"east":{"uv":[4.26667,9.86667,4.8,10],"texture":"#5"},"south":{"uv":[9.86667,4.53333,10.4,4.66667],"texture":"#5"},"west":{"uv":[9.86667,6.4,10.4,6.53333],"texture":"#5"},"up":{"uv":[5.33333,2.4,4.8,1.86667],"texture":"#5"},"down":{"uv":[2.66667,4.8,2.13333,5.33333],"texture":"#5"}}},{"from":[7.125,-2,7.125],"to":[8.875,0,8.875],"rotation":{"angle":0,"axis":"y","origin":[7.125,-2,6.875]},"faces":{"north":{"uv":[6.13333,5.86667,6.6,6.4],"texture":"#5"},"east":{"uv":[6.4,0.53333,6.86667,1.06667],"texture":"#5"},"south":{"uv":[6.4,1.33333,6.86667,1.86667],"texture":"#5"},"west":{"uv":[1.6,6.4,2.06667,6.93333],"texture":"#5"}}},{"from":[7.25,0.5,7.25],"to":[8.75,1.5,8.75],"rotation":{"angle":0,"axis":"y","origin":[7.25,0.5,6.75]},"faces":{"north":{"uv":[8.8,0,9.2,0.26667],"texture":"#5"},"east":{"uv":[1.86667,8.8,2.26667,9.06667],"texture":"#5"},"south":{"uv":[2.66667,8.8,3.06667,9.06667],"texture":"#5"},"west":{"uv":[3.46667,8.8,3.86667,9.06667],"texture":"#5"},"up":{"uv":[7.06667,7.86667,6.66667,7.46667],"texture":"#5"}}},{"from":[7.375,1.5,7.375],"to":[8.625,4.5,8.625],"rotation":{"angle":0,"axis":"y","origin":[7.375,2.5,6.625]},"faces":{"north":{"uv":[2.93333,5.6,3.26667,6.4],"texture":"#5"},"east":{"uv":[5.6,2.93333,5.93333,3.73333],"texture":"#5"},"south":{"uv":[4.26667,5.6,4.6,6.4],"texture":"#5"},"west":{"uv":[5.86667,4,6.2,4.8],"texture":"#5"}}},{"from":[7,0,7],"to":[9,0.5,9],"rotation":{"angle":0,"axis":"y","origin":[7,0,7]},"faces":{"north":{"uv":[9.86667,6.93333,10.4,7.06667],"texture":"#5"},"east":{"uv":[8,9.86667,8.53333,10],"texture":"#5"},"south":{"uv":[10.13333,1.06667,10.66667,1.2],"texture":"#5"},"west":{"uv":[10.13333,1.6,10.66667,1.73333],"texture":"#5"},"up":{"uv":[3.46667,5.33333,2.93333,4.8],"texture":"#5"},"down":{"uv":[5.6,4.26667,5.06667,4.8],"texture":"#5"}}},{"from":[7,7,7],"to":[9,7.5,9],"rotation":{"angle":0,"axis":"y","origin":[7,7.5,7]},"faces":{"north":{"uv":[10.13333,2.13333,10.66667,2.26667],"texture":"#5"},"east":{"uv":[10.13333,2.66667,10.66667,2.8],"texture":"#5"},"south":{"uv":[10.13333,3.2,10.66667,3.33333],"texture":"#5"},"west":{"uv":[10.13333,3.73333,10.66667,3.86667],"texture":"#5"},"down":{"uv":[5.6,5.06667,5.06667,5.6],"texture":"#5"}}},{"from":[7,5.5,7],"to":[9,6,9],"rotation":{"angle":0,"axis":"y","origin":[7,6,7]},"faces":{"north":{"uv":[5.06667,10.13333,5.6,10.26667],"texture":"#5"},"east":{"uv":[5.86667,10.13333,6.4,10.26667],"texture":"#5"},"south":{"uv":[6.66667,10.13333,7.2,10.26667],"texture":"#5"},"west":{"uv":[8.8,10.13333,9.33333,10.26667],"texture":"#5"},"up":{"uv":[6.13333,1.06667,5.6,0.53333],"texture":"#5"},"down":{"uv":[6.13333,1.33333,5.6,1.86667],"texture":"#5"}}},{"from":[7.125,6,7.125],"to":[8.875,7,8.875],"rotation":{"angle":0,"axis":"y","origin":[7.125,8,6.875]},"faces":{"north":{"uv":[8.53333,3.46667,9,3.73333],"texture":"#5"},"east":{"uv":[8.53333,4,9,4.26667],"texture":"#5"},"south":{"uv":[8.53333,4.53333,9,4.8],"texture":"#5"},"west":{"uv":[8.53333,5.06667,9,5.33333],"texture":"#5"}}},{"from":[7.25,4.5,7.25],"to":[8.75,5.5,8.75],"rotation":{"angle":0,"axis":"y","origin":[7.25,5.5,6.75]},"faces":{"north":{"uv":[4.26667,8.8,4.66667,9.06667],"texture":"#5"},"east":{"uv":[8.8,5.6,9.2,5.86667],"texture":"#5"},"south":{"uv":[8.8,6.13333,9.2,6.4],"texture":"#5"},"west":{"uv":[6.4,8.8,6.8,9.06667],"texture":"#5"},"down":{"uv":[7.86667,6.66667,7.46667,7.06667],"texture":"#5"}}},{"from":[6.75,7.5,6.5],"to":[9.25,8.75,9.5],"rotation":{"angle":0,"axis":"y","origin":[7,7,6.5]},"faces":{"east":{"uv":[5.06667,5.86667,5.86667,6.2],"texture":"#5"},"west":{"uv":[5.86667,5.06667,6.66667,5.4],"texture":"#5"},"up":{"uv":[4.4,1.33333,3.73333,0.53333],"texture":"#5"},"down":{"uv":[2.26667,3.73333,1.6,4.53333],"texture":"#5"}}},{"from":[6.7475,6.19382,6.43612],"to":[9.2525,7.54382,7.43612],"rotation":{"angle":-22.5,"axis":"x","origin":[6.9975,5.79382,3.93612]},"faces":{"north":{"uv":[6.4,2.13333,7.06667,2.46667],"texture":"#5"},"east":{"uv":[9.33333,4.53333,9.6,4.86667],"texture":"#5"},"south":{"uv":[6.4,2.93333,7.06667,3.26667],"texture":"#5"},"west":{"uv":[6.4,9.33333,6.66667,9.66667],"texture":"#5"},"up":{"uv":[8.13333,2.13333,7.46667,1.86667],"texture":"#5"},"down":{"uv":[2.8,7.46667,2.13333,7.73333],"texture":"#5"}}},{"from":[6.7475,6.19382,8.56388],"to":[9.2525,7.54382,9.56388],"rotation":{"angle":22.5,"axis":"x","origin":[6.9975,5.79382,12.06388]},"faces":{"north":{"uv":[2.4,6.66667,3.06667,7],"texture":"#5"},"east":{"uv":[6.93333,9.33333,7.2,9.66667],"texture":"#5"},"south":{"uv":[6.66667,3.73333,7.33333,4.06667],"texture":"#5"},"west":{"uv":[7.46667,9.33333,7.73333,9.66667],"texture":"#5"},"up":{"uv":[8.13333,2.66667,7.46667,2.4],"texture":"#5"},"down":{"uv":[8.13333,2.93333,7.46667,3.2],"texture":"#5"}}},{"from":[7,8.75,3],"to":[9,9.75,13],"rotation":{"angle":0,"axis":"y","origin":[7,8.75,4]},"faces":{"north":{"uv":[6.4,8.26667,6.93333,8.53333],"texture":"#5"},"east":{"uv":[1.6,3.2,4.26667,3.46667],"texture":"#5"},"south":{"uv":[8.26667,6.93333,8.8,7.2],"texture":"#5"},"west":{"uv":[3.73333,0,6.4,0.26667],"texture":"#5"},"up":{"uv":[1.33333,2.66667,0.8,0],"texture":"#5"},"down":{"uv":[2.13333,0,1.6,2.66667],"texture":"#5"}}},{"from":[7,7.75,5],"to":[9,8.75,11],"rotation":{"angle":0,"axis":"y","origin":[7,7.75,4]},"faces":{"north":{"uv":[7.2,8.26667,7.73333,8.53333],"texture":"#5"},"east":{"uv":[3.73333,2.66667,5.33333,2.93333],"texture":"#5"},"south":{"uv":[8.26667,7.46667,8.8,7.73333],"texture":"#5"},"west":{"uv":[3.73333,3.73333,5.33333,4],"texture":"#5"},"down":{"uv":[1.33333,2.93333,0.8,4.53333],"texture":"#5"}}},{"from":[7.0035,7.90328,4.7706],"to":[8.9965,8.90328,5.7706],"rotation":{"angle":-22.5,"axis":"x","origin":[8.0035,8.40328,5.2706]},"faces":{"north":{"uv":[8,8.26667,8.53333,8.53333],"texture":"#5"},"east":{"uv":[6.66667,0,6.93333,0.26667],"texture":"#5"},"west":{"uv":[7.46667,10.13333,7.73333,10.4],"texture":"#5"}}},{"from":[7.0085,8.59619,3.94239],"to":[8.9915,9.59619,5.44239],"rotation":{"angle":22.5,"axis":"x","origin":[8.0085,9.09619,4.44239]},"faces":{"east":{"uv":[7.2,8.8,7.6,9.06667],"texture":"#5"},"west":{"uv":[8,8.8,8.4,9.06667],"texture":"#5"},"down":{"uv":[6.4,6.66667,5.86667,7.06667],"texture":"#5"}}},{"from":[7.0085,8.59619,10.55761],"to":[8.9915,9.59619,12.05761],"rotation":{"angle":-22.5,"axis":"x","origin":[8.0085,9.09619,11.55761]},"faces":{"east":{"uv":[8.8,8,9.2,8.26667],"texture":"#5"},"west":{"uv":[8.8,8.53333,9.2,8.8],"texture":"#5"},"down":{"uv":[7.2,6.66667,6.66667,7.06667],"texture":"#5"}}},{"from":[7.0035,7.90328,10.2294],"to":[8.9965,8.90328,11.2294],"rotation":{"angle":22.5,"axis":"x","origin":[8.0035,8.40328,10.7294]},"faces":{"east":{"uv":[10.13333,8.8,10.4,9.06667],"texture":"#5"},"south":{"uv":[8.53333,0.8,9.06667,1.06667],"texture":"#5"},"west":{"uv":[10.13333,9.33333,10.4,9.6],"texture":"#5"}}},{"from":[7.5,9.75,6.25],"to":[8.5,14,9.75],"rotation":{"angle":0,"axis":"y","origin":[7.5,9.75,6]},"faces":{"north":{"uv":[0,3.73333,0.26667,4.86667],"texture":"#5"},"east":{"uv":[2.4,0,3.33333,1.13333],"texture":"#5"},"south":{"uv":[3.73333,4.26667,4,5.4],"texture":"#5"},"west":{"uv":[2.4,1.6,3.33333,2.73333],"texture":"#5"},"up":{"uv":[4,6.8,3.73333,5.86667],"texture":"#5"}}},{"from":[6.5035,9.5,7],"to":[7.9965,10.5,9],"rotation":{"angle":0,"axis":"y","origin":[6.5035,9.5,7]},"faces":{"east":{"uv":[8.53333,1.33333,9.06667,1.6],"texture":"#5"},"west":{"uv":[8.53333,1.86667,9.06667,2.13333],"texture":"#5"},"up":{"uv":[7.33333,5.06667,6.93333,4.53333],"texture":"#5"},"down":{"uv":[7.33333,5.33333,6.93333,5.86667],"texture":"#5"}}},{"from":[6.75,10.5,7.25],"to":[7.75,11,8.75],"rotation":{"angle":0,"axis":"y","origin":[6.5,10.5,7]},"faces":{"north":{"uv":[1.06667,11.46667,1.33333,11.6],"texture":"#5"},"east":{"uv":[6.13333,10.66667,6.53333,10.8],"texture":"#5"},"south":{"uv":[1.6,11.46667,1.86667,11.6],"texture":"#5"},"west":{"uv":[10.66667,6.4,11.06667,6.53333],"texture":"#5"},"up":{"uv":[0.26667,5.73333,0,5.33333],"texture":"#5"}}},{"from":[6.5,10.26537,6.40224],"to":[8,11.34037,7.15224],"rotation":{"angle":22.5,"axis":"x","origin":[6.5,10.26537,5.15224]},"faces":{"north":{"uv":[5.06667,9.06667,5.46667,9.33333],"texture":"#5"},"east":{"uv":[6.93333,10.66667,7.13333,10.93333],"texture":"#5"},"south":{"uv":[9.06667,6.66667,9.46667,6.93333],"texture":"#5"},"west":{"uv":[10.66667,6.93333,10.86667,7.2],"texture":"#5"},"up":{"uv":[8.4,9.53333,8,9.33333],"texture":"#5"},"down":{"uv":[10,0,9.6,0.2],"texture":"#5"}}},{"from":[6.5,9.11732,9.07612],"to":[8,10.19232,9.82612],"rotation":{"angle":-22.5,"axis":"x","origin":[6.5,9.11732,8.07612]},"faces":{"north":{"uv":[9.06667,7.2,9.46667,7.46667],"texture":"#5"},"east":{"uv":[7.46667,10.66667,7.66667,10.93333],"texture":"#5"},"south":{"uv":[8.8,9.06667,9.2,9.33333],"texture":"#5"},"west":{"uv":[8.53333,10.66667,8.73333,10.93333],"texture":"#5"},"up":{"uv":[5.46667,9.8,5.06667,9.6],"texture":"#5"},"down":{"uv":[10,5.33333,9.6,5.53333],"texture":"#5"}}},{"from":[8.25,10.5,7.25],"to":[9.25,11,8.75],"rotation":{"angle":0,"axis":"y","origin":[9.5,10.5,7]},"faces":{"north":{"uv":[2.13333,11.46667,2.4,11.6],"texture":"#5"},"east":{"uv":[10.66667,8.53333,11.06667,8.66667],"texture":"#5"},"south":{"uv":[4.8,11.46667,5.06667,11.6],"texture":"#5"},"west":{"uv":[10.66667,9.06667,11.06667,9.2],"texture":"#5"},"up":{"uv":[9.6,0.93333,9.33333,0.53333],"texture":"#5"}}},{"from":[8,10.26537,6.40224],"to":[9.5,11.34037,7.15224],"rotation":{"angle":22.5,"axis":"x","origin":[9.5,10.26537,5.15224]},"faces":{"north":{"uv":[9.33333,1.33333,9.73333,1.6],"texture":"#5"},"east":{"uv":[9.06667,10.66667,9.26667,10.93333],"texture":"#5"},"south":{"uv":[1.86667,9.33333,2.26667,9.6],"texture":"#5"},"west":{"uv":[10.66667,9.6,10.86667,9.86667],"texture":"#5"},"up":{"uv":[10,6.06667,9.6,5.86667],"texture":"#5"},"down":{"uv":[10,7.73333,9.6,7.93333],"texture":"#5"}}},{"from":[8.0035,9.5,7],"to":[9.4965,10.5,9],"rotation":{"angle":0,"axis":"y","origin":[9.4965,9.5,7]},"faces":{"east":{"uv":[8.53333,2.4,9.06667,2.66667],"texture":"#5"},"west":{"uv":[8.53333,2.93333,9.06667,3.2],"texture":"#5"},"up":{"uv":[0.4,7.73333,0,7.2],"texture":"#5"},"down":{"uv":[7.6,0,7.2,0.53333],"texture":"#5"}}},{"from":[8,9.11732,9.07612],"to":[9.5,10.19232,9.82612],"rotation":{"angle":-22.5,"axis":"x","origin":[9.5,9.11732,8.07612]},"faces":{"north":{"uv":[9.33333,1.86667,9.73333,2.13333],"texture":"#5"},"east":{"uv":[10.66667,10.13333,10.86667,10.4],"texture":"#5"},"south":{"uv":[9.33333,2.4,9.73333,2.66667],"texture":"#5"},"west":{"uv":[10.66667,10.66667,10.86667,10.93333],"texture":"#5"},"up":{"uv":[10,8.46667,9.6,8.26667],"texture":"#5"},"down":{"uv":[9.2,9.6,8.8,9.8],"texture":"#5"}}},{"from":[7.25,10,11],"to":[8.75,10.5,11.5],"rotation":{"angle":-22.5,"axis":"x","origin":[7.375,10.25,10.75]},"faces":{"north":{"uv":[10.93333,0,11.33333,0.13333],"texture":"#5"},"east":{"uv":[8,11.73333,8.13333,11.86667],"texture":"#5"},"south":{"uv":[1.06667,10.93333,1.46667,11.06667],"texture":"#5"},"west":{"uv":[8.53333,11.73333,8.66667,11.86667],"texture":"#5"}}},{"from":[7.25,10.5,10],"to":[8.75,11,11.5],"rotation":{"angle":-22.5,"axis":"x","origin":[7.375,10.25,10.75]},"faces":{"north":{"uv":[10.93333,1.06667,11.33333,1.2],"texture":"#5"},"east":{"uv":[10.93333,1.6,11.33333,1.73333],"texture":"#5"},"south":{"uv":[1.86667,10.93333,2.26667,11.06667],"texture":"#5"},"west":{"uv":[10.93333,2.13333,11.33333,2.26667],"texture":"#5"},"up":{"uv":[7.86667,7.86667,7.46667,7.46667],"texture":"#5"},"down":{"uv":[8.13333,0.8,7.73333,1.2],"texture":"#5"}}},{"from":[7.25,10,10],"to":[8.75,10.5,10.5],"rotation":{"angle":-22.5,"axis":"x","origin":[7.375,10.25,10.75]},"faces":{"north":{"uv":[10.93333,2.66667,11.33333,2.8],"texture":"#5"},"east":{"uv":[9.06667,11.73333,9.2,11.86667],"texture":"#5"},"south":{"uv":[10.93333,3.2,11.33333,3.33333],"texture":"#5"},"west":{"uv":[9.6,11.73333,9.73333,11.86667],"texture":"#5"}}},{"from":[7.25,9.5,10],"to":[8.75,10,11.5],"rotation":{"angle":-22.5,"axis":"x","origin":[7.375,10.25,10.75]},"faces":{"north":{"uv":[10.93333,3.73333,11.33333,3.86667],"texture":"#5"},"east":{"uv":[10.93333,5.06667,11.33333,5.2],"texture":"#5"},"south":{"uv":[10.93333,5.6,11.33333,5.73333],"texture":"#5"},"west":{"uv":[10.93333,7.46667,11.33333,7.6],"texture":"#5"},"up":{"uv":[8.13333,3.86667,7.73333,3.46667],"texture":"#5"},"down":{"uv":[8.13333,4.26667,7.73333,4.66667],"texture":"#5"}}},{"from":[7.625,-3.75,7.25],"to":[8.375,-2.25,7.75],"rotation":{"angle":-45,"axis":"x","origin":[8,-3,8]},"faces":{"north":{"uv":[9.6,8.8,9.8,9.2],"texture":"#5"},"east":{"uv":[2.66667,10.93333,2.8,11.33333],"texture":"#5"},"south":{"uv":[9.6,9.6,9.8,10],"texture":"#5"},"west":{"uv":[8,10.93333,8.13333,11.33333],"texture":"#5"},"up":{"uv":[11.93333,0.13333,11.73333,0],"texture":"#5"},"down":{"uv":[11.93333,1.06667,11.73333,1.2],"texture":"#5"}}},{"from":[7.625,-3.75,7.75],"to":[8.375,-3.25,8.25],"rotation":{"angle":-45,"axis":"x","origin":[8,-3,8]},"faces":{"east":{"uv":[10.13333,11.73333,10.26667,11.86667],"texture":"#5"},"west":{"uv":[10.66667,11.73333,10.8,11.86667],"texture":"#5"},"up":{"uv":[11.93333,1.73333,11.73333,1.6],"texture":"#5"},"down":{"uv":[11.93333,2.13333,11.73333,2.26667],"texture":"#5"}}},{"from":[7.625,-3.75,8.25],"to":[8.375,-2.25,8.75],"rotation":{"angle":-45,"axis":"x","origin":[8,-3,8]},"faces":{"north":{"uv":[0,9.86667,0.2,10.26667],"texture":"#5"},"east":{"uv":[9.6,10.93333,9.73333,11.33333],"texture":"#5"},"south":{"uv":[0.53333,9.86667,0.73333,10.26667],"texture":"#5"},"west":{"uv":[10.13333,10.93333,10.26667,11.33333],"texture":"#5"},"up":{"uv":[2.86667,11.86667,2.66667,11.73333],"texture":"#5"},"down":{"uv":[11.93333,2.66667,11.73333,2.8],"texture":"#5"}}},{"from":[7.625,-2.75,7.75],"to":[8.375,-2.25,8.25],"rotation":{"angle":-45,"axis":"x","origin":[8,-3,8]},"faces":{"east":{"uv":[11.73333,10.66667,11.86667,10.8],"texture":"#5"},"west":{"uv":[11.2,11.73333,11.33333,11.86667],"texture":"#5"},"up":{"uv":[11.93333,3.33333,11.73333,3.2],"texture":"#5"},"down":{"uv":[11.93333,3.73333,11.73333,3.86667],"texture":"#5"}}},{"from":[8,4.5,3.25],"to":[8.02,8.75,3.75],"rotation":{"angle":0,"axis":"y","origin":[8,5.75,3.25]},"faces":{"east":{"uv":[0.8,8.26667,0.93333,9.4],"texture":"#5"},"west":{"uv":[5.86667,8.26667,6,9.4],"texture":"#5"}}},{"from":[7.875,7.68934,3.25],"to":[8.125,8.18934,3.75],"rotation":{"angle":-45,"axis":"x","origin":[8,7.43934,3.5]},"faces":{"east":{"uv":[11.73333,11.73333,11.86667,11.86667],"texture":"#5"},"west":{"uv":[12,0.53333,12.13333,0.66667],"texture":"#5"},"up":{"uv":[12.06667,6.53333,12,6.4],"texture":"#5"},"down":{"uv":[12.06667,6.93333,12,7.06667],"texture":"#5"}}},{"from":[7.875,6.68934,3.25],"to":[8.125,7.18934,3.75],"rotation":{"angle":-45,"axis":"x","origin":[8,7.43934,3.5]},"faces":{"east":{"uv":[1.06667,12,1.2,12.13333],"texture":"#5"},"west":{"uv":[1.6,12,1.73333,12.13333],"texture":"#5"},"up":{"uv":[12.06667,8.4,12,8.26667],"texture":"#5"},"down":{"uv":[12.06667,8.8,12,8.93333],"texture":"#5"}}},{"from":[7.875,6.68934,3.75],"to":[8.125,8.18934,4.25],"rotation":{"angle":-45,"axis":"x","origin":[8,7.43934,3.5]},"faces":{"north":{"uv":[11.73333,4.26667,11.8,4.66667],"texture":"#5"},"east":{"uv":[3.2,11.2,3.33333,11.6],"texture":"#5"},"south":{"uv":[11.73333,5.06667,11.8,5.46667],"texture":"#5"},"west":{"uv":[3.73333,11.2,3.86667,11.6],"texture":"#5"},"up":{"uv":[12.06667,9.46667,12,9.33333],"texture":"#5"},"down":{"uv":[12.06667,9.86667,12,10],"texture":"#5"}}},{"from":[7.875,6.68934,2.75],"to":[8.125,8.18934,3.25],"rotation":{"angle":-45,"axis":"x","origin":[8,7.43934,3.5]},"faces":{"north":{"uv":[5.33333,11.73333,5.4,12.13333],"texture":"#5"},"east":{"uv":[4.26667,11.2,4.4,11.6],"texture":"#5"},"south":{"uv":[5.86667,11.73333,5.93333,12.13333],"texture":"#5"},"west":{"uv":[11.2,4.26667,11.33333,4.66667],"texture":"#5"},"up":{"uv":[12.06667,11.33333,12,11.2],"texture":"#5"},"down":{"uv":[0.06667,12.26667,0,12.4],"texture":"#5"}}},{"from":[7.625,3.25,3.125],"to":[8.375,4.5,3.875],"rotation":{"angle":0,"axis":"y","origin":[8.125,3.875,3.625]},"faces":{"north":{"uv":[0,10.66667,0.2,11],"texture":"#5"},"east":{"uv":[0.53333,10.66667,0.73333,11],"texture":"#5"},"south":{"uv":[10.66667,4.26667,10.86667,4.6],"texture":"#5"},"west":{"uv":[4.8,10.66667,5,11],"texture":"#5"},"up":{"uv":[11.4,10.86667,11.2,10.66667],"texture":"#5"},"down":{"uv":[11.66667,0.53333,11.46667,0.73333],"texture":"#5"}}},{"from":[7.75,5,2.75],"to":[8.25,5.5,4],"rotation":{"angle":-45,"axis":"x","origin":[7.75,5,2]},"faces":{"north":{"uv":[2.13333,12,2.26667,12.13333],"texture":"#5"},"east":{"uv":[11.2,10.13333,11.53333,10.26667],"texture":"#5"},"south":{"uv":[3.2,12,3.33333,12.13333],"texture":"#5"},"west":{"uv":[10.66667,11.2,11,11.33333],"texture":"#5"},"up":{"uv":[0.13333,11.8,0,11.46667],"texture":"#5"},"down":{"uv":[0.66667,11.46667,0.53333,11.8],"texture":"#5"}}},{"from":[7.75,4.25,2.75],"to":[8.25,4.75,4],"rotation":{"angle":-45,"axis":"x","origin":[7.75,4.25,2]},"faces":{"north":{"uv":[2.13333,12,2.26667,12.13333],"texture":"#5"},"east":{"uv":[11.2,10.13333,11.53333,10.26667],"texture":"#5"},"south":{"uv":[3.2,12,3.33333,12.13333],"texture":"#5"},"west":{"uv":[10.66667,11.2,11,11.33333],"texture":"#5"},"up":{"uv":[0.13333,11.8,0,11.46667],"texture":"#5"},"down":{"uv":[0.66667,11.46667,0.53333,11.8],"texture":"#5"}}},{"from":[7.75,3.5,2.75],"to":[8.25,4,4],"rotation":{"angle":-45,"axis":"x","origin":[7.75,3.5,2]},"faces":{"north":{"uv":[2.13333,12,2.26667,12.13333],"texture":"#5"},"east":{"uv":[11.2,10.13333,11.53333,10.26667],"texture":"#5"},"south":{"uv":[3.2,12,3.33333,12.13333],"texture":"#5"},"west":{"uv":[10.66667,11.2,11,11.33333],"texture":"#5"},"up":{"uv":[0.13333,11.8,0,11.46667],"texture":"#5"},"down":{"uv":[0.66667,11.46667,0.53333,11.8],"texture":"#5"}}},{"from":[7.75,5,3],"to":[8.25,5.5,4.25],"rotation":{"angle":45,"axis":"x","origin":[7.75,5,5]},"faces":{"north":{"uv":[3.33333,12,3.2,12.13333],"texture":"#5"},"east":{"uv":[11.53333,10.13333,11.2,10.26667],"texture":"#5"},"south":{"uv":[2.26667,12,2.13333,12.13333],"texture":"#5"},"west":{"uv":[11,11.2,10.66667,11.33333],"texture":"#5"},"up":{"uv":[0.13333,11.46667,0,11.8],"texture":"#5"},"down":{"uv":[0.66667,11.8,0.53333,11.46667],"texture":"#5"}}},{"from":[7.75,4.25,3],"to":[8.25,4.75,4.25],"rotation":{"angle":45,"axis":"x","origin":[7.75,4.25,5]},"faces":{"north":{"uv":[3.33333,12,3.2,12.13333],"texture":"#5"},"east":{"uv":[11.53333,10.13333,11.2,10.26667],"texture":"#5"},"south":{"uv":[2.26667,12,2.13333,12.13333],"texture":"#5"},"west":{"uv":[11,11.2,10.66667,11.33333],"texture":"#5"},"up":{"uv":[0.13333,11.46667,0,11.8],"texture":"#5"},"down":{"uv":[0.66667,11.8,0.53333,11.46667],"texture":"#5"}}},{"from":[7.75,3.5,3],"to":[8.25,4,4.25],"rotation":{"angle":45,"axis":"x","origin":[7.75,3.5,5]},"faces":{"north":{"uv":[3.33333,12,3.2,12.13333],"texture":"#5"},"east":{"uv":[11.53333,10.13333,11.2,10.26667],"texture":"#5"},"south":{"uv":[2.26667,12,2.13333,12.13333],"texture":"#5"},"west":{"uv":[11,11.2,10.66667,11.33333],"texture":"#5"},"up":{"uv":[0.13333,11.46667,0,11.8],"texture":"#5"},"down":{"uv":[0.66667,11.8,0.53333,11.46667],"texture":"#5"}}},{"from":[7.625,9.34777,9.27217],"to":[8.375,12.09777,11.52217],"rotation":{"angle":22.5,"axis":"x","origin":[8.125,11.09777,10.52217]},"faces":{"east":{"uv":[3.73333,1.6,4.33333,2.33333],"texture":"#5"},"south":{"uv":[8.26667,5.86667,8.46667,6.6],"texture":"#5"},"west":{"uv":[2.66667,3.73333,3.26667,4.46667],"texture":"#5"},"up":{"uv":[0.2,9.4,0,8.8],"texture":"#5"},"down":{"uv":[1.53333,8.8,1.33333,9.4],"texture":"#5"}}},{"from":[7.5,9.25,10.75],"to":[8.5,10.25,13.75],"rotation":{"angle":0,"axis":"y","origin":[7.5,9.25,13.75]},"faces":{"north":{"uv":[10.13333,9.86667,10.4,10.13333],"texture":"#5"},"east":{"uv":[4.53333,3.2,5.33333,3.46667],"texture":"#5"},"south":{"uv":[10.4,0,10.66667,0.26667],"texture":"#5"},"west":{"uv":[6.93333,6.13333,7.73333,6.4],"texture":"#5"},"up":{"uv":[1.06667,8,0.8,7.2],"texture":"#5"},"down":{"uv":[7.46667,0.8,7.2,1.6],"texture":"#5"}}},{"from":[7.5035,10.0206,12.67172],"to":[8.4965,11.0206,13.59672],"rotation":{"angle":-22.5,"axis":"x","origin":[8.0035,10.5206,13.09672]},"faces":{"north":{"uv":[1.06667,10.4,1.33333,10.66667],"texture":"#5"},"east":{"uv":[1.6,10.4,1.86667,10.66667],"texture":"#5"},"south":{"uv":[2.13333,10.4,2.4,10.66667],"texture":"#5"},"west":{"uv":[2.66667,10.4,2.93333,10.66667],"texture":"#5"}}},{"from":[7.25,10.75,12.25],"to":[8.75,11.75,14.75],"rotation":{"angle":0,"axis":"y","origin":[7.5,10.75,13.75]},"faces":{"north":{"uv":[2.66667,9.33333,3.06667,9.6],"texture":"#5"},"east":{"uv":[3.2,7.46667,3.86667,7.73333],"texture":"#5"},"south":{"uv":[9.33333,2.93333,9.73333,3.2],"texture":"#5"},"west":{"uv":[4.26667,7.46667,4.93333,7.73333],"texture":"#5"},"up":{"uv":[0.4,6.8,0,6.13333],"texture":"#5"},"down":{"uv":[1.2,6.13333,0.8,6.8],"texture":"#5"}}},{"from":[7.25,11.75,12.25],"to":[8.75,12.25,14],"rotation":{"angle":0,"axis":"y","origin":[7.5,11.75,13.75]},"faces":{"north":{"uv":[10.93333,8,11.33333,8.13333],"texture":"#5"},"east":{"uv":[10.66667,0.53333,11.13333,0.66667],"texture":"#5"},"south":{"uv":[5.33333,11.2,5.73333,11.33333],"texture":"#5"},"west":{"uv":[5.33333,10.66667,5.8,10.8],"texture":"#5"},"up":{"uv":[1.73333,7.66667,1.33333,7.2],"texture":"#5"}}},{"from":[7.625,10.61639,14.6485],"to":[8.375,10.62639,15.6485],"rotation":{"angle":22.5,"axis":"x","origin":[7.625,10.61639,15.6485]},"faces":{"up":{"uv":[6.33333,11.46667,6.13333,11.2],"texture":"#5"},"down":{"uv":[6.86667,11.2,6.66667,11.46667],"texture":"#5"}}},{"from":[7.5,9.25,5.22836],"to":[8.5,25,5.23836],"rotation":{"angle":0,"axis":"y","origin":[8,17.125,8]},"faces":{"north":{"uv":[6.66667,0,7.33333,10.66667],"texture":"#2"},"south":{"uv":[7.33333,0,6.66667,10.66667],"texture":"#2"}}},{"from":[7.5,9.25,10.76164],"to":[8.5,25,10.77164],"rotation":{"angle":0,"axis":"y","origin":[8,17.125,8]},"faces":{"north":{"uv":[2.66667,0,2,10.66667],"texture":"#2"},"south":{"uv":[2,0,2.66667,10.66667],"texture":"#2"}}},{"from":[6.4774,9.25,7.36932],"to":[6.4874,25,10.36932],"rotation":{"angle":22.5,"axis":"y","origin":[8,17.125,8]},"faces":{"east":{"uv":[2,0,0,10.66667],"texture":"#2"},"west":{"uv":[0,0,2,10.66667],"texture":"#2"}}},{"from":[6.4774,9.25,5.63068],"to":[6.4874,25,8.63068],"rotation":{"angle":-22.5,"axis":"y","origin":[8,17.125,8]},"faces":{"east":{"uv":[9.33333,0,7.33333,10.66667],"texture":"#2"},"west":{"uv":[7.33333,0,9.33333,10.66667],"texture":"#2"}}},{"from":[9.5126,9.25,5.63068],"to":[9.5226,25,8.63068],"rotation":{"angle":22.5,"axis":"y","origin":[8,17.125,8]},"faces":{"east":{"uv":[4.66667,0,6.66667,10.66667],"texture":"#2"},"west":{"uv":[6.66667,0,4.66667,10.66667],"texture":"#2"}}},{"from":[9.5126,9.25,7.36932],"to":[9.5226,25,10.36932],"rotation":{"angle":-22.5,"axis":"y","origin":[8,17.125,8]},"faces":{"east":{"uv":[2.66667,0,4.66667,10.66667],"texture":"#2"},"west":{"uv":[4.66667,0,2.66667,10.66667],"texture":"#2"}}},{"from":[6.25,5.5,4],"to":[6.25,13.5,12],"rotation":{"angle":0,"axis":"y","origin":[6.25,5.5,4]},"faces":{"west":{"uv":[0,0,16,16],"texture":"#4"}}},{"from":[9.75,5.5,4],"to":[9.75,13.5,12],"rotation":{"angle":0,"axis":"y","origin":[9.75,5.5,12]},"faces":{"east":{"uv":[0,0,16,16],"texture":"#4"}}},{"from":[8,14,6.76256],"to":[9.75,14.75,8.51256],"rotation":{"angle":-45,"axis":"y","origin":[8,14,6.76256]},"faces":{"north":{"uv":[3.46667,9.33333,3.93333,9.53333],"texture":"#5"},"east":{"uv":[9.33333,3.46667,9.8,3.66667],"texture":"#5"},"south":{"uv":[9.33333,4,9.8,4.2],"texture":"#5"},"west":{"uv":[4.26667,9.33333,4.73333,9.53333],"texture":"#5"},"up":{"uv":[4.73333,7.13333,4.26667,6.66667],"texture":"#5"},"down":{"uv":[5.53333,6.66667,5.06667,7.13333],"texture":"#5"}}},{"from":[8.25,18,6.83579],"to":[9.75,18.75,8.33579],"rotation":{"angle":-45,"axis":"y","origin":[8,18,6.58579]},"faces":{"north":{"uv":[9.86667,0.53333,10.26667,0.73333],"texture":"#5"},"east":{"uv":[1.06667,9.86667,1.46667,10.06667],"texture":"#5"},"south":{"uv":[1.86667,9.86667,2.26667,10.06667],"texture":"#5"},"west":{"uv":[2.66667,9.86667,3.06667,10.06667],"texture":"#5"},"up":{"uv":[4.13333,8.4,3.73333,8],"texture":"#5"},"down":{"uv":[4.93333,8,4.53333,8.4],"texture":"#5"}}},{"from":[8.25,14.75,7.01256],"to":[9.5,18,8.26256],"rotation":{"angle":-45,"axis":"y","origin":[8,15,6.76256]},"faces":{"north":{"uv":[4.26667,4.26667,4.6,5.13333],"texture":"#5"},"east":{"uv":[0.53333,4.8,0.86667,5.66667],"texture":"#5"},"south":{"uv":[4.8,0.53333,5.13333,1.4],"texture":"#5"},"west":{"uv":[1.33333,4.8,1.66667,5.66667],"texture":"#5"}}},{"from":[8.25,18.75,7.01256],"to":[9.5,22,8.26256],"rotation":{"angle":-45,"axis":"y","origin":[8,15,6.76256]},"faces":{"north":{"uv":[4.26667,4.26667,4.6,5.13333],"texture":"#5"},"east":{"uv":[0.53333,4.8,0.86667,5.66667],"texture":"#5"},"south":{"uv":[4.8,0.53333,5.13333,1.4],"texture":"#5"},"west":{"uv":[1.33333,4.8,1.66667,5.66667],"texture":"#5"}}},{"from":[8.25,22,6.83579],"to":[9.75,22.75,8.33579],"rotation":{"angle":-45,"axis":"y","origin":[8,18,6.58579]},"faces":{"north":{"uv":[9.86667,0.53333,10.26667,0.73333],"texture":"#5"},"east":{"uv":[1.06667,9.86667,1.46667,10.06667],"texture":"#5"},"south":{"uv":[1.86667,9.86667,2.26667,10.06667],"texture":"#5"},"west":{"uv":[2.66667,9.86667,3.06667,10.06667],"texture":"#5"},"up":{"uv":[4.13333,8.4,3.73333,8],"texture":"#5"},"down":{"uv":[4.93333,8,4.53333,8.4],"texture":"#5"}}},{"from":[7.75,9.13687,5.16761],"to":[8.25,11.13687,7.16761],"rotation":{"angle":-22.5,"axis":"x","origin":[7.5,9.13687,5.16761]},"faces":{"north":{"uv":[3.2,10.4,3.33333,10.93333],"texture":"#5"},"east":{"uv":[2.13333,5.6,2.66667,6.13333],"texture":"#5"},"south":{"uv":[3.73333,10.4,3.86667,10.93333],"texture":"#5"},"west":{"uv":[5.6,2.13333,6.13333,2.66667],"texture":"#5"},"up":{"uv":[4.4,10.93333,4.26667,10.4],"texture":"#5"},"down":{"uv":[10.53333,5.06667,10.4,5.6],"texture":"#5"}}},{"from":[7.25,22.35355,7.75],"to":[8.75,23.85355,9.25],"rotation":{"angle":-45,"axis":"x","origin":[7.5,22.60355,8]},"faces":{"north":{"uv":[7.73333,5.06667,8.13333,5.46667],"texture":"#5"},"east":{"uv":[0,8,0.4,8.4],"texture":"#5"},"south":{"uv":[8,0,8.4,0.4],"texture":"#5"},"west":{"uv":[1.33333,8,1.73333,8.4],"texture":"#5"},"up":{"uv":[2.53333,8.4,2.13333,8],"texture":"#5"},"down":{"uv":[3.33333,8,2.93333,8.4],"texture":"#5"}}},{"from":[8.5,14.325,5.75],"to":[8.75,14.825,7.25],"rotation":{"angle":22.5,"axis":"x","origin":[8,14.575,6.625]},"faces":{"north":{"uv":[12.26667,0,12.33333,0.13333],"texture":"#5"},"east":{"uv":[11.2,6.93333,11.6,7.06667],"texture":"#5"},"south":{"uv":[0.53333,12.26667,0.6,12.4],"texture":"#5"},"west":{"uv":[7.2,11.2,7.6,11.33333],"texture":"#5"},"up":{"uv":[6.46667,12.13333,6.4,11.73333],"texture":"#5"},"down":{"uv":[7,11.73333,6.93333,12.13333],"texture":"#5"}}},{"from":[7.5,14.325,5.75],"to":[8.5,14.825,6],"rotation":{"angle":22.5,"axis":"x","origin":[8,14.575,6.625]},"faces":{"north":{"uv":[11.46667,6.13333,11.73333,6.26667],"texture":"#5"},"south":{"uv":[11.46667,8.53333,11.73333,8.66667],"texture":"#5"},"up":{"uv":[4,12.06667,3.73333,12],"texture":"#5"},"down":{"uv":[4.53333,12,4.26667,12.06667],"texture":"#5"}}},{"from":[7.5,14.325,7],"to":[8.5,14.825,7.25],"rotation":{"angle":22.5,"axis":"x","origin":[8,14.575,6.625]},"faces":{"north":{"uv":[11.46667,9.06667,11.73333,9.2],"texture":"#5"},"south":{"uv":[11.46667,11.2,11.73333,11.33333],"texture":"#5"},"up":{"uv":[5.06667,12.06667,4.8,12],"texture":"#5"},"down":{"uv":[12.26667,5.86667,12,5.93333],"texture":"#5"}}},{"from":[7.25,14.325,5.75],"to":[7.5,14.825,7.25],"rotation":{"angle":22.5,"axis":"x","origin":[8,14.575,6.625]},"faces":{"north":{"uv":[12.26667,1.06667,12.33333,1.2],"texture":"#5"},"east":{"uv":[8.53333,11.2,8.93333,11.33333],"texture":"#5"},"south":{"uv":[12.26667,1.6,12.33333,1.73333],"texture":"#5"},"west":{"uv":[11.2,9.6,11.6,9.73333],"texture":"#5"},"up":{"uv":[7.53333,12.13333,7.46667,11.73333],"texture":"#5"},"down":{"uv":[11.8,7.46667,11.73333,7.86667],"texture":"#5"}}},{"from":[8.5,18.325,5.75],"to":[8.75,18.825,7.25],"rotation":{"angle":22.5,"axis":"x","origin":[8,18.575,6.625]},"faces":{"north":{"uv":[12.26667,0,12.33333,0.13333],"texture":"#5"},"east":{"uv":[11.2,6.93333,11.6,7.06667],"texture":"#5"},"south":{"uv":[0.53333,12.26667,0.6,12.4],"texture":"#5"},"west":{"uv":[7.2,11.2,7.6,11.33333],"texture":"#5"},"up":{"uv":[6.46667,12.13333,6.4,11.73333],"texture":"#5"},"down":{"uv":[7,11.73333,6.93333,12.13333],"texture":"#5"}}},{"from":[7.5,18.325,7],"to":[8.5,18.825,7.25],"rotation":{"angle":22.5,"axis":"x","origin":[8,18.575,6.625]},"faces":{"north":{"uv":[11.46667,9.06667,11.73333,9.2],"texture":"#5"},"south":{"uv":[11.46667,11.2,11.73333,11.33333],"texture":"#5"},"up":{"uv":[5.06667,12.06667,4.8,12],"texture":"#5"},"down":{"uv":[12.26667,5.86667,12,5.93333],"texture":"#5"}}},{"from":[7.25,18.325,5.75],"to":[7.5,18.825,7.25],"rotation":{"angle":22.5,"axis":"x","origin":[8,18.575,6.625]},"faces":{"north":{"uv":[12.26667,1.06667,12.33333,1.2],"texture":"#5"},"east":{"uv":[8.53333,11.2,8.93333,11.33333],"texture":"#5"},"south":{"uv":[12.26667,1.6,12.33333,1.73333],"texture":"#5"},"west":{"uv":[11.2,9.6,11.6,9.73333],"texture":"#5"},"up":{"uv":[7.53333,12.13333,7.46667,11.73333],"texture":"#5"},"down":{"uv":[11.8,7.46667,11.73333,7.86667],"texture":"#5"}}},{"from":[7.5,18.325,5.75],"to":[8.5,18.825,6],"rotation":{"angle":22.5,"axis":"x","origin":[8,18.575,6.625]},"faces":{"north":{"uv":[11.46667,6.13333,11.73333,6.26667],"texture":"#5"},"south":{"uv":[11.46667,8.53333,11.73333,8.66667],"texture":"#5"},"up":{"uv":[4,12.06667,3.73333,12],"texture":"#5"},"down":{"uv":[4.53333,12,4.26667,12.06667],"texture":"#5"}}},{"from":[8.5,22.325,5.75],"to":[8.75,22.825,7.25],"rotation":{"angle":22.5,"axis":"x","origin":[8,22.575,6.625]},"faces":{"north":{"uv":[12.26667,0,12.33333,0.13333],"texture":"#5"},"east":{"uv":[11.2,6.93333,11.6,7.06667],"texture":"#5"},"south":{"uv":[0.53333,12.26667,0.6,12.4],"texture":"#5"},"west":{"uv":[7.2,11.2,7.6,11.33333],"texture":"#5"},"up":{"uv":[6.46667,12.13333,6.4,11.73333],"texture":"#5"},"down":{"uv":[7,11.73333,6.93333,12.13333],"texture":"#5"}}},{"from":[7.5,22.325,7],"to":[8.5,22.825,7.25],"rotation":{"angle":22.5,"axis":"x","origin":[8,22.575,6.625]},"faces":{"north":{"uv":[11.46667,9.06667,11.73333,9.2],"texture":"#5"},"south":{"uv":[11.46667,11.2,11.73333,11.33333],"texture":"#5"},"up":{"uv":[5.06667,12.06667,4.8,12],"texture":"#5"},"down":{"uv":[12.26667,5.86667,12,5.93333],"texture":"#5"}}},{"from":[7.25,22.325,5.75],"to":[7.5,22.825,7.25],"rotation":{"angle":22.5,"axis":"x","origin":[8,22.575,6.625]},"faces":{"north":{"uv":[12.26667,1.06667,12.33333,1.2],"texture":"#5"},"east":{"uv":[8.53333,11.2,8.93333,11.33333],"texture":"#5"},"south":{"uv":[12.26667,1.6,12.33333,1.73333],"texture":"#5"},"west":{"uv":[11.2,9.6,11.6,9.73333],"texture":"#5"},"up":{"uv":[7.53333,12.13333,7.46667,11.73333],"texture":"#5"},"down":{"uv":[11.8,7.46667,11.73333,7.86667],"texture":"#5"}}},{"from":[7.5,22.325,5.75],"to":[8.5,22.825,6],"rotation":{"angle":22.5,"axis":"x","origin":[8,22.575,6.625]},"faces":{"north":{"uv":[11.46667,6.13333,11.73333,6.26667],"texture":"#5"},"south":{"uv":[11.46667,8.53333,11.73333,8.66667],"texture":"#5"},"up":{"uv":[4,12.06667,3.73333,12],"texture":"#5"},"down":{"uv":[4.53333,12,4.26667,12.06667],"texture":"#5"}}},{"from":[7.985,11,4.5],"to":[8.015,24,6.5],"rotation":{"angle":0,"axis":"y","origin":[7.985,15,2.5]},"faces":{"east":{"uv":[0.53333,0,0,3.46667],"texture":"#5"},"west":{"uv":[0,0,0.53333,3.46667],"texture":"#5"}}},{"from":[7.99,19.05546,3.90901],"to":[8.01,24.05546,4.40901],"rotation":{"angle":45,"axis":"x","origin":[7.99,21.55546,4.15901]},"faces":{"east":{"uv":[5.46667,7.46667,5.33333,8.8],"texture":"#5"},"west":{"uv":[5.33333,7.46667,5.46667,8.8],"texture":"#5"}}},{"from":[7.99,17.53509,0.69042],"to":[8.01,19.53509,1.94042],"rotation":{"angle":45,"axis":"x","origin":[8,18.28509,1.06542]},"faces":{"east":{"uv":[6.2,7.46667,5.86667,8],"texture":"#5"},"west":{"uv":[5.86667,7.46667,6.2,8],"texture":"#5"}}},{"from":[7.5,19.25736,1.25736],"to":[8.5,20.25736,2.25736],"rotation":{"angle":45,"axis":"x","origin":[7.5,19.25736,1.50736]},"faces":{"north":{"uv":[10.4,5.86667,10.66667,6.13333],"texture":"#5"},"east":{"uv":[10.4,7.46667,10.66667,7.73333],"texture":"#5"},"south":{"uv":[8,10.4,8.26667,10.66667],"texture":"#5"},"west":{"uv":[10.4,8,10.66667,8.26667],"texture":"#5"},"up":{"uv":[9.86667,10.66667,9.6,10.4],"texture":"#5"},"down":{"uv":[10.4,10.4,10.13333,10.66667],"texture":"#5"}}}],"gui_light":"front","display":{"thirdperson_righthand":{"translation":[0,3,0.75]},"thirdperson_lefthand":{"translation":[0,3,0.75]},"firstperson_righthand":{"rotation":[8,0,0],"translation":[2.5,2,0],"scale":[0.7,0.7,0.7]},"firstperson_lefthand":{"rotation":[8,0,0],"translation":[2.5,2,0],"scale":[0.7,0.7,0.7]},"ground":{"rotation":[-45,0,0],"translation":[0,5,0],"scale":[0.7,0.7,0.7]},"gui":{"rotation":[-90,45,90],"translation":[1.5,-1,0],"scale":[0.75,0.75,0.75]},"head":{"rotation":[0,-90,0]},"fixed":{"rotation":[0,-90,0],"translation":[0,0,-2.5],"scale":[2,2,2]}},"groups":[{"name":"fishing_rod","origin":[8.625,10.25,4.5],"color":0,"children":[0,1,2,3,4,5,6,7,8,9,10,11,12,13,14,15,16,17,18,19,20,21,22,23,24,25,26,27,28,29,30,31,32,33,34,35,36,37,38,39,40,41,42,43,44,45,46,47,48,49,50,51,52,53,54,55,56,57,58,59,60,61,62,63,64,65,66,67,68,69,70,71,72,73,74,75,76,77,78,79,80,81,82,83]}],"mcmodels":"2238fb43fad87426eb3c95ab6631a4ea"}