{"credit":"Pologony Creation Co.,Ltd.","texture_size":[48,48],"textures":{"3":"plny_lunar_new_year_2025:hammer","4":"plny_lunar_new_year_2025:animated/animated_2","particle":"plny_lunar_new_year_2025:animated/animated_4"},"elements":[{"from":[7,-14.5,7],"to":[9,-14,9],"rotation":{"angle":0,"axis":"y","origin":[7,-14.5,7]},"faces":{"north":{"uv":[12.57143,13.71429,13.14286,13.85714],"texture":"#3"},"east":{"uv":[13.42857,13.71429,14,13.85714],"texture":"#3"},"south":{"uv":[0,14,0.57143,14.14286],"texture":"#3"},"west":{"uv":[14,0,14.57143,0.14286],"texture":"#3"},"up":{"uv":[5.71429,11.14286,5.14286,10.57143],"texture":"#3"},"down":{"uv":[7.42857,10.57143,6.85714,11.14286],"texture":"#3"}}},{"from":[7.125,-14,7.125],"to":[8.875,-12,8.875],"rotation":{"angle":0,"axis":"y","origin":[7.125,-14,6.875]},"faces":{"north":{"uv":[11.42857,8,11.92857,8.57143],"texture":"#3"},"east":{"uv":[8.85714,11.42857,9.35714,12],"texture":"#3"},"south":{"uv":[11.42857,8.85714,11.92857,9.42857],"texture":"#3"},"west":{"uv":[9.71429,11.42857,10.21429,12],"texture":"#3"}}},{"from":[7.25,0.5,7.25],"to":[8.75,1.5,8.75],"rotation":{"angle":0,"axis":"y","origin":[7.25,0.5,6.75]},"faces":{"north":{"uv":[7.14286,13.14286,7.57143,13.42857],"texture":"#3"},"east":{"uv":[13.14286,7.42857,13.57143,7.71429],"texture":"#3"},"south":{"uv":[8,13.14286,8.42857,13.42857],"texture":"#3"},"west":{"uv":[13.14286,8,13.57143,8.28571],"texture":"#3"},"up":{"uv":[12.71429,6.42857,12.28571,6],"texture":"#3"}}},{"from":[7.375,1.5,7.375],"to":[8.625,4.5,8.625],"rotation":{"angle":0,"axis":"y","origin":[7.375,2.5,6.625]},"faces":{"north":{"uv":[11.14286,4.85714,11.5,5.71429],"texture":"#3"},"east":{"uv":[11.14286,10.57143,11.5,11.42857],"texture":"#3"},"south":{"uv":[2.28571,11.42857,2.64286,12.28571],"texture":"#3"},"west":{"uv":[5.14286,11.42857,5.5,12.28571],"texture":"#3"}}},{"from":[7,-12,7],"to":[9,-11.5,9],"rotation":{"angle":0,"axis":"y","origin":[7,-12,7]},"faces":{"north":{"uv":[0.85714,14,1.42857,14.14286],"texture":"#3"},"east":{"uv":[1.71429,14,2.28571,14.14286],"texture":"#3"},"south":{"uv":[2.57143,14,3.14286,14.14286],"texture":"#3"},"west":{"uv":[14,4.57143,14.57143,4.71429],"texture":"#3"},"up":{"uv":[8.28571,11.14286,7.71429,10.57143],"texture":"#3"},"down":{"uv":[11.14286,8,10.57143,8.57143],"texture":"#3"}}},{"from":[7,0,7],"to":[9,0.5,9],"rotation":{"angle":0,"axis":"y","origin":[7,0,7]},"faces":{"north":{"uv":[14,5.14286,14.57143,5.28571],"texture":"#3"},"east":{"uv":[5.71429,14,6.28571,14.14286],"texture":"#3"},"south":{"uv":[14,5.71429,14.57143,5.85714],"texture":"#3"},"west":{"uv":[14,6.28571,14.57143,6.42857],"texture":"#3"},"up":{"uv":[9.14286,11.14286,8.57143,10.57143],"texture":"#3"},"down":{"uv":[11.14286,8.85714,10.57143,9.42857],"texture":"#3"}}},{"from":[7,16,7],"to":[9,16.5,9],"rotation":{"angle":0,"axis":"y","origin":[7,16.5,7]},"faces":{"north":{"uv":[14,7.42857,14.57143,7.57143],"texture":"#3"},"east":{"uv":[14,8,14.57143,8.14286],"texture":"#3"},"south":{"uv":[14,8.57143,14.57143,8.71429],"texture":"#3"},"west":{"uv":[14,9.14286,14.57143,9.28571],"texture":"#3"},"down":{"uv":[10,10.57143,9.42857,11.14286],"texture":"#3"}}},{"from":[7,14.5,7],"to":[9,15,9],"rotation":{"angle":0,"axis":"y","origin":[7,15,7]},"faces":{"north":{"uv":[14,11.14286,14.57143,11.28571],"texture":"#3"},"east":{"uv":[14,12.57143,14.57143,12.71429],"texture":"#3"},"south":{"uv":[14,13.14286,14.57143,13.28571],"texture":"#3"},"west":{"uv":[14.28571,0.57143,14.85714,0.71429],"texture":"#3"},"up":{"uv":[11.14286,10.28571,10.57143,9.71429],"texture":"#3"},"down":{"uv":[10.85714,10.57143,10.28571,11.14286],"texture":"#3"}}},{"from":[7.125,15,7.125],"to":[8.875,16,8.875],"rotation":{"angle":0,"axis":"y","origin":[7.125,17,6.875]},"faces":{"north":{"uv":[12.85714,4,13.35714,4.28571],"texture":"#3"},"east":{"uv":[5.71429,12.85714,6.21429,13.14286],"texture":"#3"},"south":{"uv":[12.85714,6.85714,13.35714,7.14286],"texture":"#3"},"west":{"uv":[12.85714,10.57143,13.35714,10.85714],"texture":"#3"}}},{"from":[7,7,7],"to":[9,7.5,9],"rotation":{"angle":0,"axis":"y","origin":[7,7.5,7]},"faces":{"north":{"uv":[14.28571,1.14286,14.85714,1.28571],"texture":"#3"},"east":{"uv":[14.28571,1.71429,14.85714,1.85714],"texture":"#3"},"south":{"uv":[14.28571,2.28571,14.85714,2.42857],"texture":"#3"},"west":{"uv":[14.28571,2.85714,14.85714,3],"texture":"#3"},"up":{"uv":[1.14286,11.42857,0.57143,10.85714],"texture":"#3"},"down":{"uv":[2,10.85714,1.42857,11.42857],"texture":"#3"}}},{"from":[7,5.5,7],"to":[9,6,9],"rotation":{"angle":0,"axis":"y","origin":[7,6,7]},"faces":{"north":{"uv":[3.42857,14.28571,4,14.42857],"texture":"#3"},"east":{"uv":[14.28571,3.42857,14.85714,3.57143],"texture":"#3"},"south":{"uv":[14.28571,4,14.85714,4.14286],"texture":"#3"},"west":{"uv":[4.28571,14.28571,4.85714,14.42857],"texture":"#3"},"up":{"uv":[11.71429,2.85714,11.14286,2.28571],"texture":"#3"},"down":{"uv":[11.71429,3.14286,11.14286,3.71429],"texture":"#3"}}},{"from":[7.125,6,7.125],"to":[8.875,7,8.875],"rotation":{"angle":0,"axis":"y","origin":[7.125,8,6.875]},"faces":{"north":{"uv":[13.14286,4.57143,13.64286,4.85714],"texture":"#3"},"east":{"uv":[13.14286,5.14286,13.64286,5.42857],"texture":"#3"},"south":{"uv":[13.14286,5.71429,13.64286,6],"texture":"#3"},"west":{"uv":[13.14286,6.28571,13.64286,6.57143],"texture":"#3"}}},{"from":[7.25,4.5,7.25],"to":[8.75,5.5,8.75],"rotation":{"angle":0,"axis":"y","origin":[7.25,5.5,6.75]},"faces":{"north":{"uv":[13.14286,8.57143,13.57143,8.85714],"texture":"#3"},"east":{"uv":[8.85714,13.14286,9.28571,13.42857],"texture":"#3"},"south":{"uv":[9.71429,13.14286,10.14286,13.42857],"texture":"#3"},"west":{"uv":[10.57143,13.14286,11,13.42857],"texture":"#3"},"down":{"uv":[12.71429,7.71429,12.28571,8.14286],"texture":"#3"}}},{"from":[6.75,16.5,6.5],"to":[9.25,17.75,9.5],"rotation":{"angle":0,"axis":"y","origin":[7,16,6.5]},"faces":{"east":{"uv":[11.14286,6,12,6.35714],"texture":"#3"},"west":{"uv":[6,11.42857,6.85714,11.78571],"texture":"#3"},"up":{"uv":[10.71429,3.14286,10,2.28571],"texture":"#3"},"down":{"uv":[10.71429,3.42857,10,4.28571],"texture":"#3"}}},{"from":[6.7475,15.19382,6.43612],"to":[9.2525,16.54382,7.43612],"rotation":{"angle":-22.5,"axis":"x","origin":[6.9975,14.79382,3.93612]},"faces":{"north":{"uv":[11.42857,9.71429,12.14286,10.07143],"texture":"#3"},"east":{"uv":[13.42857,9.14286,13.71429,9.5],"texture":"#3"},"south":{"uv":[0.57143,11.71429,1.28571,12.07143],"texture":"#3"},"west":{"uv":[13.71429,2,14,2.35714],"texture":"#3"},"up":{"uv":[12.71429,5.71429,12,5.42857],"texture":"#3"},"down":{"uv":[13,0,12.28571,0.28571],"texture":"#3"}}},{"from":[6.7475,15.19382,8.56388],"to":[9.2525,16.54382,9.56388],"rotation":{"angle":22.5,"axis":"x","origin":[6.9975,14.79382,12.06388]},"faces":{"north":{"uv":[11.71429,6.85714,12.42857,7.21429],"texture":"#3"},"east":{"uv":[13.71429,2.85714,14,3.21429],"texture":"#3"},"south":{"uv":[11.14286,11.71429,11.85714,12.07143],"texture":"#3"},"west":{"uv":[13.71429,3.71429,14,4.07143],"texture":"#3"},"up":{"uv":[13,0.85714,12.28571,0.57143],"texture":"#3"},"down":{"uv":[13,1.14286,12.28571,1.42857],"texture":"#3"}}},{"from":[7,17.75,3.5],"to":[9,18.75,12.5],"rotation":{"angle":0,"axis":"y","origin":[7,17.75,4]},"faces":{"north":{"uv":[7.14286,12.57143,7.71429,12.85714],"texture":"#3"},"east":{"uv":[9.42857,0,12,0.28571],"texture":"#3"},"south":{"uv":[8,12.57143,8.57143,12.85714],"texture":"#3"},"west":{"uv":[9.42857,0.57143,12,0.85714],"texture":"#3"},"up":{"uv":[1.71429,6.85714,1.14286,4.28571],"texture":"#3"},"down":{"uv":[2.57143,4.28571,2,6.85714],"texture":"#3"}}},{"from":[7,16.75,5.5],"to":[9,17.75,10.5],"rotation":{"angle":0,"axis":"y","origin":[7,16.75,4]},"faces":{"north":{"uv":[12.57143,9.42857,13.14286,9.71429],"texture":"#3"},"east":{"uv":[10,6.85714,11.42857,7.14286],"texture":"#3"},"south":{"uv":[12.57143,10,13.14286,10.28571],"texture":"#3"},"west":{"uv":[10,7.42857,11.42857,7.71429],"texture":"#3"},"down":{"uv":[6,8.85714,5.42857,10.28571],"texture":"#3"}}},{"from":[7.0085,17.59619,10.05761],"to":[8.9915,18.59619,11.55761],"rotation":{"angle":-22.5,"axis":"x","origin":[8.0085,18.09619,11.05761]},"faces":{"east":{"uv":[13.14286,11.14286,13.57143,11.42857],"texture":"#3"},"west":{"uv":[11.42857,13.14286,11.85714,13.42857],"texture":"#3"},"down":{"uv":[4.85714,11.71429,4.28571,12.14286],"texture":"#3"}}},{"from":[7.0035,16.90328,9.7294],"to":[8.9965,17.90328,10.7294],"rotation":{"angle":22.5,"axis":"x","origin":[8.0035,17.40328,10.2294]},"faces":{"east":{"uv":[6.85714,1.71429,7.14286,2],"texture":"#3"},"south":{"uv":[11.14286,12.57143,11.71429,12.85714],"texture":"#3"},"west":{"uv":[0,12,0.28571,12.28571],"texture":"#3"}}},{"from":[7.5,18.75,6.25],"to":[8.5,23,9.75],"rotation":{"angle":0,"axis":"y","origin":[7.5,18.75,6]},"faces":{"north":{"uv":[8,0,8.28571,1.21429],"texture":"#3"},"east":{"uv":[2.57143,7.42857,3.57143,8.64286],"texture":"#3"},"south":{"uv":[0,10.28571,0.28571,11.5],"texture":"#3"},"west":{"uv":[4,7.42857,5,8.64286],"texture":"#3"},"up":{"uv":[10.85714,12.42857,10.57143,11.42857],"texture":"#3"}}},{"from":[6.5035,18.5,7],"to":[7.9965,19.5,9],"rotation":{"angle":0,"axis":"y","origin":[6.5035,18.5,7]},"faces":{"east":{"uv":[12.85714,2.28571,13.42857,2.57143],"texture":"#3"},"west":{"uv":[12.85714,2.85714,13.42857,3.14286],"texture":"#3"},"up":{"uv":[12.42857,2.85714,12,2.28571],"texture":"#3"},"down":{"uv":[3.57143,12,3.14286,12.57143],"texture":"#3"}}},{"from":[6.75,19.5,7.25],"to":[7.75,20,8.75],"rotation":{"angle":0,"axis":"y","origin":[6.5,19.5,7]},"faces":{"north":{"uv":[15.14286,1.14286,15.42857,1.28571],"texture":"#3"},"east":{"uv":[14.28571,13.71429,14.71429,13.85714],"texture":"#3"},"south":{"uv":[1.71429,15.14286,2,15.28571],"texture":"#3"},"west":{"uv":[14.28571,14.28571,14.71429,14.42857],"texture":"#3"},"up":{"uv":[13.42857,12.14286,13.14286,11.71429],"texture":"#3"}}},{"from":[6.5,19.26537,6.40224],"to":[8,20.34037,7.15224],"rotation":{"angle":22.5,"axis":"x","origin":[6.5,19.26537,5.15224]},"faces":{"north":{"uv":[12.28571,13.14286,12.71429,13.42857],"texture":"#3"},"east":{"uv":[0,14.57143,0.21429,14.85714],"texture":"#3"},"south":{"uv":[13.14286,12.57143,13.57143,12.85714],"texture":"#3"},"west":{"uv":[0.57143,14.57143,0.78571,14.85714],"texture":"#3"},"up":{"uv":[13.85714,10.21429,13.42857,10],"texture":"#3"},"down":{"uv":[14.14286,6.85714,13.71429,7.07143],"texture":"#3"}}},{"from":[6.5,18.11732,9.07612],"to":[8,19.19232,9.82612],"rotation":{"angle":-22.5,"axis":"x","origin":[6.5,18.11732,8.07612]},"faces":{"north":{"uv":[13.14286,13.14286,13.57143,13.42857],"texture":"#3"},"east":{"uv":[1.14286,14.57143,1.35714,14.85714],"texture":"#3"},"south":{"uv":[0,13.42857,0.42857,13.71429],"texture":"#3"},"west":{"uv":[1.71429,14.57143,1.92857,14.85714],"texture":"#3"},"up":{"uv":[7.57143,13.92857,7.14286,13.71429],"texture":"#3"},"down":{"uv":[8.42857,13.71429,8,13.92857],"texture":"#3"}}},{"from":[8.25,19.5,7.25],"to":[9.25,20,8.75],"rotation":{"angle":0,"axis":"y","origin":[9.5,19.5,7]},"faces":{"north":{"uv":[15.14286,1.71429,15.42857,1.85714],"texture":"#3"},"east":{"uv":[2.28571,14.57143,2.71429,14.71429],"texture":"#3"},"south":{"uv":[2.28571,15.14286,2.57143,15.28571],"texture":"#3"},"west":{"uv":[5.14286,14.57143,5.57143,14.71429],"texture":"#3"},"up":{"uv":[13.71429,0.42857,13.42857,0],"texture":"#3"}}},{"from":[8,19.26537,6.40224],"to":[9.5,20.34037,7.15224],"rotation":{"angle":22.5,"axis":"x","origin":[9.5,19.26537,5.15224]},"faces":{"north":{"uv":[0.85714,13.42857,1.28571,13.71429],"texture":"#3"},"east":{"uv":[6,14.57143,6.21429,14.85714],"texture":"#3"},"south":{"uv":[13.42857,0.85714,13.85714,1.14286],"texture":"#3"},"west":{"uv":[6.57143,14.57143,6.78571,14.85714],"texture":"#3"},"up":{"uv":[9.28571,13.92857,8.85714,13.71429],"texture":"#3"},"down":{"uv":[10.14286,13.71429,9.71429,13.92857],"texture":"#3"}}},{"from":[8.0035,18.5,7],"to":[9.4965,19.5,9],"rotation":{"angle":0,"axis":"y","origin":[9.4965,18.5,7]},"faces":{"east":{"uv":[3.14286,12.85714,3.71429,13.14286],"texture":"#3"},"west":{"uv":[12.85714,3.42857,13.42857,3.71429],"texture":"#3"},"up":{"uv":[12.42857,3.71429,12,3.14286],"texture":"#3"},"down":{"uv":[12.42857,4,12,4.57143],"texture":"#3"}}},{"from":[8,18.11732,9.07612],"to":[9.5,19.19232,9.82612],"rotation":{"angle":-22.5,"axis":"x","origin":[9.5,18.11732,8.07612]},"faces":{"north":{"uv":[13.42857,1.42857,13.85714,1.71429],"texture":"#3"},"east":{"uv":[14.57143,6.85714,14.78571,7.14286],"texture":"#3"},"south":{"uv":[2.28571,13.42857,2.71429,13.71429],"texture":"#3"},"west":{"uv":[14.57143,10.57143,14.78571,10.85714],"texture":"#3"},"up":{"uv":[11,13.92857,10.57143,13.71429],"texture":"#3"},"down":{"uv":[14.14286,10.57143,13.71429,10.78571],"texture":"#3"}}},{"from":[7.625,-15.75,7.25],"to":[8.375,-14.25,7.75],"rotation":{"angle":-45,"axis":"x","origin":[8,-15,8]},"faces":{"north":{"uv":[5.14286,13.71429,5.35714,14.14286],"texture":"#3"},"east":{"uv":[11.14286,14.57143,11.28571,15],"texture":"#3"},"south":{"uv":[11.42857,13.71429,11.64286,14.14286],"texture":"#3"},"west":{"uv":[11.71429,14.57143,11.85714,15],"texture":"#3"},"up":{"uv":[15.35714,2.42857,15.14286,2.28571],"texture":"#3"},"down":{"uv":[15.35714,2.85714,15.14286,3],"texture":"#3"}}},{"from":[7.625,-15.75,7.75],"to":[8.375,-15.25,8.25],"rotation":{"angle":-45,"axis":"x","origin":[8,-15,8]},"faces":{"east":{"uv":[15.14286,6.85714,15.28571,7],"texture":"#3"},"west":{"uv":[15.14286,14.28571,15.28571,14.42857],"texture":"#3"},"up":{"uv":[15.35714,3.57143,15.14286,3.42857],"texture":"#3"},"down":{"uv":[15.35714,4,15.14286,4.14286],"texture":"#3"}}},{"from":[7.625,-15.75,8.25],"to":[8.375,-14.25,8.75],"rotation":{"angle":-45,"axis":"x","origin":[8,-15,8]},"faces":{"north":{"uv":[13.71429,11.71429,13.92857,12.14286],"texture":"#3"},"east":{"uv":[3.14286,14.85714,3.28571,15.28571],"texture":"#3"},"south":{"uv":[12,13.71429,12.21429,14.14286],"texture":"#3"},"west":{"uv":[3.71429,14.85714,3.85714,15.28571],"texture":"#3"},"up":{"uv":[5.07143,15.28571,4.85714,15.14286],"texture":"#3"},"down":{"uv":[5.64286,15.14286,5.42857,15.28571],"texture":"#3"}}},{"from":[7.625,-14.75,7.75],"to":[8.375,-14.25,8.25],"rotation":{"angle":-45,"axis":"x","origin":[8,-15,8]},"faces":{"east":{"uv":[15.42857,4.57143,15.57143,4.71429],"texture":"#3"},"west":{"uv":[15.42857,5.14286,15.57143,5.28571],"texture":"#3"},"up":{"uv":[6.21429,15.28571,6,15.14286],"texture":"#3"},"down":{"uv":[6.78571,15.14286,6.57143,15.28571],"texture":"#3"}}},{"from":[8,13.5,11.75],"to":[8.02,17.75,12.25],"rotation":{"angle":0,"axis":"y","origin":[8,14.75,11.75]},"faces":{"east":{"uv":[4,12.57143,4.14286,13.78571],"texture":"#3"},"west":{"uv":[4.57143,12.57143,4.71429,13.78571],"texture":"#3"}}},{"from":[7.875,16.68934,11.75],"to":[8.125,17.18934,12.25],"rotation":{"angle":-45,"axis":"x","origin":[8,16.43934,12]},"faces":{"east":{"uv":[15.42857,5.71429,15.57143,5.85714],"texture":"#3"},"west":{"uv":[7.71429,15.42857,7.85714,15.57143],"texture":"#3"},"up":{"uv":[14.07143,15.57143,14,15.42857],"texture":"#3"},"down":{"uv":[14.64286,15.42857,14.57143,15.57143],"texture":"#3"}}},{"from":[7.875,15.68934,11.75],"to":[8.125,16.18934,12.25],"rotation":{"angle":-45,"axis":"x","origin":[8,16.43934,12]},"faces":{"east":{"uv":[8.28571,15.42857,8.42857,15.57143],"texture":"#3"},"west":{"uv":[8.85714,15.42857,9,15.57143],"texture":"#3"},"up":{"uv":[15.5,15,15.42857,14.85714],"texture":"#3"},"down":{"uv":[15.21429,15.42857,15.14286,15.57143],"texture":"#3"}}},{"from":[7.875,15.68934,12.25],"to":[8.125,17.18934,12.75],"rotation":{"angle":-45,"axis":"x","origin":[8,16.43934,12]},"faces":{"north":{"uv":[10,15.14286,10.07143,15.57143],"texture":"#3"},"east":{"uv":[4.28571,14.85714,4.42857,15.28571],"texture":"#3"},"south":{"uv":[15.14286,10.28571,15.21429,10.71429],"texture":"#3"},"west":{"uv":[14.85714,4.57143,15,5],"texture":"#3"},"up":{"uv":[15.78571,0.14286,15.71429,0],"texture":"#3"},"down":{"uv":[15.78571,0.57143,15.71429,0.71429],"texture":"#3"}}},{"from":[7.875,15.68934,11.25],"to":[8.125,17.18934,11.75],"rotation":{"angle":-45,"axis":"x","origin":[8,16.43934,12]},"faces":{"north":{"uv":[10.57143,15.14286,10.64286,15.57143],"texture":"#3"},"east":{"uv":[14.85714,5.42857,15,5.85714],"texture":"#3"},"south":{"uv":[15.14286,13.42857,15.21429,13.85714],"texture":"#3"},"west":{"uv":[7.14286,14.85714,7.28571,15.28571],"texture":"#3"},"up":{"uv":[1.21429,15.85714,1.14286,15.71429],"texture":"#3"},"down":{"uv":[15.78571,1.14286,15.71429,1.28571],"texture":"#3"}}},{"from":[7.625,12.25,11.625],"to":[8.375,13.5,12.375],"rotation":{"angle":0,"axis":"y","origin":[8.125,12.875,12.125]},"faces":{"north":{"uv":[14.28571,9.71429,14.5,10.07143],"texture":"#3"},"east":{"uv":[10,14.28571,10.21429,14.64286],"texture":"#3"},"south":{"uv":[10.57143,14.28571,10.78571,14.64286],"texture":"#3"},"west":{"uv":[14.28571,11.71429,14.5,12.07143],"texture":"#3"},"up":{"uv":[15.35714,0.78571,15.14286,0.57143],"texture":"#3"},"down":{"uv":[1.35714,15.14286,1.14286,15.35714],"texture":"#3"}}},{"from":[7.75,14,11.25],"to":[8.25,14.5,12.5],"rotation":{"angle":-45,"axis":"x","origin":[7.75,14,10.5]},"faces":{"north":{"uv":[9.42857,15.42857,9.57143,15.57143],"texture":"#3"},"east":{"uv":[13.71429,14.85714,14.07143,15],"texture":"#3"},"south":{"uv":[11.14286,15.42857,11.28571,15.57143],"texture":"#3"},"west":{"uv":[14.57143,14.85714,14.92857,15],"texture":"#3"},"up":{"uv":[0.14286,15.5,0,15.14286],"texture":"#3"},"down":{"uv":[0.71429,15.14286,0.57143,15.5],"texture":"#3"}}},{"from":[7.75,13.25,11.25],"to":[8.25,13.75,12.5],"rotation":{"angle":-45,"axis":"x","origin":[7.75,13.25,10.5]},"faces":{"north":{"uv":[9.42857,15.42857,9.57143,15.57143],"texture":"#3"},"east":{"uv":[13.71429,14.85714,14.07143,15],"texture":"#3"},"south":{"uv":[11.14286,15.42857,11.28571,15.57143],"texture":"#3"},"west":{"uv":[14.57143,14.85714,14.92857,15],"texture":"#3"},"up":{"uv":[0.14286,15.5,0,15.14286],"texture":"#3"},"down":{"uv":[0.71429,15.14286,0.57143,15.5],"texture":"#3"}}},{"from":[7.75,12.5,11.25],"to":[8.25,13,12.5],"rotation":{"angle":-45,"axis":"x","origin":[7.75,12.5,10.5]},"faces":{"north":{"uv":[9.42857,15.42857,9.57143,15.57143],"texture":"#3"},"east":{"uv":[13.71429,14.85714,14.07143,15],"texture":"#3"},"south":{"uv":[11.14286,15.42857,11.28571,15.57143],"texture":"#3"},"west":{"uv":[14.57143,14.85714,14.92857,15],"texture":"#3"},"up":{"uv":[0.14286,15.5,0,15.14286],"texture":"#3"},"down":{"uv":[0.71429,15.14286,0.57143,15.5],"texture":"#3"}}},{"from":[7.75,14,11.5],"to":[8.25,14.5,12.75],"rotation":{"angle":45,"axis":"x","origin":[7.75,14,13.5]},"faces":{"north":{"uv":[11.28571,15.42857,11.14286,15.57143],"texture":"#3"},"east":{"uv":[14.07143,14.85714,13.71429,15],"texture":"#3"},"south":{"uv":[9.57143,15.42857,9.42857,15.57143],"texture":"#3"},"west":{"uv":[14.92857,14.85714,14.57143,15],"texture":"#3"},"up":{"uv":[0.14286,15.14286,0,15.5],"texture":"#3"},"down":{"uv":[0.71429,15.5,0.57143,15.14286],"texture":"#3"}}},{"from":[7.75,13.25,11.5],"to":[8.25,13.75,12.75],"rotation":{"angle":45,"axis":"x","origin":[7.75,13.25,13.5]},"faces":{"north":{"uv":[11.28571,15.42857,11.14286,15.57143],"texture":"#3"},"east":{"uv":[14.07143,14.85714,13.71429,15],"texture":"#3"},"south":{"uv":[9.57143,15.42857,9.42857,15.57143],"texture":"#3"},"west":{"uv":[14.92857,14.85714,14.57143,15],"texture":"#3"},"up":{"uv":[0.14286,15.14286,0,15.5],"texture":"#3"},"down":{"uv":[0.71429,15.5,0.57143,15.14286],"texture":"#3"}}},{"from":[7.75,12.5,11.5],"to":[8.25,13,12.75],"rotation":{"angle":45,"axis":"x","origin":[7.75,12.5,13.5]},"faces":{"north":{"uv":[11.28571,15.42857,11.14286,15.57143],"texture":"#3"},"east":{"uv":[14.07143,14.85714,13.71429,15],"texture":"#3"},"south":{"uv":[9.57143,15.42857,9.42857,15.57143],"texture":"#3"},"west":{"uv":[14.92857,14.85714,14.57143,15],"texture":"#3"},"up":{"uv":[0.14286,15.14286,0,15.5],"texture":"#3"},"down":{"uv":[0.71429,15.5,0.57143,15.14286],"texture":"#3"}}},{"from":[7.625,18.34777,9.27217],"to":[8.375,21.09777,11.52217],"rotation":{"angle":22.5,"axis":"x","origin":[8.125,20.09777,10.52217]},"faces":{"east":{"uv":[10,4.57143,10.64286,5.35714],"texture":"#3"},"south":{"uv":[5.14286,12.57143,5.35714,13.35714],"texture":"#3"},"west":{"uv":[10,5.71429,10.64286,6.5],"texture":"#3"},"up":{"uv":[1.92857,13.5,1.71429,12.85714],"texture":"#3"},"down":{"uv":[6.78571,12.85714,6.57143,13.5],"texture":"#3"}}},{"from":[7.25,18.5,10],"to":[8.75,19,11.5],"rotation":{"angle":-22.5,"axis":"x","origin":[7.375,19.25,10.75]},"faces":{"north":{"uv":[14.85714,0,15.28571,0.14286],"texture":"#3"},"east":{"uv":[14.85714,6.28571,15.28571,6.42857],"texture":"#3"},"south":{"uv":[14.85714,7.42857,15.28571,7.57143],"texture":"#3"},"west":{"uv":[7.71429,14.85714,8.14286,15],"texture":"#3"},"up":{"uv":[12.71429,9,12.28571,8.57143],"texture":"#3"},"down":{"uv":[9.28571,12.28571,8.85714,12.71429],"texture":"#3"}}},{"from":[7.25,19,10],"to":[8.75,19.5,10.5],"rotation":{"angle":-22.5,"axis":"x","origin":[7.375,19.25,10.75]},"faces":{"north":{"uv":[14.85714,8,15.28571,8.14286],"texture":"#3"},"east":{"uv":[11.71429,15.42857,11.85714,15.57143],"texture":"#3"},"south":{"uv":[8.57143,14.85714,9,15],"texture":"#3"},"west":{"uv":[12.28571,15.42857,12.42857,15.57143],"texture":"#3"}}},{"from":[7.25,19,11],"to":[8.75,19.5,11.5],"rotation":{"angle":-22.5,"axis":"x","origin":[7.375,19.25,10.75]},"faces":{"north":{"uv":[14.85714,8.57143,15.28571,8.71429],"texture":"#3"},"east":{"uv":[12.85714,15.42857,13,15.57143],"texture":"#3"},"south":{"uv":[14.85714,9.14286,15.28571,9.28571],"texture":"#3"},"west":{"uv":[13.42857,15.42857,13.57143,15.57143],"texture":"#3"}}},{"from":[7.25,19.5,10],"to":[8.75,20,11.5],"rotation":{"angle":-22.5,"axis":"x","origin":[7.375,19.25,10.75]},"faces":{"north":{"uv":[14.85714,9.71429,15.28571,9.85714],"texture":"#3"},"east":{"uv":[14.85714,11.14286,15.28571,11.28571],"texture":"#3"},"south":{"uv":[14.85714,11.71429,15.28571,11.85714],"texture":"#3"},"west":{"uv":[12.28571,14.85714,12.71429,15],"texture":"#3"},"up":{"uv":[10.14286,12.71429,9.71429,12.28571],"texture":"#3"},"down":{"uv":[12.71429,11.42857,12.28571,11.85714],"texture":"#3"}}},{"from":[7.5,18.25,10.75],"to":[8.5,19.25,13.75],"rotation":{"angle":0,"axis":"y","origin":[7.5,18.25,13.75]},"faces":{"north":{"uv":[6.57143,14,6.85714,14.28571],"texture":"#3"},"east":{"uv":[5.42857,4.57143,6.28571,4.85714],"texture":"#3"},"south":{"uv":[7.14286,14.28571,7.42857,14.57143],"texture":"#3"},"west":{"uv":[12,4.85714,12.85714,5.14286],"texture":"#3"},"up":{"uv":[8.85714,3.14286,8.57143,2.28571],"texture":"#3"},"down":{"uv":[2,11.71429,1.71429,12.57143],"texture":"#3"}}},{"from":[7.5035,19.0206,12.67172],"to":[8.4965,20.0206,13.59672],"rotation":{"angle":-22.5,"axis":"x","origin":[8.0035,19.5206,13.09672]},"faces":{"north":{"uv":[7.71429,14.28571,8,14.57143],"texture":"#3"},"east":{"uv":[8.28571,14.28571,8.57143,14.57143],"texture":"#3"},"south":{"uv":[8.85714,14.28571,9.14286,14.57143],"texture":"#3"},"west":{"uv":[9.42857,14.28571,9.71429,14.57143],"texture":"#3"}}},{"from":[7.25,19.75,12.25],"to":[8.75,20.75,14.75],"rotation":{"angle":0,"axis":"y","origin":[7.5,19.75,13.75]},"faces":{"north":{"uv":[3.14286,13.42857,3.57143,13.71429],"texture":"#3"},"east":{"uv":[12.28571,1.71429,13,2],"texture":"#3"},"south":{"uv":[5.71429,13.42857,6.14286,13.71429],"texture":"#3"},"west":{"uv":[6,12.28571,6.71429,12.57143],"texture":"#3"},"up":{"uv":[7.57143,12.14286,7.14286,11.42857],"texture":"#3"},"down":{"uv":[8.42857,11.42857,8,12.14286],"texture":"#3"}}},{"from":[7.25,20.75,12.25],"to":[8.75,21.25,14],"rotation":{"angle":0,"axis":"y","origin":[7.5,20.75,13.75]},"faces":{"north":{"uv":[14.85714,12.28571,15.28571,12.42857],"texture":"#3"},"east":{"uv":[12.57143,14.28571,13.07143,14.42857],"texture":"#3"},"south":{"uv":[14.85714,12.85714,15.28571,13],"texture":"#3"},"west":{"uv":[13.42857,14.28571,13.92857,14.42857],"texture":"#3"},"up":{"uv":[12.42857,11.07143,12,10.57143],"texture":"#3"}}},{"from":[7.625,19.61639,14.6485],"to":[8.375,19.62639,15.6485],"rotation":{"angle":22.5,"axis":"x","origin":[7.625,19.61639,15.6485]},"faces":{"up":{"uv":[9.64286,15.14286,9.42857,14.85714],"texture":"#3"},"down":{"uv":[13.35714,14.85714,13.14286,15.14286],"texture":"#3"}}},{"from":[6.25,15.5,4],"to":[6.25,23.5,12],"rotation":{"angle":0,"axis":"y","origin":[6.25,15.5,4]},"faces":{"west":{"uv":[0,0,16,16],"texture":"#4"}}},{"from":[9.75,15.5,4],"to":[9.75,23.5,12],"rotation":{"angle":0,"axis":"y","origin":[9.75,15.5,12]},"faces":{"east":{"uv":[0,0,16,16],"texture":"#4"}}},{"from":[8,7.5,6.93934],"to":[9.5,14.5,8.43934],"rotation":{"angle":-45,"axis":"y","origin":[8,7.5,6.93934]},"faces":{"north":{"uv":[6.85714,8.28571,7.28571,10.28571],"texture":"#3"},"east":{"uv":[7.71429,8.28571,8.14286,10.28571],"texture":"#3"},"south":{"uv":[8.57143,0,9,2],"texture":"#3"},"west":{"uv":[8.57143,8.28571,9,10.28571],"texture":"#3"},"up":{"uv":[12.71429,12.71429,12.28571,12.28571],"texture":"#3"},"down":{"uv":[0.42857,12.57143,0,13],"texture":"#3"}}},{"from":[8,-11.5,6.93934],"to":[9.5,0,8.43934],"rotation":{"angle":-45,"axis":"y","origin":[8,-7,6.93934]},"faces":{"north":{"uv":[0,6.57143,0.42857,9.85714],"texture":"#3"},"east":{"uv":[6.85714,4.57143,7.28571,7.85714],"texture":"#3"},"south":{"uv":[0.85714,7.14286,1.28571,10.42857],"texture":"#3"},"west":{"uv":[1.71429,7.14286,2.14286,10.42857],"texture":"#3"},"up":{"uv":[1.28571,13,0.85714,12.57143],"texture":"#3"},"down":{"uv":[2.71429,12.57143,2.28571,13],"texture":"#3"}}},{"from":[4.9975,15.02483,-3.24076],"to":[11.0025,18.02483,-0.00076],"rotation":{"angle":22.5,"axis":"x","origin":[4.9975,13.02483,-2.99076]},"faces":{"north":{"uv":[4.85714,0,6.57143,0.85714],"texture":"#3"},"east":{"uv":[3.42857,9.14286,4.28571,10],"texture":"#3"},"south":{"uv":[4.85714,1.14286,6.57143,2],"texture":"#3"},"west":{"uv":[9.42857,1.14286,10.28571,2],"texture":"#3"},"up":{"uv":[4.57143,6,2.85714,5.14286],"texture":"#3"},"down":{"uv":[6.57143,5.14286,4.85714,6],"texture":"#3"}}},{"from":[4.9975,19.97517,-3.24076],"to":[11.0025,22.97517,-0.00076],"rotation":{"angle":-22.5,"axis":"x","origin":[4.9975,24.97517,-2.99076]},"faces":{"north":{"uv":[5.42857,2.28571,7.14286,3.14286],"texture":"#3"},"east":{"uv":[9.42857,8.28571,10.28571,9.14286],"texture":"#3"},"south":{"uv":[5.42857,3.42857,7.14286,4.28571],"texture":"#3"},"west":{"uv":[9.42857,9.42857,10.28571,10.28571],"texture":"#3"},"up":{"uv":[4.57143,7.14286,2.85714,6.28571],"texture":"#3"},"down":{"uv":[6.57143,6.28571,4.85714,7.14286],"texture":"#3"}}},{"from":[5,16.5,-1.31494],"to":[11,21.5,1.68506],"rotation":{"angle":0,"axis":"x","origin":[5,16.5,-1.31494]},"faces":{"north":{"uv":[0,2.57143,1.71429,4],"texture":"#3"},"east":{"uv":[6.85714,0,7.71429,1.42857],"texture":"#3"},"south":{"uv":[2,2.57143,3.71429,4],"texture":"#3"},"west":{"uv":[7.42857,1.71429,8.28571,3.14286],"texture":"#3"}}},{"from":[6,15.25,0.25],"to":[10,22.75,3.75],"rotation":{"angle":0,"axis":"x","origin":[5,14,-1.25]},"faces":{"east":{"uv":[3.42857,0,4.42857,2.14286],"texture":"#3"},"west":{"uv":[4,2.57143,5,4.71429],"texture":"#3"},"up":{"uv":[6.57143,8.42857,5.42857,7.42857],"texture":"#3"},"down":{"uv":[8.85714,3.42857,7.71429,4.42857],"texture":"#3"}}},{"from":[6.5,15.75,4.75],"to":[9.5,22.25,6.25],"rotation":{"angle":0,"axis":"y","origin":[8,19,5.5]},"faces":{"east":{"uv":[9.14286,2.28571,9.57143,4.14286],"texture":"#3"},"south":{"uv":[0,4.28571,0.85714,6.14286],"texture":"#3"},"west":{"uv":[2.57143,9.14286,3,11],"texture":"#3"},"up":{"uv":[3.71429,4.71429,2.85714,4.28571],"texture":"#3"},"down":{"uv":[4.28571,10.28571,3.42857,10.71429],"texture":"#3"}}},{"from":[5.75,15,3.75],"to":[10.25,23,4.75],"rotation":{"angle":0,"axis":"x","origin":[5,14,2.25]},"faces":{"north":{"uv":[0,0,1.28571,2.28571],"texture":"#3"},"east":{"uv":[6.28571,8.85714,6.57143,11.14286],"texture":"#3"},"south":{"uv":[1.71429,0,3,2.28571],"texture":"#3"},"west":{"uv":[4.57143,9.14286,4.85714,11.42857],"texture":"#3"},"up":{"uv":[11.85714,1.42857,10.57143,1.14286],"texture":"#3"},"down":{"uv":[11.85714,1.71429,10.57143,2],"texture":"#3"}}},{"from":[4.75,17.58579,1.75],"to":[11.25,19.58579,3.75],"rotation":{"angle":-45,"axis":"x","origin":[4.5,17.58579,1.75]},"faces":{"north":{"uv":[7.71429,4.85714,9.57143,5.42857],"texture":"#3"},"east":{"uv":[3.42857,11.14286,4,11.71429],"texture":"#3"},"south":{"uv":[7.71429,5.71429,9.57143,6.28571],"texture":"#3"},"west":{"uv":[11.14286,4,11.71429,4.57143],"texture":"#3"},"up":{"uv":[9.57143,7.14286,7.71429,6.57143],"texture":"#3"},"down":{"uv":[9.57143,7.42857,7.71429,8],"texture":"#3"}}},{"from":[2.70289,13,-2.99876],"to":[5.70289,22,-2.96876],"rotation":{"angle":0,"axis":"y","origin":[3.4767,17.5,-1.06972]},"faces":{"north":{"uv":[0.8,0,3.2,7.2],"texture":"#particle"},"south":{"uv":[3.2,0,0.8,7.2],"texture":"#particle"}}},{"from":[2.02358,13,-2.5558],"to":[2.05358,22,0.4442],"rotation":{"angle":-22.5,"axis":"y","origin":[3.4767,17.5,-1.06972]},"faces":{"east":{"uv":[5.6,0,3.2,7.2],"texture":"#particle"},"west":{"uv":[3.2,0,5.6,7.2],"texture":"#particle"}}},{"from":[4.79522,13,-3.70385],"to":[5.79522,22,-3.67385],"rotation":{"angle":-22.5,"axis":"y","origin":[3.4767,17.5,-1.06972]},"faces":{"north":{"uv":[0,0,0.8,7.2],"texture":"#particle"},"south":{"uv":[0.8,0,0,7.2],"texture":"#particle"}}},{"from":[1.55484,13,-0.22713],"to":[1.58484,22,0.77287],"rotation":{"angle":0,"axis":"y","origin":[1.85628,17.5,1.21291]},"faces":{"east":{"uv":[6.4,0,5.6,7.2],"texture":"#particle"},"west":{"uv":[5.6,0,6.4,7.2],"texture":"#particle"}}},{"from":[1.74618,13,0.69101],"to":[1.77618,22,3.69101],"rotation":{"angle":22.5,"axis":"y","origin":[1.85628,17.5,1.21291]},"faces":{"east":{"uv":[8.8,0,6.4,7.2],"texture":"#particle"},"west":{"uv":[6.4,0,8.8,7.2],"texture":"#particle"}}},{"from":[6.76757,13,0.06427],"to":[6.79757,22,3.06427],"rotation":{"angle":45,"axis":"y","origin":[3.4767,17.5,-1.06972]},"faces":{"east":{"uv":[8.8,0,11.2,7.2],"texture":"#particle"},"west":{"uv":[11.2,0,8.8,7.2],"texture":"#particle"}}},{"from":[10.29711,13,-2.99876],"to":[13.29711,22,-2.96876],"rotation":{"angle":0,"axis":"y","origin":[12.5233,17.5,-1.06972]},"faces":{"north":{"uv":[3.2,0,0.8,7.2],"texture":"#particle"},"south":{"uv":[0.8,0,3.2,7.2],"texture":"#particle"}}},{"from":[13.94642,13,-2.5558],"to":[13.97642,22,0.4442],"rotation":{"angle":22.5,"axis":"y","origin":[12.5233,17.5,-1.06972]},"faces":{"east":{"uv":[5.6,0,3.2,7.2],"texture":"#particle"},"west":{"uv":[3.2,0,5.6,7.2],"texture":"#particle"}}},{"from":[10.20478,13,-3.70385],"to":[11.20478,22,-3.67385],"rotation":{"angle":22.5,"axis":"y","origin":[12.5233,17.5,-1.06972]},"faces":{"north":{"uv":[0.8,0,0,7.2],"texture":"#particle"},"south":{"uv":[0,0,0.8,7.2],"texture":"#particle"}}},{"from":[14.41516,13,-0.22713],"to":[14.44516,22,0.77287],"rotation":{"angle":0,"axis":"y","origin":[14.14372,17.5,1.21291]},"faces":{"east":{"uv":[6.4,0,5.6,7.2],"texture":"#particle"},"west":{"uv":[5.6,0,6.4,7.2],"texture":"#particle"}}},{"from":[14.22382,13,0.69101],"to":[14.25382,22,3.69101],"rotation":{"angle":-22.5,"axis":"y","origin":[14.14372,17.5,1.21291]},"faces":{"east":{"uv":[8.8,0,6.4,7.2],"texture":"#particle"},"west":{"uv":[6.4,0,8.8,7.2],"texture":"#particle"}}},{"from":[9.20243,13,0.06427],"to":[9.23243,22,3.06427],"rotation":{"angle":-45,"axis":"y","origin":[12.5233,17.5,-1.06972]},"faces":{"east":{"uv":[8.8,0,11.2,7.2],"texture":"#particle"},"west":{"uv":[11.2,0,8.8,7.2],"texture":"#particle"}}}],"gui_light":"front","display":{"thirdperson_righthand":{"translation":[0,3,0.75]},"thirdperson_lefthand":{"translation":[0,3,0.75]},"firstperson_righthand":{"rotation":[-5,0,0],"translation":[2.5,0.75,0],"scale":[0.7,0.7,0.7]},"firstperson_lefthand":{"rotation":[-5,0,0],"translation":[2.5,0.75,0],"scale":[0.7,0.7,0.7]},"ground":{"rotation":[-45,0,0],"translation":[0,5,0],"scale":[0.7,0.7,0.7]},"gui":{"rotation":[-90,45,90],"translation":[0.25,0.75,0],"scale":[0.5,0.5,0.5]},"head":{"rotation":[0,-90,0]},"fixed":{"rotation":[0,-90,0],"translation":[0,0,-2.5],"scale":[2,2,2]}},"groups":[{"name":"hammer","origin":[8.625,10.25,4.5],"color":0,"children":[0,1,2,3,4,5,6,7,8,9,10,11,12,13,14,15,16,17,18,19,20,21,22,23,24,25,26,27,28,29,30,31,32,33,34,35,36,37,38,39,40,41,42,43,44,45,46,47,48,49,50,51,52,53,54,55,56,57,58,59,60,61,62,63,64,65]},66,67,68,69,70,71,72,73,74,75,76,77],"mcmodels":"2238fb43fad87426eb3c95ab6631a4ea"}