{"credit":"Pologony Creation Co.,Ltd.","texture_size":[48,48],"textures":{"0":"plny_lunar_new_year_2025:helmet","1":"plny_lunar_new_year_2025:animated/animated_7","particle":"plny_lunar_new_year_2025:helmet"},"elements":[{"from":[12,0,3],"to":[13,2,13],"rotation":{"angle":0,"axis":"y","origin":[3,0,3]},"faces":{"north":{"uv":[1,10.33333,1.33333,11],"texture":"#0"},"east":{"uv":[6.66667,5.33333,10,6],"texture":"#0"},"south":{"uv":[5.33333,12,5.66667,12.66667],"texture":"#0"},"west":{"uv":[6.66667,6.33333,10,7],"texture":"#0"},"up":{"uv":[7,12.66667,6.66667,9.33333],"texture":"#0"},"down":{"uv":[7.66667,9.33333,7.33333,12.66667],"texture":"#0"}}},{"from":[4,0,12],"to":[12,8,13],"rotation":{"angle":0,"axis":"y","origin":[2,0,2]},"faces":{"north":{"uv":[3.66667,0,6.33333,2.66667],"texture":"#0"},"south":{"uv":[3.66667,3,6.33333,5.66667],"texture":"#0"},"down":{"uv":[14,6.33333,11.33333,6.66667],"texture":"#0"}}},{"from":[10.38478,0.0035,2.57926],"to":[12.38478,1.9965,3.50426],"rotation":{"angle":-22.5,"axis":"y","origin":[10.88478,8.0035,3.07926]},"faces":{"north":{"uv":[2,12,2.66667,12.66667],"texture":"#0"},"south":{"uv":[3,12,3.66667,12.66667],"texture":"#0"},"west":{"uv":[6,12,6.33333,12.66667],"texture":"#0"},"up":{"uv":[12.66667,8.66667,12,8.33333],"texture":"#0"},"down":{"uv":[12.66667,9,12,9.33333],"texture":"#0"}}},{"from":[12,2,7],"to":[13,6,13],"rotation":{"angle":0,"axis":"y","origin":[3,2,3]},"faces":{"north":{"uv":[4,12,4.33333,13.33333],"texture":"#0"},"east":{"uv":[6.66667,2,8.66667,3.33333],"texture":"#0"},"south":{"uv":[4.66667,12,5,13.33333],"texture":"#0"},"west":{"uv":[6.66667,3.66667,8.66667,5],"texture":"#0"}}},{"from":[3,8,3],"to":[13,9,13],"rotation":{"angle":0,"axis":"y","origin":[3,8,3]},"faces":{"north":{"uv":[9,2.33333,12.33333,2.66667],"texture":"#0"},"east":{"uv":[9,3,12.33333,3.33333],"texture":"#0"},"south":{"uv":[9,3.66667,12.33333,4],"texture":"#0"},"west":{"uv":[9,4.33333,12.33333,4.66667],"texture":"#0"},"up":{"uv":[3.33333,3.33333,0,0],"texture":"#0"},"down":{"uv":[3.33333,3.66667,0,7],"texture":"#0"}}},{"from":[12,6,3],"to":[13,8,13],"rotation":{"angle":0,"axis":"y","origin":[3,4,3]},"faces":{"north":{"uv":[0,12.33333,0.33333,13],"texture":"#0"},"east":{"uv":[0,7.33333,3.33333,8],"texture":"#0"},"south":{"uv":[12.33333,9.66667,12.66667,10.33333],"texture":"#0"},"west":{"uv":[6.66667,7.33333,10,8],"texture":"#0"},"down":{"uv":[8.33333,9.33333,8,12.66667],"texture":"#0"}}},{"from":[4,6,3],"to":[12,8,4],"rotation":{"angle":0,"axis":"y","origin":[2,4,3]},"faces":{"north":{"uv":[6.66667,8.33333,9.33333,9],"texture":"#0"},"south":{"uv":[8.66667,0,11.33333,0.66667],"texture":"#0"},"down":{"uv":[14.33333,0,11.66667,0.33333],"texture":"#0"}}},{"from":[6.5,7,2.25],"to":[9.5,10,5.25],"rotation":{"angle":-45,"axis":"z","origin":[8,8.5,8]},"faces":{"north":{"uv":[10.33333,7,11.33333,8],"texture":"#0"},"east":{"uv":[9.66667,10.33333,10.66667,11.33333],"texture":"#0"},"south":{"uv":[10.66667,1,11.66667,2],"texture":"#0"},"west":{"uv":[10.66667,8.33333,11.66667,9.33333],"texture":"#0"},"up":{"uv":[12,10.66667,11,9.66667],"texture":"#0"},"down":{"uv":[12,11,11,12],"texture":"#0"}}},{"from":[5.5,9,7],"to":[10.5,10,12],"rotation":{"angle":0,"axis":"y","origin":[4.5,9,7]},"faces":{"north":{"uv":[11.66667,7,13.33333,7.33333],"texture":"#0"},"south":{"uv":[11.66667,7.66667,13.33333,8],"texture":"#0"},"up":{"uv":[8.33333,1.66667,6.66667,0],"texture":"#0"}}},{"from":[5.96447,5.05025,6.9975],"to":[7.96447,6.05025,12.0025],"rotation":{"angle":45,"axis":"z","origin":[1.96447,5.05025,6.9975]},"faces":{"north":{"uv":[10.66667,12.33333,11.33333,12.66667],"texture":"#0"},"south":{"uv":[12.33333,10.66667,13,11],"texture":"#0"},"west":{"uv":[12,0.66667,13.66667,1],"texture":"#0"},"up":{"uv":[9.33333,11,8.66667,9.33333],"texture":"#0"},"down":{"uv":[2.33333,9.66667,1.66667,11.33333],"texture":"#0"}}},{"from":[8.03553,5.05025,6.9975],"to":[10.03553,6.05025,12.0025],"rotation":{"angle":-45,"axis":"z","origin":[14.03553,5.05025,6.9975]},"faces":{"north":{"uv":[12.33333,11.33333,13,11.66667],"texture":"#0"},"east":{"uv":[12,1.33333,13.66667,1.66667],"texture":"#0"},"south":{"uv":[11.66667,12.33333,12.33333,12.66667],"texture":"#0"},"up":{"uv":[10.33333,10,9.66667,8.33333],"texture":"#0"},"down":{"uv":[3.33333,10,2.66667,11.66667],"texture":"#0"}}},{"from":[9.5,1,6.5],"to":[13.5,4,9.5],"rotation":{"angle":45,"axis":"y","origin":[13.5,1,6.5]},"faces":{"north":{"uv":[1.66667,8.33333,3,9.33333],"texture":"#0"},"east":{"uv":[11.33333,5,12.33333,6],"texture":"#0"},"south":{"uv":[3.33333,8.66667,4.66667,9.66667],"texture":"#0"},"up":{"uv":[6.33333,9.66667,5,8.66667],"texture":"#0"},"down":{"uv":[10.33333,1,9,2],"texture":"#0"}}},{"from":[8.75,7.75,2.5],"to":[10.75,11.75,2.53],"rotation":{"angle":0,"axis":"y","origin":[8.75,7.75,2.5]},"faces":{"north":{"uv":[8.66667,11.33333,9.33333,12.66667],"texture":"#0"},"south":{"uv":[9.33333,11.33333,8.66667,12.66667],"texture":"#0"}}},{"from":[10.75,7.75,2.5],"to":[12.75,11.75,2.53],"rotation":{"angle":-22.5,"axis":"y","origin":[10.75,7.75,2.5]},"faces":{"north":{"uv":[1,11.66667,1.66667,13],"texture":"#0"},"south":{"uv":[1.66667,11.66667,1,13],"texture":"#0"}}},{"from":[12.59776,7.75,3.26537],"to":[14.59776,11.75,3.29537],"rotation":{"angle":-45,"axis":"y","origin":[12.59776,7.75,3.26537]},"faces":{"north":{"uv":[9.66667,11.66667,10.33333,13],"texture":"#0"},"south":{"uv":[10.33333,11.66667,9.66667,13],"texture":"#0"}}},{"from":[12.75,1,6.5],"to":[12.78,6,10.5],"rotation":{"angle":45,"axis":"y","origin":[13.5,1,6.5]},"faces":{"east":{"uv":[0,8.33333,1.33333,10],"texture":"#0"},"west":{"uv":[1.33333,8.33333,0,10],"texture":"#0"}}},{"from":[14.20377,1,9.86649],"to":[14.23377,6,11.86649],"rotation":{"angle":22.5,"axis":"y","origin":[14.95377,1,5.86649]},"faces":{"east":{"uv":[3.66667,10,4.33333,11.66667],"texture":"#0"},"west":{"uv":[4.33333,10,3.66667,11.66667],"texture":"#0"}}},{"from":[16.55468,1,11.6853],"to":[16.58468,6,13.6853],"rotation":{"angle":0,"axis":"y","origin":[17.30468,1,5.6853]},"faces":{"east":{"uv":[4.66667,10,5.33333,11.66667],"texture":"#0"},"west":{"uv":[5.33333,10,4.66667,11.66667],"texture":"#0"}}},{"from":[4,9.25,7.5],"to":[12,16.25,7.53],"rotation":{"angle":22.5,"axis":"x","origin":[4,10,7.5]},"faces":{"north":{"uv":[3.66667,6,6.33333,8.33333],"texture":"#0"},"south":{"uv":[6.33333,6,3.66667,8.33333],"texture":"#0"}}},{"from":[14.29228,8,6.97724],"to":[14.32228,13,8.97724],"rotation":{"angle":45,"axis":"y","origin":[14.10098,10.5,7.01549]},"faces":{"east":{"uv":[5.66667,10,6.33333,11.66667],"texture":"#0"},"west":{"uv":[6.33333,10,5.66667,11.66667],"texture":"#0"}}},{"from":[12.16012,8,6.80276],"to":[14.16012,13,6.83276],"rotation":{"angle":-22.5,"axis":"y","origin":[14.12187,10.5,6.99406]},"faces":{"north":{"uv":[0,10.33333,0.66667,12],"texture":"#0"},"south":{"uv":[0.66667,10.33333,0,12],"texture":"#0"}}},{"from":[15.9996,8,8.18153],"to":[16.0296,13,10.18153],"rotation":{"angle":22.5,"axis":"y","origin":[15.9996,10.5,9.18153]},"faces":{"east":{"uv":[10.33333,5,11,6.66667],"texture":"#0"},"west":{"uv":[11,5,10.33333,6.66667],"texture":"#0"}}},{"from":[1.40224,7.75,3.26537],"to":[3.40224,11.75,3.29537],"rotation":{"angle":45,"axis":"y","origin":[3.40224,7.75,3.26537]},"faces":{"north":{"uv":[10.33333,11.66667,9.66667,13],"texture":"#0"},"south":{"uv":[9.66667,11.66667,10.33333,13],"texture":"#0"}}},{"from":[3.25,7.75,2.5],"to":[5.25,11.75,2.53],"rotation":{"angle":22.5,"axis":"y","origin":[5.25,7.75,2.5]},"faces":{"north":{"uv":[1.66667,11.66667,1,13],"texture":"#0"},"south":{"uv":[1,11.66667,1.66667,13],"texture":"#0"}}},{"from":[5.25,7.75,2.5],"to":[7.25,11.75,2.53],"rotation":{"angle":0,"axis":"y","origin":[7.25,7.75,2.5]},"faces":{"north":{"uv":[9.33333,11.33333,8.66667,12.66667],"texture":"#0"},"south":{"uv":[8.66667,11.33333,9.33333,12.66667],"texture":"#0"}}},{"from":[-0.0296,8,8.18153],"to":[0.0004,13,10.18153],"rotation":{"angle":-22.5,"axis":"y","origin":[0.0004,10.5,9.18153]},"faces":{"east":{"uv":[10.33333,5,11,6.66667],"texture":"#0"},"west":{"uv":[11,5,10.33333,6.66667],"texture":"#0"}}},{"from":[1.67772,8,6.97724],"to":[1.70772,13,8.97724],"rotation":{"angle":-45,"axis":"y","origin":[1.89902,10.5,7.01549]},"faces":{"east":{"uv":[5.66667,10,6.33333,11.66667],"texture":"#0"},"west":{"uv":[6.33333,10,5.66667,11.66667],"texture":"#0"}}},{"from":[1.83988,8,6.80276],"to":[3.83988,13,6.83276],"rotation":{"angle":22.5,"axis":"y","origin":[1.87813,10.5,6.99406]},"faces":{"north":{"uv":[0.66667,10.33333,0,12],"texture":"#0"},"south":{"uv":[0,10.33333,0.66667,12],"texture":"#0"}}},{"from":[3,6,3],"to":[4,8,13],"rotation":{"angle":0,"axis":"y","origin":[13,4,3]},"faces":{"north":{"uv":[0.33333,12.33333,0,13],"texture":"#0"},"east":{"uv":[10,7.33333,6.66667,8],"texture":"#0"},"south":{"uv":[12.66667,9.66667,12.33333,10.33333],"texture":"#0"},"west":{"uv":[3.33333,7.33333,0,8],"texture":"#0"},"down":{"uv":[8,9.33333,8.33333,12.66667],"texture":"#0"}}},{"from":[3,2,7],"to":[4,6,13],"rotation":{"angle":0,"axis":"y","origin":[13,2,3]},"faces":{"north":{"uv":[4.33333,12,4,13.33333],"texture":"#0"},"east":{"uv":[8.66667,3.66667,6.66667,5],"texture":"#0"},"south":{"uv":[5,12,4.66667,13.33333],"texture":"#0"},"west":{"uv":[8.66667,2,6.66667,3.33333],"texture":"#0"}}},{"from":[3.61522,0.0035,2.57926],"to":[5.61522,1.9965,3.50426],"rotation":{"angle":22.5,"axis":"y","origin":[5.11522,8.0035,3.07926]},"faces":{"north":{"uv":[2.66667,12,2,12.66667],"texture":"#0"},"east":{"uv":[6.33333,12,6,12.66667],"texture":"#0"},"south":{"uv":[3.66667,12,3,12.66667],"texture":"#0"},"up":{"uv":[12,8.66667,12.66667,8.33333],"texture":"#0"},"down":{"uv":[12,9,12.66667,9.33333],"texture":"#0"}}},{"from":[3,0,3],"to":[4,2,13],"rotation":{"angle":0,"axis":"y","origin":[13,0,3]},"faces":{"north":{"uv":[1.33333,10.33333,1,11],"texture":"#0"},"east":{"uv":[10,6.33333,6.66667,7],"texture":"#0"},"south":{"uv":[5.66667,12,5.33333,12.66667],"texture":"#0"},"west":{"uv":[10,5.33333,6.66667,6],"texture":"#0"},"up":{"uv":[6.66667,12.66667,7,9.33333],"texture":"#0"},"down":{"uv":[7.33333,9.33333,7.66667,12.66667],"texture":"#0"}}},{"from":[2.5,1,6.5],"to":[6.5,4,9.5],"rotation":{"angle":-45,"axis":"y","origin":[2.5,1,6.5]},"faces":{"north":{"uv":[3,8.33333,1.66667,9.33333],"texture":"#0"},"south":{"uv":[4.66667,8.66667,3.33333,9.66667],"texture":"#0"},"west":{"uv":[12.33333,5,11.33333,6],"texture":"#0"},"up":{"uv":[5,9.66667,6.33333,8.66667],"texture":"#0"},"down":{"uv":[9,1,10.33333,2],"texture":"#0"}}},{"from":[-0.58468,1,11.6853],"to":[-0.55468,6,13.6853],"rotation":{"angle":0,"axis":"y","origin":[-1.30468,1,5.6853]},"faces":{"east":{"uv":[4.66667,10,5.33333,11.66667],"texture":"#0"},"west":{"uv":[5.33333,10,4.66667,11.66667],"texture":"#0"}}},{"from":[1.76623,1,9.86649],"to":[1.79623,6,11.86649],"rotation":{"angle":-22.5,"axis":"y","origin":[1.04623,1,5.86649]},"faces":{"east":{"uv":[3.66667,10,4.33333,11.66667],"texture":"#0"},"west":{"uv":[4.33333,10,3.66667,11.66667],"texture":"#0"}}},{"from":[3.22,1,6.5],"to":[3.25,6,10.5],"rotation":{"angle":-45,"axis":"y","origin":[2.5,1,6.5]},"faces":{"east":{"uv":[0,8.33333,1.33333,10],"texture":"#0"},"west":{"uv":[1.33333,8.33333,0,10],"texture":"#0"}}},{"from":[14.27018,2.5,10.63132],"to":[14.33018,20.5,16.63132],"rotation":{"angle":0,"axis":"y","origin":[10.5598,11.5,14.86371]},"faces":{"east":{"uv":[3.2,0,0.8,7.2],"texture":"#1"},"west":{"uv":[0.8,0,3.2,7.2],"texture":"#1"}}},{"from":[14.41575,2.5,13.44755],"to":[14.47575,20.5,19.44755],"rotation":{"angle":-45,"axis":"y","origin":[10.5598,11.5,14.86371]},"faces":{"east":{"uv":[5.6,0,3.2,7.2],"texture":"#1"},"west":{"uv":[3.2,0,5.6,7.2],"texture":"#1"}}},{"from":[8.23311,2.5,9.2049],"to":[10.23311,20.5,9.2649],"rotation":{"angle":-45,"axis":"y","origin":[10.5598,11.5,14.86371]},"faces":{"north":{"uv":[0.8,0,0,7.2],"texture":"#1"},"south":{"uv":[0,0,0.8,7.2],"texture":"#1"}}},{"from":[9.27975,2.5,22.6793],"to":[9.33975,20.5,28.6793],"rotation":{"angle":0,"axis":"y","origin":[9.30975,11.5,25.6793]},"faces":{"east":{"uv":[8.8,0,6.4,7.2],"texture":"#1"},"west":{"uv":[6.4,0,8.8,7.2],"texture":"#1"}}},{"from":[9.66014,2.5,20.7669],"to":[9.72014,20.5,22.7669],"rotation":{"angle":-22.5,"axis":"y","origin":[9.69014,11.5,21.7669]},"faces":{"east":{"uv":[6.4,0,5.6,7.2],"texture":"#1"},"west":{"uv":[5.6,0,6.4,7.2],"texture":"#1"}}},{"from":[6.27986,2.5,20.7669],"to":[6.33986,20.5,22.7669],"rotation":{"angle":22.5,"axis":"y","origin":[6.30986,11.5,21.7669]},"faces":{"east":{"uv":[6.4,0,5.6,7.2],"texture":"#1"},"west":{"uv":[5.6,0,6.4,7.2],"texture":"#1"}}},{"from":[6.66025,2.5,22.6793],"to":[6.72025,20.5,28.6793],"rotation":{"angle":0,"axis":"y","origin":[6.69025,11.5,25.6793]},"faces":{"east":{"uv":[8.8,0,6.4,7.2],"texture":"#1"},"west":{"uv":[6.4,0,8.8,7.2],"texture":"#1"}}},{"from":[5.76689,2.5,9.2049],"to":[7.76689,20.5,9.2649],"rotation":{"angle":45,"axis":"y","origin":[5.4402,11.5,14.86371]},"faces":{"north":{"uv":[0,0,0.8,7.2],"texture":"#1"},"south":{"uv":[0.8,0,0,7.2],"texture":"#1"}}},{"from":[1.52425,2.5,13.44755],"to":[1.58425,20.5,19.44755],"rotation":{"angle":45,"axis":"y","origin":[5.4402,11.5,14.86371]},"faces":{"east":{"uv":[5.6,0,3.2,7.2],"texture":"#1"},"west":{"uv":[3.2,0,5.6,7.2],"texture":"#1"}}},{"from":[1.66982,2.5,10.63132],"to":[1.72982,20.5,16.63132],"rotation":{"angle":0,"axis":"y","origin":[5.4402,11.5,14.86371]},"faces":{"east":{"uv":[3.2,0,0.8,7.2],"texture":"#1"},"west":{"uv":[0.8,0,3.2,7.2],"texture":"#1"}}}],"gui_light":"front","display":{"thirdperson_righthand":{"rotation":[62,0,0],"translation":[0,5,3.75],"scale":[0.7,0.7,0.7]},"thirdperson_lefthand":{"rotation":[62,0,0],"translation":[0,5,3.75],"scale":[0.7,0.7,0.7]},"firstperson_righthand":{"rotation":[152.5,0,-180],"translation":[0,5.75,0],"scale":[0.7,0.7,0.7]},"firstperson_lefthand":{"rotation":[152.5,0,-180],"translation":[0,5.75,0],"scale":[0.7,0.7,0.7]},"ground":{"translation":[0,5,0],"scale":[0.8,0.8,0.8]},"gui":{"rotation":[0,180,0],"translation":[0,0.5,0]},"head":{"translation":[0,5.25,0],"scale":[1.6,1.6,1.6]},"fixed":{"rotation":[-90,0,0],"translation":[0,0,-16],"scale":[2,2,2]}},"groups":[{"name":"helmet","origin":[2.5,1,6.5],"color":0,"children":[0,1,2,3,4,5,6,7,8,9,10,11,12,13,14,15,16,17,18,19,20,21,22,23,24,25,26,27,28,29,30,31,32,33,34,35,36,37,38,39,40,41,42,43,44,45]}],"mcmodels":"2238fb43fad87426eb3c95ab6631a4ea"}