{"credit":"Pologony Creation Co.,Ltd.","texture_size":[20,20],"textures":{"2":"plny_lunar_new_year_2025:animated/animated_4","4":"plny_lunar_new_year_2025:animated/animated_2","6":"plny_lunar_new_year_2025:hoe","particle":"plny_lunar_new_year_2025:animated/animated_4"},"elements":[{"from":[7,-2.5,7],"to":[9,-2,9],"rotation":{"angle":0,"axis":"y","origin":[7,-2.5,7]},"faces":{"north":{"uv":[11,12,11.66667,12.16667],"texture":"#6"},"east":{"uv":[12,12,12.66667,12.16667],"texture":"#6"},"south":{"uv":[12.33333,0.66667,13,0.83333],"texture":"#6"},"west":{"uv":[3,12.33333,3.66667,12.5],"texture":"#6"},"up":{"uv":[1.66667,7.33333,1,6.66667],"texture":"#6"},"down":{"uv":[2.66667,6.66667,2,7.33333],"texture":"#6"}}},{"from":[7.125,-2,7.125],"to":[8.875,0,8.875],"rotation":{"angle":0,"axis":"y","origin":[7.125,-2,6.875]},"faces":{"north":{"uv":[5,8,5.58333,8.66667],"texture":"#6"},"east":{"uv":[7.33333,8,7.91667,8.66667],"texture":"#6"},"south":{"uv":[0,8.33333,0.58333,9],"texture":"#6"},"west":{"uv":[8.33333,0,8.91667,0.66667],"texture":"#6"}}},{"from":[7.25,0.5,7.25],"to":[8.75,1.5,8.75],"rotation":{"angle":0,"axis":"y","origin":[7.25,0.5,6.75]},"faces":{"north":{"uv":[3,11,3.5,11.33333],"texture":"#6"},"east":{"uv":[11,4,11.5,4.33333],"texture":"#6"},"south":{"uv":[11,4.66667,11.5,5],"texture":"#6"},"west":{"uv":[11,5.33333,11.5,5.66667],"texture":"#6"},"up":{"uv":[5.16667,10.16667,4.66667,9.66667],"texture":"#6"}}},{"from":[7.375,1.5,7.375],"to":[8.625,4.5,8.625],"rotation":{"angle":0,"axis":"y","origin":[7.375,2.5,6.625]},"faces":{"north":{"uv":[4,7.33333,4.41667,8.33333],"texture":"#6"},"east":{"uv":[7.33333,6.66667,7.75,7.66667],"texture":"#6"},"south":{"uv":[1,7.66667,1.41667,8.66667],"texture":"#6"},"west":{"uv":[2,7.66667,2.41667,8.66667],"texture":"#6"}}},{"from":[7,0,7],"to":[9,0.5,9],"rotation":{"angle":0,"axis":"y","origin":[7,0,7]},"faces":{"north":{"uv":[4,12.33333,4.66667,12.5],"texture":"#6"},"east":{"uv":[5,12.33333,5.66667,12.5],"texture":"#6"},"south":{"uv":[12.33333,6,13,6.16667],"texture":"#6"},"west":{"uv":[7.33333,12.33333,8,12.5],"texture":"#6"},"up":{"uv":[7.33333,3.33333,6.66667,2.66667],"texture":"#6"},"down":{"uv":[7,6.66667,6.33333,7.33333],"texture":"#6"}}},{"from":[7,7,7],"to":[9,7.5,9],"rotation":{"angle":0,"axis":"y","origin":[7,7.5,7]},"faces":{"north":{"uv":[12.33333,9.33333,13,9.5],"texture":"#6"},"east":{"uv":[12.33333,10,13,10.16667],"texture":"#6"},"south":{"uv":[12.33333,10.66667,13,10.83333],"texture":"#6"},"west":{"uv":[12.33333,11.33333,13,11.5],"texture":"#6"},"up":{"uv":[7.66667,5.33333,7,4.66667],"texture":"#6"},"down":{"uv":[7.66667,5.66667,7,6.33333],"texture":"#6"}}},{"from":[7,5.5,7],"to":[9,6,9],"rotation":{"angle":0,"axis":"y","origin":[7,6,7]},"faces":{"north":{"uv":[0,12.66667,0.66667,12.83333],"texture":"#6"},"east":{"uv":[1,12.66667,1.66667,12.83333],"texture":"#6"},"south":{"uv":[12.66667,2.66667,13.33333,2.83333],"texture":"#6"},"west":{"uv":[12.66667,3.33333,13.33333,3.5],"texture":"#6"},"up":{"uv":[0.66667,8,0,7.33333],"texture":"#6"},"down":{"uv":[8,0.66667,7.33333,1.33333],"texture":"#6"}}},{"from":[7.125,6,7.125],"to":[8.875,7,8.875],"rotation":{"angle":0,"axis":"y","origin":[7.125,8,6.875]},"faces":{"north":{"uv":[10.66667,8.66667,11.25,9],"texture":"#6"},"east":{"uv":[11,0,11.58333,0.33333],"texture":"#6"},"south":{"uv":[11,1.33333,11.58333,1.66667],"texture":"#6"},"west":{"uv":[11,2,11.58333,2.33333],"texture":"#6"}}},{"from":[7.25,4.5,7.25],"to":[8.75,5.5,8.75],"rotation":{"angle":0,"axis":"y","origin":[7.25,5.5,6.75]},"faces":{"north":{"uv":[5.66667,11,6.16667,11.33333],"texture":"#6"},"east":{"uv":[11,6.66667,11.5,7],"texture":"#6"},"south":{"uv":[11,7.33333,11.5,7.66667],"texture":"#6"},"west":{"uv":[11,8,11.5,8.33333],"texture":"#6"},"down":{"uv":[1.83333,10,1.33333,10.5],"texture":"#6"}}},{"from":[6.75,10.5,6.5],"to":[9.25,11.75,9.5],"rotation":{"angle":0,"axis":"y","origin":[7,10,6.5]},"faces":{"east":{"uv":[7.66667,2.66667,8.66667,3.08333],"texture":"#6"},"west":{"uv":[7.66667,3.66667,8.66667,4.08333],"texture":"#6"},"up":{"uv":[5.16667,1,4.33333,0],"texture":"#6"},"down":{"uv":[4.5,4.66667,3.66667,5.66667],"texture":"#6"}}},{"from":[6.7475,9.19382,6.43612],"to":[9.2525,10.54382,7.43612],"rotation":{"angle":-22.5,"axis":"x","origin":[6.9975,8.79382,3.93612]},"faces":{"north":{"uv":[8.33333,6,9.16667,6.41667],"texture":"#6"},"east":{"uv":[8.33333,11.66667,8.66667,12.08333],"texture":"#6"},"south":{"uv":[8.33333,7,9.16667,7.41667],"texture":"#6"},"west":{"uv":[9,11.66667,9.33333,12.08333],"texture":"#6"},"up":{"uv":[10.5,7,9.66667,6.66667],"texture":"#6"},"down":{"uv":[10.5,7.33333,9.66667,7.66667],"texture":"#6"}}},{"from":[6.7475,9.19382,8.56388],"to":[9.2525,10.54382,9.56388],"rotation":{"angle":22.5,"axis":"x","origin":[6.9975,8.79382,12.06388]},"faces":{"north":{"uv":[8.33333,8,9.16667,8.41667],"texture":"#6"},"east":{"uv":[9.66667,11.66667,10,12.08333],"texture":"#6"},"south":{"uv":[3,8.66667,3.83333,9.08333],"texture":"#6"},"west":{"uv":[10.33333,11.66667,10.66667,12.08333],"texture":"#6"},"up":{"uv":[10.5,8.33333,9.66667,8],"texture":"#6"},"down":{"uv":[9.83333,9.66667,9,10],"texture":"#6"}}},{"from":[7,11.75,3],"to":[9,12.75,13],"rotation":{"angle":0,"axis":"y","origin":[7,11.75,4]},"faces":{"north":{"uv":[0,9.33333,0.66667,9.66667],"texture":"#6"},"east":{"uv":[3.66667,1.33333,7,1.66667],"texture":"#6"},"south":{"uv":[10,5.33333,10.66667,5.66667],"texture":"#6"},"west":{"uv":[3.66667,2,7,2.33333],"texture":"#6"},"up":{"uv":[0.66667,3.33333,0,0],"texture":"#6"},"down":{"uv":[1.66667,0,1,3.33333],"texture":"#6"}}},{"from":[7,10.75,5],"to":[9,11.75,11],"rotation":{"angle":0,"axis":"y","origin":[7,10.75,4]},"faces":{"north":{"uv":[3,10.33333,3.66667,10.66667],"texture":"#6"},"east":{"uv":[5.33333,4,7.33333,4.33333],"texture":"#6"},"south":{"uv":[5.66667,10.33333,6.33333,10.66667],"texture":"#6"},"west":{"uv":[5.66667,0,7.66667,0.33333],"texture":"#6"},"down":{"uv":[0.66667,3.66667,0,5.66667],"texture":"#6"}}},{"from":[7.0035,10.90328,4.7706],"to":[8.9965,11.90328,5.7706],"rotation":{"angle":-22.5,"axis":"x","origin":[8.0035,11.40328,5.2706]},"faces":{"north":{"uv":[8.33333,10.33333,9,10.66667],"texture":"#6"},"east":{"uv":[3,6.66667,3.33333,7],"texture":"#6"},"west":{"uv":[5,7.33333,5.33333,7.66667],"texture":"#6"}}},{"from":[7.0085,11.59619,3.94239],"to":[8.9915,12.59619,5.44239],"rotation":{"angle":22.5,"axis":"x","origin":[8.0085,12.09619,4.44239]},"faces":{"east":{"uv":[8.33333,11,8.83333,11.33333],"texture":"#6"},"west":{"uv":[9.33333,11,9.83333,11.33333],"texture":"#6"},"down":{"uv":[1.66667,9,1,9.5],"texture":"#6"}}},{"from":[7.0085,11.59619,10.55761],"to":[8.9915,12.59619,12.05761],"rotation":{"angle":-22.5,"axis":"x","origin":[8.0085,12.09619,11.55761]},"faces":{"east":{"uv":[10.33333,11,10.83333,11.33333],"texture":"#6"},"west":{"uv":[0,11.33333,0.5,11.66667],"texture":"#6"},"down":{"uv":[9.66667,1,9,1.5],"texture":"#6"}}},{"from":[7.0035,10.90328,10.2294],"to":[8.9965,11.90328,11.2294],"rotation":{"angle":22.5,"axis":"x","origin":[8.0035,11.40328,10.7294]},"faces":{"east":{"uv":[6,12.33333,6.33333,12.66667],"texture":"#6"},"south":{"uv":[9.33333,10.33333,10,10.66667],"texture":"#6"},"west":{"uv":[12.66667,6.66667,13,7],"texture":"#6"}}},{"from":[7.5,12.75,6.25],"to":[8.5,17,9.75],"rotation":{"angle":0,"axis":"y","origin":[7.5,12.75,6]},"faces":{"north":{"uv":[5.66667,6,6,7.41667],"texture":"#6"},"east":{"uv":[2,1.33333,3.16667,2.75],"texture":"#6"},"south":{"uv":[6.33333,4.66667,6.66667,6.08333],"texture":"#6"},"west":{"uv":[2,3.33333,3.16667,4.75],"texture":"#6"},"up":{"uv":[8.66667,2.16667,8.33333,1],"texture":"#6"}}},{"from":[7.625,12.34777,4.47783],"to":[8.375,15.09777,6.72783],"rotation":{"angle":-22.5,"axis":"x","origin":[8.125,14.09777,5.47783]},"faces":{"north":{"uv":[7.66667,10,7.91667,10.91667],"texture":"#6"},"east":{"uv":[2.33333,5.33333,3.08333,6.25],"texture":"#6"},"west":{"uv":[5.33333,2.66667,6.08333,3.58333],"texture":"#6"},"up":{"uv":[1.91667,11.75,1.66667,11],"texture":"#6"},"down":{"uv":[11.25,2.66667,11,3.41667],"texture":"#6"}}},{"from":[7.625,12.34777,9.27217],"to":[8.375,15.09777,11.52217],"rotation":{"angle":22.5,"axis":"x","origin":[8.125,14.09777,10.52217]},"faces":{"east":{"uv":[3.08333,5.33333,2.33333,6.25],"texture":"#6"},"south":{"uv":[7.91667,10,7.66667,10.91667],"texture":"#6"},"west":{"uv":[6.08333,2.66667,5.33333,3.58333],"texture":"#6"},"up":{"uv":[1.91667,11,1.66667,11.75],"texture":"#6"},"down":{"uv":[11.25,3.41667,11,2.66667],"texture":"#6"}}},{"from":[6.5035,12.5,7],"to":[7.9965,13.5,9],"rotation":{"angle":0,"axis":"y","origin":[6.5035,12.5,7]},"faces":{"east":{"uv":[10.33333,9.66667,11,10],"texture":"#6"},"west":{"uv":[10.33333,10.33333,11,10.66667],"texture":"#6"},"up":{"uv":[2.5,9.66667,2,9],"texture":"#6"},"down":{"uv":[9.5,2,9,2.66667],"texture":"#6"}}},{"from":[6.75,13.5,7.25],"to":[7.75,14,8.75],"rotation":{"angle":0,"axis":"y","origin":[6.5,13.5,7]},"faces":{"north":{"uv":[2.66667,14,3,14.16667],"texture":"#6"},"east":{"uv":[13,4,13.5,4.16667],"texture":"#6"},"south":{"uv":[3.33333,14,3.66667,14.16667],"texture":"#6"},"west":{"uv":[13,4.66667,13.5,4.83333],"texture":"#6"},"up":{"uv":[4.33333,11.83333,4,11.33333],"texture":"#6"}}},{"from":[6.5,13.26537,6.40224],"to":[8,14.34037,7.15224],"rotation":{"angle":22.5,"axis":"x","origin":[6.5,13.26537,5.15224]},"faces":{"north":{"uv":[11.33333,0.66667,11.83333,1],"texture":"#6"},"east":{"uv":[5,13,5.25,13.33333],"texture":"#6"},"south":{"uv":[11.33333,6,11.83333,6.33333],"texture":"#6"},"west":{"uv":[13,5.33333,13.25,5.66667],"texture":"#6"},"up":{"uv":[12.16667,8.91667,11.66667,8.66667],"texture":"#6"},"down":{"uv":[0.5,12,0,12.25],"texture":"#6"}}},{"from":[6.5,12.11732,9.07612],"to":[8,13.19232,9.82612],"rotation":{"angle":-22.5,"axis":"x","origin":[6.5,12.11732,8.07612]},"faces":{"north":{"uv":[11.33333,9.33333,11.83333,9.66667],"texture":"#6"},"east":{"uv":[5.66667,13,5.91667,13.33333],"texture":"#6"},"south":{"uv":[11.33333,10,11.83333,10.33333],"texture":"#6"},"west":{"uv":[6.33333,13,6.58333,13.33333],"texture":"#6"},"up":{"uv":[12.5,0.25,12,0],"texture":"#6"},"down":{"uv":[12.5,1.33333,12,1.58333],"texture":"#6"}}},{"from":[8.25,13.5,7.25],"to":[9.25,14,8.75],"rotation":{"angle":0,"axis":"y","origin":[9.5,13.5,7]},"faces":{"north":{"uv":[14,4,14.33333,4.16667],"texture":"#6"},"east":{"uv":[7,13,7.5,13.16667],"texture":"#6"},"south":{"uv":[14,4.66667,14.33333,4.83333],"texture":"#6"},"west":{"uv":[13,12,13.5,12.16667],"texture":"#6"},"up":{"uv":[8,11.83333,7.66667,11.33333],"texture":"#6"}}},{"from":[8,13.26537,6.40224],"to":[9.5,14.34037,7.15224],"rotation":{"angle":22.5,"axis":"x","origin":[9.5,13.26537,5.15224]},"faces":{"north":{"uv":[11.33333,10.66667,11.83333,11],"texture":"#6"},"east":{"uv":[13,12.66667,13.25,13],"texture":"#6"},"south":{"uv":[11.33333,11.33333,11.83333,11.66667],"texture":"#6"},"west":{"uv":[0,13.33333,0.25,13.66667],"texture":"#6"},"up":{"uv":[12.5,2.25,12,2],"texture":"#6"},"down":{"uv":[12.5,4,12,4.25],"texture":"#6"}}},{"from":[8.0035,12.5,7],"to":[9.4965,13.5,9],"rotation":{"angle":0,"axis":"y","origin":[9.4965,12.5,7]},"faces":{"east":{"uv":[0,10.66667,0.66667,11],"texture":"#6"},"west":{"uv":[4,10.66667,4.66667,11],"texture":"#6"},"up":{"uv":[9.5,3.66667,9,3],"texture":"#6"},"down":{"uv":[9.5,4,9,4.66667],"texture":"#6"}}},{"from":[8,12.11732,9.07612],"to":[9.5,13.19232,9.82612],"rotation":{"angle":-22.5,"axis":"x","origin":[9.5,12.11732,8.07612]},"faces":{"north":{"uv":[11.66667,2.66667,12.16667,3],"texture":"#6"},"east":{"uv":[0.66667,13.33333,0.91667,13.66667],"texture":"#6"},"south":{"uv":[3,11.66667,3.5,12],"texture":"#6"},"west":{"uv":[13.33333,0.66667,13.58333,1],"texture":"#6"},"up":{"uv":[12.5,4.91667,12,4.66667],"texture":"#6"},"down":{"uv":[12.5,5.33333,12,5.58333],"texture":"#6"}}},{"from":[7.25,12.5,4.5],"to":[8.75,13,6],"rotation":{"angle":22.5,"axis":"x","origin":[7.375,13.25,5.25]},"faces":{"north":{"uv":[13.33333,6,13.83333,6.16667],"texture":"#6"},"east":{"uv":[13.33333,6.66667,13.83333,6.83333],"texture":"#6"},"south":{"uv":[13.33333,7.33333,13.83333,7.5],"texture":"#6"},"west":{"uv":[8,13.33333,8.5,13.5],"texture":"#6"},"up":{"uv":[10.5,1.83333,10,1.33333],"texture":"#6"},"down":{"uv":[10.5,2.33333,10,2.83333],"texture":"#6"}}},{"from":[7.25,13,5.5],"to":[8.75,13.5,6],"rotation":{"angle":22.5,"axis":"x","origin":[7.375,13.25,5.25]},"faces":{"north":{"uv":[13.33333,8,13.83333,8.16667],"texture":"#6"},"east":{"uv":[14.33333,9.66667,14.5,9.83333],"texture":"#6"},"south":{"uv":[13.33333,8.66667,13.83333,8.83333],"texture":"#6"},"west":{"uv":[14.33333,10.33333,14.5,10.5],"texture":"#6"}}},{"from":[7.25,13,4.5],"to":[8.75,13.5,5],"rotation":{"angle":22.5,"axis":"x","origin":[7.375,13.25,5.25]},"faces":{"north":{"uv":[9,13.33333,9.5,13.5],"texture":"#6"},"east":{"uv":[10.66667,14.33333,10.83333,14.5],"texture":"#6"},"south":{"uv":[13.33333,9.33333,13.83333,9.5],"texture":"#6"},"west":{"uv":[14.33333,11,14.5,11.16667],"texture":"#6"}}},{"from":[7.25,13.5,4.5],"to":[8.75,14,6],"rotation":{"angle":22.5,"axis":"x","origin":[7.375,13.25,5.25]},"faces":{"north":{"uv":[10,13.33333,10.5,13.5],"texture":"#6"},"east":{"uv":[13.33333,10,13.83333,10.16667],"texture":"#6"},"south":{"uv":[13.33333,10.66667,13.83333,10.83333],"texture":"#6"},"west":{"uv":[13.33333,11.33333,13.83333,11.5],"texture":"#6"},"up":{"uv":[10.5,3.83333,10,3.33333],"texture":"#6"},"down":{"uv":[10.5,4.33333,10,4.83333],"texture":"#6"}}},{"from":[7.625,-3.75,7.25],"to":[8.375,-2.25,7.75],"rotation":{"angle":-45,"axis":"x","origin":[8,-3,8]},"faces":{"north":{"uv":[2.33333,12,2.58333,12.5],"texture":"#6"},"east":{"uv":[1.33333,13.33333,1.5,13.83333],"texture":"#6"},"south":{"uv":[6.66667,12,6.91667,12.5],"texture":"#6"},"west":{"uv":[11,13.33333,11.16667,13.83333],"texture":"#6"},"up":{"uv":[14.25,12.16667,14,12],"texture":"#6"},"down":{"uv":[13.91667,14,13.66667,14.16667],"texture":"#6"}}},{"from":[7.625,-3.75,7.75],"to":[8.375,-3.25,8.25],"rotation":{"angle":-45,"axis":"x","origin":[8,-3,8]},"faces":{"east":{"uv":[13,14.33333,13.16667,14.5],"texture":"#6"},"west":{"uv":[14.33333,14,14.5,14.16667],"texture":"#6"},"up":{"uv":[1.58333,14.5,1.33333,14.33333],"texture":"#6"},"down":{"uv":[14.58333,1.33333,14.33333,1.5],"texture":"#6"}}},{"from":[7.625,-3.75,8.25],"to":[8.375,-2.25,8.75],"rotation":{"angle":-45,"axis":"x","origin":[8,-3,8]},"faces":{"north":{"uv":[12,6.66667,12.25,7.16667],"texture":"#6"},"east":{"uv":[13,13.33333,13.16667,13.83333],"texture":"#6"},"south":{"uv":[12,7.66667,12.25,8.16667],"texture":"#6"},"west":{"uv":[13.66667,1.33333,13.83333,1.83333],"texture":"#6"},"up":{"uv":[14.58333,2.16667,14.33333,2],"texture":"#6"},"down":{"uv":[14.58333,2.66667,14.33333,2.83333],"texture":"#6"}}},{"from":[7.625,-2.75,7.75],"to":[8.375,-2.25,8.25],"rotation":{"angle":-45,"axis":"x","origin":[8,-3,8]},"faces":{"east":{"uv":[14.66667,0,14.83333,0.16667],"texture":"#6"},"west":{"uv":[0.66667,14.66667,0.83333,14.83333],"texture":"#6"},"up":{"uv":[6.25,14.5,6,14.33333],"texture":"#6"},"down":{"uv":[14.58333,6,14.33333,6.16667],"texture":"#6"}}},{"from":[6.725,7.64645,11.75],"to":[6.745,11.89645,12.25],"rotation":{"angle":0,"axis":"y","origin":[6.725,8.89645,12.25]},"faces":{"east":{"uv":[2.33333,10,2.5,11.41667],"texture":"#6"},"west":{"uv":[7,10,7.16667,11.41667],"texture":"#6"}}},{"from":[6.6,10.83579,11.75],"to":[6.85,11.33579,12.25],"rotation":{"angle":45,"axis":"x","origin":[6.725,10.58579,12]},"faces":{"east":{"uv":[14.66667,0.66667,14.83333,0.83333],"texture":"#6"},"west":{"uv":[2,14.66667,2.16667,14.83333],"texture":"#6"},"up":{"uv":[14.75,4.16667,14.66667,4],"texture":"#6"},"down":{"uv":[4.75,14.66667,4.66667,14.83333],"texture":"#6"}}},{"from":[6.6,9.83579,11.75],"to":[6.85,10.33579,12.25],"rotation":{"angle":45,"axis":"x","origin":[6.725,10.58579,12]},"faces":{"east":{"uv":[2.66667,14.66667,2.83333,14.83333],"texture":"#6"},"west":{"uv":[3.33333,14.66667,3.5,14.83333],"texture":"#6"},"up":{"uv":[14.75,4.83333,14.66667,4.66667],"texture":"#6"},"down":{"uv":[5.41667,14.66667,5.33333,14.83333],"texture":"#6"}}},{"from":[6.6,9.83579,11.25],"to":[6.85,11.33579,11.75],"rotation":{"angle":45,"axis":"x","origin":[6.725,10.58579,12]},"faces":{"north":{"uv":[6.66667,14.33333,6.75,14.83333],"texture":"#6"},"east":{"uv":[13.66667,2.33333,13.83333,2.83333],"texture":"#6"},"south":{"uv":[14.33333,6.66667,14.41667,7.16667],"texture":"#6"},"west":{"uv":[4,13.66667,4.16667,14.16667],"texture":"#6"},"up":{"uv":[14.75,5.5,14.66667,5.33333],"texture":"#6"},"down":{"uv":[7.41667,14.66667,7.33333,14.83333],"texture":"#6"}}},{"from":[6.6,9.83579,12.25],"to":[6.85,11.33579,12.75],"rotation":{"angle":45,"axis":"x","origin":[6.725,10.58579,12]},"faces":{"north":{"uv":[14.33333,7.66667,14.41667,8.16667],"texture":"#6"},"east":{"uv":[4.66667,13.66667,4.83333,14.16667],"texture":"#6"},"south":{"uv":[14.33333,8.66667,14.41667,9.16667],"texture":"#6"},"west":{"uv":[5.33333,13.66667,5.5,14.16667],"texture":"#6"},"up":{"uv":[8.08333,14.83333,8,14.66667],"texture":"#6"},"down":{"uv":[8.75,14.66667,8.66667,14.83333],"texture":"#6"}}},{"from":[6.475,8.14645,11.25],"to":[6.975,8.64645,12.5],"rotation":{"angle":-45,"axis":"x","origin":[6.475,8.14645,10.5]},"faces":{"north":{"uv":[14.66667,3.33333,14.83333,3.5],"texture":"#6"},"east":{"uv":[13.66667,12.66667,14.08333,12.83333],"texture":"#6"},"south":{"uv":[4,14.66667,4.16667,14.83333],"texture":"#6"},"west":{"uv":[13.66667,13.33333,14.08333,13.5],"texture":"#6"},"up":{"uv":[12.5,14.08333,12.33333,13.66667],"texture":"#6"},"down":{"uv":[0.16667,14,0,14.41667],"texture":"#6"}}},{"from":[6.475,7.39645,11.25],"to":[6.975,7.89645,12.5],"rotation":{"angle":-45,"axis":"x","origin":[6.475,7.39645,10.5]},"faces":{"north":{"uv":[14.66667,3.33333,14.83333,3.5],"texture":"#6"},"east":{"uv":[13.66667,12.66667,14.08333,12.83333],"texture":"#6"},"south":{"uv":[4,14.66667,4.16667,14.83333],"texture":"#6"},"west":{"uv":[13.66667,13.33333,14.08333,13.5],"texture":"#6"},"up":{"uv":[12.5,14.08333,12.33333,13.66667],"texture":"#6"},"down":{"uv":[0.16667,14,0,14.41667],"texture":"#6"}}},{"from":[6.475,6.64645,11.25],"to":[6.975,7.14645,12.5],"rotation":{"angle":-45,"axis":"x","origin":[6.475,6.64645,10.5]},"faces":{"north":{"uv":[14.66667,3.33333,14.83333,3.5],"texture":"#6"},"east":{"uv":[13.66667,12.66667,14.08333,12.83333],"texture":"#6"},"south":{"uv":[4,14.66667,4.16667,14.83333],"texture":"#6"},"west":{"uv":[13.66667,13.33333,14.08333,13.5],"texture":"#6"},"up":{"uv":[12.5,14.08333,12.33333,13.66667],"texture":"#6"},"down":{"uv":[0.16667,14,0,14.41667],"texture":"#6"}}},{"from":[6.475,8.14645,11.5],"to":[6.975,8.64645,12.75],"rotation":{"angle":45,"axis":"x","origin":[6.475,8.14645,13.5]},"faces":{"north":{"uv":[4.16667,14.66667,4,14.83333],"texture":"#6"},"east":{"uv":[14.08333,12.66667,13.66667,12.83333],"texture":"#6"},"south":{"uv":[14.83333,3.33333,14.66667,3.5],"texture":"#6"},"west":{"uv":[14.08333,13.33333,13.66667,13.5],"texture":"#6"},"up":{"uv":[12.5,13.66667,12.33333,14.08333],"texture":"#6"},"down":{"uv":[0.16667,14.41667,0,14],"texture":"#6"}}},{"from":[6.475,7.39645,11.5],"to":[6.975,7.89645,12.75],"rotation":{"angle":45,"axis":"x","origin":[6.475,7.39645,13.5]},"faces":{"north":{"uv":[4.16667,14.66667,4,14.83333],"texture":"#6"},"east":{"uv":[14.08333,12.66667,13.66667,12.83333],"texture":"#6"},"south":{"uv":[14.83333,3.33333,14.66667,3.5],"texture":"#6"},"west":{"uv":[14.08333,13.33333,13.66667,13.5],"texture":"#6"},"up":{"uv":[12.5,13.66667,12.33333,14.08333],"texture":"#6"},"down":{"uv":[0.16667,14.41667,0,14],"texture":"#6"}}},{"from":[6.475,6.64645,11.5],"to":[6.975,7.14645,12.75],"rotation":{"angle":45,"axis":"x","origin":[6.475,6.64645,13.5]},"faces":{"north":{"uv":[4.16667,14.66667,4,14.83333],"texture":"#6"},"east":{"uv":[14.08333,12.66667,13.66667,12.83333],"texture":"#6"},"south":{"uv":[14.83333,3.33333,14.66667,3.5],"texture":"#6"},"west":{"uv":[14.08333,13.33333,13.66667,13.5],"texture":"#6"},"up":{"uv":[12.5,13.66667,12.33333,14.08333],"texture":"#6"},"down":{"uv":[0.16667,14.41667,0,14],"texture":"#6"}}},{"from":[6.35,6.39645,11.625],"to":[7.1,7.64645,12.375],"rotation":{"angle":0,"axis":"y","origin":[6.85,7.02145,11.875]},"faces":{"north":{"uv":[13,1.33333,13.25,1.75],"texture":"#6"},"east":{"uv":[2,13,2.25,13.41667],"texture":"#6"},"south":{"uv":[2.66667,13,2.91667,13.41667],"texture":"#6"},"west":{"uv":[3.33333,13,3.58333,13.41667],"texture":"#6"},"up":{"uv":[14.25,0.25,14,0],"texture":"#6"},"down":{"uv":[0.91667,14,0.66667,14.25],"texture":"#6"}}},{"from":[7.5,12.25,2.75],"to":[8.5,13.25,5.75],"rotation":{"angle":0,"axis":"y","origin":[7.5,12.25,2.75]},"faces":{"north":{"uv":[12.66667,7.33333,13,7.66667],"texture":"#6"},"east":{"uv":[5.66667,0.66667,6.66667,1],"texture":"#6"},"south":{"uv":[12.66667,8,13,8.33333],"texture":"#6"},"west":{"uv":[4.33333,9,5.33333,9.33333],"texture":"#6"},"up":{"uv":[6,10,5.66667,9],"texture":"#6"},"down":{"uv":[6.66667,9,6.33333,10],"texture":"#6"}}},{"from":[7.5035,13.0206,2.90328],"to":[8.4965,14.0206,3.82828],"rotation":{"angle":22.5,"axis":"x","origin":[8.0035,13.5206,3.40328]},"faces":{"north":{"uv":[8.33333,12.66667,8.66667,13],"texture":"#6"},"east":{"uv":[12.66667,8.66667,13,9],"texture":"#6"},"south":{"uv":[9,12.66667,9.33333,13],"texture":"#6"},"west":{"uv":[9.66667,12.66667,10,13],"texture":"#6"}}},{"from":[7.25,13.75,1.75],"to":[8.75,14.75,4.25],"rotation":{"angle":0,"axis":"y","origin":[7.5,13.75,2.75]},"faces":{"north":{"uv":[11.66667,3.33333,12.16667,3.66667],"texture":"#6"},"east":{"uv":[0,10,0.83333,10.33333],"texture":"#6"},"south":{"uv":[5.66667,11.66667,6.16667,12],"texture":"#6"},"west":{"uv":[10,0.66667,10.83333,1],"texture":"#6"},"up":{"uv":[6.83333,8.5,6.33333,7.66667],"texture":"#6"},"down":{"uv":[8.5,4.66667,8,5.5],"texture":"#6"}}},{"from":[7.25,14.75,2.5],"to":[8.75,15.25,4.25],"rotation":{"angle":0,"axis":"y","origin":[7.5,14.75,2.75]},"faces":{"north":{"uv":[13.66667,3.33333,14.16667,3.5],"texture":"#6"},"east":{"uv":[13,0,13.58333,0.16667],"texture":"#6"},"south":{"uv":[13.66667,5.33333,14.16667,5.5],"texture":"#6"},"west":{"uv":[4,13,4.58333,13.16667],"texture":"#6"},"up":{"uv":[8.5,9.58333,8,9],"texture":"#6"}}},{"from":[7.625,13.61639,0.8515],"to":[8.375,13.62639,1.8515],"rotation":{"angle":-22.5,"axis":"x","origin":[7.625,13.61639,0.8515]},"faces":{"up":{"uv":[6.25,14,6,13.66667],"texture":"#6"},"down":{"uv":[6.91667,13.66667,6.66667,14],"texture":"#6"}}},{"from":[7.25,14.75,11.75],"to":[8.75,15.25,13.5],"rotation":{"angle":0,"axis":"y","origin":[7.5,14.75,13.25]},"faces":{"north":{"uv":[14.16667,5.33333,13.66667,5.5],"texture":"#6"},"east":{"uv":[13.58333,0,13,0.16667],"texture":"#6"},"south":{"uv":[14.16667,3.33333,13.66667,3.5],"texture":"#6"},"west":{"uv":[4.58333,13,4,13.16667],"texture":"#6"},"up":{"uv":[8.5,9,8,9.58333],"texture":"#6"}}},{"from":[7.25,13.75,11.75],"to":[8.75,14.75,14.25],"rotation":{"angle":0,"axis":"y","origin":[7.5,13.75,13.25]},"faces":{"north":{"uv":[6.16667,11.66667,5.66667,12],"texture":"#6"},"east":{"uv":[0.83333,10,0,10.33333],"texture":"#6"},"south":{"uv":[12.16667,3.33333,11.66667,3.66667],"texture":"#6"},"west":{"uv":[10.83333,0.66667,10,1],"texture":"#6"},"up":{"uv":[6.83333,7.66667,6.33333,8.5],"texture":"#6"},"down":{"uv":[8.5,5.5,8,4.66667],"texture":"#6"}}},{"from":[7.625,13.61639,14.1485],"to":[8.375,13.62639,15.1485],"rotation":{"angle":22.5,"axis":"x","origin":[7.625,13.61639,15.1485]},"faces":{"up":{"uv":[6.25,13.66667,6,14],"texture":"#6"},"down":{"uv":[6.91667,14,6.66667,13.66667],"texture":"#6"}}},{"from":[7.5035,13.0206,12.17172],"to":[8.4965,14.0206,13.09672],"rotation":{"angle":-22.5,"axis":"x","origin":[8.0035,13.5206,12.59672]},"faces":{"north":{"uv":[9.33333,12.66667,9,13],"texture":"#6"},"east":{"uv":[13,8.66667,12.66667,9],"texture":"#6"},"south":{"uv":[8.66667,12.66667,8.33333,13],"texture":"#6"},"west":{"uv":[10,12.66667,9.66667,13],"texture":"#6"}}},{"from":[7.5,12.25,10.25],"to":[8.5,13.25,13.25],"rotation":{"angle":0,"axis":"y","origin":[7.5,12.25,13.25]},"faces":{"north":{"uv":[13,8,12.66667,8.33333],"texture":"#6"},"east":{"uv":[6.66667,0.66667,5.66667,1],"texture":"#6"},"south":{"uv":[13,7.33333,12.66667,7.66667],"texture":"#6"},"west":{"uv":[5.33333,9,4.33333,9.33333],"texture":"#6"},"up":{"uv":[6,9,5.66667,10],"texture":"#6"},"down":{"uv":[6.66667,10,6.33333,9],"texture":"#6"}}},{"from":[7.25,13,11],"to":[8.75,13.5,11.5],"rotation":{"angle":-22.5,"axis":"x","origin":[7.375,13.25,10.75]},"faces":{"north":{"uv":[13.83333,9.33333,13.33333,9.5],"texture":"#6"},"east":{"uv":[10.83333,14.33333,10.66667,14.5],"texture":"#6"},"south":{"uv":[9.5,13.33333,9,13.5],"texture":"#6"},"west":{"uv":[14.5,11,14.33333,11.16667],"texture":"#6"}}},{"from":[7.25,13.5,10],"to":[8.75,14,11.5],"rotation":{"angle":-22.5,"axis":"x","origin":[7.375,13.25,10.75]},"faces":{"north":{"uv":[13.83333,10.66667,13.33333,10.83333],"texture":"#6"},"east":{"uv":[13.83333,10,13.33333,10.16667],"texture":"#6"},"south":{"uv":[10.5,13.33333,10,13.5],"texture":"#6"},"west":{"uv":[13.83333,11.33333,13.33333,11.5],"texture":"#6"},"up":{"uv":[10.5,3.33333,10,3.83333],"texture":"#6"},"down":{"uv":[10.5,4.83333,10,4.33333],"texture":"#6"}}},{"from":[7.25,13,10],"to":[8.75,13.5,10.5],"rotation":{"angle":-22.5,"axis":"x","origin":[7.375,13.25,10.75]},"faces":{"north":{"uv":[13.83333,8.66667,13.33333,8.83333],"texture":"#6"},"east":{"uv":[14.5,9.66667,14.33333,9.83333],"texture":"#6"},"south":{"uv":[13.83333,8,13.33333,8.16667],"texture":"#6"},"west":{"uv":[14.5,10.33333,14.33333,10.5],"texture":"#6"}}},{"from":[7.25,12.5,10],"to":[8.75,13,11.5],"rotation":{"angle":-22.5,"axis":"x","origin":[7.375,13.25,10.75]},"faces":{"north":{"uv":[13.83333,7.33333,13.33333,7.5],"texture":"#6"},"east":{"uv":[13.83333,6.66667,13.33333,6.83333],"texture":"#6"},"south":{"uv":[13.83333,6,13.33333,6.16667],"texture":"#6"},"west":{"uv":[8.5,13.33333,8,13.5],"texture":"#6"},"up":{"uv":[10.5,1.33333,10,1.83333],"texture":"#6"},"down":{"uv":[10.5,2.83333,10,2.33333],"texture":"#6"}}},{"from":[6.25,11.75,12],"to":[9.75,12.5,12.75],"rotation":{"angle":-45,"axis":"x","origin":[5.5,11.75,12]},"faces":{"north":{"uv":[9,9,10.16667,9.25],"texture":"#6"},"east":{"uv":[14,0.66667,14.25,0.91667],"texture":"#6"},"south":{"uv":[9.33333,0,10.5,0.25],"texture":"#6"},"west":{"uv":[2,14,2.25,14.25],"texture":"#6"},"up":{"uv":[4.16667,9.91667,3,9.66667],"texture":"#6"},"down":{"uv":[10.83333,6,9.66667,6.25],"texture":"#6"}}},{"from":[6.5,11.75,11.92678],"to":[7,12.75,12.92678],"rotation":{"angle":-45,"axis":"x","origin":[6.5,11.75,12.17678]},"faces":{"north":{"uv":[8,14,8.16667,14.33333],"texture":"#6"},"east":{"uv":[10.33333,12.66667,10.66667,13],"texture":"#6"},"south":{"uv":[8.66667,14,8.83333,14.33333],"texture":"#6"},"west":{"uv":[11,12.66667,11.33333,13],"texture":"#6"},"up":{"uv":[9.5,14.33333,9.33333,14],"texture":"#6"},"down":{"uv":[10.16667,14,10,14.33333],"texture":"#6"}}},{"from":[9.255,7.64645,11.75],"to":[9.275,11.89645,12.25],"rotation":{"angle":0,"axis":"y","origin":[9.275,8.89645,12.25]},"faces":{"east":{"uv":[7.16667,10,7,11.41667],"texture":"#6"},"west":{"uv":[2.5,10,2.33333,11.41667],"texture":"#6"}}},{"from":[9.15,10.83579,11.75],"to":[9.4,11.33579,12.25],"rotation":{"angle":45,"axis":"x","origin":[9.275,10.58579,12]},"faces":{"east":{"uv":[2.16667,14.66667,2,14.83333],"texture":"#6"},"west":{"uv":[14.83333,0.66667,14.66667,0.83333],"texture":"#6"},"up":{"uv":[14.66667,4.16667,14.75,4],"texture":"#6"},"down":{"uv":[4.66667,14.66667,4.75,14.83333],"texture":"#6"}}},{"from":[9.15,9.83579,11.75],"to":[9.4,10.33579,12.25],"rotation":{"angle":45,"axis":"x","origin":[9.275,10.58579,12]},"faces":{"east":{"uv":[3.5,14.66667,3.33333,14.83333],"texture":"#6"},"west":{"uv":[2.83333,14.66667,2.66667,14.83333],"texture":"#6"},"up":{"uv":[14.66667,4.83333,14.75,4.66667],"texture":"#6"},"down":{"uv":[5.33333,14.66667,5.41667,14.83333],"texture":"#6"}}},{"from":[9.15,9.83579,11.25],"to":[9.4,11.33579,11.75],"rotation":{"angle":45,"axis":"x","origin":[9.275,10.58579,12]},"faces":{"north":{"uv":[6.75,14.33333,6.66667,14.83333],"texture":"#6"},"east":{"uv":[4.16667,13.66667,4,14.16667],"texture":"#6"},"south":{"uv":[14.41667,6.66667,14.33333,7.16667],"texture":"#6"},"west":{"uv":[13.83333,2.33333,13.66667,2.83333],"texture":"#6"},"up":{"uv":[14.66667,5.5,14.75,5.33333],"texture":"#6"},"down":{"uv":[7.33333,14.66667,7.41667,14.83333],"texture":"#6"}}},{"from":[9.15,9.83579,12.25],"to":[9.4,11.33579,12.75],"rotation":{"angle":45,"axis":"x","origin":[9.275,10.58579,12]},"faces":{"north":{"uv":[14.41667,7.66667,14.33333,8.16667],"texture":"#6"},"east":{"uv":[5.5,13.66667,5.33333,14.16667],"texture":"#6"},"south":{"uv":[14.41667,8.66667,14.33333,9.16667],"texture":"#6"},"west":{"uv":[4.83333,13.66667,4.66667,14.16667],"texture":"#6"},"up":{"uv":[8,14.83333,8.08333,14.66667],"texture":"#6"},"down":{"uv":[8.66667,14.66667,8.75,14.83333],"texture":"#6"}}},{"from":[9.025,8.14645,11.25],"to":[9.525,8.64645,12.5],"rotation":{"angle":-45,"axis":"x","origin":[9.525,8.14645,10.5]},"faces":{"north":{"uv":[14.83333,3.33333,14.66667,3.5],"texture":"#6"},"east":{"uv":[14.08333,13.33333,13.66667,13.5],"texture":"#6"},"south":{"uv":[4.16667,14.66667,4,14.83333],"texture":"#6"},"west":{"uv":[14.08333,12.66667,13.66667,12.83333],"texture":"#6"},"up":{"uv":[12.33333,14.08333,12.5,13.66667],"texture":"#6"},"down":{"uv":[0,14,0.16667,14.41667],"texture":"#6"}}},{"from":[8.9,6.39645,11.625],"to":[9.65,7.64645,12.375],"rotation":{"angle":0,"axis":"y","origin":[9.15,7.02145,11.875]},"faces":{"north":{"uv":[13.25,1.33333,13,1.75],"texture":"#6"},"east":{"uv":[3.58333,13,3.33333,13.41667],"texture":"#6"},"south":{"uv":[2.91667,13,2.66667,13.41667],"texture":"#6"},"west":{"uv":[2.25,13,2,13.41667],"texture":"#6"},"up":{"uv":[14,0.25,14.25,0],"texture":"#6"},"down":{"uv":[0.66667,14,0.91667,14.25],"texture":"#6"}}},{"from":[9.025,7.39645,11.25],"to":[9.525,7.89645,12.5],"rotation":{"angle":-45,"axis":"x","origin":[9.525,7.39645,10.5]},"faces":{"north":{"uv":[14.83333,3.33333,14.66667,3.5],"texture":"#6"},"east":{"uv":[14.08333,13.33333,13.66667,13.5],"texture":"#6"},"south":{"uv":[4.16667,14.66667,4,14.83333],"texture":"#6"},"west":{"uv":[14.08333,12.66667,13.66667,12.83333],"texture":"#6"},"up":{"uv":[12.33333,14.08333,12.5,13.66667],"texture":"#6"},"down":{"uv":[0,14,0.16667,14.41667],"texture":"#6"}}},{"from":[9.025,6.64645,11.25],"to":[9.525,7.14645,12.5],"rotation":{"angle":-45,"axis":"x","origin":[9.525,6.64645,10.5]},"faces":{"north":{"uv":[14.83333,3.33333,14.66667,3.5],"texture":"#6"},"east":{"uv":[14.08333,13.33333,13.66667,13.5],"texture":"#6"},"south":{"uv":[4.16667,14.66667,4,14.83333],"texture":"#6"},"west":{"uv":[14.08333,12.66667,13.66667,12.83333],"texture":"#6"},"up":{"uv":[12.33333,14.08333,12.5,13.66667],"texture":"#6"},"down":{"uv":[0,14,0.16667,14.41667],"texture":"#6"}}},{"from":[9.025,6.64645,11.5],"to":[9.525,7.14645,12.75],"rotation":{"angle":45,"axis":"x","origin":[9.525,6.64645,13.5]},"faces":{"north":{"uv":[4,14.66667,4.16667,14.83333],"texture":"#6"},"east":{"uv":[13.66667,13.33333,14.08333,13.5],"texture":"#6"},"south":{"uv":[14.66667,3.33333,14.83333,3.5],"texture":"#6"},"west":{"uv":[13.66667,12.66667,14.08333,12.83333],"texture":"#6"},"up":{"uv":[12.33333,13.66667,12.5,14.08333],"texture":"#6"},"down":{"uv":[0,14.41667,0.16667,14],"texture":"#6"}}},{"from":[9.025,7.39645,11.5],"to":[9.525,7.89645,12.75],"rotation":{"angle":45,"axis":"x","origin":[9.525,7.39645,13.5]},"faces":{"north":{"uv":[4,14.66667,4.16667,14.83333],"texture":"#6"},"east":{"uv":[13.66667,13.33333,14.08333,13.5],"texture":"#6"},"south":{"uv":[14.66667,3.33333,14.83333,3.5],"texture":"#6"},"west":{"uv":[13.66667,12.66667,14.08333,12.83333],"texture":"#6"},"up":{"uv":[12.33333,13.66667,12.5,14.08333],"texture":"#6"},"down":{"uv":[0,14.41667,0.16667,14],"texture":"#6"}}},{"from":[9.025,8.14645,11.5],"to":[9.525,8.64645,12.75],"rotation":{"angle":45,"axis":"x","origin":[9.525,8.14645,13.5]},"faces":{"north":{"uv":[4,14.66667,4.16667,14.83333],"texture":"#6"},"east":{"uv":[13.66667,13.33333,14.08333,13.5],"texture":"#6"},"south":{"uv":[14.66667,3.33333,14.83333,3.5],"texture":"#6"},"west":{"uv":[13.66667,12.66667,14.08333,12.83333],"texture":"#6"},"up":{"uv":[12.33333,13.66667,12.5,14.08333],"texture":"#6"},"down":{"uv":[0,14.41667,0.16667,14],"texture":"#6"}}},{"from":[9,11.75,11.92678],"to":[9.5,12.75,12.92678],"rotation":{"angle":-45,"axis":"x","origin":[9.5,11.75,12.17678]},"faces":{"north":{"uv":[8.16667,14,8,14.33333],"texture":"#6"},"east":{"uv":[11.33333,12.66667,11,13],"texture":"#6"},"south":{"uv":[8.83333,14,8.66667,14.33333],"texture":"#6"},"west":{"uv":[10.66667,12.66667,10.33333,13],"texture":"#6"},"up":{"uv":[9.33333,14.33333,9.5,14],"texture":"#6"},"down":{"uv":[10,14,10.16667,14.33333],"texture":"#6"}}},{"from":[7.5,7.5,6.79289],"to":[9.5,10.5,8.79289],"rotation":{"angle":-45,"axis":"y","origin":[8,7.75,7.29289]},"faces":{"north":{"uv":[1,3.66667,1.66667,4.66667],"texture":"#6"},"east":{"uv":[0,6,0.66667,7],"texture":"#6"},"south":{"uv":[3.66667,6,4.33333,7],"texture":"#6"},"west":{"uv":[4.66667,6,5.33333,7],"texture":"#6"},"up":{"uv":[8,2.33333,7.33333,1.66667],"texture":"#6"},"down":{"uv":[3.66667,7.33333,3,8],"texture":"#6"}}},{"from":[7.75,10.75,1],"to":[8.25,12.75,5],"rotation":{"angle":0,"axis":"x","origin":[8,11.63128,1.91161]},"faces":{"east":{"uv":[3.66667,2.66667,5,3.33333],"texture":"#6"},"west":{"uv":[3.66667,3.66667,5,4.33333],"texture":"#6"},"up":{"uv":[5.16667,12,5,10.66667],"texture":"#6"},"down":{"uv":[1.16667,11,1,12.33333],"texture":"#6"}}},{"from":[7.7475,9.77773,0.47595],"to":[8.2525,11.77773,1.97595],"rotation":{"angle":45,"axis":"x","origin":[8,11.63128,1.91161]},"faces":{"north":{"uv":[11.66667,12.66667,11.83333,13.33333],"texture":"#6"},"east":{"uv":[9,5,9.5,5.66667],"texture":"#6"},"south":{"uv":[12.33333,12.66667,12.5,13.33333],"texture":"#6"},"west":{"uv":[7,9,7.5,9.66667],"texture":"#6"},"up":{"uv":[7.5,14.16667,7.33333,13.66667],"texture":"#6"},"down":{"uv":[11.83333,13.66667,11.66667,14.16667],"texture":"#6"}}},{"from":[6.47693,7.88068,-3.72874],"to":[6.50693,10.88068,5.27126],"rotation":{"angle":22.5,"axis":"z","origin":[7.99953,10.25,0.77126]},"faces":{"east":{"uv":[3.2,0,0.8,7.2],"rotation":90,"texture":"#2"},"west":{"uv":[0.8,0,3.2,7.2],"rotation":270,"texture":"#2"}}},{"from":[6.47693,9.61932,-3.72874],"to":[6.50693,12.61932,5.27126],"rotation":{"angle":-22.5,"axis":"z","origin":[7.99953,10.25,0.77126]},"faces":{"east":{"uv":[5.6,0,3.2,7.2],"rotation":90,"texture":"#2"},"west":{"uv":[3.2,0,5.6,7.2],"rotation":270,"texture":"#2"}}},{"from":[7.49953,7.47836,-3.72874],"to":[8.49953,7.50836,5.27126],"rotation":{"angle":0,"axis":"y","origin":[7.99953,10.25,0.77126]},"faces":{"up":{"uv":[0.8,0,0,7.2],"texture":"#2"},"down":{"uv":[0,0,0.8,7.2],"rotation":180,"texture":"#2"}}},{"from":[7.49953,12.99164,-3.72874],"to":[8.49953,13.02164,5.27126],"rotation":{"angle":0,"axis":"y","origin":[7.99953,10.25,0.77126]},"faces":{"up":{"uv":[5.6,0,6.4,7.2],"texture":"#2"},"down":{"uv":[6.4,0,5.6,7.2],"rotation":180,"texture":"#2"}}},{"from":[9.49213,7.88069,-3.72874],"to":[9.52213,10.88069,5.27126],"rotation":{"angle":-22.5,"axis":"z","origin":[7.99953,10.25,0.77126]},"faces":{"east":{"uv":[8.8,0,11.2,7.2],"rotation":90,"texture":"#2"}}},{"from":[9.49213,9.61932,-3.72874],"to":[9.52213,12.61932,5.27126],"rotation":{"angle":22.5,"axis":"z","origin":[7.99953,10.25,0.77126]},"faces":{"east":{"uv":[6.4,0,8.8,7.2],"rotation":90,"texture":"#2"},"west":{"uv":[8.8,0,6.4,7.2],"rotation":270,"texture":"#2"}}},{"from":[7.985,9.25636,-0.50931],"to":[8.015,12.25636,4.99069],"rotation":{"angle":0,"axis":"x","origin":[8,10.10096,-0.30581]},"faces":{"east":{"uv":[3.83333,0,2,1],"texture":"#6"},"west":{"uv":[2,0,3.83333,1],"texture":"#6"}}},{"from":[7.99,9.39517,-2.16899],"to":[8.01,12.17017,0.33101],"rotation":{"angle":-22.5,"axis":"x","origin":[8,10.10096,-0.30581]},"faces":{"east":{"uv":[5.83333,4.66667,5,5.66667],"texture":"#6"},"west":{"uv":[5,4.66667,5.83333,5.66667],"texture":"#6"}}},{"from":[7.995,6.58688,-2.93051],"to":[8.005,9.08688,-0.35551],"rotation":{"angle":45,"axis":"x","origin":[8,10.10096,-0.30581]},"faces":{"east":{"uv":[2,5.33333,1,6.16667],"texture":"#6"},"west":{"uv":[1,5.33333,2,6.16667],"texture":"#6"}}},{"from":[6.25,9.25,4],"to":[6.25,17.25,12],"rotation":{"angle":0,"axis":"y","origin":[6.25,9.25,4]},"faces":{"west":{"uv":[0,0,16,16],"texture":"#4"}}},{"from":[9.75,9.25,4],"to":[9.75,17.25,12],"rotation":{"angle":0,"axis":"y","origin":[9.75,9.25,12]},"faces":{"east":{"uv":[0,0,16,16],"texture":"#4"}}}],"gui_light":"front","display":{"thirdperson_righthand":{"translation":[0,3,0.75]},"thirdperson_lefthand":{"translation":[0,3,0.75]},"firstperson_righthand":{"rotation":[8,0,0],"translation":[2.5,3.5,0.25],"scale":[0.7,0.7,0.7]},"firstperson_lefthand":{"rotation":[8,0,0],"translation":[2.5,3.5,0.25],"scale":[0.7,0.7,0.7]},"ground":{"rotation":[-45,0,0],"translation":[0,5,0],"scale":[0.7,0.7,0.7]},"gui":{"rotation":[-90,45,90],"translation":[1,-0.25,0],"scale":[0.75,0.75,0.75]},"head":{"rotation":[0,-90,0]},"fixed":{"rotation":[0,-90,0],"translation":[0,4,-2.5],"scale":[2,2,2]}},"groups":[{"name":"hoe","origin":[8.625,10.25,4.5],"color":0,"children":[0,1,2,3,4,5,6,7,8,9,10,11,12,13,14,15,16,17,18,19,20,21,22,23,24,25,26,27,28,29,30,31,32,33,34,35,36,37,38,39,40,41,42,43,44,45,46,47,48,49,50,51,52,53,54,55,56,57,58,59,60,61,62,63,64,65,66,67,68,69,70,71,72,73,74,75,76,77,78,79,80,81,82,83,84,85,86,87,88,89,90,91]}],"mcmodels":"2238fb43fad87426eb3c95ab6631a4ea"}