{"credit":"Pologony Creation Co.,Ltd.","texture_size":[32,32],"textures":{"4":"plny_lunar_new_year_2025:animated/animated_2","5":"plny_lunar_new_year_2025:key"},"elements":[{"from":[7,7.09467,2.15717],"to":[9,9.09467,2.65717],"rotation":{"angle":0,"axis":"y","origin":[8,4.89829,8]},"faces":{"north":{"uv":[1,1.5,0,2.5],"rotation":180,"texture":"#5"},"east":{"uv":[10.5,8,11.5,8.25],"rotation":270,"texture":"#5"},"south":{"uv":[1,1,0,0],"texture":"#5"},"west":{"uv":[11,1,12,1.25],"rotation":90,"texture":"#5"},"up":{"uv":[8,10.5,9,10.75],"rotation":180,"texture":"#5"},"down":{"uv":[11,0,12,0.25],"texture":"#5"}}},{"from":[7.125,7.21967,2.65717],"to":[8.875,8.96967,4.65717],"rotation":{"angle":0,"axis":"y","origin":[8,4.89829,8]},"faces":{"east":{"uv":[6.5,1.5,7.375,2.5],"rotation":270,"texture":"#5"},"west":{"uv":[5.5,7,6.375,8],"rotation":90,"texture":"#5"},"up":{"uv":[6.5,0,7.375,1],"rotation":180,"texture":"#5"},"down":{"uv":[6.5,3,7.375,4],"texture":"#5"}}},{"from":[7.25,7.34467,5.15717],"to":[8.75,8.84467,6.15717],"rotation":{"angle":0,"axis":"y","origin":[8,4.89829,8]},"faces":{"east":{"uv":[1,9.5,1.75,10],"rotation":270,"texture":"#5"},"south":{"uv":[7.75,7.75,7,7],"texture":"#5"},"west":{"uv":[9.5,6,10.25,6.5],"rotation":90,"texture":"#5"},"up":{"uv":[9,8.5,9.75,9],"rotation":180,"texture":"#5"},"down":{"uv":[2.5,9.5,3.25,10],"texture":"#5"}}},{"from":[7.375,7.46967,6.15717],"to":[8.625,8.71967,9.15717],"rotation":{"angle":0,"axis":"y","origin":[8,4.89829,8]},"faces":{"east":{"uv":[2.5,6,3.125,7.5],"rotation":270,"texture":"#5"},"west":{"uv":[6,5,6.625,6.5],"rotation":90,"texture":"#5"},"up":{"uv":[1,6,1.625,7.5],"rotation":180,"texture":"#5"},"down":{"uv":[4,6,4.625,7.5],"texture":"#5"}}},{"from":[7,7.09467,4.65717],"to":[9,9.09467,5.15717],"rotation":{"angle":0,"axis":"y","origin":[8,4.89829,8]},"faces":{"north":{"uv":[2.5,1.5,1.5,2.5],"rotation":180,"texture":"#5"},"east":{"uv":[5.5,11,6.5,11.25],"rotation":270,"texture":"#5"},"south":{"uv":[2.5,1,1.5,0],"texture":"#5"},"west":{"uv":[11,9,12,9.25],"rotation":90,"texture":"#5"},"up":{"uv":[4,11,5,11.25],"rotation":180,"texture":"#5"},"down":{"uv":[11,6,12,6.25],"texture":"#5"}}},{"from":[7,7.09467,11.65717],"to":[9,9.09467,12.15717],"rotation":{"angle":0,"axis":"y","origin":[8,4.89829,8]},"faces":{"north":{"uv":[4,0,3,1],"rotation":180,"texture":"#5"},"east":{"uv":[11,11,12,11.25],"rotation":270,"texture":"#5"},"south":{"uv":[1,4,0,3],"texture":"#5"},"west":{"uv":[11.5,3,12.5,3.25],"rotation":90,"texture":"#5"},"up":{"uv":[11,10,12,10.25],"rotation":180,"texture":"#5"},"down":{"uv":[11.5,2,12.5,2.25],"texture":"#5"}}},{"from":[7,7.09467,10.15717],"to":[9,9.09467,10.65717],"rotation":{"angle":0,"axis":"y","origin":[8,4.89829,8]},"faces":{"north":{"uv":[4,1.5,3,2.5],"rotation":180,"texture":"#5"},"east":{"uv":[8,11.5,9,11.75],"rotation":270,"texture":"#5"},"south":{"uv":[2.5,4,1.5,3],"texture":"#5"},"west":{"uv":[3,12,4,12.25],"rotation":90,"texture":"#5"},"up":{"uv":[11.5,4,12.5,4.25],"rotation":180,"texture":"#5"},"down":{"uv":[9.5,11.5,10.5,11.75],"texture":"#5"}}},{"from":[7.125,7.21967,10.65717],"to":[8.875,8.96967,11.65717],"rotation":{"angle":0,"axis":"y","origin":[8,4.89829,8]},"faces":{"east":{"uv":[9,3,9.875,3.5],"rotation":270,"texture":"#5"},"west":{"uv":[9,5,9.875,5.5],"rotation":90,"texture":"#5"},"up":{"uv":[9,2,9.875,2.5],"rotation":180,"texture":"#5"},"down":{"uv":[9,4,9.875,4.5],"texture":"#5"}}},{"from":[7.25,7.34467,9.15717],"to":[8.75,8.84467,10.15717],"rotation":{"angle":0,"axis":"y","origin":[8,4.89829,8]},"faces":{"north":{"uv":[8.25,4.5,7.5,5.25],"rotation":180,"texture":"#5"},"east":{"uv":[8.5,9.5,9.25,10],"rotation":270,"texture":"#5"},"west":{"uv":[5.5,10,6.25,10.5],"rotation":90,"texture":"#5"},"up":{"uv":[7,9.5,7.75,10],"rotation":180,"texture":"#5"},"down":{"uv":[4,10,4.75,10.5],"texture":"#5"}}},{"from":[7.625,11.89353,5.02513],"to":[8.375,12.39353,6.52513],"rotation":{"angle":-45,"axis":"x","origin":[8,4.89829,8]},"faces":{"north":{"uv":[4.375,13,4,13.25],"rotation":180,"texture":"#5"},"east":{"uv":[12,12,12.25,12.75],"rotation":270,"texture":"#5"},"south":{"uv":[13.375,3.25,13,3],"texture":"#5"},"west":{"uv":[12.5,0,12.75,0.75],"rotation":90,"texture":"#5"},"up":{"uv":[10.5,2,10.875,2.75],"rotation":180,"texture":"#5"},"down":{"uv":[3,10.5,3.375,11.25],"texture":"#5"}}},{"from":[7.625,11.39353,5.02513],"to":[8.375,11.89353,5.52513],"rotation":{"angle":-45,"axis":"x","origin":[8,4.89829,8]},"faces":{"north":{"uv":[13.375,5,13,5.25],"rotation":180,"texture":"#5"},"east":{"uv":[14,1,14.25,1.25],"rotation":270,"texture":"#5"},"south":{"uv":[13.375,4.25,13,4],"texture":"#5"},"west":{"uv":[2,14,2.25,14.25],"rotation":90,"texture":"#5"}}},{"from":[7.625,10.89353,5.02513],"to":[8.375,11.39353,6.52513],"rotation":{"angle":-45,"axis":"x","origin":[8,4.89829,8]},"faces":{"north":{"uv":[13.375,12,13,12.25],"rotation":180,"texture":"#5"},"east":{"uv":[1,12.5,1.25,13.25],"rotation":270,"texture":"#5"},"south":{"uv":[13.375,7.25,13,7],"texture":"#5"},"west":{"uv":[2,12.5,2.25,13.25],"rotation":90,"texture":"#5"},"up":{"uv":[10.5,3.5,10.875,4.25],"rotation":180,"texture":"#5"},"down":{"uv":[7,10.5,7.375,11.25],"texture":"#5"}}},{"from":[7.625,11.39353,6.02513],"to":[8.375,11.89353,6.52513],"rotation":{"angle":-45,"axis":"x","origin":[8,4.89829,8]},"faces":{"north":{"uv":[13.875,0,13.5,0.25],"rotation":180,"texture":"#5"},"east":{"uv":[14,2,14.25,2.25],"rotation":270,"texture":"#5"},"south":{"uv":[13.375,13.25,13,13],"texture":"#5"},"west":{"uv":[3,14,3.25,14.25],"rotation":90,"texture":"#5"}}},{"from":[7.995,1.26624,13.40717],"to":[8.015,5.51624,13.90717],"rotation":{"angle":0,"axis":"y","origin":[8,4.89829,8]},"faces":{"east":{"uv":[0,7,0.25,9.125],"texture":"#5"},"west":{"uv":[8,0,8.25,2.125],"texture":"#5"}}},{"from":[7.87,8.65869,12.24004],"to":[8.12,9.15869,12.74004],"rotation":{"angle":45,"axis":"x","origin":[8,4.89829,8]},"faces":{"east":{"uv":[14,3,14.25,3.25],"texture":"#5"},"west":{"uv":[4,14,4.25,14.25],"texture":"#5"},"up":{"uv":[14.125,7.25,14,7],"texture":"#5"},"down":{"uv":[8.125,14,8,14.25],"texture":"#5"}}},{"from":[7.87,7.65869,12.24004],"to":[8.12,8.15869,12.74004],"rotation":{"angle":45,"axis":"x","origin":[8,4.89829,8]},"faces":{"east":{"uv":[14,4,14.25,4.25],"texture":"#5"},"west":{"uv":[14,5,14.25,5.25],"texture":"#5"},"up":{"uv":[9.125,14.25,9,14],"texture":"#5"},"down":{"uv":[14.125,9.5,14,9.75],"texture":"#5"}}},{"from":[7.87,7.65869,11.74004],"to":[8.12,9.15869,12.24004],"rotation":{"angle":45,"axis":"x","origin":[8,4.89829,8]},"faces":{"north":{"uv":[5,13.5,5.125,14.25],"texture":"#5"},"east":{"uv":[7.5,12.5,7.75,13.25],"texture":"#5"},"south":{"uv":[6,13.5,6.125,14.25],"texture":"#5"},"west":{"uv":[8.5,12.5,8.75,13.25],"texture":"#5"},"up":{"uv":[14.125,12.25,14,12],"texture":"#5"},"down":{"uv":[12.625,14,12.5,14.25],"texture":"#5"}}},{"from":[7.87,7.65869,12.74004],"to":[8.12,9.15869,13.24004],"rotation":{"angle":45,"axis":"x","origin":[8,4.89829,8]},"faces":{"north":{"uv":[13.5,8,13.625,8.75],"texture":"#5"},"east":{"uv":[12.5,8.5,12.75,9.25],"texture":"#5"},"south":{"uv":[10.5,13.5,10.625,14.25],"texture":"#5"},"west":{"uv":[9.5,12.5,9.75,13.25],"texture":"#5"},"up":{"uv":[14.125,13.25,14,13],"texture":"#5"},"down":{"uv":[13.625,14,13.5,14.25],"texture":"#5"}}},{"from":[7.745,-0.25597,9.47487],"to":[8.245,0.24403,10.72487],"rotation":{"angle":-45,"axis":"x","origin":[8,4.89829,8]},"faces":{"north":{"uv":[14,6,14.25,6.25],"texture":"#5"},"east":{"uv":[12.5,6,13.125,6.25],"texture":"#5"},"south":{"uv":[7,14,7.25,14.25],"texture":"#5"},"west":{"uv":[12.5,10,13.125,10.25],"texture":"#5"},"up":{"uv":[0.25,13.625,0,13],"texture":"#5"},"down":{"uv":[13.25,1.5,13,2.125],"texture":"#5"}}},{"from":[7.745,-0.7863,8.94454],"to":[8.245,-0.2863,10.19454],"rotation":{"angle":-45,"axis":"x","origin":[8,4.89829,8]},"faces":{"north":{"uv":[14,6,14.25,6.25],"texture":"#5"},"east":{"uv":[12.5,6,13.125,6.25],"texture":"#5"},"south":{"uv":[7,14,7.25,14.25],"texture":"#5"},"west":{"uv":[12.5,10,13.125,10.25],"texture":"#5"},"up":{"uv":[0.25,13.625,0,13],"texture":"#5"},"down":{"uv":[13.25,1.5,13,2.125],"texture":"#5"}}},{"from":[7.745,-1.31663,8.41421],"to":[8.245,-0.81663,9.66421],"rotation":{"angle":-45,"axis":"x","origin":[8,4.89829,8]},"faces":{"north":{"uv":[14,6,14.25,6.25],"texture":"#5"},"east":{"uv":[12.5,6,13.125,6.25],"texture":"#5"},"south":{"uv":[7,14,7.25,14.25],"texture":"#5"},"west":{"uv":[12.5,10,13.125,10.25],"texture":"#5"},"up":{"uv":[0.25,13.625,0,13],"texture":"#5"},"down":{"uv":[13.25,1.5,13,2.125],"texture":"#5"}}},{"from":[7.745,7.74448,13.27557],"to":[8.245,8.24448,14.52557],"rotation":{"angle":45,"axis":"x","origin":[8,4.89829,8]},"faces":{"north":{"uv":[7,14,7.25,14.25],"texture":"#5"},"east":{"uv":[12.5,10,13.125,10.25],"texture":"#5"},"south":{"uv":[14,6,14.25,6.25],"texture":"#5"},"west":{"uv":[12.5,6,13.125,6.25],"texture":"#5"},"up":{"uv":[0,13,0.25,13.625],"texture":"#5"},"down":{"uv":[13,2.125,13.25,1.5],"texture":"#5"}}},{"from":[7.745,7.21415,13.8059],"to":[8.245,7.71415,15.0559],"rotation":{"angle":45,"axis":"x","origin":[8,4.89829,8]},"faces":{"north":{"uv":[7,14,7.25,14.25],"texture":"#5"},"east":{"uv":[12.5,10,13.125,10.25],"texture":"#5"},"south":{"uv":[14,6,14.25,6.25],"texture":"#5"},"west":{"uv":[12.5,6,13.125,6.25],"texture":"#5"},"up":{"uv":[0,13,0.25,13.625],"texture":"#5"},"down":{"uv":[13,2.125,13.25,1.5],"texture":"#5"}}},{"from":[7.745,6.68382,14.33623],"to":[8.245,7.18382,15.58623],"rotation":{"angle":45,"axis":"x","origin":[8,4.89829,8]},"faces":{"north":{"uv":[7,14,7.25,14.25],"texture":"#5"},"east":{"uv":[12.5,10,13.125,10.25],"texture":"#5"},"south":{"uv":[14,6,14.25,6.25],"texture":"#5"},"west":{"uv":[12.5,6,13.125,6.25],"texture":"#5"},"up":{"uv":[0,13,0.25,13.625],"texture":"#5"},"down":{"uv":[13,2.125,13.25,1.5],"texture":"#5"}}},{"from":[7.62,0.01624,13.28217],"to":[8.37,1.26624,14.03217],"rotation":{"angle":0,"axis":"y","origin":[8,4.89829,8]},"faces":{"north":{"uv":[5.5,12,5.875,12.625],"texture":"#5"},"east":{"uv":[6.5,12,6.875,12.625],"texture":"#5"},"south":{"uv":[12,7,12.375,7.625],"texture":"#5"},"west":{"uv":[11,12,11.375,12.625],"texture":"#5"},"up":{"uv":[12.875,11.375,12.5,11],"texture":"#5"},"down":{"uv":[3.375,13,3,13.375],"texture":"#5"}}},{"from":[6.25,4.09467,10.15717],"to":[6.25,12.09467,18.15717],"rotation":{"angle":0,"axis":"y","origin":[8,4.89829,8]},"faces":{"west":{"uv":[0,0,16,16],"rotation":90,"texture":"#4"}}},{"from":[9.75,4.09467,10.15717],"to":[9.75,12.09467,18.15717],"rotation":{"angle":0,"axis":"y","origin":[8,4.89829,8]},"faces":{"east":{"uv":[0,0,16,16],"rotation":270,"texture":"#4"}}},{"from":[7.5,1.15825,12.26041],"to":[8.5,5.15825,13.26041],"rotation":{"angle":-45,"axis":"x","origin":[8,4.89829,8]},"faces":{"north":{"uv":[5,0,4.5,2],"rotation":180,"texture":"#5"},"east":{"uv":[3,3,5,3.5],"rotation":270,"texture":"#5"},"south":{"uv":[0.5,6.5,0,4.5],"texture":"#5"},"west":{"uv":[3,4,5,4.5],"rotation":90,"texture":"#5"},"up":{"uv":[7.5,6,8,6.5],"rotation":180,"texture":"#5"},"down":{"uv":[0,12,0.5,12.5],"texture":"#5"}}},{"from":[7.5,4.15825,13.26041],"to":[8.5,5.15825,15.26041],"rotation":{"angle":-45,"axis":"x","origin":[8,4.89829,8]},"faces":{"east":{"uv":[2,8,2.5,9],"rotation":270,"texture":"#5"},"west":{"uv":[8,3,8.5,4],"rotation":90,"texture":"#5"},"up":{"uv":[1,8,1.5,9],"rotation":180,"texture":"#5"},"down":{"uv":[3,8,3.5,9],"texture":"#5"}}},{"from":[7.5,1.15825,13.26041],"to":[8.5,2.15825,15.26041],"rotation":{"angle":-45,"axis":"x","origin":[8,4.89829,8]},"faces":{"east":{"uv":[5,8.5,5.5,9.5],"rotation":270,"texture":"#5"},"west":{"uv":[8.5,6,9,7],"rotation":90,"texture":"#5"},"up":{"uv":[4,8,4.5,9],"rotation":180,"texture":"#5"},"down":{"uv":[6,8.5,6.5,9.5],"texture":"#5"}}},{"from":[7.5,1.15825,15.26041],"to":[8.5,5.15825,16.26041],"rotation":{"angle":-45,"axis":"x","origin":[8,4.89829,8]},"faces":{"north":{"uv":[6,2.5,5.5,4.5],"rotation":180,"texture":"#5"},"east":{"uv":[1,5,3,5.5],"rotation":270,"texture":"#5"},"south":{"uv":[6,2,5.5,0],"texture":"#5"},"west":{"uv":[3.5,5,5.5,5.5],"rotation":90,"texture":"#5"},"up":{"uv":[4.5,12,5,12.5],"rotation":180,"texture":"#5"},"down":{"uv":[12,5,12.5,5.5],"texture":"#5"}}},{"from":[7.75,5.59467,0.90717],"to":[8.25,8.09467,1.65717],"rotation":{"angle":0,"axis":"y","origin":[8,4.89829,8]},"faces":{"north":{"uv":[10.25,9.5,10,10.75],"rotation":180,"texture":"#5"},"east":{"uv":[7,8.5,8.25,8.875],"rotation":270,"texture":"#5"},"south":{"uv":[0.25,11.25,0,10],"texture":"#5"},"west":{"uv":[8.5,7.5,9.75,7.875],"rotation":90,"texture":"#5"},"down":{"uv":[13.5,11,13.75,11.375],"texture":"#5"}}},{"from":[7.75,5.59467,2.40717],"to":[8.25,8.09467,3.15717],"rotation":{"angle":0,"axis":"y","origin":[8,4.89829,8]},"faces":{"north":{"uv":[2.25,10.5,2,11.75],"rotation":180,"texture":"#5"},"east":{"uv":[9,0,10.25,0.375],"rotation":270,"texture":"#5"},"south":{"uv":[1.25,11.75,1,10.5],"texture":"#5"},"west":{"uv":[9,1,10.25,1.375],"rotation":90,"texture":"#5"},"down":{"uv":[1,14,1.25,14.375],"texture":"#5"}}},{"from":[7.75,6.59467,1.65717],"to":[8.25,8.09467,2.40717],"rotation":{"angle":0,"axis":"y","origin":[8,4.89829,8]},"faces":{"east":{"uv":[10.5,5,11.25,5.375],"rotation":270,"texture":"#5"},"west":{"uv":[10.5,7,11.25,7.375],"rotation":90,"texture":"#5"},"down":{"uv":[11.5,13.5,11.75,13.875],"texture":"#5"}}}],"gui_light":"front","display":{"thirdperson_righthand":{"rotation":[90,0,0],"translation":[0,6.5,1]},"thirdperson_lefthand":{"rotation":[90,0,0],"translation":[0,6.5,1]},"firstperson_righthand":{"rotation":[64.75,0,-11],"translation":[2.5,4.75,0.5],"scale":[0.7,0.7,0.7]},"firstperson_lefthand":{"rotation":[64.75,0,-11],"translation":[2.5,4.75,0.5],"scale":[0.7,0.7,0.7]},"ground":{"rotation":[-45,0,0],"translation":[0,5,0],"scale":[0.7,0.7,0.7]},"gui":{"rotation":[-90,135,90],"translation":[0.25,2.5,0],"scale":[1.18,1.18,1.18]},"head":{"rotation":[0,-90,0]},"fixed":{"rotation":[0,-90,0],"translation":[0,0,-2.5],"scale":[2,2,2]}},"groups":[{"name":"key","origin":[8.625,10.25,4.5],"color":0,"children":[0,1,2,3,4,5,6,7,8,9,10,11,12,13,14,15,16,17,18,19,20,21,22,23,24,25,26,27,28,29,30,31,32,33]}],"mcmodels":"2238fb43fad87426eb3c95ab6631a4ea"}