{"credit":"Pologony Creation Co.,Ltd.","texture_size":[28,28],"textures":{"3":"plny_lunar_new_year_2025:mace","4":"plny_lunar_new_year_2025:animated/animated_2","5":"plny_lunar_new_year_2025:animated/animated_5","particle":"plny_lunar_new_year_2025:mace"},"elements":[{"from":[7,-2.5,7],"to":[9,-2,9],"rotation":{"angle":0,"axis":"y","origin":[7,-2.5,7]},"faces":{"north":{"uv":[4.57143,10.57143,5.14286,10.71429],"texture":"#3"},"east":{"uv":[5.42857,10.57143,6,10.71429],"texture":"#3"},"south":{"uv":[10.57143,7.14286,11.14286,7.28571],"texture":"#3"},"west":{"uv":[8.28571,10.57143,8.85714,10.71429],"texture":"#3"},"up":{"uv":[3.71429,7.14286,3.14286,6.57143],"texture":"#3"},"down":{"uv":[5.71429,6.57143,5.14286,7.14286],"texture":"#3"}}},{"from":[7.125,-2,7.125],"to":[8.875,0,8.875],"rotation":{"angle":0,"axis":"y","origin":[7.125,-2,6.875]},"faces":{"north":{"uv":[4,8,4.5,8.57143],"texture":"#3"},"east":{"uv":[4.85714,8,5.35714,8.57143],"texture":"#3"},"south":{"uv":[5.71429,8,6.21429,8.57143],"texture":"#3"},"west":{"uv":[8,6,8.5,6.57143],"texture":"#3"}}},{"from":[7.25,0.5,7.25],"to":[8.75,1.5,8.75],"rotation":{"angle":0,"axis":"y","origin":[7.25,0.5,6.75]},"faces":{"north":{"uv":[9.71429,7.14286,10.14286,7.42857],"texture":"#3"},"east":{"uv":[0.57143,10,1,10.28571],"texture":"#3"},"south":{"uv":[1.42857,10,1.85714,10.28571],"texture":"#3"},"west":{"uv":[10,2.85714,10.42857,3.14286],"texture":"#3"},"up":{"uv":[7.85714,9.28571,7.42857,8.85714],"texture":"#3"}}},{"from":[7.375,1.5,7.375],"to":[8.625,4.5,8.625],"rotation":{"angle":0,"axis":"y","origin":[7.375,2.5,6.625]},"faces":{"north":{"uv":[7.71429,0.57143,8.07143,1.42857],"texture":"#3"},"east":{"uv":[1.42857,7.71429,1.78571,8.57143],"texture":"#3"},"south":{"uv":[7.71429,1.71429,8.07143,2.57143],"texture":"#3"},"west":{"uv":[2.28571,7.71429,2.64286,8.57143],"texture":"#3"}}},{"from":[7,0,7],"to":[9,0.5,9],"rotation":{"angle":0,"axis":"y","origin":[7,0,7]},"faces":{"north":{"uv":[9.14286,10.57143,9.71429,10.71429],"texture":"#3"},"east":{"uv":[10,10.57143,10.57143,10.71429],"texture":"#3"},"south":{"uv":[10.85714,1.14286,11.42857,1.28571],"texture":"#3"},"west":{"uv":[10.85714,2.85714,11.42857,3],"texture":"#3"},"up":{"uv":[0.57143,7.42857,0,6.85714],"texture":"#3"},"down":{"uv":[7.42857,0,6.85714,0.57143],"texture":"#3"}}},{"from":[7,7,7],"to":[9,7.5,9],"rotation":{"angle":0,"axis":"y","origin":[7,7.5,7]},"faces":{"north":{"uv":[10.85714,3.42857,11.42857,3.57143],"texture":"#3"},"east":{"uv":[10.85714,4,11.42857,4.14286],"texture":"#3"},"south":{"uv":[10.85714,4.57143,11.42857,4.71429],"texture":"#3"},"west":{"uv":[10.85714,5.14286,11.42857,5.28571],"texture":"#3"},"up":{"uv":[7.42857,1.42857,6.85714,0.85714],"texture":"#3"},"down":{"uv":[7.42857,1.71429,6.85714,2.28571],"texture":"#3"}}},{"from":[7,5.5,7],"to":[9,6,9],"rotation":{"angle":0,"axis":"y","origin":[7,6,7]},"faces":{"north":{"uv":[10.85714,5.71429,11.42857,5.85714],"texture":"#3"},"east":{"uv":[10.85714,6.28571,11.42857,6.42857],"texture":"#3"},"south":{"uv":[7.42857,10.85714,8,11],"texture":"#3"},"west":{"uv":[10.85714,9.42857,11.42857,9.57143],"texture":"#3"},"up":{"uv":[7.42857,3.14286,6.85714,2.57143],"texture":"#3"},"down":{"uv":[6.57143,7.14286,6,7.71429],"texture":"#3"}}},{"from":[7.125,6,7.125],"to":[8.875,7,8.875],"rotation":{"angle":0,"axis":"y","origin":[7.125,8,6.875]},"faces":{"north":{"uv":[9.14286,9.42857,9.64286,9.71429],"texture":"#3"},"east":{"uv":[2.28571,9.71429,2.78571,10],"texture":"#3"},"south":{"uv":[9.71429,2.28571,10.21429,2.57143],"texture":"#3"},"west":{"uv":[6.85714,9.71429,7.35714,10],"texture":"#3"}}},{"from":[7.25,4.5,7.25],"to":[8.75,5.5,8.75],"rotation":{"angle":0,"axis":"y","origin":[7.25,5.5,6.75]},"faces":{"north":{"uv":[3.14286,10,3.57143,10.28571],"texture":"#3"},"east":{"uv":[10,4.28571,10.42857,4.57143],"texture":"#3"},"south":{"uv":[10,4.85714,10.42857,5.14286],"texture":"#3"},"west":{"uv":[5.14286,10,5.57143,10.28571],"texture":"#3"},"down":{"uv":[0.42857,9.14286,0,9.57143],"texture":"#3"}}},{"from":[6.75,10.5,6.5],"to":[9.25,11.75,9.5],"rotation":{"angle":0,"axis":"y","origin":[7,10,6.5]},"faces":{"east":{"uv":[7.71429,2.85714,8.57143,3.21429],"texture":"#3"},"west":{"uv":[7.71429,6.85714,8.57143,7.21429],"texture":"#3"},"up":{"uv":[5.85714,6.28571,5.14286,5.42857],"texture":"#3"},"down":{"uv":[6.42857,0,5.71429,0.85714],"texture":"#3"}}},{"from":[6.7475,9.19382,6.43612],"to":[9.2525,10.54382,7.43612],"rotation":{"angle":-22.5,"axis":"x","origin":[6.9975,8.79382,3.93612]},"faces":{"north":{"uv":[6.57143,8,7.28571,8.35714],"texture":"#3"},"east":{"uv":[10.28571,1.14286,10.57143,1.5],"texture":"#3"},"south":{"uv":[0,8.28571,0.71429,8.64286],"texture":"#3"},"west":{"uv":[2.28571,10.28571,2.57143,10.64286],"texture":"#3"},"up":{"uv":[9.57143,3.14286,8.85714,2.85714],"texture":"#3"},"down":{"uv":[4.71429,8.85714,4,9.14286],"texture":"#3"}}},{"from":[6.7475,9.19382,8.56388],"to":[9.2525,10.54382,9.56388],"rotation":{"angle":22.5,"axis":"x","origin":[6.9975,8.79382,12.06388]},"faces":{"north":{"uv":[8.28571,3.71429,9,4.07143],"texture":"#3"},"east":{"uv":[10.28571,3.42857,10.57143,3.78571],"texture":"#3"},"south":{"uv":[8.28571,4.57143,9,4.92857],"texture":"#3"},"west":{"uv":[6.85714,10.28571,7.14286,10.64286],"texture":"#3"},"up":{"uv":[5.85714,9.14286,5.14286,8.85714],"texture":"#3"},"down":{"uv":[9.57143,6,8.85714,6.28571],"texture":"#3"}}},{"from":[7,11.75,3],"to":[9,12.75,13],"rotation":{"angle":0,"axis":"y","origin":[7,11.75,4]},"faces":{"north":{"uv":[8.85714,7.14286,9.42857,7.42857],"texture":"#3"},"east":{"uv":[5.14286,4.28571,8,4.57143],"texture":"#3"},"south":{"uv":[9.42857,1.71429,10,2],"texture":"#3"},"west":{"uv":[5.14286,4.85714,8,5.14286],"texture":"#3"},"up":{"uv":[3.14286,6.28571,2.57143,3.42857],"texture":"#3"},"down":{"uv":[4,3.42857,3.42857,6.28571],"texture":"#3"}}},{"from":[7,10.75,5],"to":[9,11.75,11],"rotation":{"angle":0,"axis":"y","origin":[7,10.75,4]},"faces":{"north":{"uv":[5.14286,9.42857,5.71429,9.71429],"texture":"#3"},"east":{"uv":[5.71429,3.42857,7.42857,3.71429],"texture":"#3"},"south":{"uv":[6,9.42857,6.57143,9.71429],"texture":"#3"},"west":{"uv":[6.28571,5.42857,8,5.71429],"texture":"#3"},"down":{"uv":[4.85714,4.28571,4.28571,6],"texture":"#3"}}},{"from":[7.0035,10.90328,4.7706],"to":[8.9965,11.90328,5.7706],"rotation":{"angle":-22.5,"axis":"x","origin":[8.0035,11.40328,5.2706]},"faces":{"north":{"uv":[9.42857,7.71429,10,8],"texture":"#3"},"east":{"uv":[7.71429,3.71429,8,4],"texture":"#3"},"west":{"uv":[6.28571,10.57143,6.57143,10.85714],"texture":"#3"}}},{"from":[7.0085,11.59619,3.94239],"to":[8.9915,12.59619,5.44239],"rotation":{"angle":22.5,"axis":"x","origin":[8.0085,12.09619,4.44239]},"faces":{"east":{"uv":[10,5.42857,10.42857,5.71429],"texture":"#3"},"west":{"uv":[6,10,6.42857,10.28571],"texture":"#3"},"down":{"uv":[9.14286,0.57143,8.57143,1],"texture":"#3"}}},{"from":[7.0085,11.59619,10.55761],"to":[8.9915,12.59619,12.05761],"rotation":{"angle":-22.5,"axis":"x","origin":[8.0085,12.09619,11.55761]},"faces":{"east":{"uv":[10,6,10.42857,6.28571],"texture":"#3"},"west":{"uv":[10,6.57143,10.42857,6.85714],"texture":"#3"},"down":{"uv":[9.14286,1.42857,8.57143,1.85714],"texture":"#3"}}},{"from":[7.0035,10.90328,10.2294],"to":[8.9965,11.90328,11.2294],"rotation":{"angle":22.5,"axis":"x","origin":[8.0035,11.40328,10.7294]},"faces":{"east":{"uv":[10.85714,10,11.14286,10.28571],"texture":"#3"},"south":{"uv":[8.28571,9.42857,8.85714,9.71429],"texture":"#3"},"west":{"uv":[10.85714,10.57143,11.14286,10.85714],"texture":"#3"}}},{"from":[7.625,12.34777,4.22783],"to":[8.375,15.09777,6.47783],"rotation":{"angle":-22.5,"axis":"x","origin":[8.125,14.09777,5.22783]},"faces":{"north":{"uv":[4.57143,9.42857,4.78571,10.21429],"texture":"#3"},"east":{"uv":[5.71429,1.14286,6.35714,1.92857],"texture":"#3"},"west":{"uv":[5.71429,2.28571,6.35714,3.07143],"texture":"#3"},"up":{"uv":[7.92857,10.35714,7.71429,9.71429],"texture":"#3"},"down":{"uv":[0.21429,10,0,10.64286],"texture":"#3"}}},{"from":[7.2535,24.75,7],"to":[8.7465,25.75,9],"rotation":{"angle":0,"axis":"y","origin":[7.2535,24.75,7]},"faces":{"east":{"uv":[9.42857,8.28571,10,8.57143],"texture":"#3"},"west":{"uv":[9.42857,8.85714,10,9.14286],"texture":"#3"},"up":{"uv":[9,8.28571,8.57143,7.71429],"texture":"#3"},"down":{"uv":[9,8.57143,8.57143,9.14286],"texture":"#3"}}},{"from":[7.5,25.75,7.25],"to":[8.5,26.25,8.75],"rotation":{"angle":0,"axis":"y","origin":[7.25,25.75,7]},"faces":{"north":{"uv":[11.71429,11.71429,12,11.85714],"texture":"#3"},"east":{"uv":[11.14286,7.71429,11.57143,7.85714],"texture":"#3"},"south":{"uv":[0.85714,12,1.14286,12.14286],"texture":"#3"},"west":{"uv":[8.28571,11.14286,8.71429,11.28571],"texture":"#3"},"up":{"uv":[1.14286,7.28571,0.85714,6.85714],"texture":"#3"}}},{"from":[7.25,25.51537,6.40224],"to":[8.75,26.59037,7.15224],"rotation":{"angle":22.5,"axis":"x","origin":[7.25,25.51537,5.15224]},"faces":{"north":{"uv":[8.28571,10,8.71429,10.28571],"texture":"#3"},"east":{"uv":[11.14286,8.28571,11.35714,8.57143],"texture":"#3"},"south":{"uv":[9.14286,10,9.57143,10.28571],"texture":"#3"},"west":{"uv":[11.14286,8.85714,11.35714,9.14286],"texture":"#3"},"up":{"uv":[10.71429,7.92857,10.28571,7.71429],"texture":"#3"},"down":{"uv":[10.71429,8.28571,10.28571,8.5],"texture":"#3"}}},{"from":[7.25,24.36732,9.07612],"to":[8.75,25.44232,9.82612],"rotation":{"angle":-22.5,"axis":"x","origin":[7.25,24.36732,8.07612]},"faces":{"north":{"uv":[10,9.42857,10.42857,9.71429],"texture":"#3"},"east":{"uv":[9.14286,11.14286,9.35714,11.42857],"texture":"#3"},"south":{"uv":[10,10,10.42857,10.28571],"texture":"#3"},"west":{"uv":[9.71429,11.14286,9.92857,11.42857],"texture":"#3"},"up":{"uv":[10.71429,9.07143,10.28571,8.85714],"texture":"#3"},"down":{"uv":[1,10.57143,0.57143,10.78571],"texture":"#3"}}},{"from":[7.25,12.5,4.5],"to":[8.75,13,6],"rotation":{"angle":22.5,"axis":"x","origin":[7.375,13.25,5.25]},"faces":{"north":{"uv":[10.28571,11.14286,10.71429,11.28571],"texture":"#3"},"east":{"uv":[11.14286,11.14286,11.57143,11.28571],"texture":"#3"},"south":{"uv":[1.14286,11.42857,1.57143,11.57143],"texture":"#3"},"west":{"uv":[2.57143,11.42857,3,11.57143],"texture":"#3"},"up":{"uv":[3.57143,9.57143,3.14286,9.14286],"texture":"#3"},"down":{"uv":[9.85714,0,9.42857,0.42857],"texture":"#3"}}},{"from":[7.25,13,5.5],"to":[8.75,13.5,6],"rotation":{"angle":22.5,"axis":"x","origin":[7.375,13.25,5.25]},"faces":{"north":{"uv":[11.42857,6.85714,11.85714,7],"texture":"#3"},"east":{"uv":[12,11.14286,12.14286,11.28571],"texture":"#3"},"south":{"uv":[7.14286,11.42857,7.57143,11.57143],"texture":"#3"},"west":{"uv":[3.14286,12.28571,3.28571,12.42857],"texture":"#3"}}},{"from":[7.25,13,4.5],"to":[8.75,13.5,5],"rotation":{"angle":22.5,"axis":"x","origin":[7.375,13.25,5.25]},"faces":{"north":{"uv":[11.42857,10,11.85714,10.14286],"texture":"#3"},"east":{"uv":[12.28571,3.71429,12.42857,3.85714],"texture":"#3"},"south":{"uv":[11.42857,10.57143,11.85714,10.71429],"texture":"#3"},"west":{"uv":[12.28571,4.28571,12.42857,4.42857],"texture":"#3"}}},{"from":[7.25,13.5,4.5],"to":[8.75,14,6],"rotation":{"angle":22.5,"axis":"x","origin":[7.375,13.25,5.25]},"faces":{"north":{"uv":[0,11.71429,0.42857,11.85714],"texture":"#3"},"east":{"uv":[11.71429,0,12.14286,0.14286],"texture":"#3"},"south":{"uv":[11.71429,0.57143,12.14286,0.71429],"texture":"#3"},"west":{"uv":[11.71429,1.14286,12.14286,1.28571],"texture":"#3"},"up":{"uv":[9.85714,1.28571,9.42857,0.85714],"texture":"#3"},"down":{"uv":[9.85714,3.42857,9.42857,3.85714],"texture":"#3"}}},{"from":[7.625,-3.75,7.25],"to":[8.375,-2.25,7.75],"rotation":{"angle":-45,"axis":"x","origin":[8,-3,8]},"faces":{"north":{"uv":[1.42857,10.57143,1.64286,11],"texture":"#3"},"east":{"uv":[3.42857,11.42857,3.57143,11.85714],"texture":"#3"},"south":{"uv":[10.57143,2,10.78571,2.42857],"texture":"#3"},"west":{"uv":[2,11.71429,2.14286,12.14286],"texture":"#3"},"up":{"uv":[1.64286,12.14286,1.42857,12],"texture":"#3"},"down":{"uv":[12.21429,2.28571,12,2.42857],"texture":"#3"}}},{"from":[7.625,-3.75,7.75],"to":[8.375,-3.25,8.25],"rotation":{"angle":-45,"axis":"x","origin":[8,-3,8]},"faces":{"east":{"uv":[12.28571,4.85714,12.42857,5],"texture":"#3"},"west":{"uv":[12.28571,5.42857,12.42857,5.57143],"texture":"#3"},"up":{"uv":[2.78571,12.14286,2.57143,12],"texture":"#3"},"down":{"uv":[4.21429,12,4,12.14286],"texture":"#3"}}},{"from":[7.625,-3.75,8.25],"to":[8.375,-2.25,8.75],"rotation":{"angle":-45,"axis":"x","origin":[8,-3,8]},"faces":{"north":{"uv":[2.85714,10.57143,3.07143,11],"texture":"#3"},"east":{"uv":[11.71429,2.85714,11.85714,3.28571],"texture":"#3"},"south":{"uv":[3.42857,10.57143,3.64286,11],"texture":"#3"},"west":{"uv":[11.71429,3.71429,11.85714,4.14286],"texture":"#3"},"up":{"uv":[4.78571,12.14286,4.57143,12],"texture":"#3"},"down":{"uv":[5.35714,12,5.14286,12.14286],"texture":"#3"}}},{"from":[7.625,-2.75,7.75],"to":[8.375,-2.25,8.25],"rotation":{"angle":-45,"axis":"x","origin":[8,-3,8]},"faces":{"east":{"uv":[12.28571,6.85714,12.42857,7],"texture":"#3"},"west":{"uv":[12.28571,8.28571,12.42857,8.42857],"texture":"#3"},"up":{"uv":[5.92857,12.14286,5.71429,12],"texture":"#3"},"down":{"uv":[7.07143,12,6.85714,12.14286],"texture":"#3"}}},{"from":[8,7.5,3.25],"to":[8.02,11.75,3.75],"rotation":{"angle":0,"axis":"y","origin":[8,8.75,3.75]},"faces":{"east":{"uv":[4,9.42857,4.14286,10.64286],"texture":"#3"},"west":{"uv":[9.42857,4.28571,9.57143,5.5],"texture":"#3"}}},{"from":[7.875,10.68934,3.25],"to":[8.125,11.18934,3.75],"rotation":{"angle":45,"axis":"x","origin":[8,10.43934,3.5]},"faces":{"east":{"uv":[8.57143,12.28571,8.71429,12.42857],"texture":"#3"},"west":{"uv":[9.14286,12.28571,9.28571,12.42857],"texture":"#3"},"up":{"uv":[11.78571,12.42857,11.71429,12.28571],"texture":"#3"},"down":{"uv":[12.35714,11.71429,12.28571,11.85714],"texture":"#3"}}},{"from":[7.875,9.68934,3.25],"to":[8.125,10.18934,3.75],"rotation":{"angle":45,"axis":"x","origin":[8,10.43934,3.5]},"faces":{"east":{"uv":[12.28571,9.42857,12.42857,9.57143],"texture":"#3"},"west":{"uv":[12.28571,10,12.42857,10.14286],"texture":"#3"},"up":{"uv":[12.35714,12.42857,12.28571,12.28571],"texture":"#3"},"down":{"uv":[12.64286,0,12.57143,0.14286],"texture":"#3"}}},{"from":[7.875,9.68934,2.75],"to":[8.125,11.18934,3.25],"rotation":{"angle":45,"axis":"x","origin":[8,10.43934,3.5]},"faces":{"north":{"uv":[7.42857,12,7.5,12.42857],"texture":"#3"},"east":{"uv":[11.71429,4.57143,11.85714,5],"texture":"#3"},"south":{"uv":[12,7.42857,12.07143,7.85714],"texture":"#3"},"west":{"uv":[11.71429,5.42857,11.85714,5.85714],"texture":"#3"},"up":{"uv":[0.64286,12.71429,0.57143,12.57143],"texture":"#3"},"down":{"uv":[12.64286,0.57143,12.57143,0.71429],"texture":"#3"}}},{"from":[7.875,9.68934,3.75],"to":[8.125,11.18934,4.25],"rotation":{"angle":45,"axis":"x","origin":[8,10.43934,3.5]},"faces":{"north":{"uv":[0,12.28571,0.07143,12.71429],"texture":"#3"},"east":{"uv":[6.28571,11.71429,6.42857,12.14286],"texture":"#3"},"south":{"uv":[12.28571,2.85714,12.35714,3.28571],"texture":"#3"},"west":{"uv":[8,11.71429,8.14286,12.14286],"texture":"#3"},"up":{"uv":[1.21429,12.71429,1.14286,12.57143],"texture":"#3"},"down":{"uv":[12.64286,1.14286,12.57143,1.28571],"texture":"#3"}}},{"from":[7.75,8,2.75],"to":[8.25,8.5,4],"rotation":{"angle":-45,"axis":"x","origin":[7.75,8,2]},"faces":{"north":{"uv":[12.28571,10.57143,12.42857,10.71429],"texture":"#3"},"east":{"uv":[11.71429,8.85714,12.07143,9],"texture":"#3"},"south":{"uv":[11.14286,12.28571,11.28571,12.42857],"texture":"#3"},"west":{"uv":[9.14286,11.71429,9.5,11.85714],"texture":"#3"},"up":{"uv":[10.14286,12.07143,10,11.71429],"texture":"#3"},"down":{"uv":[10.71429,11.71429,10.57143,12.07143],"texture":"#3"}}},{"from":[7.75,7.25,2.75],"to":[8.25,7.75,4],"rotation":{"angle":-45,"axis":"x","origin":[7.75,7.25,2]},"faces":{"north":{"uv":[12.28571,10.57143,12.42857,10.71429],"texture":"#3"},"east":{"uv":[11.71429,8.85714,12.07143,9],"texture":"#3"},"south":{"uv":[11.14286,12.28571,11.28571,12.42857],"texture":"#3"},"west":{"uv":[9.14286,11.71429,9.5,11.85714],"texture":"#3"},"up":{"uv":[10.14286,12.07143,10,11.71429],"texture":"#3"},"down":{"uv":[10.71429,11.71429,10.57143,12.07143],"texture":"#3"}}},{"from":[7.75,6.5,2.75],"to":[8.25,7,4],"rotation":{"angle":-45,"axis":"x","origin":[7.75,6.5,2]},"faces":{"north":{"uv":[12.28571,10.57143,12.42857,10.71429],"texture":"#3"},"east":{"uv":[11.71429,8.85714,12.07143,9],"texture":"#3"},"south":{"uv":[11.14286,12.28571,11.28571,12.42857],"texture":"#3"},"west":{"uv":[9.14286,11.71429,9.5,11.85714],"texture":"#3"},"up":{"uv":[10.14286,12.07143,10,11.71429],"texture":"#3"},"down":{"uv":[10.71429,11.71429,10.57143,12.07143],"texture":"#3"}}},{"from":[7.75,8,3],"to":[8.25,8.5,4.25],"rotation":{"angle":45,"axis":"x","origin":[7.75,8,5]},"faces":{"north":{"uv":[11.28571,12.28571,11.14286,12.42857],"texture":"#3"},"east":{"uv":[12.07143,8.85714,11.71429,9],"texture":"#3"},"south":{"uv":[12.42857,10.57143,12.28571,10.71429],"texture":"#3"},"west":{"uv":[9.5,11.71429,9.14286,11.85714],"texture":"#3"},"up":{"uv":[10.14286,11.71429,10,12.07143],"texture":"#3"},"down":{"uv":[10.71429,12.07143,10.57143,11.71429],"texture":"#3"}}},{"from":[7.75,7.25,3],"to":[8.25,7.75,4.25],"rotation":{"angle":45,"axis":"x","origin":[7.75,7.25,5]},"faces":{"north":{"uv":[11.28571,12.28571,11.14286,12.42857],"texture":"#3"},"east":{"uv":[12.07143,8.85714,11.71429,9],"texture":"#3"},"south":{"uv":[12.42857,10.57143,12.28571,10.71429],"texture":"#3"},"west":{"uv":[9.5,11.71429,9.14286,11.85714],"texture":"#3"},"up":{"uv":[10.14286,11.71429,10,12.07143],"texture":"#3"},"down":{"uv":[10.71429,12.07143,10.57143,11.71429],"texture":"#3"}}},{"from":[7.75,6.5,3],"to":[8.25,7,4.25],"rotation":{"angle":45,"axis":"x","origin":[7.75,6.5,5]},"faces":{"north":{"uv":[11.28571,12.28571,11.14286,12.42857],"texture":"#3"},"east":{"uv":[12.07143,8.85714,11.71429,9],"texture":"#3"},"south":{"uv":[12.42857,10.57143,12.28571,10.71429],"texture":"#3"},"west":{"uv":[9.5,11.71429,9.14286,11.85714],"texture":"#3"},"up":{"uv":[10.14286,11.71429,10,12.07143],"texture":"#3"},"down":{"uv":[10.71429,12.07143,10.57143,11.71429],"texture":"#3"}}},{"from":[7.625,6.25,3.125],"to":[8.375,7.5,3.875],"rotation":{"angle":0,"axis":"y","origin":[8.125,6.875,3.375]},"faces":{"north":{"uv":[4,11.14286,4.21429,11.5],"texture":"#3"},"east":{"uv":[4.57143,11.14286,4.78571,11.5],"texture":"#3"},"south":{"uv":[5.14286,11.14286,5.35714,11.5],"texture":"#3"},"west":{"uv":[5.71429,11.14286,5.92857,11.5],"texture":"#3"},"up":{"uv":[11.92857,9.64286,11.71429,9.42857],"texture":"#3"},"down":{"uv":[11.35714,11.71429,11.14286,11.92857],"texture":"#3"}}},{"from":[8,7.5,12.25],"to":[8.02,11.75,12.75],"rotation":{"angle":0,"axis":"y","origin":[8,8.75,12.25]},"faces":{"east":{"uv":[4.14286,9.42857,4,10.64286],"texture":"#3"},"west":{"uv":[9.57143,4.28571,9.42857,5.5],"texture":"#3"}}},{"from":[7.875,10.68934,12.25],"to":[8.125,11.18934,12.75],"rotation":{"angle":-45,"axis":"x","origin":[8,10.43934,12.5]},"faces":{"east":{"uv":[8.71429,12.28571,8.57143,12.42857],"texture":"#3"},"west":{"uv":[9.28571,12.28571,9.14286,12.42857],"texture":"#3"},"up":{"uv":[11.78571,12.28571,11.71429,12.42857],"texture":"#3"},"down":{"uv":[12.35714,11.85714,12.28571,11.71429],"texture":"#3"}}},{"from":[7.875,9.68934,12.25],"to":[8.125,10.18934,12.75],"rotation":{"angle":-45,"axis":"x","origin":[8,10.43934,12.5]},"faces":{"east":{"uv":[12.42857,9.42857,12.28571,9.57143],"texture":"#3"},"west":{"uv":[12.42857,10,12.28571,10.14286],"texture":"#3"},"up":{"uv":[12.35714,12.28571,12.28571,12.42857],"texture":"#3"},"down":{"uv":[12.64286,0.14286,12.57143,0],"texture":"#3"}}},{"from":[7.875,9.68934,12.75],"to":[8.125,11.18934,13.25],"rotation":{"angle":-45,"axis":"x","origin":[8,10.43934,12.5]},"faces":{"north":{"uv":[12.07143,7.42857,12,7.85714],"texture":"#3"},"east":{"uv":[11.85714,4.57143,11.71429,5],"texture":"#3"},"south":{"uv":[7.5,12,7.42857,12.42857],"texture":"#3"},"west":{"uv":[11.85714,5.42857,11.71429,5.85714],"texture":"#3"},"up":{"uv":[0.64286,12.57143,0.57143,12.71429],"texture":"#3"},"down":{"uv":[12.64286,0.71429,12.57143,0.57143],"texture":"#3"}}},{"from":[7.875,9.68934,11.75],"to":[8.125,11.18934,12.25],"rotation":{"angle":-45,"axis":"x","origin":[8,10.43934,12.5]},"faces":{"north":{"uv":[12.35714,2.85714,12.28571,3.28571],"texture":"#3"},"east":{"uv":[6.42857,11.71429,6.28571,12.14286],"texture":"#3"},"south":{"uv":[0.07143,12.28571,0,12.71429],"texture":"#3"},"west":{"uv":[8.14286,11.71429,8,12.14286],"texture":"#3"},"up":{"uv":[1.21429,12.57143,1.14286,12.71429],"texture":"#3"},"down":{"uv":[12.64286,1.28571,12.57143,1.14286],"texture":"#3"}}},{"from":[7.75,8,12],"to":[8.25,8.5,13.25],"rotation":{"angle":45,"axis":"x","origin":[7.75,8,14]},"faces":{"north":{"uv":[11.28571,12.28571,11.14286,12.42857],"texture":"#3"},"east":{"uv":[12.07143,8.85714,11.71429,9],"texture":"#3"},"south":{"uv":[12.42857,10.57143,12.28571,10.71429],"texture":"#3"},"west":{"uv":[9.5,11.71429,9.14286,11.85714],"texture":"#3"},"up":{"uv":[10.14286,11.71429,10,12.07143],"texture":"#3"},"down":{"uv":[10.71429,12.07143,10.57143,11.71429],"texture":"#3"}}},{"from":[7.625,6.25,12.125],"to":[8.375,7.5,12.875],"rotation":{"angle":0,"axis":"y","origin":[8.125,6.875,12.625]},"faces":{"north":{"uv":[5.35714,11.14286,5.14286,11.5],"texture":"#3"},"east":{"uv":[4.78571,11.14286,4.57143,11.5],"texture":"#3"},"south":{"uv":[4.21429,11.14286,4,11.5],"texture":"#3"},"west":{"uv":[5.92857,11.14286,5.71429,11.5],"texture":"#3"},"up":{"uv":[11.92857,9.42857,11.71429,9.64286],"texture":"#3"},"down":{"uv":[11.35714,11.92857,11.14286,11.71429],"texture":"#3"}}},{"from":[7.75,7.25,12],"to":[8.25,7.75,13.25],"rotation":{"angle":45,"axis":"x","origin":[7.75,7.25,14]},"faces":{"north":{"uv":[11.28571,12.28571,11.14286,12.42857],"texture":"#3"},"east":{"uv":[12.07143,8.85714,11.71429,9],"texture":"#3"},"south":{"uv":[12.42857,10.57143,12.28571,10.71429],"texture":"#3"},"west":{"uv":[9.5,11.71429,9.14286,11.85714],"texture":"#3"},"up":{"uv":[10.14286,11.71429,10,12.07143],"texture":"#3"},"down":{"uv":[10.71429,12.07143,10.57143,11.71429],"texture":"#3"}}},{"from":[7.75,6.5,12],"to":[8.25,7,13.25],"rotation":{"angle":45,"axis":"x","origin":[7.75,6.5,14]},"faces":{"north":{"uv":[11.28571,12.28571,11.14286,12.42857],"texture":"#3"},"east":{"uv":[12.07143,8.85714,11.71429,9],"texture":"#3"},"south":{"uv":[12.42857,10.57143,12.28571,10.71429],"texture":"#3"},"west":{"uv":[9.5,11.71429,9.14286,11.85714],"texture":"#3"},"up":{"uv":[10.14286,11.71429,10,12.07143],"texture":"#3"},"down":{"uv":[10.71429,12.07143,10.57143,11.71429],"texture":"#3"}}},{"from":[7.75,6.5,11.75],"to":[8.25,7,13],"rotation":{"angle":-45,"axis":"x","origin":[7.75,6.5,11]},"faces":{"north":{"uv":[12.28571,10.57143,12.42857,10.71429],"texture":"#3"},"east":{"uv":[11.71429,8.85714,12.07143,9],"texture":"#3"},"south":{"uv":[11.14286,12.28571,11.28571,12.42857],"texture":"#3"},"west":{"uv":[9.14286,11.71429,9.5,11.85714],"texture":"#3"},"up":{"uv":[10.14286,12.07143,10,11.71429],"texture":"#3"},"down":{"uv":[10.71429,11.71429,10.57143,12.07143],"texture":"#3"}}},{"from":[7.75,7.25,11.75],"to":[8.25,7.75,13],"rotation":{"angle":-45,"axis":"x","origin":[7.75,7.25,11]},"faces":{"north":{"uv":[12.28571,10.57143,12.42857,10.71429],"texture":"#3"},"east":{"uv":[11.71429,8.85714,12.07143,9],"texture":"#3"},"south":{"uv":[11.14286,12.28571,11.28571,12.42857],"texture":"#3"},"west":{"uv":[9.14286,11.71429,9.5,11.85714],"texture":"#3"},"up":{"uv":[10.14286,12.07143,10,11.71429],"texture":"#3"},"down":{"uv":[10.71429,11.71429,10.57143,12.07143],"texture":"#3"}}},{"from":[7.75,8,11.75],"to":[8.25,8.5,13],"rotation":{"angle":-45,"axis":"x","origin":[7.75,8,11]},"faces":{"north":{"uv":[12.28571,10.57143,12.42857,10.71429],"texture":"#3"},"east":{"uv":[11.71429,8.85714,12.07143,9],"texture":"#3"},"south":{"uv":[11.14286,12.28571,11.28571,12.42857],"texture":"#3"},"west":{"uv":[9.14286,11.71429,9.5,11.85714],"texture":"#3"},"up":{"uv":[10.14286,12.07143,10,11.71429],"texture":"#3"},"down":{"uv":[10.71429,11.71429,10.57143,12.07143],"texture":"#3"}}},{"from":[7.5,12.25,2.25],"to":[8.5,13.25,5.25],"rotation":{"angle":0,"axis":"y","origin":[7.5,12.25,2.25]},"faces":{"north":{"uv":[0,11.14286,0.28571,11.42857],"texture":"#3"},"east":{"uv":[8.28571,5.42857,9.14286,5.71429],"texture":"#3"},"south":{"uv":[11.14286,0,11.42857,0.28571],"texture":"#3"},"west":{"uv":[8.57143,2.28571,9.42857,2.57143],"texture":"#3"},"up":{"uv":[1.42857,9.71429,1.14286,8.85714],"texture":"#3"},"down":{"uv":[2,8.85714,1.71429,9.71429],"texture":"#3"}}},{"from":[7.5035,13.0206,2.40328],"to":[8.4965,14.0206,3.32828],"rotation":{"angle":22.5,"axis":"x","origin":[8.0035,13.5206,2.90328]},"faces":{"north":{"uv":[0.57143,11.14286,0.85714,11.42857],"texture":"#3"},"east":{"uv":[11.14286,0.57143,11.42857,0.85714],"texture":"#3"},"south":{"uv":[11.14286,1.71429,11.42857,2],"texture":"#3"},"west":{"uv":[2,11.14286,2.28571,11.42857],"texture":"#3"}}},{"from":[7.25,13.75,1.25],"to":[8.75,14.75,3.75],"rotation":{"angle":0,"axis":"y","origin":[7.5,13.75,2.25]},"faces":{"north":{"uv":[10.28571,0,10.71429,0.28571],"texture":"#3"},"east":{"uv":[6.28571,8.85714,7,9.14286],"texture":"#3"},"south":{"uv":[10.28571,0.57143,10.71429,0.85714],"texture":"#3"},"west":{"uv":[8.85714,6.57143,9.57143,6.85714],"texture":"#3"},"up":{"uv":[8.14286,8.42857,7.71429,7.71429],"texture":"#3"},"down":{"uv":[3.57143,8,3.14286,8.71429],"texture":"#3"}}},{"from":[7.25,14.75,2],"to":[8.75,15.25,3.75],"rotation":{"angle":0,"axis":"y","origin":[7.5,14.75,2.25]},"faces":{"north":{"uv":[11.71429,1.71429,12.14286,1.85714],"texture":"#3"},"east":{"uv":[11.14286,2.28571,11.64286,2.42857],"texture":"#3"},"south":{"uv":[11.71429,6.28571,12.14286,6.42857],"texture":"#3"},"west":{"uv":[6.28571,11.14286,6.78571,11.28571],"texture":"#3"},"up":{"uv":[2.71429,9.35714,2.28571,8.85714],"texture":"#3"}}},{"from":[7.625,13.61639,0.3515],"to":[8.375,13.62639,1.3515],"rotation":{"angle":-22.5,"axis":"x","origin":[7.625,13.61639,0.3515]},"faces":{"up":{"uv":[11.92857,8.57143,11.71429,8.28571],"texture":"#3"},"down":{"uv":[8.78571,11.71429,8.57143,12],"texture":"#3"}}},{"from":[7.625,12.34777,9.52217],"to":[8.375,15.09777,11.77217],"rotation":{"angle":22.5,"axis":"x","origin":[8.125,14.09777,10.77217]},"faces":{"east":{"uv":[6.35714,1.14286,5.71429,1.92857],"texture":"#3"},"south":{"uv":[4.78571,9.42857,4.57143,10.21429],"texture":"#3"},"west":{"uv":[6.35714,2.28571,5.71429,3.07143],"texture":"#3"},"up":{"uv":[7.92857,9.71429,7.71429,10.35714],"texture":"#3"},"down":{"uv":[0.21429,10.64286,0,10],"texture":"#3"}}},{"from":[7.25,12.5,10],"to":[8.75,13,11.5],"rotation":{"angle":-22.5,"axis":"x","origin":[7.375,13.25,10.75]},"faces":{"north":{"uv":[1.57143,11.42857,1.14286,11.57143],"texture":"#3"},"east":{"uv":[11.57143,11.14286,11.14286,11.28571],"texture":"#3"},"south":{"uv":[10.71429,11.14286,10.28571,11.28571],"texture":"#3"},"west":{"uv":[3,11.42857,2.57143,11.57143],"texture":"#3"},"up":{"uv":[3.57143,9.14286,3.14286,9.57143],"texture":"#3"},"down":{"uv":[9.85714,0.42857,9.42857,0],"texture":"#3"}}},{"from":[7.25,13,10],"to":[8.75,13.5,10.5],"rotation":{"angle":-22.5,"axis":"x","origin":[7.375,13.25,10.75]},"faces":{"north":{"uv":[7.57143,11.42857,7.14286,11.57143],"texture":"#3"},"east":{"uv":[12.14286,11.14286,12,11.28571],"texture":"#3"},"south":{"uv":[11.85714,6.85714,11.42857,7],"texture":"#3"},"west":{"uv":[3.28571,12.28571,3.14286,12.42857],"texture":"#3"}}},{"from":[7.25,13,11],"to":[8.75,13.5,11.5],"rotation":{"angle":-22.5,"axis":"x","origin":[7.375,13.25,10.75]},"faces":{"north":{"uv":[11.85714,10.57143,11.42857,10.71429],"texture":"#3"},"east":{"uv":[12.42857,3.71429,12.28571,3.85714],"texture":"#3"},"south":{"uv":[11.85714,10,11.42857,10.14286],"texture":"#3"},"west":{"uv":[12.42857,4.28571,12.28571,4.42857],"texture":"#3"}}},{"from":[7.25,13.5,10],"to":[8.75,14,11.5],"rotation":{"angle":-22.5,"axis":"x","origin":[7.375,13.25,10.75]},"faces":{"north":{"uv":[12.14286,0.57143,11.71429,0.71429],"texture":"#3"},"east":{"uv":[12.14286,0,11.71429,0.14286],"texture":"#3"},"south":{"uv":[0.42857,11.71429,0,11.85714],"texture":"#3"},"west":{"uv":[12.14286,1.14286,11.71429,1.28571],"texture":"#3"},"up":{"uv":[9.85714,0.85714,9.42857,1.28571],"texture":"#3"},"down":{"uv":[9.85714,3.85714,9.42857,3.42857],"texture":"#3"}}},{"from":[7.5,12.25,10.75],"to":[8.5,13.25,13.75],"rotation":{"angle":0,"axis":"y","origin":[7.5,12.25,13.75]},"faces":{"north":{"uv":[11.42857,0,11.14286,0.28571],"texture":"#3"},"east":{"uv":[9.14286,5.42857,8.28571,5.71429],"texture":"#3"},"south":{"uv":[0.28571,11.14286,0,11.42857],"texture":"#3"},"west":{"uv":[9.42857,2.28571,8.57143,2.57143],"texture":"#3"},"up":{"uv":[1.42857,8.85714,1.14286,9.71429],"texture":"#3"},"down":{"uv":[2,9.71429,1.71429,8.85714],"texture":"#3"}}},{"from":[7.5035,13.0206,12.67172],"to":[8.4965,14.0206,13.59672],"rotation":{"angle":-22.5,"axis":"x","origin":[8.0035,13.5206,13.09672]},"faces":{"north":{"uv":[11.42857,1.71429,11.14286,2],"texture":"#3"},"east":{"uv":[11.42857,0.57143,11.14286,0.85714],"texture":"#3"},"south":{"uv":[0.85714,11.14286,0.57143,11.42857],"texture":"#3"},"west":{"uv":[2.28571,11.14286,2,11.42857],"texture":"#3"}}},{"from":[7.25,13.75,12.25],"to":[8.75,14.75,14.75],"rotation":{"angle":0,"axis":"y","origin":[7.5,13.75,13.75]},"faces":{"north":{"uv":[10.71429,0.57143,10.28571,0.85714],"texture":"#3"},"east":{"uv":[7,8.85714,6.28571,9.14286],"texture":"#3"},"south":{"uv":[10.71429,0,10.28571,0.28571],"texture":"#3"},"west":{"uv":[9.57143,6.57143,8.85714,6.85714],"texture":"#3"},"up":{"uv":[8.14286,7.71429,7.71429,8.42857],"texture":"#3"},"down":{"uv":[3.57143,8.71429,3.14286,8],"texture":"#3"}}},{"from":[7.25,14.75,12.25],"to":[8.75,15.25,14],"rotation":{"angle":0,"axis":"y","origin":[7.5,14.75,13.75]},"faces":{"north":{"uv":[12.14286,6.28571,11.71429,6.42857],"texture":"#3"},"east":{"uv":[11.64286,2.28571,11.14286,2.42857],"texture":"#3"},"south":{"uv":[12.14286,1.71429,11.71429,1.85714],"texture":"#3"},"west":{"uv":[6.78571,11.14286,6.28571,11.28571],"texture":"#3"},"up":{"uv":[2.71429,8.85714,2.28571,9.35714],"texture":"#3"}}},{"from":[7.625,13.61639,14.6485],"to":[8.375,13.62639,15.6485],"rotation":{"angle":22.5,"axis":"x","origin":[7.625,13.61639,15.6485]},"faces":{"up":{"uv":[11.92857,8.28571,11.71429,8.57143],"texture":"#3"},"down":{"uv":[8.78571,12,8.57143,11.71429],"texture":"#3"}}},{"from":[6.25,8.5,4],"to":[6.25,16.5,12],"rotation":{"angle":0,"axis":"y","origin":[6.25,8.5,4]},"faces":{"west":{"uv":[0,0,16,16],"texture":"#4"}}},{"from":[9.75,8.5,4],"to":[9.75,16.5,12],"rotation":{"angle":0,"axis":"y","origin":[9.75,8.5,12]},"faces":{"east":{"uv":[0,0,16,16],"texture":"#4"}}},{"from":[7.64645,12.75,5.37868],"to":[11.14645,23.75,8.87868],"rotation":{"angle":-45,"axis":"y","origin":[7.64645,12.75,5.87868]},"faces":{"north":{"uv":[0,0,1,3.14286],"texture":"#3"},"east":{"uv":[1.42857,0,2.42857,3.14286],"texture":"#3"},"south":{"uv":[2.85714,0,3.85714,3.14286],"texture":"#3"},"west":{"uv":[0,3.42857,1,6.57143],"texture":"#3"},"down":{"uv":[5.28571,2.85714,4.28571,3.85714],"texture":"#3"}}},{"from":[7.39645,23.75,5.12868],"to":[11.39645,24.75,9.12868],"rotation":{"angle":-45,"axis":"y","origin":[7.64645,20.75,5.87868]},"faces":{"north":{"uv":[3.14286,7.42857,4.28571,7.71429],"texture":"#3"},"east":{"uv":[4.57143,7.42857,5.71429,7.71429],"texture":"#3"},"south":{"uv":[0,7.71429,1.14286,8],"texture":"#3"},"west":{"uv":[7.71429,0,8.85714,0.28571],"texture":"#3"},"up":{"uv":[5.42857,1.14286,4.28571,0],"texture":"#3"},"down":{"uv":[5.42857,1.42857,4.28571,2.57143],"texture":"#3"}}},{"from":[7.5,7.5,6.79289],"to":[9.5,10.5,8.79289],"rotation":{"angle":-45,"axis":"y","origin":[8,7.75,7.29289]},"faces":{"north":{"uv":[4.28571,6.28571,4.85714,7.14286],"texture":"#3"},"east":{"uv":[6.28571,6,6.85714,6.85714],"texture":"#3"},"south":{"uv":[1.42857,6.57143,2,7.42857],"texture":"#3"},"west":{"uv":[2.28571,6.57143,2.85714,7.42857],"texture":"#3"},"up":{"uv":[7.71429,6.57143,7.14286,6],"texture":"#3"},"down":{"uv":[7.42857,7.14286,6.85714,7.71429],"texture":"#3"}}},{"from":[2.55013,13.75,7.985],"to":[5.55013,23.75,8.015],"rotation":{"angle":0,"axis":"y","origin":[1.55013,22.75,7.985]},"faces":{"north":{"uv":[2.28571,3.42857,1.42857,6.28571],"texture":"#3"},"south":{"uv":[1.42857,3.42857,2.28571,6.28571],"texture":"#3"}}},{"from":[10.44987,13.75,7.985],"to":[13.44987,23.75,8.015],"rotation":{"angle":0,"axis":"y","origin":[14.44987,22.75,7.985]},"faces":{"north":{"uv":[1.42857,3.42857,2.28571,6.28571],"texture":"#3"},"south":{"uv":[2.28571,3.42857,1.42857,6.28571],"texture":"#3"}}},{"from":[7.985,13.75,10.44987],"to":[8.015,23.75,13.44987],"rotation":{"angle":0,"axis":"y","origin":[8,18.75,8]},"faces":{"east":{"uv":[1.42857,3.42857,2.28571,6.28571],"texture":"#3"},"west":{"uv":[2.28571,3.42857,1.42857,6.28571],"texture":"#3"}}},{"from":[7.985,13.75,2.55013],"to":[8.015,23.75,5.55013],"rotation":{"angle":0,"axis":"y","origin":[8,18.75,8]},"faces":{"east":{"uv":[2.28571,3.42857,1.42857,6.28571],"texture":"#3"},"west":{"uv":[1.42857,3.42857,2.28571,6.28571],"texture":"#3"}}},{"from":[5.87429,12,2.88929],"to":[5.90429,26,8.88929],"rotation":{"angle":-45,"axis":"y","origin":[5.88929,19,5.88929]},"faces":{"east":{"uv":[3.42857,0,0,8],"texture":"#5"},"west":{"uv":[0,0,3.42857,8],"texture":"#5"}}},{"from":[5.87429,12,7.11071],"to":[5.90429,26,13.11071],"rotation":{"angle":45,"axis":"y","origin":[5.88929,19,10.11071]},"faces":{"east":{"uv":[6.85714,0,3.42857,8],"texture":"#5"},"west":{"uv":[3.42857,0,6.85714,8],"texture":"#5"}}},{"from":[7.97,12,6.24264],"to":[8,26,12.24264],"rotation":{"angle":-45,"axis":"y","origin":[8,19,12.24264]},"faces":{"east":{"uv":[6.85714,0,10.28571,8],"texture":"#5"},"west":{"uv":[10.28571,0,6.85714,8],"texture":"#5"}}},{"from":[10.09571,12,2.88929],"to":[10.12571,26,8.88929],"rotation":{"angle":45,"axis":"y","origin":[10.11071,19,5.88929]},"faces":{"east":{"uv":[10.28571,0,13.71429,8],"texture":"#5"},"west":{"uv":[13.71429,0,10.28571,8],"texture":"#5"}}}],"gui_light":"front","display":{"thirdperson_righthand":{"translation":[0,3,0.75]},"thirdperson_lefthand":{"translation":[0,3,0.75]},"firstperson_righthand":{"rotation":[8,0,0],"translation":[2.5,1.5,0],"scale":[0.7,0.7,0.7]},"firstperson_lefthand":{"rotation":[8,0,0],"translation":[2.5,1.5,0],"scale":[0.7,0.7,0.7]},"ground":{"rotation":[-45,0,0],"translation":[0,5,0],"scale":[0.7,0.7,0.7]},"gui":{"rotation":[-90,45,90],"translation":[2,-2,0],"scale":[0.75,0.75,0.75]},"head":{"rotation":[0,-90,0]},"fixed":{"rotation":[0,-90,0],"translation":[0,0,-2.5],"scale":[2,2,2]}},"groups":[{"name":"mace","origin":[8.625,10.25,4.5],"color":0,"children":[0,1,2,3,4,5,6,7,8,9,10,11,12,13,14,15,16,17,18,19,20,21,22,23,24,25,26,27,28,29,30,31,32,33,34,35,36,37,38,39,40,41,42,43,44,45,46,47,48,49,50,51,52,53,54,55,56,57,58,59,60,61,62,63,64,65,66,67,68,69,70,71,72,73,74,75,76,77,78,79,80,81,82]}],"mcmodels":"2238fb43fad87426eb3c95ab6631a4ea"}