{"credit":"Pologony Creation Co.,Ltd.","texture_size":[48,48],"textures":{"2":"plny_lunar_new_year_2025:animated/animated_4","3":"plny_lunar_new_year_2025:pickaxe","4":"plny_lunar_new_year_2025:animated/animated_2","particle":"plny_lunar_new_year_2025:animated/animated_4"},"elements":[{"from":[7,-2.5,7],"to":[9,-2,9],"rotation":{"angle":0,"axis":"y","origin":[7,-2.5,7]},"faces":{"north":{"uv":[12.33333,7,13,7.16667],"texture":"#3"},"east":{"uv":[8,12.33333,8.66667,12.5],"texture":"#3"},"south":{"uv":[9,12.33333,9.66667,12.5],"texture":"#3"},"west":{"uv":[12.33333,9.66667,13,9.83333],"texture":"#3"},"up":{"uv":[7,2,6.33333,1.33333],"texture":"#3"},"down":{"uv":[2,6.66667,1.33333,7.33333],"texture":"#3"}}},{"from":[7.125,-2,7.125],"to":[8.875,0,8.875],"rotation":{"angle":0,"axis":"y","origin":[7.125,-2,6.875]},"faces":{"north":{"uv":[7.33333,8,7.91667,8.66667],"texture":"#3"},"east":{"uv":[8.33333,1.33333,8.91667,2],"texture":"#3"},"south":{"uv":[8.33333,2.33333,8.91667,3],"texture":"#3"},"west":{"uv":[8.33333,3.33333,8.91667,4],"texture":"#3"}}},{"from":[7.25,0.5,7.25],"to":[8.75,1.5,8.75],"rotation":{"angle":0,"axis":"y","origin":[7.25,0.5,6.75]},"faces":{"north":{"uv":[9,11,9.5,11.33333],"texture":"#3"},"east":{"uv":[11,9,11.5,9.33333],"texture":"#3"},"south":{"uv":[0,11.33333,0.5,11.66667],"texture":"#3"},"west":{"uv":[11.33333,0,11.83333,0.33333],"texture":"#3"},"up":{"uv":[1.83333,10.5,1.33333,10],"texture":"#3"}}},{"from":[7.375,1.5,7.375],"to":[8.625,4.5,8.625],"rotation":{"angle":0,"axis":"y","origin":[7.375,2.5,6.625]},"faces":{"north":{"uv":[0,7.66667,0.41667,8.66667],"texture":"#3"},"east":{"uv":[1,7.66667,1.41667,8.66667],"texture":"#3"},"south":{"uv":[2,7.66667,2.41667,8.66667],"texture":"#3"},"west":{"uv":[3,7.66667,3.41667,8.66667],"texture":"#3"}}},{"from":[7,0,7],"to":[9,0.5,9],"rotation":{"angle":0,"axis":"y","origin":[7,0,7]},"faces":{"north":{"uv":[12.33333,10.33333,13,10.5],"texture":"#3"},"east":{"uv":[0,12.66667,0.66667,12.83333],"texture":"#3"},"south":{"uv":[12.66667,0.66667,13.33333,0.83333],"texture":"#3"},"west":{"uv":[12.66667,1.33333,13.33333,1.5],"texture":"#3"},"up":{"uv":[3,7.33333,2.33333,6.66667],"texture":"#3"},"down":{"uv":[7.66667,5,7,5.66667],"texture":"#3"}}},{"from":[7,7,7],"to":[9,7.5,9],"rotation":{"angle":0,"axis":"y","origin":[7,7.5,7]},"faces":{"north":{"uv":[12.66667,2,13.33333,2.16667],"texture":"#3"},"east":{"uv":[12.66667,2.66667,13.33333,2.83333],"texture":"#3"},"south":{"uv":[12.66667,3.33333,13.33333,3.5],"texture":"#3"},"west":{"uv":[5,12.66667,5.66667,12.83333],"texture":"#3"},"up":{"uv":[7.66667,6.66667,7,6],"texture":"#3"},"down":{"uv":[7,7,6.33333,7.66667],"texture":"#3"}}},{"from":[7,5.5,7],"to":[9,6,9],"rotation":{"angle":0,"axis":"y","origin":[7,6,7]},"faces":{"north":{"uv":[12.66667,5,13.33333,5.16667],"texture":"#3"},"east":{"uv":[12.66667,7.66667,13.33333,7.83333],"texture":"#3"},"south":{"uv":[12.66667,8.33333,13.33333,8.5],"texture":"#3"},"west":{"uv":[10.66667,12.66667,11.33333,12.83333],"texture":"#3"},"up":{"uv":[8,2,7.33333,1.33333],"texture":"#3"},"down":{"uv":[8,2.33333,7.33333,3],"texture":"#3"}}},{"from":[7.125,6,7.125],"to":[8.875,7,8.875],"rotation":{"angle":0,"axis":"y","origin":[7.125,8,6.875]},"faces":{"north":{"uv":[11,3.66667,11.58333,4],"texture":"#3"},"east":{"uv":[11,5,11.58333,5.33333],"texture":"#3"},"south":{"uv":[11,5.66667,11.58333,6],"texture":"#3"},"west":{"uv":[6,11,6.58333,11.33333],"texture":"#3"}}},{"from":[7.25,4.5,7.25],"to":[8.75,5.5,8.75],"rotation":{"angle":0,"axis":"y","origin":[7.25,5.5,6.75]},"faces":{"north":{"uv":[11.33333,4.33333,11.83333,4.66667],"texture":"#3"},"east":{"uv":[11.33333,6.33333,11.83333,6.66667],"texture":"#3"},"south":{"uv":[11.33333,7,11.83333,7.33333],"texture":"#3"},"west":{"uv":[11.33333,9.66667,11.83333,10],"texture":"#3"},"down":{"uv":[2.83333,10,2.33333,10.5],"texture":"#3"}}},{"from":[6.75,10.5,6.5],"to":[9.25,11.75,9.5],"rotation":{"angle":0,"axis":"y","origin":[7,10,6.5]},"faces":{"east":{"uv":[4,7.66667,5,8.08333],"texture":"#3"},"west":{"uv":[8,4.33333,9,4.75],"texture":"#3"},"up":{"uv":[0.83333,6,0,5],"texture":"#3"},"down":{"uv":[4.5,5,3.66667,6],"texture":"#3"}}},{"from":[6.7475,9.19382,6.43612],"to":[9.2525,10.54382,7.43612],"rotation":{"angle":-22.5,"axis":"x","origin":[6.9975,8.79382,3.93612]},"faces":{"north":{"uv":[8.33333,6.66667,9.16667,7.08333],"texture":"#3"},"east":{"uv":[3.33333,12,3.66667,12.41667],"texture":"#3"},"south":{"uv":[8.33333,7.66667,9.16667,8.08333],"texture":"#3"},"west":{"uv":[12,3.33333,12.33333,3.75],"texture":"#3"},"up":{"uv":[6.83333,9.66667,6,9.33333],"texture":"#3"},"down":{"uv":[4.83333,9.66667,4,10],"texture":"#3"}}},{"from":[6.7475,9.19382,8.56388],"to":[9.2525,10.54382,9.56388],"rotation":{"angle":22.5,"axis":"x","origin":[6.9975,8.79382,12.06388]},"faces":{"north":{"uv":[8.66667,0,9.5,0.41667],"texture":"#3"},"east":{"uv":[12,5,12.33333,5.41667],"texture":"#3"},"south":{"uv":[4,8.66667,4.83333,9.08333],"texture":"#3"},"west":{"uv":[10,12,10.33333,12.41667],"texture":"#3"},"up":{"uv":[10.5,8,9.66667,7.66667],"texture":"#3"},"down":{"uv":[8.83333,9.66667,8,10],"texture":"#3"}}},{"from":[7,11.75,3],"to":[9,12.75,13],"rotation":{"angle":0,"axis":"y","origin":[7,11.75,4]},"faces":{"north":{"uv":[10.33333,4.33333,11,4.66667],"texture":"#3"},"east":{"uv":[3.66667,2.33333,7,2.66667],"texture":"#3"},"south":{"uv":[7.33333,10.33333,8,10.66667],"texture":"#3"},"west":{"uv":[3.66667,3,7,3.33333],"texture":"#3"},"up":{"uv":[0.66667,4.66667,0,1.33333],"texture":"#3"},"down":{"uv":[1.66667,1.33333,1,4.66667],"texture":"#3"}}},{"from":[7,10.75,5],"to":[9,11.75,11],"rotation":{"angle":0,"axis":"y","origin":[7,10.75,4]},"faces":{"north":{"uv":[8.33333,10.33333,9,10.66667],"texture":"#3"},"east":{"uv":[6.33333,0,8.33333,0.33333],"texture":"#3"},"south":{"uv":[10.33333,10,11,10.33333],"texture":"#3"},"west":{"uv":[6.33333,0.66667,8.33333,1],"texture":"#3"},"down":{"uv":[4.33333,0,3.66667,2],"texture":"#3"}}},{"from":[7.0035,10.90328,4.7706],"to":[8.9965,11.90328,5.7706],"rotation":{"angle":-22.5,"axis":"x","origin":[8.0035,11.40328,5.2706]},"faces":{"north":{"uv":[0,10.66667,0.66667,11],"texture":"#3"},"east":{"uv":[7.33333,4.33333,7.66667,4.66667],"texture":"#3"},"west":{"uv":[1,12.66667,1.33333,13],"texture":"#3"}}},{"from":[7.0085,11.59619,3.94239],"to":[8.9915,12.59619,5.44239],"rotation":{"angle":22.5,"axis":"x","origin":[8.0085,12.09619,4.44239]},"faces":{"east":{"uv":[10,11.33333,10.5,11.66667],"texture":"#3"},"west":{"uv":[11.33333,10.33333,11.83333,10.66667],"texture":"#3"},"down":{"uv":[9,8.66667,8.33333,9.16667],"texture":"#3"}}},{"from":[7.0085,11.59619,10.55761],"to":[8.9915,12.59619,12.05761],"rotation":{"angle":-22.5,"axis":"x","origin":[8.0085,12.09619,11.55761]},"faces":{"east":{"uv":[11,11.33333,11.5,11.66667],"texture":"#3"},"west":{"uv":[11.66667,0.66667,12.16667,1],"texture":"#3"},"down":{"uv":[0.66667,9,0,9.5],"texture":"#3"}}},{"from":[7.0035,10.90328,10.2294],"to":[8.9965,11.90328,11.2294],"rotation":{"angle":22.5,"axis":"x","origin":[8.0035,11.40328,10.7294]},"faces":{"east":{"uv":[2.66667,12.66667,3,13],"texture":"#3"},"south":{"uv":[10.66667,0.66667,11.33333,1],"texture":"#3"},"west":{"uv":[11.66667,12.66667,12,13],"texture":"#3"}}},{"from":[7.5,12.75,6.25],"to":[8.5,17,9.75],"rotation":{"angle":0,"axis":"y","origin":[7.5,12.75,6]},"faces":{"north":{"uv":[6.33333,5,6.66667,6.41667],"texture":"#3"},"east":{"uv":[2,1.33333,3.16667,2.75],"texture":"#3"},"south":{"uv":[5.66667,6.33333,6,7.75],"texture":"#3"},"west":{"uv":[2,3.33333,3.16667,4.75],"texture":"#3"},"up":{"uv":[5.66667,9.5,5.33333,8.33333],"texture":"#3"}}},{"from":[7.625,12.34777,4.47783],"to":[8.375,15.09777,6.72783],"rotation":{"angle":-22.5,"axis":"x","origin":[8.125,14.09777,5.47783]},"faces":{"north":{"uv":[4,10.33333,4.25,11.25],"texture":"#3"},"east":{"uv":[5,3.66667,5.75,4.58333],"texture":"#3"},"west":{"uv":[5,5,5.75,5.91667],"texture":"#3"},"up":{"uv":[7.25,11.75,7,11],"texture":"#3"},"down":{"uv":[7.91667,11,7.66667,11.75],"texture":"#3"}}},{"from":[7.625,12.34777,9.27217],"to":[8.375,15.09777,11.52217],"rotation":{"angle":22.5,"axis":"x","origin":[8.125,14.09777,10.52217]},"faces":{"east":{"uv":[1.33333,5.33333,2.08333,6.25],"texture":"#3"},"south":{"uv":[4.66667,10.33333,4.91667,11.25],"texture":"#3"},"west":{"uv":[0,6.33333,0.75,7.25],"texture":"#3"},"up":{"uv":[11.25,8.41667,11,7.66667],"texture":"#3"},"down":{"uv":[8.58333,11,8.33333,11.75],"texture":"#3"}}},{"from":[6.5035,12.5,7],"to":[7.9965,13.5,9],"rotation":{"angle":0,"axis":"y","origin":[6.5035,12.5,7]},"faces":{"east":{"uv":[10.66667,1.33333,11.33333,1.66667],"texture":"#3"},"west":{"uv":[10.33333,10.66667,11,11],"texture":"#3"},"up":{"uv":[1.5,9.66667,1,9],"texture":"#3"},"down":{"uv":[2.5,9,2,9.66667],"texture":"#3"}}},{"from":[6.75,13.5,7.25],"to":[7.75,14,8.75],"rotation":{"angle":0,"axis":"y","origin":[6.5,13.5,7]},"faces":{"north":{"uv":[14,13.33333,14.33333,13.5],"texture":"#3"},"east":{"uv":[13.33333,0,13.83333,0.16667],"texture":"#3"},"south":{"uv":[14,14,14.33333,14.16667],"texture":"#3"},"west":{"uv":[2.33333,13.33333,2.83333,13.5],"texture":"#3"},"up":{"uv":[1.33333,12.16667,1,11.66667],"texture":"#3"}}},{"from":[6.5,13.26537,6.40224],"to":[8,14.34037,7.15224],"rotation":{"angle":22.5,"axis":"x","origin":[6.5,13.26537,5.15224]},"faces":{"north":{"uv":[11.66667,1.33333,12.16667,1.66667],"texture":"#3"},"east":{"uv":[13.33333,4,13.58333,4.33333],"texture":"#3"},"south":{"uv":[1.66667,11.66667,2.16667,12],"texture":"#3"},"west":{"uv":[4.66667,13.33333,4.91667,13.66667],"texture":"#3"},"up":{"uv":[12.5,9.25,12,9],"texture":"#3"},"down":{"uv":[11.16667,12,10.66667,12.25],"texture":"#3"}}},{"from":[6.5,12.11732,9.07612],"to":[8,13.19232,9.82612],"rotation":{"angle":-22.5,"axis":"x","origin":[6.5,12.11732,8.07612]},"faces":{"north":{"uv":[11.66667,2,12.16667,2.33333],"texture":"#3"},"east":{"uv":[5.33333,13.33333,5.58333,13.66667],"texture":"#3"},"south":{"uv":[11.66667,2.66667,12.16667,3],"texture":"#3"},"west":{"uv":[6,13.33333,6.25,13.66667],"texture":"#3"},"up":{"uv":[12.5,11.25,12,11],"texture":"#3"},"down":{"uv":[12.16667,12,11.66667,12.25],"texture":"#3"}}},{"from":[8.25,13.5,7.25],"to":[9.25,14,8.75],"rotation":{"angle":0,"axis":"y","origin":[9.5,13.5,7]},"faces":{"north":{"uv":[0,14.33333,0.33333,14.5],"texture":"#3"},"east":{"uv":[6.66667,13.33333,7.16667,13.5],"texture":"#3"},"south":{"uv":[14.33333,0,14.66667,0.16667],"texture":"#3"},"west":{"uv":[13.33333,7,13.83333,7.16667],"texture":"#3"},"up":{"uv":[3,12.16667,2.66667,11.66667],"texture":"#3"}}},{"from":[8,13.26537,6.40224],"to":[9.5,14.34037,7.15224],"rotation":{"angle":22.5,"axis":"x","origin":[9.5,13.26537,5.15224]},"faces":{"north":{"uv":[4,11.66667,4.5,12],"texture":"#3"},"east":{"uv":[13.33333,9.66667,13.58333,10],"texture":"#3"},"south":{"uv":[6,11.66667,6.5,12],"texture":"#3"},"west":{"uv":[13.33333,10.33333,13.58333,10.66667],"texture":"#3"},"up":{"uv":[12.83333,0.25,12.33333,0],"texture":"#3"},"down":{"uv":[2.16667,12.33333,1.66667,12.58333],"texture":"#3"}}},{"from":[8.0035,12.5,7],"to":[9.4965,13.5,9],"rotation":{"angle":0,"axis":"y","origin":[9.4965,12.5,7]},"faces":{"east":{"uv":[1,11,1.66667,11.33333],"texture":"#3"},"west":{"uv":[2,11,2.66667,11.33333],"texture":"#3"},"up":{"uv":[3.5,9.66667,3,9],"texture":"#3"},"down":{"uv":[9.5,5.33333,9,6],"texture":"#3"}}},{"from":[8,12.11732,9.07612],"to":[9.5,13.19232,9.82612],"rotation":{"angle":-22.5,"axis":"x","origin":[9.5,12.11732,8.07612]},"faces":{"north":{"uv":[11.66667,7.66667,12.16667,8],"texture":"#3"},"east":{"uv":[10.66667,13.33333,10.91667,13.66667],"texture":"#3"},"south":{"uv":[11.66667,8.33333,12.16667,8.66667],"texture":"#3"},"west":{"uv":[11.33333,13.33333,11.58333,13.66667],"texture":"#3"},"up":{"uv":[4.5,12.58333,4,12.33333],"texture":"#3"},"down":{"uv":[12.83333,4.33333,12.33333,4.58333],"texture":"#3"}}},{"from":[7.25,12.5,4.5],"to":[8.75,13,6],"rotation":{"angle":22.5,"axis":"x","origin":[7.375,13.25,5.25]},"faces":{"north":{"uv":[13.33333,11.66667,13.83333,11.83333],"texture":"#3"},"east":{"uv":[12,13.33333,12.5,13.5],"texture":"#3"},"south":{"uv":[13,13.33333,13.5,13.5],"texture":"#3"},"west":{"uv":[13.66667,0.66667,14.16667,0.83333],"texture":"#3"},"up":{"uv":[5.83333,10.5,5.33333,10],"texture":"#3"},"down":{"uv":[10.5,5.33333,10,5.83333],"texture":"#3"}}},{"from":[7.25,13,5.5],"to":[8.75,13.5,6],"rotation":{"angle":22.5,"axis":"x","origin":[7.375,13.25,5.25]},"faces":{"north":{"uv":[1.33333,13.66667,1.83333,13.83333],"texture":"#3"},"east":{"uv":[7,14.66667,7.16667,14.83333],"texture":"#3"},"south":{"uv":[13.66667,1.33333,14.16667,1.5],"texture":"#3"},"west":{"uv":[7.66667,14.66667,7.83333,14.83333],"texture":"#3"}}},{"from":[7.25,13,4.5],"to":[8.75,13.5,5],"rotation":{"angle":22.5,"axis":"x","origin":[7.375,13.25,5.25]},"faces":{"north":{"uv":[13.66667,2,14.16667,2.16667],"texture":"#3"},"east":{"uv":[8.33333,14.66667,8.5,14.83333],"texture":"#3"},"south":{"uv":[13.66667,2.66667,14.16667,2.83333],"texture":"#3"},"west":{"uv":[14.66667,8.66667,14.83333,8.83333],"texture":"#3"}}},{"from":[7.25,13.5,4.5],"to":[8.75,14,6],"rotation":{"angle":22.5,"axis":"x","origin":[7.375,13.25,5.25]},"faces":{"north":{"uv":[3.33333,13.66667,3.83333,13.83333],"texture":"#3"},"east":{"uv":[13.66667,3.33333,14.16667,3.5],"texture":"#3"},"south":{"uv":[13.66667,4.66667,14.16667,4.83333],"texture":"#3"},"west":{"uv":[13.66667,5.33333,14.16667,5.5],"texture":"#3"},"up":{"uv":[6.83333,10.5,6.33333,10],"texture":"#3"},"down":{"uv":[9.83333,10,9.33333,10.5],"texture":"#3"}}},{"from":[7.625,-3.75,7.25],"to":[8.375,-2.25,7.75],"rotation":{"angle":-45,"axis":"x","origin":[8,-3,8]},"faces":{"north":{"uv":[6,12.33333,6.25,12.83333],"texture":"#3"},"east":{"uv":[13.66667,6,13.83333,6.5],"texture":"#3"},"south":{"uv":[12.33333,6,12.58333,6.5],"texture":"#3"},"west":{"uv":[7.66667,13.66667,7.83333,14.16667],"texture":"#3"},"up":{"uv":[14.58333,6.16667,14.33333,6],"texture":"#3"},"down":{"uv":[14.58333,6.66667,14.33333,6.83333],"texture":"#3"}}},{"from":[7.625,-3.75,7.75],"to":[8.375,-3.25,8.25],"rotation":{"angle":-45,"axis":"x","origin":[8,-3,8]},"faces":{"east":{"uv":[14.66667,9.33333,14.83333,9.5],"texture":"#3"},"west":{"uv":[9.66667,14.66667,9.83333,14.83333],"texture":"#3"},"up":{"uv":[14.58333,7.5,14.33333,7.33333],"texture":"#3"},"down":{"uv":[14.58333,8,14.33333,8.16667],"texture":"#3"}}},{"from":[7.625,-3.75,8.25],"to":[8.375,-2.25,8.75],"rotation":{"angle":-45,"axis":"x","origin":[8,-3,8]},"faces":{"north":{"uv":[6.66667,12.33333,6.91667,12.83333],"texture":"#3"},"east":{"uv":[13.66667,7.66667,13.83333,8.16667],"texture":"#3"},"south":{"uv":[7.33333,12.33333,7.58333,12.83333],"texture":"#3"},"west":{"uv":[13.66667,12.33333,13.83333,12.83333],"texture":"#3"},"up":{"uv":[14.58333,11.83333,14.33333,11.66667],"texture":"#3"},"down":{"uv":[14.58333,12.33333,14.33333,12.5],"texture":"#3"}}},{"from":[7.625,-2.75,7.75],"to":[8.375,-2.25,8.25],"rotation":{"angle":-45,"axis":"x","origin":[8,-3,8]},"faces":{"east":{"uv":[14.66667,11,14.83333,11.16667],"texture":"#3"},"west":{"uv":[12,14.66667,12.16667,14.83333],"texture":"#3"},"up":{"uv":[14.91667,0.83333,14.66667,0.66667],"texture":"#3"},"down":{"uv":[14.91667,1.33333,14.66667,1.5],"texture":"#3"}}},{"from":[6.725,7.64645,3.75],"to":[6.745,11.89645,4.25],"rotation":{"angle":0,"axis":"y","origin":[6.725,8.89645,4.25]},"faces":{"east":{"uv":[3.33333,10,3.5,11.41667],"texture":"#3"},"west":{"uv":[10.33333,2.33333,10.5,3.75],"texture":"#3"}}},{"from":[6.6,10.83579,3.75],"to":[6.85,11.33579,4.25],"rotation":{"angle":45,"axis":"x","origin":[6.725,10.58579,4]},"faces":{"east":{"uv":[12.66667,14.66667,12.83333,14.83333],"texture":"#3"},"west":{"uv":[14.66667,13,14.83333,13.16667],"texture":"#3"},"up":{"uv":[0.08333,15.16667,0,15],"texture":"#3"},"down":{"uv":[15.08333,0,15,0.16667],"texture":"#3"}}},{"from":[6.6,9.83579,3.75],"to":[6.85,10.33579,4.25],"rotation":{"angle":45,"axis":"x","origin":[6.725,10.58579,4]},"faces":{"east":{"uv":[13.33333,14.66667,13.5,14.83333],"texture":"#3"},"west":{"uv":[14.66667,13.66667,14.83333,13.83333],"texture":"#3"},"up":{"uv":[0.75,15.16667,0.66667,15],"texture":"#3"},"down":{"uv":[1.41667,15,1.33333,15.16667],"texture":"#3"}}},{"from":[6.6,9.83579,3.25],"to":[6.85,11.33579,3.75],"rotation":{"angle":45,"axis":"x","origin":[6.725,10.58579,4]},"faces":{"north":{"uv":[14.66667,2,14.75,2.5],"texture":"#3"},"east":{"uv":[2.33333,14,2.5,14.5],"texture":"#3"},"south":{"uv":[14.66667,3,14.75,3.5],"texture":"#3"},"west":{"uv":[4.33333,14,4.5,14.5],"texture":"#3"},"up":{"uv":[2.08333,15.16667,2,15],"texture":"#3"},"down":{"uv":[2.75,15,2.66667,15.16667],"texture":"#3"}}},{"from":[6.6,9.83579,4.25],"to":[6.85,11.33579,4.75],"rotation":{"angle":45,"axis":"x","origin":[6.725,10.58579,4]},"faces":{"north":{"uv":[14.66667,4.66667,14.75,5.16667],"texture":"#3"},"east":{"uv":[5,14,5.16667,14.5],"texture":"#3"},"south":{"uv":[6.33333,14.66667,6.41667,15.16667],"texture":"#3"},"west":{"uv":[5.66667,14,5.83333,14.5],"texture":"#3"},"up":{"uv":[3.41667,15.16667,3.33333,15],"texture":"#3"},"down":{"uv":[4.08333,15,4,15.16667],"texture":"#3"}}},{"from":[6.475,8.14645,3.25],"to":[6.975,8.64645,4.5],"rotation":{"angle":-45,"axis":"x","origin":[6.475,8.14645,2.5]},"faces":{"north":{"uv":[14,14.66667,14.16667,14.83333],"texture":"#3"},"east":{"uv":[9.66667,14,10.08333,14.16667],"texture":"#3"},"south":{"uv":[14.66667,14.33333,14.83333,14.5],"texture":"#3"},"west":{"uv":[14,10.33333,14.41667,10.5],"texture":"#3"},"up":{"uv":[10.83333,14.41667,10.66667,14],"texture":"#3"},"down":{"uv":[11.5,14,11.33333,14.41667],"texture":"#3"}}},{"from":[6.475,7.39645,3.25],"to":[6.975,7.89645,4.5],"rotation":{"angle":-45,"axis":"x","origin":[6.475,7.39645,2.5]},"faces":{"north":{"uv":[14,14.66667,14.16667,14.83333],"texture":"#3"},"east":{"uv":[9.66667,14,10.08333,14.16667],"texture":"#3"},"south":{"uv":[14.66667,14.33333,14.83333,14.5],"texture":"#3"},"west":{"uv":[14,10.33333,14.41667,10.5],"texture":"#3"},"up":{"uv":[10.83333,14.41667,10.66667,14],"texture":"#3"},"down":{"uv":[11.5,14,11.33333,14.41667],"texture":"#3"}}},{"from":[6.475,6.64645,3.25],"to":[6.975,7.14645,4.5],"rotation":{"angle":-45,"axis":"x","origin":[6.475,6.64645,2.5]},"faces":{"north":{"uv":[14,14.66667,14.16667,14.83333],"texture":"#3"},"east":{"uv":[9.66667,14,10.08333,14.16667],"texture":"#3"},"south":{"uv":[14.66667,14.33333,14.83333,14.5],"texture":"#3"},"west":{"uv":[14,10.33333,14.41667,10.5],"texture":"#3"},"up":{"uv":[10.83333,14.41667,10.66667,14],"texture":"#3"},"down":{"uv":[11.5,14,11.33333,14.41667],"texture":"#3"}}},{"from":[6.475,6.64645,3.5],"to":[6.975,7.14645,4.75],"rotation":{"angle":45,"axis":"x","origin":[6.475,6.64645,5.5]},"faces":{"north":{"uv":[14.83333,14.33333,14.66667,14.5],"texture":"#3"},"east":{"uv":[10.08333,14,9.66667,14.16667],"texture":"#3"},"south":{"uv":[14.16667,14.66667,14,14.83333],"texture":"#3"},"west":{"uv":[14.41667,10.33333,14,10.5],"texture":"#3"},"up":{"uv":[10.83333,14,10.66667,14.41667],"texture":"#3"},"down":{"uv":[11.5,14.41667,11.33333,14],"texture":"#3"}}},{"from":[6.475,7.39645,3.5],"to":[6.975,7.89645,4.75],"rotation":{"angle":45,"axis":"x","origin":[6.475,7.39645,5.5]},"faces":{"north":{"uv":[14.83333,14.33333,14.66667,14.5],"texture":"#3"},"east":{"uv":[10.08333,14,9.66667,14.16667],"texture":"#3"},"south":{"uv":[14.16667,14.66667,14,14.83333],"texture":"#3"},"west":{"uv":[14.41667,10.33333,14,10.5],"texture":"#3"},"up":{"uv":[10.83333,14,10.66667,14.41667],"texture":"#3"},"down":{"uv":[11.5,14.41667,11.33333,14],"texture":"#3"}}},{"from":[6.475,8.14645,3.5],"to":[6.975,8.64645,4.75],"rotation":{"angle":45,"axis":"x","origin":[6.475,8.14645,5.5]},"faces":{"north":{"uv":[14.83333,14.33333,14.66667,14.5],"texture":"#3"},"east":{"uv":[10.08333,14,9.66667,14.16667],"texture":"#3"},"south":{"uv":[14.16667,14.66667,14,14.83333],"texture":"#3"},"west":{"uv":[14.41667,10.33333,14,10.5],"texture":"#3"},"up":{"uv":[10.83333,14,10.66667,14.41667],"texture":"#3"},"down":{"uv":[11.5,14.41667,11.33333,14],"texture":"#3"}}},{"from":[6.35,6.39645,3.625],"to":[7.1,7.64645,4.375],"rotation":{"angle":0,"axis":"y","origin":[6.85,7.02145,3.875]},"faces":{"north":{"uv":[10,13,10.25,13.41667],"texture":"#3"},"east":{"uv":[13,12.33333,13.25,12.75],"texture":"#3"},"south":{"uv":[0,13.33333,0.25,13.75],"texture":"#3"},"west":{"uv":[0.66667,13.33333,0.91667,13.75],"texture":"#3"},"up":{"uv":[14.25,11.25,14,11],"texture":"#3"},"down":{"uv":[12.25,14,12,14.25],"texture":"#3"}}},{"from":[7.5,12.25,2.75],"to":[8.5,13.25,5.75],"rotation":{"angle":0,"axis":"y","origin":[7.5,12.25,2.75]},"faces":{"north":{"uv":[12.66667,11.66667,13,12],"texture":"#3"},"east":{"uv":[9.33333,1,10.33333,1.33333],"texture":"#3"},"south":{"uv":[12.33333,12.66667,12.66667,13],"texture":"#3"},"west":{"uv":[9.33333,1.66667,10.33333,2],"texture":"#3"},"up":{"uv":[3.33333,1,3,0],"texture":"#3"},"down":{"uv":[7.66667,9,7.33333,10],"texture":"#3"}}},{"from":[7.5035,13.0206,2.90328],"to":[8.4965,14.0206,3.82828],"rotation":{"angle":22.5,"axis":"x","origin":[8.0035,13.5206,3.40328]},"faces":{"north":{"uv":[1.66667,13,2,13.33333],"texture":"#3"},"east":{"uv":[3.33333,13,3.66667,13.33333],"texture":"#3"},"south":{"uv":[4,13,4.33333,13.33333],"texture":"#3"},"west":{"uv":[13,5.66667,13.33333,6],"texture":"#3"}}},{"from":[7.25,13.75,1.75],"to":[8.75,14.75,4.25],"rotation":{"angle":0,"axis":"y","origin":[7.5,13.75,2.75]},"faces":{"north":{"uv":[9,11.66667,9.5,12],"texture":"#3"},"east":{"uv":[0,10,0.83333,10.33333],"texture":"#3"},"south":{"uv":[0,12,0.5,12.33333],"texture":"#3"},"west":{"uv":[10,0,10.83333,0.33333],"texture":"#3"},"up":{"uv":[8.5,6.16667,8,5.33333],"texture":"#3"},"down":{"uv":[6.83333,8,6.33333,8.83333],"texture":"#3"}}},{"from":[7.25,14.75,2.5],"to":[8.75,15.25,4.25],"rotation":{"angle":0,"axis":"y","origin":[7.5,14.75,2.75]},"faces":{"north":{"uv":[14,4,14.5,4.16667],"texture":"#3"},"east":{"uv":[13,9,13.58333,9.16667],"texture":"#3"},"south":{"uv":[6.33333,14,6.83333,14.16667],"texture":"#3"},"west":{"uv":[13,11,13.58333,11.16667],"texture":"#3"},"up":{"uv":[9.83333,4.91667,9.33333,4.33333],"texture":"#3"}}},{"from":[7.625,13.61639,0.8515],"to":[8.375,13.62639,1.8515],"rotation":{"angle":-22.5,"axis":"x","origin":[7.625,13.61639,0.8515]},"faces":{"up":{"uv":[8.58333,14.33333,8.33333,14],"texture":"#3"},"down":{"uv":[14.25,8.66667,14,9],"texture":"#3"}}},{"from":[7.5,12.25,10.25],"to":[8.5,13.25,13.25],"rotation":{"angle":0,"axis":"y","origin":[7.5,12.25,13.25]},"faces":{"north":{"uv":[12.66667,12.66667,12.33333,13],"texture":"#3"},"east":{"uv":[10.33333,1,9.33333,1.33333],"texture":"#3"},"south":{"uv":[13,11.66667,12.66667,12],"texture":"#3"},"west":{"uv":[10.33333,1.66667,9.33333,2],"texture":"#3"},"up":{"uv":[3.33333,0,3,1],"texture":"#3"},"down":{"uv":[7.66667,10,7.33333,9],"texture":"#3"}}},{"from":[7.5035,13.0206,12.17172],"to":[8.4965,14.0206,13.09672],"rotation":{"angle":-22.5,"axis":"x","origin":[8.0035,13.5206,12.59672]},"faces":{"north":{"uv":[4.33333,13,4,13.33333],"texture":"#3"},"east":{"uv":[3.66667,13,3.33333,13.33333],"texture":"#3"},"south":{"uv":[2,13,1.66667,13.33333],"texture":"#3"},"west":{"uv":[13.33333,5.66667,13,6],"texture":"#3"}}},{"from":[7.25,13.75,11.75],"to":[8.75,14.75,14.25],"rotation":{"angle":0,"axis":"y","origin":[7.5,13.75,13.25]},"faces":{"north":{"uv":[0.5,12,0,12.33333],"texture":"#3"},"east":{"uv":[0.83333,10,0,10.33333],"texture":"#3"},"south":{"uv":[9.5,11.66667,9,12],"texture":"#3"},"west":{"uv":[10.83333,0,10,0.33333],"texture":"#3"},"up":{"uv":[8.5,5.33333,8,6.16667],"texture":"#3"},"down":{"uv":[6.83333,8.83333,6.33333,8],"texture":"#3"}}},{"from":[7.25,14.75,11.75],"to":[8.75,15.25,13.5],"rotation":{"angle":0,"axis":"y","origin":[7.5,14.75,13.25]},"faces":{"north":{"uv":[6.83333,14,6.33333,14.16667],"texture":"#3"},"east":{"uv":[13.58333,9,13,9.16667],"texture":"#3"},"south":{"uv":[14.5,4,14,4.16667],"texture":"#3"},"west":{"uv":[13.58333,11,13,11.16667],"texture":"#3"},"up":{"uv":[9.83333,4.33333,9.33333,4.91667],"texture":"#3"}}},{"from":[7.625,13.61639,14.1485],"to":[8.375,13.62639,15.1485],"rotation":{"angle":22.5,"axis":"x","origin":[7.625,13.61639,15.1485]},"faces":{"up":{"uv":[8.58333,14,8.33333,14.33333],"texture":"#3"},"down":{"uv":[14.25,9,14,8.66667],"texture":"#3"}}},{"from":[7.25,13,11],"to":[8.75,13.5,11.5],"rotation":{"angle":-22.5,"axis":"x","origin":[7.375,13.25,10.75]},"faces":{"north":{"uv":[14.16667,2.66667,13.66667,2.83333],"texture":"#3"},"east":{"uv":[8.5,14.66667,8.33333,14.83333],"texture":"#3"},"south":{"uv":[14.16667,2,13.66667,2.16667],"texture":"#3"},"west":{"uv":[14.83333,8.66667,14.66667,8.83333],"texture":"#3"}}},{"from":[7.25,12.5,10],"to":[8.75,13,11.5],"rotation":{"angle":-22.5,"axis":"x","origin":[7.375,13.25,10.75]},"faces":{"north":{"uv":[13.5,13.33333,13,13.5],"texture":"#3"},"east":{"uv":[12.5,13.33333,12,13.5],"texture":"#3"},"south":{"uv":[13.83333,11.66667,13.33333,11.83333],"texture":"#3"},"west":{"uv":[14.16667,0.66667,13.66667,0.83333],"texture":"#3"},"up":{"uv":[5.83333,10,5.33333,10.5],"texture":"#3"},"down":{"uv":[10.5,5.83333,10,5.33333],"texture":"#3"}}},{"from":[7.25,13,10],"to":[8.75,13.5,10.5],"rotation":{"angle":-22.5,"axis":"x","origin":[7.375,13.25,10.75]},"faces":{"north":{"uv":[14.16667,1.33333,13.66667,1.5],"texture":"#3"},"east":{"uv":[7.16667,14.66667,7,14.83333],"texture":"#3"},"south":{"uv":[1.83333,13.66667,1.33333,13.83333],"texture":"#3"},"west":{"uv":[7.83333,14.66667,7.66667,14.83333],"texture":"#3"}}},{"from":[7.25,13.5,10],"to":[8.75,14,11.5],"rotation":{"angle":-22.5,"axis":"x","origin":[7.375,13.25,10.75]},"faces":{"north":{"uv":[14.16667,4.66667,13.66667,4.83333],"texture":"#3"},"east":{"uv":[14.16667,3.33333,13.66667,3.5],"texture":"#3"},"south":{"uv":[3.83333,13.66667,3.33333,13.83333],"texture":"#3"},"west":{"uv":[14.16667,5.33333,13.66667,5.5],"texture":"#3"},"up":{"uv":[6.83333,10,6.33333,10.5],"texture":"#3"},"down":{"uv":[9.83333,10.5,9.33333,10],"texture":"#3"}}},{"from":[6.25,11.75,4],"to":[9.75,12.5,4.75],"rotation":{"angle":-45,"axis":"x","origin":[5.5,11.75,4]},"faces":{"north":{"uv":[9.33333,8.66667,10.5,8.91667],"texture":"#3"},"east":{"uv":[12.66667,14,12.91667,14.25],"texture":"#3"},"south":{"uv":[9.33333,9.33333,10.5,9.58333],"texture":"#3"},"west":{"uv":[13.33333,14,13.58333,14.25],"texture":"#3"},"up":{"uv":[10.83333,6.58333,9.66667,6.33333],"texture":"#3"},"down":{"uv":[10.83333,7,9.66667,7.25],"texture":"#3"}}},{"from":[6.5,11.75,3.92678],"to":[7,12.75,4.92678],"rotation":{"angle":-45,"axis":"x","origin":[6.5,11.75,4.17678]},"faces":{"north":{"uv":[0.66667,14.33333,0.83333,14.66667],"texture":"#3"},"east":{"uv":[13,6.33333,13.33333,6.66667],"texture":"#3"},"south":{"uv":[1.33333,14.33333,1.5,14.66667],"texture":"#3"},"west":{"uv":[8,13,8.33333,13.33333],"texture":"#3"},"up":{"uv":[3.16667,14.66667,3,14.33333],"texture":"#3"},"down":{"uv":[3.83333,14.33333,3.66667,14.66667],"texture":"#3"}}},{"from":[9.255,7.64645,3.75],"to":[9.275,11.89645,4.25],"rotation":{"angle":0,"axis":"y","origin":[9.275,8.89645,4.25]},"faces":{"east":{"uv":[10.5,2.33333,10.33333,3.75],"texture":"#3"},"west":{"uv":[3.5,10,3.33333,11.41667],"texture":"#3"}}},{"from":[9.15,9.83579,3.25],"to":[9.4,11.33579,3.75],"rotation":{"angle":45,"axis":"x","origin":[9.275,10.58579,4]},"faces":{"north":{"uv":[14.75,2,14.66667,2.5],"texture":"#3"},"east":{"uv":[4.5,14,4.33333,14.5],"texture":"#3"},"south":{"uv":[14.75,3,14.66667,3.5],"texture":"#3"},"west":{"uv":[2.5,14,2.33333,14.5],"texture":"#3"},"up":{"uv":[2,15.16667,2.08333,15],"texture":"#3"},"down":{"uv":[2.66667,15,2.75,15.16667],"texture":"#3"}}},{"from":[9.15,10.83579,3.75],"to":[9.4,11.33579,4.25],"rotation":{"angle":45,"axis":"x","origin":[9.275,10.58579,4]},"faces":{"east":{"uv":[14.83333,13,14.66667,13.16667],"texture":"#3"},"west":{"uv":[12.83333,14.66667,12.66667,14.83333],"texture":"#3"},"up":{"uv":[0,15.16667,0.08333,15],"texture":"#3"},"down":{"uv":[15,0,15.08333,0.16667],"texture":"#3"}}},{"from":[9.15,9.83579,4.25],"to":[9.4,11.33579,4.75],"rotation":{"angle":45,"axis":"x","origin":[9.275,10.58579,4]},"faces":{"north":{"uv":[14.75,4.66667,14.66667,5.16667],"texture":"#3"},"east":{"uv":[5.83333,14,5.66667,14.5],"texture":"#3"},"south":{"uv":[6.41667,14.66667,6.33333,15.16667],"texture":"#3"},"west":{"uv":[5.16667,14,5,14.5],"texture":"#3"},"up":{"uv":[3.33333,15.16667,3.41667,15],"texture":"#3"},"down":{"uv":[4,15,4.08333,15.16667],"texture":"#3"}}},{"from":[9.15,9.83579,3.75],"to":[9.4,10.33579,4.25],"rotation":{"angle":45,"axis":"x","origin":[9.275,10.58579,4]},"faces":{"east":{"uv":[14.83333,13.66667,14.66667,13.83333],"texture":"#3"},"west":{"uv":[13.5,14.66667,13.33333,14.83333],"texture":"#3"},"up":{"uv":[0.66667,15.16667,0.75,15],"texture":"#3"},"down":{"uv":[1.33333,15,1.41667,15.16667],"texture":"#3"}}},{"from":[9.025,8.14645,3.25],"to":[9.525,8.64645,4.5],"rotation":{"angle":-45,"axis":"x","origin":[9.525,8.14645,2.5]},"faces":{"north":{"uv":[14.16667,14.66667,14,14.83333],"texture":"#3"},"east":{"uv":[14.41667,10.33333,14,10.5],"texture":"#3"},"south":{"uv":[14.83333,14.33333,14.66667,14.5],"texture":"#3"},"west":{"uv":[10.08333,14,9.66667,14.16667],"texture":"#3"},"up":{"uv":[10.66667,14.41667,10.83333,14],"texture":"#3"},"down":{"uv":[11.33333,14,11.5,14.41667],"texture":"#3"}}},{"from":[9.025,7.39645,3.25],"to":[9.525,7.89645,4.5],"rotation":{"angle":-45,"axis":"x","origin":[9.525,7.39645,2.5]},"faces":{"north":{"uv":[14.16667,14.66667,14,14.83333],"texture":"#3"},"east":{"uv":[14.41667,10.33333,14,10.5],"texture":"#3"},"south":{"uv":[14.83333,14.33333,14.66667,14.5],"texture":"#3"},"west":{"uv":[10.08333,14,9.66667,14.16667],"texture":"#3"},"up":{"uv":[10.66667,14.41667,10.83333,14],"texture":"#3"},"down":{"uv":[11.33333,14,11.5,14.41667],"texture":"#3"}}},{"from":[9.025,6.64645,3.25],"to":[9.525,7.14645,4.5],"rotation":{"angle":-45,"axis":"x","origin":[9.525,6.64645,2.5]},"faces":{"north":{"uv":[14.16667,14.66667,14,14.83333],"texture":"#3"},"east":{"uv":[14.41667,10.33333,14,10.5],"texture":"#3"},"south":{"uv":[14.83333,14.33333,14.66667,14.5],"texture":"#3"},"west":{"uv":[10.08333,14,9.66667,14.16667],"texture":"#3"},"up":{"uv":[10.66667,14.41667,10.83333,14],"texture":"#3"},"down":{"uv":[11.33333,14,11.5,14.41667],"texture":"#3"}}},{"from":[9.025,6.64645,3.5],"to":[9.525,7.14645,4.75],"rotation":{"angle":45,"axis":"x","origin":[9.525,6.64645,5.5]},"faces":{"north":{"uv":[14.66667,14.33333,14.83333,14.5],"texture":"#3"},"east":{"uv":[14,10.33333,14.41667,10.5],"texture":"#3"},"south":{"uv":[14,14.66667,14.16667,14.83333],"texture":"#3"},"west":{"uv":[9.66667,14,10.08333,14.16667],"texture":"#3"},"up":{"uv":[10.66667,14,10.83333,14.41667],"texture":"#3"},"down":{"uv":[11.33333,14.41667,11.5,14],"texture":"#3"}}},{"from":[9.025,7.39645,3.5],"to":[9.525,7.89645,4.75],"rotation":{"angle":45,"axis":"x","origin":[9.525,7.39645,5.5]},"faces":{"north":{"uv":[14.66667,14.33333,14.83333,14.5],"texture":"#3"},"east":{"uv":[14,10.33333,14.41667,10.5],"texture":"#3"},"south":{"uv":[14,14.66667,14.16667,14.83333],"texture":"#3"},"west":{"uv":[9.66667,14,10.08333,14.16667],"texture":"#3"},"up":{"uv":[10.66667,14,10.83333,14.41667],"texture":"#3"},"down":{"uv":[11.33333,14.41667,11.5,14],"texture":"#3"}}},{"from":[9.025,8.14645,3.5],"to":[9.525,8.64645,4.75],"rotation":{"angle":45,"axis":"x","origin":[9.525,8.14645,5.5]},"faces":{"north":{"uv":[14.66667,14.33333,14.83333,14.5],"texture":"#3"},"east":{"uv":[14,10.33333,14.41667,10.5],"texture":"#3"},"south":{"uv":[14,14.66667,14.16667,14.83333],"texture":"#3"},"west":{"uv":[9.66667,14,10.08333,14.16667],"texture":"#3"},"up":{"uv":[10.66667,14,10.83333,14.41667],"texture":"#3"},"down":{"uv":[11.33333,14.41667,11.5,14],"texture":"#3"}}},{"from":[8.9,6.39645,3.625],"to":[9.65,7.64645,4.375],"rotation":{"angle":0,"axis":"y","origin":[9.15,7.02145,3.875]},"faces":{"north":{"uv":[10.25,13,10,13.41667],"texture":"#3"},"east":{"uv":[0.91667,13.33333,0.66667,13.75],"texture":"#3"},"south":{"uv":[0.25,13.33333,0,13.75],"texture":"#3"},"west":{"uv":[13.25,12.33333,13,12.75],"texture":"#3"},"up":{"uv":[14,11.25,14.25,11],"texture":"#3"},"down":{"uv":[12,14,12.25,14.25],"texture":"#3"}}},{"from":[9,11.75,3.92678],"to":[9.5,12.75,4.92678],"rotation":{"angle":-45,"axis":"x","origin":[9.5,11.75,4.17678]},"faces":{"north":{"uv":[0.83333,14.33333,0.66667,14.66667],"texture":"#3"},"east":{"uv":[8.33333,13,8,13.33333],"texture":"#3"},"south":{"uv":[1.5,14.33333,1.33333,14.66667],"texture":"#3"},"west":{"uv":[13.33333,6.33333,13,6.66667],"texture":"#3"},"up":{"uv":[3,14.66667,3.16667,14.33333],"texture":"#3"},"down":{"uv":[3.66667,14.33333,3.83333,14.66667],"texture":"#3"}}},{"from":[9.255,7.64645,11.75],"to":[9.275,11.89645,12.25],"rotation":{"angle":0,"axis":"y","origin":[9.275,8.89645,11.75]},"faces":{"east":{"uv":[10.33333,2.33333,10.5,3.75],"texture":"#3"},"west":{"uv":[3.33333,10,3.5,11.41667],"texture":"#3"}}},{"from":[9.15,9.83579,12.25],"to":[9.4,11.33579,12.75],"rotation":{"angle":-45,"axis":"x","origin":[9.275,10.58579,12]},"faces":{"north":{"uv":[14.66667,3,14.75,3.5],"texture":"#3"},"east":{"uv":[4.33333,14,4.5,14.5],"texture":"#3"},"south":{"uv":[14.66667,2,14.75,2.5],"texture":"#3"},"west":{"uv":[2.33333,14,2.5,14.5],"texture":"#3"},"up":{"uv":[2,15,2.08333,15.16667],"texture":"#3"},"down":{"uv":[2.66667,15.16667,2.75,15],"texture":"#3"}}},{"from":[9.15,10.83579,11.75],"to":[9.4,11.33579,12.25],"rotation":{"angle":-45,"axis":"x","origin":[9.275,10.58579,12]},"faces":{"east":{"uv":[14.66667,13,14.83333,13.16667],"texture":"#3"},"west":{"uv":[12.66667,14.66667,12.83333,14.83333],"texture":"#3"},"up":{"uv":[0,15,0.08333,15.16667],"texture":"#3"},"down":{"uv":[15,0.16667,15.08333,0],"texture":"#3"}}},{"from":[9.15,9.83579,11.25],"to":[9.4,11.33579,11.75],"rotation":{"angle":-45,"axis":"x","origin":[9.275,10.58579,12]},"faces":{"north":{"uv":[6.33333,14.66667,6.41667,15.16667],"texture":"#3"},"east":{"uv":[5.66667,14,5.83333,14.5],"texture":"#3"},"south":{"uv":[14.66667,4.66667,14.75,5.16667],"texture":"#3"},"west":{"uv":[5,14,5.16667,14.5],"texture":"#3"},"up":{"uv":[3.33333,15,3.41667,15.16667],"texture":"#3"},"down":{"uv":[4,15.16667,4.08333,15],"texture":"#3"}}},{"from":[9.15,9.83579,11.75],"to":[9.4,10.33579,12.25],"rotation":{"angle":-45,"axis":"x","origin":[9.275,10.58579,12]},"faces":{"east":{"uv":[14.66667,13.66667,14.83333,13.83333],"texture":"#3"},"west":{"uv":[13.33333,14.66667,13.5,14.83333],"texture":"#3"},"up":{"uv":[0.66667,15,0.75,15.16667],"texture":"#3"},"down":{"uv":[1.33333,15.16667,1.41667,15],"texture":"#3"}}},{"from":[9.025,8.14645,11.5],"to":[9.525,8.64645,12.75],"rotation":{"angle":45,"axis":"x","origin":[9.525,8.14645,13.5]},"faces":{"north":{"uv":[14.66667,14.33333,14.83333,14.5],"texture":"#3"},"east":{"uv":[14,10.33333,14.41667,10.5],"texture":"#3"},"south":{"uv":[14,14.66667,14.16667,14.83333],"texture":"#3"},"west":{"uv":[9.66667,14,10.08333,14.16667],"texture":"#3"},"up":{"uv":[10.66667,14,10.83333,14.41667],"texture":"#3"},"down":{"uv":[11.33333,14.41667,11.5,14],"texture":"#3"}}},{"from":[9.025,7.39645,11.5],"to":[9.525,7.89645,12.75],"rotation":{"angle":45,"axis":"x","origin":[9.525,7.39645,13.5]},"faces":{"north":{"uv":[14.66667,14.33333,14.83333,14.5],"texture":"#3"},"east":{"uv":[14,10.33333,14.41667,10.5],"texture":"#3"},"south":{"uv":[14,14.66667,14.16667,14.83333],"texture":"#3"},"west":{"uv":[9.66667,14,10.08333,14.16667],"texture":"#3"},"up":{"uv":[10.66667,14,10.83333,14.41667],"texture":"#3"},"down":{"uv":[11.33333,14.41667,11.5,14],"texture":"#3"}}},{"from":[9.025,6.64645,11.5],"to":[9.525,7.14645,12.75],"rotation":{"angle":45,"axis":"x","origin":[9.525,6.64645,13.5]},"faces":{"north":{"uv":[14.66667,14.33333,14.83333,14.5],"texture":"#3"},"east":{"uv":[14,10.33333,14.41667,10.5],"texture":"#3"},"south":{"uv":[14,14.66667,14.16667,14.83333],"texture":"#3"},"west":{"uv":[9.66667,14,10.08333,14.16667],"texture":"#3"},"up":{"uv":[10.66667,14,10.83333,14.41667],"texture":"#3"},"down":{"uv":[11.33333,14.41667,11.5,14],"texture":"#3"}}},{"from":[9.025,6.64645,11.25],"to":[9.525,7.14645,12.5],"rotation":{"angle":-45,"axis":"x","origin":[9.525,6.64645,10.5]},"faces":{"north":{"uv":[14.16667,14.66667,14,14.83333],"texture":"#3"},"east":{"uv":[14.41667,10.33333,14,10.5],"texture":"#3"},"south":{"uv":[14.83333,14.33333,14.66667,14.5],"texture":"#3"},"west":{"uv":[10.08333,14,9.66667,14.16667],"texture":"#3"},"up":{"uv":[10.66667,14.41667,10.83333,14],"texture":"#3"},"down":{"uv":[11.33333,14,11.5,14.41667],"texture":"#3"}}},{"from":[9.025,7.39645,11.25],"to":[9.525,7.89645,12.5],"rotation":{"angle":-45,"axis":"x","origin":[9.525,7.39645,10.5]},"faces":{"north":{"uv":[14.16667,14.66667,14,14.83333],"texture":"#3"},"east":{"uv":[14.41667,10.33333,14,10.5],"texture":"#3"},"south":{"uv":[14.83333,14.33333,14.66667,14.5],"texture":"#3"},"west":{"uv":[10.08333,14,9.66667,14.16667],"texture":"#3"},"up":{"uv":[10.66667,14.41667,10.83333,14],"texture":"#3"},"down":{"uv":[11.33333,14,11.5,14.41667],"texture":"#3"}}},{"from":[9.025,8.14645,11.25],"to":[9.525,8.64645,12.5],"rotation":{"angle":-45,"axis":"x","origin":[9.525,8.14645,10.5]},"faces":{"north":{"uv":[14.16667,14.66667,14,14.83333],"texture":"#3"},"east":{"uv":[14.41667,10.33333,14,10.5],"texture":"#3"},"south":{"uv":[14.83333,14.33333,14.66667,14.5],"texture":"#3"},"west":{"uv":[10.08333,14,9.66667,14.16667],"texture":"#3"},"up":{"uv":[10.66667,14.41667,10.83333,14],"texture":"#3"},"down":{"uv":[11.33333,14,11.5,14.41667],"texture":"#3"}}},{"from":[8.9,6.39645,11.625],"to":[9.65,7.64645,12.375],"rotation":{"angle":0,"axis":"y","origin":[9.15,7.02145,12.125]},"faces":{"north":{"uv":[0,13.33333,0.25,13.75],"texture":"#3"},"east":{"uv":[0.66667,13.33333,0.91667,13.75],"texture":"#3"},"south":{"uv":[10,13,10.25,13.41667],"texture":"#3"},"west":{"uv":[13,12.33333,13.25,12.75],"texture":"#3"},"up":{"uv":[14,11,14.25,11.25],"texture":"#3"},"down":{"uv":[12,14.25,12.25,14],"texture":"#3"}}},{"from":[9,11.75,11.07322],"to":[9.5,12.75,12.07322],"rotation":{"angle":45,"axis":"x","origin":[9.5,11.75,11.82322]},"faces":{"north":{"uv":[1.33333,14.33333,1.5,14.66667],"texture":"#3"},"east":{"uv":[8,13,8.33333,13.33333],"texture":"#3"},"south":{"uv":[0.66667,14.33333,0.83333,14.66667],"texture":"#3"},"west":{"uv":[13,6.33333,13.33333,6.66667],"texture":"#3"},"up":{"uv":[3,14.33333,3.16667,14.66667],"texture":"#3"},"down":{"uv":[3.66667,14.66667,3.83333,14.33333],"texture":"#3"}}},{"from":[6.725,7.64645,11.75],"to":[6.745,11.89645,12.25],"rotation":{"angle":0,"axis":"y","origin":[6.725,8.89645,11.75]},"faces":{"east":{"uv":[3.5,10,3.33333,11.41667],"texture":"#3"},"west":{"uv":[10.5,2.33333,10.33333,3.75],"texture":"#3"}}},{"from":[6.6,9.83579,12.25],"to":[6.85,11.33579,12.75],"rotation":{"angle":-45,"axis":"x","origin":[6.725,10.58579,12]},"faces":{"north":{"uv":[14.75,3,14.66667,3.5],"texture":"#3"},"east":{"uv":[2.5,14,2.33333,14.5],"texture":"#3"},"south":{"uv":[14.75,2,14.66667,2.5],"texture":"#3"},"west":{"uv":[4.5,14,4.33333,14.5],"texture":"#3"},"up":{"uv":[2.08333,15,2,15.16667],"texture":"#3"},"down":{"uv":[2.75,15.16667,2.66667,15],"texture":"#3"}}},{"from":[6.6,10.83579,11.75],"to":[6.85,11.33579,12.25],"rotation":{"angle":-45,"axis":"x","origin":[6.725,10.58579,12]},"faces":{"east":{"uv":[12.83333,14.66667,12.66667,14.83333],"texture":"#3"},"west":{"uv":[14.83333,13,14.66667,13.16667],"texture":"#3"},"up":{"uv":[0.08333,15,0,15.16667],"texture":"#3"},"down":{"uv":[15.08333,0.16667,15,0],"texture":"#3"}}},{"from":[6.6,9.83579,11.25],"to":[6.85,11.33579,11.75],"rotation":{"angle":-45,"axis":"x","origin":[6.725,10.58579,12]},"faces":{"north":{"uv":[6.41667,14.66667,6.33333,15.16667],"texture":"#3"},"east":{"uv":[5.16667,14,5,14.5],"texture":"#3"},"south":{"uv":[14.75,4.66667,14.66667,5.16667],"texture":"#3"},"west":{"uv":[5.83333,14,5.66667,14.5],"texture":"#3"},"up":{"uv":[3.41667,15,3.33333,15.16667],"texture":"#3"},"down":{"uv":[4.08333,15.16667,4,15],"texture":"#3"}}},{"from":[6.6,9.83579,11.75],"to":[6.85,10.33579,12.25],"rotation":{"angle":-45,"axis":"x","origin":[6.725,10.58579,12]},"faces":{"east":{"uv":[13.5,14.66667,13.33333,14.83333],"texture":"#3"},"west":{"uv":[14.83333,13.66667,14.66667,13.83333],"texture":"#3"},"up":{"uv":[0.75,15,0.66667,15.16667],"texture":"#3"},"down":{"uv":[1.41667,15.16667,1.33333,15],"texture":"#3"}}},{"from":[6.475,8.14645,11.5],"to":[6.975,8.64645,12.75],"rotation":{"angle":45,"axis":"x","origin":[6.475,8.14645,13.5]},"faces":{"north":{"uv":[14.83333,14.33333,14.66667,14.5],"texture":"#3"},"east":{"uv":[10.08333,14,9.66667,14.16667],"texture":"#3"},"south":{"uv":[14.16667,14.66667,14,14.83333],"texture":"#3"},"west":{"uv":[14.41667,10.33333,14,10.5],"texture":"#3"},"up":{"uv":[10.83333,14,10.66667,14.41667],"texture":"#3"},"down":{"uv":[11.5,14.41667,11.33333,14],"texture":"#3"}}},{"from":[6.475,7.39645,11.5],"to":[6.975,7.89645,12.75],"rotation":{"angle":45,"axis":"x","origin":[6.475,7.39645,13.5]},"faces":{"north":{"uv":[14.83333,14.33333,14.66667,14.5],"texture":"#3"},"east":{"uv":[10.08333,14,9.66667,14.16667],"texture":"#3"},"south":{"uv":[14.16667,14.66667,14,14.83333],"texture":"#3"},"west":{"uv":[14.41667,10.33333,14,10.5],"texture":"#3"},"up":{"uv":[10.83333,14,10.66667,14.41667],"texture":"#3"},"down":{"uv":[11.5,14.41667,11.33333,14],"texture":"#3"}}},{"from":[6.475,6.64645,11.5],"to":[6.975,7.14645,12.75],"rotation":{"angle":45,"axis":"x","origin":[6.475,6.64645,13.5]},"faces":{"north":{"uv":[14.83333,14.33333,14.66667,14.5],"texture":"#3"},"east":{"uv":[10.08333,14,9.66667,14.16667],"texture":"#3"},"south":{"uv":[14.16667,14.66667,14,14.83333],"texture":"#3"},"west":{"uv":[14.41667,10.33333,14,10.5],"texture":"#3"},"up":{"uv":[10.83333,14,10.66667,14.41667],"texture":"#3"},"down":{"uv":[11.5,14.41667,11.33333,14],"texture":"#3"}}},{"from":[6.475,6.64645,11.25],"to":[6.975,7.14645,12.5],"rotation":{"angle":-45,"axis":"x","origin":[6.475,6.64645,10.5]},"faces":{"north":{"uv":[14,14.66667,14.16667,14.83333],"texture":"#3"},"east":{"uv":[9.66667,14,10.08333,14.16667],"texture":"#3"},"south":{"uv":[14.66667,14.33333,14.83333,14.5],"texture":"#3"},"west":{"uv":[14,10.33333,14.41667,10.5],"texture":"#3"},"up":{"uv":[10.83333,14.41667,10.66667,14],"texture":"#3"},"down":{"uv":[11.5,14,11.33333,14.41667],"texture":"#3"}}},{"from":[6.475,7.39645,11.25],"to":[6.975,7.89645,12.5],"rotation":{"angle":-45,"axis":"x","origin":[6.475,7.39645,10.5]},"faces":{"north":{"uv":[14,14.66667,14.16667,14.83333],"texture":"#3"},"east":{"uv":[9.66667,14,10.08333,14.16667],"texture":"#3"},"south":{"uv":[14.66667,14.33333,14.83333,14.5],"texture":"#3"},"west":{"uv":[14,10.33333,14.41667,10.5],"texture":"#3"},"up":{"uv":[10.83333,14.41667,10.66667,14],"texture":"#3"},"down":{"uv":[11.5,14,11.33333,14.41667],"texture":"#3"}}},{"from":[6.475,8.14645,11.25],"to":[6.975,8.64645,12.5],"rotation":{"angle":-45,"axis":"x","origin":[6.475,8.14645,10.5]},"faces":{"north":{"uv":[14,14.66667,14.16667,14.83333],"texture":"#3"},"east":{"uv":[9.66667,14,10.08333,14.16667],"texture":"#3"},"south":{"uv":[14.66667,14.33333,14.83333,14.5],"texture":"#3"},"west":{"uv":[14,10.33333,14.41667,10.5],"texture":"#3"},"up":{"uv":[10.83333,14.41667,10.66667,14],"texture":"#3"},"down":{"uv":[11.5,14,11.33333,14.41667],"texture":"#3"}}},{"from":[6.35,6.39645,11.625],"to":[7.1,7.64645,12.375],"rotation":{"angle":0,"axis":"y","origin":[6.85,7.02145,12.125]},"faces":{"north":{"uv":[0.25,13.33333,0,13.75],"texture":"#3"},"east":{"uv":[13.25,12.33333,13,12.75],"texture":"#3"},"south":{"uv":[10.25,13,10,13.41667],"texture":"#3"},"west":{"uv":[0.91667,13.33333,0.66667,13.75],"texture":"#3"},"up":{"uv":[14.25,11,14,11.25],"texture":"#3"},"down":{"uv":[12.25,14.25,12,14],"texture":"#3"}}},{"from":[6.5,11.75,11.07322],"to":[7,12.75,12.07322],"rotation":{"angle":45,"axis":"x","origin":[6.5,11.75,11.82322]},"faces":{"north":{"uv":[1.5,14.33333,1.33333,14.66667],"texture":"#3"},"east":{"uv":[13.33333,6.33333,13,6.66667],"texture":"#3"},"south":{"uv":[0.83333,14.33333,0.66667,14.66667],"texture":"#3"},"west":{"uv":[8.33333,13,8,13.33333],"texture":"#3"},"up":{"uv":[3.16667,14.33333,3,14.66667],"texture":"#3"},"down":{"uv":[3.83333,14.66667,3.66667,14.33333],"texture":"#3"}}},{"from":[6.25,11.75,11.25],"to":[9.75,12.5,12],"rotation":{"angle":45,"axis":"x","origin":[5.5,11.75,12]},"faces":{"north":{"uv":[10.5,9.33333,9.33333,9.58333],"texture":"#3"},"east":{"uv":[12.91667,14,12.66667,14.25],"texture":"#3"},"south":{"uv":[10.5,8.66667,9.33333,8.91667],"texture":"#3"},"west":{"uv":[13.58333,14,13.33333,14.25],"texture":"#3"},"up":{"uv":[10.83333,6.33333,9.66667,6.58333],"texture":"#3"},"down":{"uv":[10.83333,7.25,9.66667,7],"texture":"#3"}}},{"from":[7.5,7.5,6.79289],"to":[9.5,10.5,8.79289],"rotation":{"angle":-45,"axis":"y","origin":[8,7.75,7.29289]},"faces":{"north":{"uv":[2.66667,5.33333,3.33333,6.33333],"texture":"#3"},"east":{"uv":[3.66667,6.33333,4.33333,7.33333],"texture":"#3"},"south":{"uv":[6.33333,3.66667,7,4.66667],"texture":"#3"},"west":{"uv":[4.66667,6.33333,5.33333,7.33333],"texture":"#3"},"up":{"uv":[8,4,7.33333,3.33333],"texture":"#3"},"down":{"uv":[8,7,7.33333,7.66667],"texture":"#3"}}},{"from":[7.75,10.75,1],"to":[8.25,12.75,5],"rotation":{"angle":0,"axis":"y","origin":[8,11.63128,1.91161]},"faces":{"east":{"uv":[4.66667,0,6,0.66667],"texture":"#3"},"west":{"uv":[4.66667,1,6,1.66667],"texture":"#3"},"up":{"uv":[11.16667,3.33333,11,2],"texture":"#3"},"down":{"uv":[5.5,11,5.33333,12.33333],"texture":"#3"}}},{"from":[7.7475,9.77773,0.47595],"to":[8.2525,11.77773,1.97595],"rotation":{"angle":45,"axis":"x","origin":[8,11.63128,1.91161]},"faces":{"north":{"uv":[8.66667,13,8.83333,13.66667],"texture":"#3"},"east":{"uv":[9.33333,2.33333,9.83333,3],"texture":"#3"},"south":{"uv":[9.33333,13,9.5,13.66667],"texture":"#3"},"west":{"uv":[9.33333,3.33333,9.83333,4],"texture":"#3"},"up":{"uv":[9.16667,14.5,9,14],"texture":"#3"},"down":{"uv":[14.16667,9.33333,14,9.83333],"texture":"#3"}}},{"from":[7.75,10.75,11],"to":[8.25,12.75,15],"rotation":{"angle":0,"axis":"y","origin":[8,11.63128,14.08839]},"faces":{"east":{"uv":[6,0,4.66667,0.66667],"texture":"#3"},"west":{"uv":[6,1,4.66667,1.66667],"texture":"#3"},"up":{"uv":[11.16667,2,11,3.33333],"texture":"#3"},"down":{"uv":[5.5,12.33333,5.33333,11],"texture":"#3"}}},{"from":[7.7475,9.77773,14.02405],"to":[8.2525,11.77773,15.52405],"rotation":{"angle":-45,"axis":"x","origin":[8,11.63128,14.08839]},"faces":{"north":{"uv":[9.5,13,9.33333,13.66667],"texture":"#3"},"east":{"uv":[9.83333,2.33333,9.33333,3],"texture":"#3"},"south":{"uv":[8.83333,13,8.66667,13.66667],"texture":"#3"},"west":{"uv":[9.83333,3.33333,9.33333,4],"texture":"#3"},"up":{"uv":[9.16667,14,9,14.5],"texture":"#3"},"down":{"uv":[14.16667,9.83333,14,9.33333],"texture":"#3"}}},{"from":[9.49307,8.38068,10.47874],"to":[9.52307,11.38068,19.47874],"rotation":{"angle":-22.5,"axis":"z","origin":[8.00047,10.75,14.97874]},"faces":{"east":{"uv":[0.8,0,3.2,7.2],"rotation":270,"texture":"#2"},"west":{"uv":[3.2,0,0.8,7.2],"rotation":90,"texture":"#2"}}},{"from":[9.49307,10.11932,10.47874],"to":[9.52307,13.11932,19.47874],"rotation":{"angle":22.5,"axis":"z","origin":[8.00047,10.75,14.97874]},"faces":{"east":{"uv":[3.2,0,5.6,7.2],"rotation":270,"texture":"#2"},"west":{"uv":[5.6,0,3.2,7.2],"rotation":90,"texture":"#2"}}},{"from":[7.50047,7.97836,10.47874],"to":[8.50047,8.00836,19.47874],"rotation":{"angle":0,"axis":"y","origin":[8.00047,10.75,14.97874]},"faces":{"up":{"uv":[0,7.2,0.8,0],"texture":"#2"},"down":{"uv":[0.8,7.2,0,0],"rotation":180,"texture":"#2"}}},{"from":[7.50047,13.49164,10.47874],"to":[8.50047,13.52164,19.47874],"rotation":{"angle":0,"axis":"y","origin":[8.00047,10.75,14.97874]},"faces":{"up":{"uv":[6.4,7.2,5.6,0],"texture":"#2"},"down":{"uv":[5.6,7.2,6.4,0],"rotation":180,"texture":"#2"}}},{"from":[6.47787,8.38069,10.47874],"to":[6.50787,11.38069,19.47874],"rotation":{"angle":22.5,"axis":"z","origin":[8.00047,10.75,14.97874]},"faces":{"west":{"uv":[8.8,0,11.2,7.2],"rotation":90,"texture":"#2"}}},{"from":[6.47787,10.11932,10.47874],"to":[6.50787,13.11932,19.47874],"rotation":{"angle":-22.5,"axis":"z","origin":[8.00047,10.75,14.97874]},"faces":{"east":{"uv":[8.8,0,6.4,7.2],"rotation":270,"texture":"#2"},"west":{"uv":[6.4,0,8.8,7.2],"rotation":90,"texture":"#2"}}},{"from":[7.985,9.25636,-1.75931],"to":[8.015,12.25636,5.49069],"rotation":{"angle":0,"axis":"y","origin":[8,10.10096,0.19419]},"faces":{"east":{"uv":[2.41667,0,0,1],"texture":"#3"},"west":{"uv":[0,0,2.41667,1],"texture":"#3"}}},{"from":[7.995,9.61922,-3.58207],"to":[8.005,12.84422,-0.58207],"rotation":{"angle":-22.5,"axis":"x","origin":[8,10.21952,0.18201]},"faces":{"east":{"uv":[3.66667,4.66667,4.66667,3.66667],"rotation":90,"texture":"#3"},"west":{"uv":[3.66667,3.66667,4.66667,4.66667],"rotation":90,"texture":"#3"}}},{"from":[7.985,9.25636,10.50931],"to":[8.015,12.25636,17.75931],"rotation":{"angle":0,"axis":"y","origin":[8,10.10096,15.80581]},"faces":{"east":{"uv":[0,0,2.41667,1],"texture":"#3"},"west":{"uv":[2.41667,0,0,1],"texture":"#3"}}},{"from":[7.995,9.64422,16.58207],"to":[8.005,12.84422,19.58207],"rotation":{"angle":22.5,"axis":"x","origin":[8,10.21952,15.81799]},"faces":{"east":{"uv":[3.66667,3.66667,4.66667,4.66667],"rotation":90,"texture":"#3"},"west":{"uv":[3.66667,4.66667,4.66667,3.66667],"rotation":90,"texture":"#3"}}},{"from":[6.25,9.25,4],"to":[6.25,17.25,12],"rotation":{"angle":0,"axis":"y","origin":[6.25,9.25,4]},"faces":{"west":{"uv":[0,0,16,16],"texture":"#4"}}},{"from":[9.75,9.25,4],"to":[9.75,17.25,12],"rotation":{"angle":0,"axis":"y","origin":[9.75,9.25,12]},"faces":{"east":{"uv":[0,0,16,16],"texture":"#4"}}},{"from":[9.49213,10.11932,-3.47874],"to":[9.52213,13.11932,5.52126],"rotation":{"angle":22.5,"axis":"z","origin":[7.99953,10.75,1.02126]},"faces":{"east":{"uv":[6.4,0,8.8,7.2],"rotation":90,"texture":"#2"},"west":{"uv":[8.8,0,6.4,7.2],"rotation":270,"texture":"#2"}}},{"from":[9.49213,8.38069,-3.47874],"to":[9.52213,11.38069,5.52126],"rotation":{"angle":-22.5,"axis":"z","origin":[7.99953,10.75,1.02126]},"faces":{"east":{"uv":[8.8,0,11.2,7.2],"rotation":90,"texture":"#2"}}},{"from":[7.49953,13.49164,-3.47874],"to":[8.49953,13.52164,5.52126],"rotation":{"angle":0,"axis":"y","origin":[7.99953,10.75,1.02126]},"faces":{"up":{"uv":[5.6,0,6.4,7.2],"texture":"#2"},"down":{"uv":[6.4,0,5.6,7.2],"rotation":180,"texture":"#2"}}},{"from":[7.49953,7.97836,-3.47874],"to":[8.49953,8.00836,5.52126],"rotation":{"angle":0,"axis":"y","origin":[7.99953,10.75,1.02126]},"faces":{"up":{"uv":[0.8,0,0,7.2],"texture":"#2"},"down":{"uv":[0,0,0.8,7.2],"rotation":180,"texture":"#2"}}},{"from":[6.47693,10.11932,-3.47874],"to":[6.50693,13.11932,5.52126],"rotation":{"angle":-22.5,"axis":"z","origin":[7.99953,10.75,1.02126]},"faces":{"east":{"uv":[5.6,0,3.2,7.2],"rotation":90,"texture":"#2"},"west":{"uv":[3.2,0,5.6,7.2],"rotation":270,"texture":"#2"}}},{"from":[6.47693,8.38068,-3.47874],"to":[6.50693,11.38068,5.52126],"rotation":{"angle":22.5,"axis":"z","origin":[7.99953,10.75,1.02126]},"faces":{"east":{"uv":[3.2,0,0.8,7.2],"rotation":90,"texture":"#2"},"west":{"uv":[0.8,0,3.2,7.2],"rotation":270,"texture":"#2"}}}],"gui_light":"front","display":{"thirdperson_righthand":{"translation":[0,3,0.75]},"thirdperson_lefthand":{"translation":[0,3,0.75]},"firstperson_righthand":{"rotation":[8,0,0],"translation":[2.5,3.5,0.25],"scale":[0.7,0.7,0.7]},"firstperson_lefthand":{"rotation":[8,0,0],"translation":[2.5,3.5,0.25],"scale":[0.7,0.7,0.7]},"ground":{"rotation":[-45,0,0],"translation":[0,5,0],"scale":[0.7,0.7,0.7]},"gui":{"rotation":[-90,45,90],"translation":[0.75,-0.75,0],"scale":[0.75,0.75,0.75]},"head":{"rotation":[0,-90,0]},"fixed":{"rotation":[0,-90,0],"translation":[0,4,-2.5],"scale":[2,2,2]}},"groups":[{"name":"pickaxe","origin":[8.625,10.25,4.5],"color":0,"children":[0,1,2,3,4,5,6,7,8,9,10,11,12,13,14,15,16,17,18,19,20,21,22,23,24,25,26,27,28,29,30,31,32,33,34,35,36,37,38,39,40,41,42,43,44,45,46,47,48,49,50,51,52,53,54,55,56,57,58,59,60,61,62,63,64,65,66,67,68,69,70,71,72,73,74,75,76,77,78,79,80,81,82,83,84,85,86,87,88,89,90,91,92,93,94,95,96,97,98,99,100,101,102,103,104,105,106,107,108,109,110,111,112,113,114,115,116,117,118,119,120,121,122,123,124,125,126,127]}],"mcmodels":"2238fb43fad87426eb3c95ab6631a4ea"}