{"credit":"Pologony Creation Co.,Ltd.","texture_size":[8,8],"textures":{"4":"plny_lunar_new_year_2025:animated/animated_2","5":"plny_lunar_new_year_2025:animated/animated_1","6":"plny_lunar_new_year_2025:scythe"},"elements":[{"from":[7,-14.5,7],"to":[9,-14,9],"rotation":{"angle":0,"axis":"y","origin":[7,-14.5,7]},"faces":{"north":{"uv":[13.23077,0,13.84615,0.15385],"texture":"#6"},"east":{"uv":[4,13.23077,4.61538,13.38462],"texture":"#6"},"south":{"uv":[13.23077,4,13.84615,4.15385],"texture":"#6"},"west":{"uv":[13.23077,4.61538,13.84615,4.76923],"texture":"#6"},"up":{"uv":[8.92308,0.61538,8.30769,0],"texture":"#6"},"down":{"uv":[3.38462,8.61538,2.76923,9.23077],"texture":"#6"}}},{"from":[7.125,-14,7.125],"to":[8.875,-12,8.875],"rotation":{"angle":0,"axis":"y","origin":[7.125,-14,6.875]},"faces":{"north":{"uv":[8.61538,9.53846,9.15385,10.15385],"texture":"#6"},"east":{"uv":[9.53846,9.53846,10.07692,10.15385],"texture":"#6"},"south":{"uv":[0,9.84615,0.53846,10.46154],"texture":"#6"},"west":{"uv":[9.84615,0.92308,10.38462,1.53846],"texture":"#6"}}},{"from":[7.25,0.5,7.25],"to":[8.75,1.5,8.75],"rotation":{"angle":0,"axis":"y","origin":[7.25,0.5,6.75]},"faces":{"north":{"uv":[12,5.53846,12.46154,5.84615],"texture":"#6"},"east":{"uv":[6.15385,12,6.61538,12.30769],"texture":"#6"},"south":{"uv":[12,8,12.46154,8.30769],"texture":"#6"},"west":{"uv":[8.61538,12,9.07692,12.30769],"texture":"#6"},"up":{"uv":[8.15385,11.23077,7.69231,10.76923],"texture":"#6"}}},{"from":[7.375,1.5,7.375],"to":[8.625,4.5,8.625],"rotation":{"angle":0,"axis":"y","origin":[7.375,2.5,6.625]},"faces":{"north":{"uv":[9.23077,3.07692,9.61538,4],"texture":"#6"},"east":{"uv":[2.76923,9.53846,3.15385,10.46154],"texture":"#6"},"south":{"uv":[9.53846,4.30769,9.92308,5.23077],"texture":"#6"},"west":{"uv":[4.61538,9.53846,5,10.46154],"texture":"#6"}}},{"from":[7,-12,7],"to":[9,-11.5,9],"rotation":{"angle":0,"axis":"y","origin":[7,-12,7]},"faces":{"north":{"uv":[13.23077,5.84615,13.84615,6],"texture":"#6"},"east":{"uv":[13.23077,6.46154,13.84615,6.61538],"texture":"#6"},"south":{"uv":[9.23077,13.23077,9.84615,13.38462],"texture":"#6"},"west":{"uv":[13.23077,9.84615,13.84615,10],"texture":"#6"},"up":{"uv":[5.23077,9.23077,4.61538,8.61538],"texture":"#6"},"down":{"uv":[9.23077,4.92308,8.61538,5.53846],"texture":"#6"}}},{"from":[7,0,7],"to":[9,0.5,9],"rotation":{"angle":0,"axis":"y","origin":[7,0,7]},"faces":{"north":{"uv":[10.15385,13.23077,10.76923,13.38462],"texture":"#6"},"east":{"uv":[13.23077,11.38462,13.84615,11.53846],"texture":"#6"},"south":{"uv":[13.23077,12,13.84615,12.15385],"texture":"#6"},"west":{"uv":[2.15385,13.53846,2.76923,13.69231],"texture":"#6"},"up":{"uv":[6.15385,9.23077,5.53846,8.61538],"texture":"#6"},"down":{"uv":[9.23077,5.84615,8.61538,6.46154],"texture":"#6"}}},{"from":[7,16,7],"to":[9,16.5,9],"rotation":{"angle":0,"axis":"y","origin":[7,16.5,7]},"faces":{"north":{"uv":[4.92308,13.53846,5.53846,13.69231],"texture":"#6"},"east":{"uv":[5.84615,13.53846,6.46154,13.69231],"texture":"#6"},"south":{"uv":[6.76923,13.53846,7.38462,13.69231],"texture":"#6"},"west":{"uv":[11.07692,13.53846,11.69231,13.69231],"texture":"#6"},"down":{"uv":[7.07692,8.61538,6.46154,9.23077],"texture":"#6"}}},{"from":[7,14.5,7],"to":[9,15,9],"rotation":{"angle":0,"axis":"y","origin":[7,15,7]},"faces":{"north":{"uv":[12,13.53846,12.61538,13.69231],"texture":"#6"},"east":{"uv":[13.53846,12.61538,14.15385,12.76923],"texture":"#6"},"south":{"uv":[12.92308,13.53846,13.53846,13.69231],"texture":"#6"},"west":{"uv":[0,13.84615,0.61538,14],"texture":"#6"},"up":{"uv":[8,9.23077,7.38462,8.61538],"texture":"#6"},"down":{"uv":[0.61538,8.92308,0,9.53846],"texture":"#6"}}},{"from":[7.125,15,7.125],"to":[8.875,16,8.875],"rotation":{"angle":0,"axis":"y","origin":[7.125,17,6.875]},"faces":{"north":{"uv":[11.69231,7.38462,12.23077,7.69231],"texture":"#6"},"east":{"uv":[0.61538,12,1.15385,12.30769],"texture":"#6"},"south":{"uv":[12,0.92308,12.53846,1.23077],"texture":"#6"},"west":{"uv":[12,1.53846,12.53846,1.84615],"texture":"#6"}}},{"from":[7,7,7],"to":[9,7.5,9],"rotation":{"angle":0,"axis":"y","origin":[7,7.5,7]},"faces":{"north":{"uv":[13.84615,3.07692,14.46154,3.23077],"texture":"#6"},"east":{"uv":[4,13.84615,4.61538,14],"texture":"#6"},"south":{"uv":[13.84615,5.23077,14.46154,5.38462],"texture":"#6"},"west":{"uv":[13.84615,7.07692,14.46154,7.23077],"texture":"#6"},"up":{"uv":[9.53846,1.53846,8.92308,0.92308],"texture":"#6"},"down":{"uv":[9.53846,6.76923,8.92308,7.38462],"texture":"#6"}}},{"from":[7,5.5,7],"to":[9,6,9],"rotation":{"angle":0,"axis":"y","origin":[7,6,7]},"faces":{"north":{"uv":[7.69231,13.84615,8.30769,14],"texture":"#6"},"east":{"uv":[13.84615,7.69231,14.46154,7.84615],"texture":"#6"},"south":{"uv":[13.84615,8.30769,14.46154,8.46154],"texture":"#6"},"west":{"uv":[8.61538,13.84615,9.23077,14],"texture":"#6"},"up":{"uv":[9.53846,8.30769,8.92308,7.69231],"texture":"#6"},"down":{"uv":[9.53846,8.61538,8.92308,9.23077],"texture":"#6"}}},{"from":[7.125,6,7.125],"to":[8.875,7,8.875],"rotation":{"angle":0,"axis":"y","origin":[7.125,8,6.875]},"faces":{"north":{"uv":[12,2.15385,12.53846,2.46154],"texture":"#6"},"east":{"uv":[12,2.76923,12.53846,3.07692],"texture":"#6"},"south":{"uv":[3.69231,12,4.23077,12.30769],"texture":"#6"},"west":{"uv":[5.23077,12,5.76923,12.30769],"texture":"#6"}}},{"from":[7.25,4.5,7.25],"to":[8.75,5.5,8.75],"rotation":{"angle":0,"axis":"y","origin":[7.25,5.5,6.75]},"faces":{"north":{"uv":[12,8.61538,12.46154,8.92308],"texture":"#6"},"east":{"uv":[9.53846,12,10,12.30769],"texture":"#6"},"south":{"uv":[10.46154,12,10.92308,12.30769],"texture":"#6"},"west":{"uv":[12,11.07692,12.46154,11.38462],"texture":"#6"},"down":{"uv":[1.07692,11.07692,0.61538,11.53846],"texture":"#6"}}},{"from":[6.75,16.5,6.5],"to":[9.25,17.75,9.5],"rotation":{"angle":0,"axis":"y","origin":[7,16,6.5]},"faces":{"east":{"uv":[5.53846,9.53846,6.46154,9.92308],"texture":"#6"},"west":{"uv":[9.53846,5.53846,10.46154,5.92308],"texture":"#6"},"up":{"uv":[0.76923,7.38462,0,6.46154],"texture":"#6"},"down":{"uv":[7.23077,4.92308,6.46154,5.84615],"texture":"#6"}}},{"from":[6.7475,15.19382,6.43612],"to":[9.2525,16.54382,7.43612],"rotation":{"angle":-22.5,"axis":"x","origin":[6.9975,14.79382,3.93612]},"faces":{"north":{"uv":[9.84615,1.84615,10.61538,2.23077],"texture":"#6"},"east":{"uv":[0.92308,12.61538,1.23077,13],"texture":"#6"},"south":{"uv":[9.84615,8,10.61538,8.38462],"texture":"#6"},"west":{"uv":[5.53846,12.61538,5.84615,13],"texture":"#6"},"up":{"uv":[11.23077,7.69231,10.46154,7.38462],"texture":"#6"},"down":{"uv":[10.92308,10.46154,10.15385,10.76923],"texture":"#6"}}},{"from":[6.7475,15.19382,8.56388],"to":[9.2525,16.54382,9.56388],"rotation":{"angle":22.5,"axis":"x","origin":[6.9975,14.79382,12.06388]},"faces":{"north":{"uv":[10.15385,0,10.92308,0.38462],"texture":"#6"},"east":{"uv":[6.15385,12.61538,6.46154,13],"texture":"#6"},"south":{"uv":[0.92308,10.15385,1.69231,10.53846],"texture":"#6"},"west":{"uv":[6.76923,12.61538,7.07692,13],"texture":"#6"},"up":{"uv":[11.53846,1.23077,10.76923,0.92308],"texture":"#6"},"down":{"uv":[3.53846,10.76923,2.76923,11.07692],"texture":"#6"}}},{"from":[7,17.75,3.5],"to":[9,18.75,12.5],"rotation":{"angle":0,"axis":"y","origin":[7,17.75,4]},"faces":{"north":{"uv":[7.07692,1.23077,7.69231,1.53846],"texture":"#6"},"east":{"uv":[6.15385,3.69231,8.92308,4],"texture":"#6"},"south":{"uv":[8.92308,1.84615,9.53846,2.15385],"texture":"#6"},"west":{"uv":[6.15385,4.30769,8.92308,4.61538],"texture":"#6"},"up":{"uv":[0.61538,4.30769,0,1.53846],"texture":"#6"},"down":{"uv":[1.53846,1.53846,0.92308,4.30769],"texture":"#6"}}},{"from":[7,16.75,5.5],"to":[9,17.75,10.5],"rotation":{"angle":0,"axis":"y","origin":[7,16.75,4]},"faces":{"north":{"uv":[11.07692,8.92308,11.69231,9.23077],"texture":"#6"},"east":{"uv":[2.15385,8,3.69231,8.30769],"texture":"#6"},"south":{"uv":[3.69231,11.38462,4.30769,11.69231],"texture":"#6"},"west":{"uv":[8,2.46154,9.53846,2.76923],"texture":"#6"},"down":{"uv":[6.76923,0,6.15385,1.53846],"texture":"#6"}}},{"from":[7.0035,16.90328,5.2706],"to":[8.9965,17.90328,6.2706],"rotation":{"angle":-22.5,"axis":"x","origin":[8.0035,17.40328,5.7706]},"faces":{"north":{"uv":[11.38462,4.30769,12,4.61538],"texture":"#6"},"east":{"uv":[0.92308,13.53846,1.23077,13.84615],"texture":"#6"},"west":{"uv":[13.84615,8.92308,14.15385,9.23077],"texture":"#6"}}},{"from":[7.0085,17.59619,4.44239],"to":[8.9915,18.59619,5.94239],"rotation":{"angle":22.5,"axis":"x","origin":[8.0085,18.09619,4.94239]},"faces":{"east":{"uv":[11.38462,12,11.84615,12.30769],"texture":"#6"},"west":{"uv":[12.30769,0,12.76923,0.30769],"texture":"#6"},"down":{"uv":[10.76923,2.76923,10.15385,3.23077],"texture":"#6"}}},{"from":[7.0085,17.59619,10.05761],"to":[8.9915,18.59619,11.55761],"rotation":{"angle":-22.5,"axis":"x","origin":[8.0085,18.09619,11.05761]},"faces":{"east":{"uv":[2.76923,12.30769,3.23077,12.61538],"texture":"#6"},"west":{"uv":[12.30769,3.38462,12.76923,3.69231],"texture":"#6"},"down":{"uv":[11.07692,3.69231,10.46154,4.15385],"texture":"#6"}}},{"from":[7.0035,16.90328,9.7294],"to":[8.9965,17.90328,10.7294],"rotation":{"angle":22.5,"axis":"x","origin":[8.0035,17.40328,10.2294]},"faces":{"east":{"uv":[9.53846,13.84615,9.84615,14.15385],"texture":"#6"},"south":{"uv":[11.38462,4.92308,12,5.23077],"texture":"#6"},"west":{"uv":[10.15385,13.84615,10.46154,14.15385],"texture":"#6"}}},{"from":[7.5,18.75,6.25],"to":[8.5,23,9.75],"rotation":{"angle":0,"axis":"y","origin":[7.5,18.75,6]},"faces":{"north":{"uv":[8.30769,7.38462,8.61538,8.69231],"texture":"#6"},"east":{"uv":[0,4.61538,1.07692,5.92308],"texture":"#6"},"south":{"uv":[2.15385,8.61538,2.46154,9.92308],"texture":"#6"},"west":{"uv":[4.61538,0,5.69231,1.30769],"texture":"#6"},"up":{"uv":[10.15385,7.53846,9.84615,6.46154],"texture":"#6"}}},{"from":[7.625,18.34777,4.47783],"to":[8.375,21.09777,6.72783],"rotation":{"angle":-22.5,"axis":"x","origin":[8.125,20.09777,5.47783]},"faces":{"north":{"uv":[1.53846,11.07692,1.76923,11.92308],"texture":"#6"},"east":{"uv":[7.07692,7.38462,7.76923,8.23077],"texture":"#6"},"west":{"uv":[0,7.69231,0.69231,8.53846],"texture":"#6"},"up":{"uv":[2.38462,12.38462,2.15385,11.69231],"texture":"#6"},"down":{"uv":[8.23077,11.69231,8,12.38462],"texture":"#6"}}},{"from":[6.5035,18.5,7],"to":[7.9965,19.5,9],"rotation":{"angle":0,"axis":"y","origin":[6.5035,18.5,7]},"faces":{"east":{"uv":[5.23077,11.38462,5.84615,11.69231],"texture":"#6"},"west":{"uv":[6.15385,11.38462,6.76923,11.69231],"texture":"#6"},"up":{"uv":[10.92308,5.23077,10.46154,4.61538],"texture":"#6"},"down":{"uv":[6,10.46154,5.53846,11.07692],"texture":"#6"}}},{"from":[6.75,19.5,7.25],"to":[7.75,20,8.75],"rotation":{"angle":0,"axis":"y","origin":[6.5,19.5,7]},"faces":{"north":{"uv":[1.53846,15.07692,1.84615,15.23077],"texture":"#6"},"east":{"uv":[4.92308,14.15385,5.38462,14.30769],"texture":"#6"},"south":{"uv":[2.15385,15.07692,2.46154,15.23077],"texture":"#6"},"west":{"uv":[5.84615,14.15385,6.30769,14.30769],"texture":"#6"},"up":{"uv":[1.84615,12.76923,1.53846,12.30769],"texture":"#6"}}},{"from":[6.5,19.26537,6.40224],"to":[8,20.34037,7.15224],"rotation":{"angle":22.5,"axis":"x","origin":[6.5,19.26537,5.15224]},"faces":{"north":{"uv":[12.30769,4,12.76923,4.30769],"texture":"#6"},"east":{"uv":[14.15385,5.84615,14.38462,6.15385],"texture":"#6"},"south":{"uv":[12.30769,4.61538,12.76923,4.92308],"texture":"#6"},"west":{"uv":[14.15385,6.46154,14.38462,6.76923],"texture":"#6"},"up":{"uv":[13.38462,5.46154,12.92308,5.23077],"texture":"#6"},"down":{"uv":[13.38462,8,12.92308,8.23077],"texture":"#6"}}},{"from":[6.5,18.11732,9.07612],"to":[8,19.19232,9.82612],"rotation":{"angle":-22.5,"axis":"x","origin":[6.5,18.11732,8.07612]},"faces":{"north":{"uv":[12.30769,6.15385,12.76923,6.46154],"texture":"#6"},"east":{"uv":[6.76923,14.15385,7,14.46154],"texture":"#6"},"south":{"uv":[12.30769,6.76923,12.76923,7.07692],"texture":"#6"},"west":{"uv":[14.15385,9.53846,14.38462,9.84615],"texture":"#6"},"up":{"uv":[13.38462,8.84615,12.92308,8.61538],"texture":"#6"},"down":{"uv":[13.38462,9.23077,12.92308,9.46154],"texture":"#6"}}},{"from":[8.25,19.5,7.25],"to":[9.25,20,8.75],"rotation":{"angle":0,"axis":"y","origin":[9.5,19.5,7]},"faces":{"north":{"uv":[2.76923,15.07692,3.07692,15.23077],"texture":"#6"},"east":{"uv":[10.76923,14.15385,11.23077,14.30769],"texture":"#6"},"south":{"uv":[3.38462,15.07692,3.69231,15.23077],"texture":"#6"},"west":{"uv":[14.15385,11.07692,14.61538,11.23077],"texture":"#6"},"up":{"uv":[12.61538,9.69231,12.30769,9.23077],"texture":"#6"}}},{"from":[8,19.26537,6.40224],"to":[9.5,20.34037,7.15224],"rotation":{"angle":22.5,"axis":"x","origin":[9.5,19.26537,5.15224]},"faces":{"north":{"uv":[12.30769,10.15385,12.76923,10.46154],"texture":"#6"},"east":{"uv":[11.69231,14.15385,11.92308,14.46154],"texture":"#6"},"south":{"uv":[12.30769,11.69231,12.76923,12],"texture":"#6"},"west":{"uv":[14.15385,11.69231,14.38462,12],"texture":"#6"},"up":{"uv":[13.38462,11,12.92308,10.76923],"texture":"#6"},"down":{"uv":[12.15385,12.92308,11.69231,13.15385],"texture":"#6"}}},{"from":[8.0035,18.5,7],"to":[9.4965,19.5,9],"rotation":{"angle":0,"axis":"y","origin":[9.4965,18.5,7]},"faces":{"east":{"uv":[11.38462,6.15385,12,6.46154],"texture":"#6"},"west":{"uv":[11.38462,6.76923,12,7.07692],"texture":"#6"},"up":{"uv":[10.92308,7.07692,10.46154,6.46154],"texture":"#6"},"down":{"uv":[9.07692,10.46154,8.61538,11.07692],"texture":"#6"}}},{"from":[8,18.11732,9.07612],"to":[9.5,19.19232,9.82612],"rotation":{"angle":-22.5,"axis":"x","origin":[9.5,18.11732,8.07612]},"faces":{"north":{"uv":[12.30769,12.30769,12.76923,12.61538],"texture":"#6"},"east":{"uv":[12.30769,14.15385,12.53846,14.46154],"texture":"#6"},"south":{"uv":[0,12.61538,0.46154,12.92308],"texture":"#6"},"west":{"uv":[12.92308,14.15385,13.15385,14.46154],"texture":"#6"},"up":{"uv":[13.07692,13.15385,12.61538,12.92308],"texture":"#6"},"down":{"uv":[0.46154,13.23077,0,13.46154],"texture":"#6"}}},{"from":[7.25,18.5,4.5],"to":[8.75,19,6],"rotation":{"angle":22.5,"axis":"x","origin":[7.375,19.25,5.25]},"faces":{"north":{"uv":[0,14.46154,0.46154,14.61538],"texture":"#6"},"east":{"uv":[4,14.46154,4.46154,14.61538],"texture":"#6"},"south":{"uv":[7.38462,14.46154,7.84615,14.61538],"texture":"#6"},"west":{"uv":[8.30769,14.46154,8.76923,14.61538],"texture":"#6"},"up":{"uv":[11.53846,2,11.07692,1.53846],"texture":"#6"},"down":{"uv":[11.53846,2.46154,11.07692,2.92308],"texture":"#6"}}},{"from":[7.25,19,5.5],"to":[8.75,19.5,6],"rotation":{"angle":22.5,"axis":"x","origin":[7.375,19.25,5.25]},"faces":{"north":{"uv":[14.46154,8.92308,14.92308,9.07692],"texture":"#6"},"east":{"uv":[15.38462,0.92308,15.53846,1.07692],"texture":"#6"},"south":{"uv":[9.23077,14.46154,9.69231,14.61538],"texture":"#6"},"west":{"uv":[15.38462,1.53846,15.53846,1.69231],"texture":"#6"}}},{"from":[7.25,19,4.5],"to":[8.75,19.5,5],"rotation":{"angle":22.5,"axis":"x","origin":[7.375,19.25,5.25]},"faces":{"north":{"uv":[14.46154,10.15385,14.92308,10.30769],"texture":"#6"},"east":{"uv":[15.38462,2.15385,15.53846,2.30769],"texture":"#6"},"south":{"uv":[14.46154,12.30769,14.92308,12.46154],"texture":"#6"},"west":{"uv":[15.38462,2.76923,15.53846,2.92308],"texture":"#6"}}},{"from":[7.25,19.5,4.5],"to":[8.75,20,6],"rotation":{"angle":22.5,"axis":"x","origin":[7.375,19.25,5.25]},"faces":{"north":{"uv":[14.46154,12.92308,14.92308,13.07692],"texture":"#6"},"east":{"uv":[13.53846,14.46154,14,14.61538],"texture":"#6"},"south":{"uv":[14.46154,13.53846,14.92308,13.69231],"texture":"#6"},"west":{"uv":[14.46154,14.15385,14.92308,14.30769],"texture":"#6"},"up":{"uv":[11.53846,8.46154,11.07692,8],"texture":"#6"},"down":{"uv":[10.61538,11.07692,10.15385,11.53846],"texture":"#6"}}},{"from":[7.625,-15.75,7.25],"to":[8.375,-14.25,7.75],"rotation":{"angle":-45,"axis":"x","origin":[8,-15,8]},"faces":{"north":{"uv":[8,12.92308,8.23077,13.38462],"texture":"#6"},"east":{"uv":[10.15385,14.46154,10.30769,14.92308],"texture":"#6"},"south":{"uv":[1.53846,13.23077,1.76923,13.69231],"texture":"#6"},"west":{"uv":[14.76923,0,14.92308,0.46154],"texture":"#6"},"up":{"uv":[15.30769,3.84615,15.07692,3.69231],"texture":"#6"},"down":{"uv":[4.23077,15.07692,4,15.23077],"texture":"#6"}}},{"from":[7.625,-15.75,7.75],"to":[8.375,-15.25,8.25],"rotation":{"angle":-45,"axis":"x","origin":[8,-15,8]},"faces":{"east":{"uv":[15.38462,4.92308,15.53846,5.07692],"texture":"#6"},"west":{"uv":[5.53846,15.38462,5.69231,15.53846],"texture":"#6"},"up":{"uv":[15.30769,4.46154,15.07692,4.30769],"texture":"#6"},"down":{"uv":[7.30769,15.07692,7.07692,15.23077],"texture":"#6"}}},{"from":[7.625,-15.75,8.25],"to":[8.375,-14.25,8.75],"rotation":{"angle":-45,"axis":"x","origin":[8,-15,8]},"faces":{"north":{"uv":[13.23077,3.07692,13.46154,3.53846],"texture":"#6"},"east":{"uv":[0.92308,14.76923,1.07692,15.23077],"texture":"#6"},"south":{"uv":[3.38462,13.23077,3.61538,13.69231],"texture":"#6"},"west":{"uv":[14.76923,0.92308,14.92308,1.38462],"texture":"#6"},"up":{"uv":[7.92308,15.23077,7.69231,15.07692],"texture":"#6"},"down":{"uv":[8.53846,15.07692,8.30769,15.23077],"texture":"#6"}}},{"from":[7.625,-14.75,7.75],"to":[8.375,-14.25,8.25],"rotation":{"angle":-45,"axis":"x","origin":[8,-15,8]},"faces":{"east":{"uv":[6.15385,15.38462,6.30769,15.53846],"texture":"#6"},"west":{"uv":[15.38462,6.46154,15.53846,6.61538],"texture":"#6"},"up":{"uv":[9.15385,15.23077,8.92308,15.07692],"texture":"#6"},"down":{"uv":[9.76923,15.07692,9.53846,15.23077],"texture":"#6"}}},{"from":[8,8.5,11.75],"to":[8.02,17.75,12.25],"rotation":{"angle":0,"axis":"y","origin":[8,9.75,11.75]},"faces":{"east":{"uv":[4.15385,8,4,10.84615],"texture":"#6"},"west":{"uv":[4,8,4.15385,10.84615],"texture":"#6"}}},{"from":[7.875,11.68934,11.75],"to":[8.125,12.18934,12.25],"rotation":{"angle":-45,"axis":"x","origin":[8,11.43934,12]},"faces":{"east":{"uv":[15.38462,7.07692,15.53846,7.23077],"texture":"#6"},"west":{"uv":[15.38462,7.69231,15.53846,7.84615],"texture":"#6"},"up":{"uv":[10.84615,15.53846,10.76923,15.38462],"texture":"#6"},"down":{"uv":[15.46154,11.69231,15.38462,11.84615],"texture":"#6"}}},{"from":[7.875,10.68934,11.75],"to":[8.125,11.18934,12.25],"rotation":{"angle":-45,"axis":"x","origin":[8,11.43934,12]},"faces":{"east":{"uv":[15.38462,8.30769,15.53846,8.46154],"texture":"#6"},"west":{"uv":[15.38462,8.92308,15.53846,9.07692],"texture":"#6"},"up":{"uv":[15.46154,12.46154,15.38462,12.30769],"texture":"#6"},"down":{"uv":[15.46154,12.92308,15.38462,13.07692],"texture":"#6"}}},{"from":[7.875,10.68934,12.25],"to":[8.125,12.18934,12.75],"rotation":{"angle":-45,"axis":"x","origin":[8,11.43934,12]},"faces":{"north":{"uv":[15.07692,10.76923,15.15385,11.23077],"texture":"#6"},"east":{"uv":[14.76923,1.84615,14.92308,2.30769],"texture":"#6"},"south":{"uv":[13.53846,15.07692,13.61538,15.53846],"texture":"#6"},"west":{"uv":[14.76923,2.76923,14.92308,3.23077],"texture":"#6"},"up":{"uv":[15.46154,13.69231,15.38462,13.53846],"texture":"#6"},"down":{"uv":[15.46154,14.15385,15.38462,14.30769],"texture":"#6"}}},{"from":[7.875,10.68934,11.25],"to":[8.125,12.18934,11.75],"rotation":{"angle":-45,"axis":"x","origin":[8,11.43934,12]},"faces":{"north":{"uv":[15.07692,14.76923,15.15385,15.23077],"texture":"#6"},"east":{"uv":[4.92308,14.76923,5.07692,15.23077],"texture":"#6"},"south":{"uv":[15.38462,0,15.46154,0.46154],"texture":"#6"},"west":{"uv":[14.76923,4.92308,14.92308,5.38462],"texture":"#6"},"up":{"uv":[0.07692,15.84615,0,15.69231],"texture":"#6"},"down":{"uv":[0.69231,15.69231,0.61538,15.84615],"texture":"#6"}}},{"from":[7.625,7.25,11.625],"to":[8.375,8.5,12.375],"rotation":{"angle":0,"axis":"y","origin":[8.125,7.875,12.125]},"faces":{"north":{"uv":[2.15385,14.15385,2.38462,14.53846],"texture":"#6"},"east":{"uv":[14.15385,2.15385,14.38462,2.53846],"texture":"#6"},"south":{"uv":[2.76923,14.15385,3,14.53846],"texture":"#6"},"west":{"uv":[3.38462,14.15385,3.61538,14.53846],"texture":"#6"},"up":{"uv":[15,11.92308,14.76923,11.69231],"texture":"#6"},"down":{"uv":[0.23077,15.07692,0,15.30769],"texture":"#6"}}},{"from":[7.75,9,11.25],"to":[8.25,9.5,12.5],"rotation":{"angle":-45,"axis":"x","origin":[7.75,9,10.5]},"faces":{"north":{"uv":[10.15385,15.38462,10.30769,15.53846],"texture":"#6"},"east":{"uv":[14.76923,9.53846,15.15385,9.69231],"texture":"#6"},"south":{"uv":[15.38462,10.15385,15.53846,10.30769],"texture":"#6"},"west":{"uv":[10.76923,14.76923,11.15385,14.92308],"texture":"#6"},"up":{"uv":[11.84615,15.15385,11.69231,14.76923],"texture":"#6"},"down":{"uv":[12.46154,14.76923,12.30769,15.15385],"texture":"#6"}}},{"from":[7.75,8.25,11.25],"to":[8.25,8.75,12.5],"rotation":{"angle":-45,"axis":"x","origin":[7.75,8.25,10.5]},"faces":{"north":{"uv":[10.15385,15.38462,10.30769,15.53846],"texture":"#6"},"east":{"uv":[14.76923,9.53846,15.15385,9.69231],"texture":"#6"},"south":{"uv":[15.38462,10.15385,15.53846,10.30769],"texture":"#6"},"west":{"uv":[10.76923,14.76923,11.15385,14.92308],"texture":"#6"},"up":{"uv":[11.84615,15.15385,11.69231,14.76923],"texture":"#6"},"down":{"uv":[12.46154,14.76923,12.30769,15.15385],"texture":"#6"}}},{"from":[7.75,7.5,11.25],"to":[8.25,8,12.5],"rotation":{"angle":-45,"axis":"x","origin":[7.75,7.5,10.5]},"faces":{"north":{"uv":[10.15385,15.38462,10.30769,15.53846],"texture":"#6"},"east":{"uv":[14.76923,9.53846,15.15385,9.69231],"texture":"#6"},"south":{"uv":[15.38462,10.15385,15.53846,10.30769],"texture":"#6"},"west":{"uv":[10.76923,14.76923,11.15385,14.92308],"texture":"#6"},"up":{"uv":[11.84615,15.15385,11.69231,14.76923],"texture":"#6"},"down":{"uv":[12.46154,14.76923,12.30769,15.15385],"texture":"#6"}}},{"from":[7.75,9,11.5],"to":[8.25,9.5,12.75],"rotation":{"angle":45,"axis":"x","origin":[7.75,9,13.5]},"faces":{"north":{"uv":[15.53846,10.15385,15.38462,10.30769],"texture":"#6"},"east":{"uv":[15.15385,9.53846,14.76923,9.69231],"texture":"#6"},"south":{"uv":[10.30769,15.38462,10.15385,15.53846],"texture":"#6"},"west":{"uv":[11.15385,14.76923,10.76923,14.92308],"texture":"#6"},"up":{"uv":[11.84615,14.76923,11.69231,15.15385],"texture":"#6"},"down":{"uv":[12.46154,15.15385,12.30769,14.76923],"texture":"#6"}}},{"from":[7.75,8.25,11.5],"to":[8.25,8.75,12.75],"rotation":{"angle":45,"axis":"x","origin":[7.75,8.25,13.5]},"faces":{"north":{"uv":[15.53846,10.15385,15.38462,10.30769],"texture":"#6"},"east":{"uv":[15.15385,9.53846,14.76923,9.69231],"texture":"#6"},"south":{"uv":[10.30769,15.38462,10.15385,15.53846],"texture":"#6"},"west":{"uv":[11.15385,14.76923,10.76923,14.92308],"texture":"#6"},"up":{"uv":[11.84615,14.76923,11.69231,15.15385],"texture":"#6"},"down":{"uv":[12.46154,15.15385,12.30769,14.76923],"texture":"#6"}}},{"from":[7.75,7.5,11.5],"to":[8.25,8,12.75],"rotation":{"angle":45,"axis":"x","origin":[7.75,7.5,13.5]},"faces":{"north":{"uv":[15.53846,10.15385,15.38462,10.30769],"texture":"#6"},"east":{"uv":[15.15385,9.53846,14.76923,9.69231],"texture":"#6"},"south":{"uv":[10.30769,15.38462,10.15385,15.53846],"texture":"#6"},"west":{"uv":[11.15385,14.76923,10.76923,14.92308],"texture":"#6"},"up":{"uv":[11.84615,14.76923,11.69231,15.15385],"texture":"#6"},"down":{"uv":[12.46154,15.15385,12.30769,14.76923],"texture":"#6"}}},{"from":[7.5,18.25,2.25],"to":[8.5,19.25,5.25],"rotation":{"angle":0,"axis":"y","origin":[7.5,18.25,2.25]},"faces":{"north":{"uv":[13.84615,10.46154,14.15385,10.76923],"texture":"#6"},"east":{"uv":[8,3.07692,8.92308,3.38462],"texture":"#6"},"south":{"uv":[13.84615,13.23077,14.15385,13.53846],"texture":"#6"},"west":{"uv":[9.84615,8.92308,10.76923,9.23077],"texture":"#6"},"up":{"uv":[2.46154,11.38462,2.15385,10.46154],"texture":"#6"},"down":{"uv":[9.84615,10.46154,9.53846,11.38462],"texture":"#6"}}},{"from":[7.5035,19.0206,2.40328],"to":[8.4965,20.0206,3.32828],"rotation":{"angle":22.5,"axis":"x","origin":[8.0035,19.5206,2.90328]},"faces":{"north":{"uv":[13.84615,13.84615,14.15385,14.15385],"texture":"#6"},"east":{"uv":[14.15385,0,14.46154,0.30769],"texture":"#6"},"south":{"uv":[14.15385,0.61538,14.46154,0.92308],"texture":"#6"},"west":{"uv":[0.92308,14.15385,1.23077,14.46154],"texture":"#6"}}},{"from":[7.25,19.75,1.25],"to":[8.75,20.75,3.75],"rotation":{"angle":0,"axis":"y","origin":[7.5,19.75,2.25]},"faces":{"north":{"uv":[3.69231,12.61538,4.15385,12.92308],"texture":"#6"},"east":{"uv":[10.76923,5.53846,11.53846,5.84615],"texture":"#6"},"south":{"uv":[4.61538,12.61538,5.07692,12.92308],"texture":"#6"},"west":{"uv":[6.46154,10.76923,7.23077,11.07692],"texture":"#6"},"up":{"uv":[7.23077,10.30769,6.76923,9.53846],"texture":"#6"},"down":{"uv":[8.15385,9.53846,7.69231,10.30769],"texture":"#6"}}},{"from":[7.25,20.75,2],"to":[8.75,21.25,3.75],"rotation":{"angle":0,"axis":"y","origin":[7.5,20.75,2.25]},"faces":{"north":{"uv":[5.53846,14.76923,6,14.92308],"texture":"#6"},"east":{"uv":[14.15385,3.69231,14.69231,3.84615],"texture":"#6"},"south":{"uv":[14.76923,5.84615,15.23077,6],"texture":"#6"},"west":{"uv":[14.15385,4.30769,14.69231,4.46154],"texture":"#6"},"up":{"uv":[10.92308,10.07692,10.46154,9.53846],"texture":"#6"}}},{"from":[7.625,19.61639,0.3515],"to":[8.375,19.62639,1.3515],"rotation":{"angle":-22.5,"axis":"x","origin":[7.625,19.61639,0.3515]},"faces":{"up":{"uv":[6.69231,15.07692,6.46154,14.76923],"texture":"#6"},"down":{"uv":[15,6.46154,14.76923,6.76923],"texture":"#6"}}},{"from":[7.625,18.34777,9.27217],"to":[8.375,21.09777,11.52217],"rotation":{"angle":22.5,"axis":"x","origin":[8.125,20.09777,10.52217]},"faces":{"east":{"uv":[7.76923,7.38462,7.07692,8.23077],"texture":"#6"},"south":{"uv":[1.76923,11.07692,1.53846,11.92308],"texture":"#6"},"west":{"uv":[0.69231,7.69231,0,8.53846],"texture":"#6"},"up":{"uv":[2.38462,11.69231,2.15385,12.38462],"texture":"#6"},"down":{"uv":[8.23077,12.38462,8,11.69231],"texture":"#6"}}},{"from":[7.25,18.5,10],"to":[8.75,19,11.5],"rotation":{"angle":-22.5,"axis":"x","origin":[7.375,19.25,10.75]},"faces":{"north":{"uv":[7.84615,14.46154,7.38462,14.61538],"texture":"#6"},"east":{"uv":[4.46154,14.46154,4,14.61538],"texture":"#6"},"south":{"uv":[0.46154,14.46154,0,14.61538],"texture":"#6"},"west":{"uv":[8.76923,14.46154,8.30769,14.61538],"texture":"#6"},"up":{"uv":[11.53846,1.53846,11.07692,2],"texture":"#6"},"down":{"uv":[11.53846,2.92308,11.07692,2.46154],"texture":"#6"}}},{"from":[7.25,19,10],"to":[8.75,19.5,10.5],"rotation":{"angle":-22.5,"axis":"x","origin":[7.375,19.25,10.75]},"faces":{"north":{"uv":[9.69231,14.46154,9.23077,14.61538],"texture":"#6"},"east":{"uv":[15.53846,0.92308,15.38462,1.07692],"texture":"#6"},"south":{"uv":[14.92308,8.92308,14.46154,9.07692],"texture":"#6"},"west":{"uv":[15.53846,1.53846,15.38462,1.69231],"texture":"#6"}}},{"from":[7.25,19,11],"to":[8.75,19.5,11.5],"rotation":{"angle":-22.5,"axis":"x","origin":[7.375,19.25,10.75]},"faces":{"north":{"uv":[14.92308,12.30769,14.46154,12.46154],"texture":"#6"},"east":{"uv":[15.53846,2.15385,15.38462,2.30769],"texture":"#6"},"south":{"uv":[14.92308,10.15385,14.46154,10.30769],"texture":"#6"},"west":{"uv":[15.53846,2.76923,15.38462,2.92308],"texture":"#6"}}},{"from":[7.25,19.5,10],"to":[8.75,20,11.5],"rotation":{"angle":-22.5,"axis":"x","origin":[7.375,19.25,10.75]},"faces":{"north":{"uv":[14.92308,13.53846,14.46154,13.69231],"texture":"#6"},"east":{"uv":[14,14.46154,13.53846,14.61538],"texture":"#6"},"south":{"uv":[14.92308,12.92308,14.46154,13.07692],"texture":"#6"},"west":{"uv":[14.92308,14.15385,14.46154,14.30769],"texture":"#6"},"up":{"uv":[11.53846,8,11.07692,8.46154],"texture":"#6"},"down":{"uv":[10.61538,11.53846,10.15385,11.07692],"texture":"#6"}}},{"from":[7.5,18.25,10.75],"to":[8.5,19.25,13.75],"rotation":{"angle":0,"axis":"y","origin":[7.5,18.25,13.75]},"faces":{"north":{"uv":[14.15385,13.23077,13.84615,13.53846],"texture":"#6"},"east":{"uv":[8.92308,3.07692,8,3.38462],"texture":"#6"},"south":{"uv":[14.15385,10.46154,13.84615,10.76923],"texture":"#6"},"west":{"uv":[10.76923,8.92308,9.84615,9.23077],"texture":"#6"},"up":{"uv":[2.46154,10.46154,2.15385,11.38462],"texture":"#6"},"down":{"uv":[9.84615,11.38462,9.53846,10.46154],"texture":"#6"}}},{"from":[7.5035,19.0206,12.67172],"to":[8.4965,20.0206,13.59672],"rotation":{"angle":-22.5,"axis":"x","origin":[8.0035,19.5206,13.09672]},"faces":{"north":{"uv":[14.46154,0.61538,14.15385,0.92308],"texture":"#6"},"east":{"uv":[14.46154,0,14.15385,0.30769],"texture":"#6"},"south":{"uv":[14.15385,13.84615,13.84615,14.15385],"texture":"#6"},"west":{"uv":[1.23077,14.15385,0.92308,14.46154],"texture":"#6"}}},{"from":[7.25,19.75,12.25],"to":[8.75,20.75,14.75],"rotation":{"angle":0,"axis":"y","origin":[7.5,19.75,13.75]},"faces":{"north":{"uv":[5.07692,12.61538,4.61538,12.92308],"texture":"#6"},"east":{"uv":[11.53846,5.53846,10.76923,5.84615],"texture":"#6"},"south":{"uv":[4.15385,12.61538,3.69231,12.92308],"texture":"#6"},"west":{"uv":[7.23077,10.76923,6.46154,11.07692],"texture":"#6"},"up":{"uv":[7.23077,9.53846,6.76923,10.30769],"texture":"#6"},"down":{"uv":[8.15385,10.30769,7.69231,9.53846],"texture":"#6"}}},{"from":[7.25,20.75,12.25],"to":[8.75,21.25,14],"rotation":{"angle":0,"axis":"y","origin":[7.5,20.75,13.75]},"faces":{"north":{"uv":[15.23077,5.84615,14.76923,6],"texture":"#6"},"east":{"uv":[14.69231,3.69231,14.15385,3.84615],"texture":"#6"},"south":{"uv":[6,14.76923,5.53846,14.92308],"texture":"#6"},"west":{"uv":[14.69231,4.30769,14.15385,4.46154],"texture":"#6"},"up":{"uv":[10.92308,9.53846,10.46154,10.07692],"texture":"#6"}}},{"from":[7.625,19.61639,14.6485],"to":[8.375,19.62639,15.6485],"rotation":{"angle":22.5,"axis":"x","origin":[7.625,19.61639,15.6485]},"faces":{"up":{"uv":[6.69231,14.76923,6.46154,15.07692],"texture":"#6"},"down":{"uv":[15,6.76923,14.76923,6.46154],"texture":"#6"}}},{"from":[6.25,15.5,4],"to":[6.25,23.5,12],"rotation":{"angle":0,"axis":"y","origin":[6.25,15.5,4]},"faces":{"west":{"uv":[0,0,16,16],"texture":"#4"}}},{"from":[9.75,15.5,4],"to":[9.75,23.5,12],"rotation":{"angle":0,"axis":"y","origin":[9.75,15.5,12]},"faces":{"east":{"uv":[0,0,16,16],"texture":"#4"}}},{"from":[8,7.5,6.93934],"to":[9.5,14.5,8.43934],"rotation":{"angle":-45,"axis":"y","origin":[8,7.5,6.93934]},"faces":{"north":{"uv":[4.61538,4.92308,5.07692,7.07692],"texture":"#6"},"east":{"uv":[1.53846,5.53846,2,7.69231],"texture":"#6"},"south":{"uv":[2.46154,5.53846,2.92308,7.69231],"texture":"#6"},"west":{"uv":[5.53846,4.92308,6,7.07692],"texture":"#6"},"up":{"uv":[11.53846,11.53846,11.07692,11.07692],"texture":"#6"},"down":{"uv":[11.84615,0,11.38462,0.46154],"texture":"#6"}}},{"from":[8,-11.5,6.93934],"to":[9.5,0,8.43934],"rotation":{"angle":-45,"axis":"y","origin":[8,-7,6.93934]},"faces":{"north":{"uv":[1.84615,1.53846,2.30769,5.07692],"texture":"#6"},"east":{"uv":[2.76923,1.53846,3.23077,5.07692],"texture":"#6"},"south":{"uv":[3.69231,0,4.15385,3.53846],"texture":"#6"},"west":{"uv":[3.69231,4,4.15385,7.53846],"texture":"#6"},"up":{"uv":[3.23077,11.84615,2.76923,11.38462],"texture":"#6"},"down":{"uv":[11.84615,3.38462,11.38462,3.84615],"texture":"#6"}}},{"from":[8.5,13.25,10.37868],"to":[10.5,16.25,12.37868],"rotation":{"angle":-45,"axis":"y","origin":[8,12.75,9.87868]},"faces":{"north":{"uv":[7.69231,4.92308,8.30769,5.84615],"texture":"#6"},"east":{"uv":[7.69231,6.15385,8.30769,7.07692],"texture":"#6"},"south":{"uv":[1.23077,8,1.84615,8.92308],"texture":"#6"},"west":{"uv":[8,1.23077,8.61538,2.15385],"texture":"#6"},"up":{"uv":[9.84615,0.61538,9.23077,0],"texture":"#6"},"down":{"uv":[1.53846,9.23077,0.92308,9.84615],"texture":"#6"}}},{"from":[8.25,12.75,10.12868],"to":[10.75,13.25,12.62868],"rotation":{"angle":-45,"axis":"y","origin":[8,12.75,9.87868]},"faces":{"north":{"uv":[12.61538,7.38462,13.38462,7.53846],"texture":"#6"},"east":{"uv":[9.23077,12.61538,10,12.76923],"texture":"#6"},"south":{"uv":[10.46154,12.61538,11.23077,12.76923],"texture":"#6"},"west":{"uv":[12.92308,0.61538,13.69231,0.76923],"texture":"#6"},"up":{"uv":[7.23077,6.92308,6.46154,6.15385],"texture":"#6"},"down":{"uv":[7.84615,0,7.07692,0.76923],"texture":"#6"}}},{"from":[8.25,16.25,10.12868],"to":[10.75,16.75,12.62868],"rotation":{"angle":-45,"axis":"y","origin":[8,16.25,9.87868]},"faces":{"north":{"uv":[12.92308,1.23077,13.69231,1.38462],"texture":"#6"},"east":{"uv":[12.92308,1.84615,13.69231,2],"texture":"#6"},"south":{"uv":[2.15385,12.92308,2.92308,13.07692],"texture":"#6"},"west":{"uv":[12.92308,2.46154,13.69231,2.61538],"texture":"#6"},"up":{"uv":[5.38462,8.15385,4.61538,7.38462],"texture":"#6"},"down":{"uv":[6.61538,7.38462,5.84615,8.15385],"texture":"#6"}}},{"from":[7.75,14.54958,1.43089],"to":[8.25,16.54958,6.43089],"rotation":{"angle":-22.5,"axis":"x","origin":[7.75,13.54958,-0.06911]},"faces":{"north":{"uv":[14.15385,1.23077,14.30769,1.84615],"texture":"#6"},"east":{"uv":[6.15385,1.84615,7.69231,2.46154],"texture":"#6"},"west":{"uv":[6.15385,2.76923,7.69231,3.38462],"texture":"#6"},"up":{"uv":[0.15385,12.30769,0,10.76923],"texture":"#6"},"down":{"uv":[4.76923,10.76923,4.61538,12.30769],"texture":"#6"}}},{"from":[7.985,12.04958,-2.56911],"to":[8.015,15.54958,7.43089],"rotation":{"angle":-22.5,"axis":"x","origin":[7.985,12.29958,-1.81911]},"faces":{"east":{"uv":[3.07692,0,0,1.07692],"texture":"#6"},"west":{"uv":[0,0,3.07692,1.07692],"texture":"#6"}}},{"from":[7.99,9.82906,-3.79276],"to":[8.01,13.82906,-0.29276],"rotation":{"angle":22.5,"axis":"x","origin":[7.99,14.32906,-0.79276]},"faces":{"east":{"uv":[5.69231,1.84615,4.61538,3.07692],"texture":"#6"},"west":{"uv":[4.61538,1.84615,5.69231,3.07692],"texture":"#6"}}},{"from":[7.995,8.39159,-4.65431],"to":[8.005,12.14159,-1.15431],"rotation":{"angle":-22.5,"axis":"x","origin":[7.995,10.14159,-2.90431]},"faces":{"east":{"uv":[5.69231,3.38462,4.61538,4.53846],"texture":"#6"},"west":{"uv":[4.61538,3.38462,5.69231,4.53846],"texture":"#6"}}},{"from":[7.75,14.54958,-0.06911],"to":[8.25,15.79958,1.43089],"rotation":{"angle":-22.5,"axis":"x","origin":[7.75,13.54958,-0.06911]},"faces":{"north":{"uv":[12.92308,14.76923,13.07692,15.15385],"texture":"#6"},"east":{"uv":[11.38462,10.15385,11.84615,10.53846],"texture":"#6"},"west":{"uv":[7.07692,11.69231,7.53846,12.07692],"texture":"#6"},"up":{"uv":[14.92308,7.53846,14.76923,7.07692],"texture":"#6"},"down":{"uv":[14.92308,8,14.76923,8.46154],"texture":"#6"}}},{"from":[7.7585,15.49196,-0.06074],"to":[8.2415,16.74196,0.86426],"rotation":{"angle":22.5,"axis":"x","origin":[8.0085,16.24196,0.43926]},"faces":{"north":{"uv":[14.46154,14.76923,14.61538,15.15385],"texture":"#6"},"east":{"uv":[7.38462,12.61538,7.69231,13],"texture":"#6"},"west":{"uv":[8.61538,12.61538,8.92308,13],"texture":"#6"}}},{"from":[7.7535,15.08361,-0.65496],"to":[8.2465,16.08361,1.34504],"rotation":{"angle":-45,"axis":"x","origin":[8.0035,15.58361,-0.02996]},"faces":{"east":{"uv":[8.61538,11.38462,9.23077,11.69231],"texture":"#6"},"west":{"uv":[11.38462,9.53846,12,9.84615],"texture":"#6"},"up":{"uv":[1.69231,14.76923,1.53846,14.15385],"texture":"#6"}}},{"from":[7.5,10.5,-8.13391],"to":[8.5,10.51,6.86609],"rotation":{"angle":-22.5,"axis":"x","origin":[8,12.75,-2.63391]},"faces":{"up":{"uv":[2.66667,0,2,9.83333],"texture":"#5"},"down":{"uv":[2,0,2.66667,9.83333],"rotation":180,"texture":"#5"}}},{"from":[7.5,10.5,-8.13391],"to":[7.51,13.5,6.86609],"rotation":{"angle":-22.5,"axis":"x","origin":[8,12.75,-2.63391]},"faces":{"east":{"uv":[4.66667,0,2.66667,9.83333],"rotation":90,"texture":"#5"},"west":{"uv":[2.66667,0,4.66667,9.83333],"rotation":270,"texture":"#5"}}},{"from":[7.5,13.5,-8.13391],"to":[7.51,16.5,6.86609],"rotation":{"angle":-22.5,"axis":"x","origin":[8,12.75,-2.63391]},"faces":{"east":{"uv":[6.66667,0,4.66667,9.83333],"rotation":90,"texture":"#5"},"west":{"uv":[4.66667,0,6.66667,9.83333],"rotation":270,"texture":"#5"}}},{"from":[7.5,16.49,-8.13391],"to":[8.5,16.5,6.86609],"rotation":{"angle":-22.5,"axis":"x","origin":[8,12.75,-2.63391]},"faces":{"up":{"uv":[6.66667,0,7.33333,9.83333],"texture":"#5"},"down":{"uv":[7.33333,0,6.66667,9.83333],"rotation":180,"texture":"#5"}}},{"from":[8.49,13.49618,-8.13391],"to":[8.5,16.49618,6.86609],"rotation":{"angle":-22.5,"axis":"x","origin":[8,12.75,-2.63391]},"faces":{"east":{"uv":[7.33333,0,9.33333,9.83333],"rotation":90,"texture":"#5"},"west":{"uv":[9.33333,0,7.33333,9.83333],"rotation":270,"texture":"#5"}}},{"from":[8.49,10.5,-8.13391],"to":[8.5,13.5,6.86609],"rotation":{"angle":-22.5,"axis":"x","origin":[8,12.75,-2.63391]},"faces":{"east":{"uv":[0,0,2,9.83333],"rotation":90,"texture":"#5"},"west":{"uv":[2,0,0,9.83333],"rotation":270,"texture":"#5"}}}],"gui_light":"front","display":{"thirdperson_righthand":{"translation":[0,3,0.75]},"thirdperson_lefthand":{"translation":[0,3,0.75]},"firstperson_righthand":{"rotation":[-5,0,0],"translation":[2.5,0.75,0],"scale":[0.7,0.7,0.7]},"firstperson_lefthand":{"rotation":[-5,0,0],"translation":[2.5,0.75,0],"scale":[0.7,0.7,0.7]},"ground":{"rotation":[-45,0,0],"translation":[0,5,0],"scale":[0.7,0.7,0.7]},"gui":{"rotation":[-90,45,90],"translation":[-1,1,0],"scale":[0.5,0.5,0.5]},"head":{"rotation":[0,-90,0]},"fixed":{"rotation":[0,-90,0],"translation":[0,0,-2.5],"scale":[2,2,2]}},"groups":[{"name":"scythe","origin":[8.625,10.25,4.5],"color":0,"children":[0,1,2,3,4,5,6,7,8,9,10,11,12,13,14,15,16,17,18,19,20,21,22,23,24,25,26,27,28,29,30,31,32,33,34,35,36,37,38,39,40,41,42,43,44,45,46,47,48,49,50,51,52,53,54,55,56,57,58,59,60,61,62,63,64,65,66,67,68,69,70,71,72,73,74,75,76,77,78,79,80,81,82,83,84,85,86]}],"mcmodels":"2238fb43fad87426eb3c95ab6631a4ea"}