{"credit":"Pologony Creation Co.,Ltd.","texture_size":[64,64],"textures":{"2":"plny_lunar_new_year_2025:animated/animated_6","4":"plny_lunar_new_year_2025:animated/animated_2","6":"plny_lunar_new_year_2025:shield"},"elements":[{"from":[4,10.5,4.93639],"to":[12,18.5,4.93639],"rotation":{"angle":0,"axis":"y","origin":[8,8,8]},"faces":{"north":{"uv":[0,0,16,16],"texture":"#4"}}},{"from":[7,2.55178,10.68639],"to":[9,3.05178,12.68639],"rotation":{"angle":0,"axis":"y","origin":[8,8,8]},"faces":{"north":{"uv":[0,10.75,0.5,10.875],"texture":"#6"},"east":{"uv":[10.5,9.25,11,9.375],"texture":"#6"},"south":{"uv":[10.5,9.75,11,9.875],"texture":"#6"},"west":{"uv":[10.5,10.25,11,10.375],"texture":"#6"},"up":{"uv":[6.5,3.5,6,3],"rotation":90,"texture":"#6"},"down":{"uv":[0.5,6.5,0,7],"rotation":270,"texture":"#6"}}},{"from":[7.125,3.05178,10.81139],"to":[8.875,5.05178,12.56139],"rotation":{"angle":0,"axis":"y","origin":[8,8,8]},"faces":{"north":{"uv":[7.75,7.75,8.1875,8.25],"texture":"#6"},"east":{"uv":[3.25,7.75,3.6875,8.25],"texture":"#6"},"south":{"uv":[4,7.75,4.4375,8.25],"texture":"#6"},"west":{"uv":[7.75,7,8.1875,7.5],"texture":"#6"}}},{"from":[7.25,5.55178,10.93639],"to":[8.75,6.55178,12.43639],"rotation":{"angle":0,"axis":"y","origin":[8,8,8]},"faces":{"north":{"uv":[9.5,6.75,9.875,7],"texture":"#6"},"east":{"uv":[9.5,1.75,9.875,2],"texture":"#6"},"south":{"uv":[4.5,9.5,4.875,9.75],"texture":"#6"},"west":{"uv":[6.5,9.5,6.875,9.75],"texture":"#6"},"up":{"uv":[4.875,9.125,4.5,8.75],"rotation":90,"texture":"#6"}}},{"from":[7.375,6.55178,11.06139],"to":[8.625,9.55178,12.31139],"rotation":{"angle":0,"axis":"y","origin":[8,8,8]},"faces":{"north":{"uv":[5.75,7.25,6.0625,8],"texture":"#6"},"east":{"uv":[7,7,7.3125,7.75],"texture":"#6"},"south":{"uv":[0,7.25,0.3125,8],"texture":"#6"},"west":{"uv":[1.75,7.25,2.0625,8],"texture":"#6"}}},{"from":[7,5.05178,10.68639],"to":[9,5.55178,12.68639],"rotation":{"angle":0,"axis":"y","origin":[8,8,8]},"faces":{"north":{"uv":[2.25,10.75,2.75,10.875],"texture":"#6"},"east":{"uv":[10.75,0,11.25,0.125],"texture":"#6"},"south":{"uv":[10.75,1,11.25,1.125],"texture":"#6"},"west":{"uv":[10.75,1.5,11.25,1.625],"texture":"#6"},"up":{"uv":[2.25,7,1.75,6.5],"rotation":90,"texture":"#6"},"down":{"uv":[6.75,6.5,6.25,7],"rotation":270,"texture":"#6"}}},{"from":[7,12.05178,10.68639],"to":[9,12.55178,12.68639],"rotation":{"angle":0,"axis":"y","origin":[8,8,8]},"faces":{"north":{"uv":[3.75,10.75,4.25,10.875],"texture":"#6"},"east":{"uv":[10.75,2.75,11.25,2.875],"texture":"#6"},"south":{"uv":[3,10.75,3.5,10.875],"texture":"#6"},"west":{"uv":[10.75,3.25,11.25,3.375],"texture":"#6"},"up":{"uv":[7.25,0.5,6.75,0],"rotation":90,"texture":"#6"},"down":{"uv":[7.25,0.75,6.75,1.25],"rotation":270,"texture":"#6"}}},{"from":[7,10.55178,10.68639],"to":[9,11.05178,12.68639],"rotation":{"angle":0,"axis":"y","origin":[8,8,8]},"faces":{"north":{"uv":[7,10.75,7.5,10.875],"texture":"#6"},"east":{"uv":[10.75,5.5,11.25,5.625],"texture":"#6"},"south":{"uv":[10.75,6,11.25,6.125],"texture":"#6"},"west":{"uv":[6.25,10.75,6.75,10.875],"texture":"#6"},"up":{"uv":[7.25,3,6.75,2.5],"rotation":90,"texture":"#6"},"down":{"uv":[7.25,3.25,6.75,3.75],"rotation":270,"texture":"#6"}}},{"from":[7.125,11.05178,10.81139],"to":[8.875,12.05178,12.56139],"rotation":{"angle":0,"axis":"y","origin":[8,8,8]},"faces":{"north":{"uv":[9.5,1.25,9.9375,1.5],"texture":"#6"},"east":{"uv":[9.25,2.75,9.6875,3],"texture":"#6"},"south":{"uv":[9.25,6.25,9.6875,6.5],"texture":"#6"},"west":{"uv":[9.5,0.75,9.9375,1],"texture":"#6"}}},{"from":[7.25,9.55178,10.93639],"to":[8.75,10.55178,12.43639],"rotation":{"angle":0,"axis":"y","origin":[8,8,8]},"faces":{"north":{"uv":[8.5,9.5,8.875,9.75],"texture":"#6"},"east":{"uv":[9.5,7.25,9.875,7.5],"texture":"#6"},"south":{"uv":[9.5,7.75,9.875,8],"texture":"#6"},"west":{"uv":[9.5,8.25,9.875,8.5],"texture":"#6"},"down":{"uv":[6.875,8.75,6.5,9.125],"rotation":270,"texture":"#6"}}},{"from":[6.5,12.5,5.43639],"to":[9.5,13.75,7.93639],"rotation":{"angle":0,"axis":"y","origin":[8,8,8]},"faces":{"north":{"uv":[7.5,0.75,8.25,1.0625],"texture":"#6"},"south":{"uv":[7.5,0,8.25,0.3125],"texture":"#6"},"up":{"uv":[5.625,3.75,5,3],"rotation":90,"texture":"#6"},"down":{"uv":[5.875,0,5.25,0.75],"rotation":270,"texture":"#6"}}},{"from":[7.18539,12.53633,5.43389],"to":[8.18539,13.88633,7.93889],"rotation":{"angle":-22.5,"axis":"z","origin":[8,8,8]},"faces":{"north":{"uv":[5.25,10.25,5.5,10.5625],"texture":"#6"},"east":{"uv":[8,3.5,8.625,3.8125],"texture":"#6"},"south":{"uv":[10.25,3.25,10.5,3.5625],"texture":"#6"},"west":{"uv":[8,4.25,8.625,4.5625],"texture":"#6"},"up":{"uv":[9.125,1,8.5,0.75],"rotation":90,"texture":"#6"},"down":{"uv":[3.125,8.5,2.5,8.75],"rotation":270,"texture":"#6"}}},{"from":[7.81461,12.53633,5.43389],"to":[8.81461,13.88633,7.93889],"rotation":{"angle":22.5,"axis":"z","origin":[8,8,8]},"faces":{"north":{"uv":[5.75,10.25,6,10.5625],"texture":"#6"},"east":{"uv":[8,5,8.625,5.3125],"texture":"#6"},"south":{"uv":[10.25,5.5,10.5,5.8125],"texture":"#6"},"west":{"uv":[8,5.75,8.625,6.0625],"texture":"#6"},"up":{"uv":[4.125,8.75,3.5,8.5],"rotation":90,"texture":"#6"},"down":{"uv":[9.125,7,8.5,7.25],"rotation":270,"texture":"#6"}}},{"from":[3,13.75,5.68639],"to":[13,14.75,7.68639],"rotation":{"angle":0,"axis":"y","origin":[8,8,8]},"faces":{"north":{"uv":[3.75,4.5,6.25,4.75],"texture":"#6"},"east":{"uv":[7.5,1.5,8,1.75],"texture":"#6"},"south":{"uv":[4,2.5,6.5,2.75],"texture":"#6"},"west":{"uv":[1.5,9,2,9.25],"texture":"#6"},"up":{"uv":[3.5,5.5,3,3],"rotation":90,"texture":"#6"},"down":{"uv":[0.5,3.75,0,6.25],"rotation":270,"texture":"#6"}}},{"from":[5,12.75,5.68639],"to":[11,13.75,7.68639],"rotation":{"angle":0,"axis":"y","origin":[8,8,8]},"faces":{"north":{"uv":[5.25,2,6.75,2.25],"texture":"#6"},"east":{"uv":[2.25,9,2.75,9.25],"texture":"#6"},"south":{"uv":[5,4,6.5,4.25],"texture":"#6"},"west":{"uv":[9,2.25,9.5,2.5],"texture":"#6"},"down":{"uv":[2.5,3.75,2,5.25],"rotation":270,"texture":"#6"}}},{"from":[7.95389,13.53648,5.68989],"to":[8.95389,14.53648,7.68289],"rotation":{"angle":-22.5,"axis":"z","origin":[8,8,8]},"faces":{"north":{"uv":[7.5,3.5,7.75,3.75],"texture":"#6"},"east":{"uv":[3,9,3.5,9.25],"texture":"#6"},"south":{"uv":[5.75,6.75,6,7],"texture":"#6"}}},{"from":[12.61971,11.77071,5.69489],"to":[14.11971,12.77071,7.67789],"rotation":{"angle":22.5,"axis":"z","origin":[8,8,8]},"faces":{"north":{"uv":[9.25,9.5,9.625,9.75],"texture":"#6"},"south":{"uv":[9.5,8.75,9.875,9],"texture":"#6"},"down":{"uv":[7.5,8,7,8.375],"rotation":270,"texture":"#6"}}},{"from":[1.88029,11.77071,5.69489],"to":[3.38029,12.77071,7.67789],"rotation":{"angle":-22.5,"axis":"z","origin":[8,8,8]},"faces":{"north":{"uv":[0.75,9.75,1.125,10],"texture":"#6"},"south":{"uv":[0,9.75,0.375,10],"texture":"#6"},"down":{"uv":[0.5,8.25,0,8.625],"rotation":270,"texture":"#6"}}},{"from":[7.04611,13.53648,5.68989],"to":[8.04611,14.53648,7.68289],"rotation":{"angle":22.5,"axis":"z","origin":[8,8,8]},"faces":{"north":{"uv":[8.25,10.75,8.5,11],"texture":"#6"},"south":{"uv":[7.75,10.75,8,11],"texture":"#6"},"west":{"uv":[9,3.5,9.5,3.75],"texture":"#6"}}},{"from":[10.75,1.5,6.18639],"to":[11.75,7.5,7.18639],"rotation":{"angle":0,"axis":"x","origin":[8,8,8]},"faces":{"north":{"uv":[5.75,5,6,6.5],"texture":"#6"},"east":{"uv":[2.75,5.75,3,7.25],"texture":"#6"},"south":{"uv":[3.25,5.75,3.5,7.25],"texture":"#6"},"up":{"uv":[11.25,8.75,11,8.5],"rotation":90,"texture":"#6"},"down":{"uv":[0.25,11.25,0,11.5],"rotation":270,"texture":"#6"}}},{"from":[10.65589,7.97312,6.18989],"to":[11.65589,8.97312,7.18289],"rotation":{"angle":-22.5,"axis":"z","origin":[8,8,8]},"faces":{"north":{"uv":[11,7.5,11.25,7.75],"texture":"#6"},"south":{"uv":[11,7,11.25,7.25],"texture":"#6"},"up":{"uv":[11.25,8.25,11,8],"rotation":90,"texture":"#6"}}},{"from":[9.74288,6.13333,6.19489],"to":[10.74288,7.63333,7.17789],"rotation":{"angle":22.5,"axis":"z","origin":[8,8,8]},"faces":{"north":{"uv":[10,10,10.25,10.375],"texture":"#6"},"east":{"uv":[10,9.25,10.25,9.625],"texture":"#6"},"south":{"uv":[9.5,10,9.75,10.375],"texture":"#6"}}},{"from":[12.42166,1.89952,6.19489],"to":[13.42166,3.39952,7.17789],"rotation":{"angle":-22.5,"axis":"z","origin":[8,8,8]},"faces":{"north":{"uv":[9,10,9.25,10.375],"texture":"#6"},"east":{"uv":[6.5,10,6.75,10.375],"texture":"#6"},"south":{"uv":[8.5,10,8.75,10.375],"texture":"#6"}}},{"from":[7.97711,0.55972,6.18989],"to":[8.97711,1.55972,7.18289],"rotation":{"angle":22.5,"axis":"z","origin":[8,8,8]},"faces":{"north":{"uv":[5.5,11,5.75,11.25],"texture":"#6"},"south":{"uv":[5,11,5.25,11.25],"texture":"#6"},"down":{"uv":[11.25,6.5,11,6.75],"rotation":270,"texture":"#6"}}},{"from":[9.75,-0.5,6.18639],"to":[10.75,9.5,7.18639],"rotation":{"angle":0,"axis":"x","origin":[8,8,8]},"faces":{"north":{"uv":[0.75,5.25,1,7.75],"texture":"#6"},"east":{"uv":[3.75,5,4,7.5],"texture":"#6"},"south":{"uv":[4.25,5,4.5,7.5],"texture":"#6"},"west":{"uv":[4.75,5,5,7.5],"texture":"#6"},"up":{"uv":[11.25,4.5,11,4.25],"rotation":90,"texture":"#6"},"down":{"uv":[11.25,4.75,11,5],"rotation":270,"texture":"#6"}}},{"from":[5.25,-0.5,6.18639],"to":[6.25,9.5,7.18639],"rotation":{"angle":0,"axis":"x","origin":[8,8,8]},"faces":{"north":{"uv":[1,5.25,0.75,7.75],"texture":"#6"},"east":{"uv":[5,5,4.75,7.5],"texture":"#6"},"south":{"uv":[4.5,5,4.25,7.5],"texture":"#6"},"west":{"uv":[4,5,3.75,7.5],"texture":"#6"},"up":{"uv":[11.25,4.25,11,4.5],"rotation":90,"texture":"#6"},"down":{"uv":[11.25,5,11,4.75],"rotation":270,"texture":"#6"}}},{"from":[7.02289,0.55972,6.18989],"to":[8.02289,1.55972,7.18289],"rotation":{"angle":-22.5,"axis":"z","origin":[8,8,8]},"faces":{"north":{"uv":[5.75,11,5.5,11.25],"texture":"#6"},"south":{"uv":[5.25,11,5,11.25],"texture":"#6"},"down":{"uv":[11.25,6.75,11,6.5],"rotation":270,"texture":"#6"}}},{"from":[2.57834,1.89952,6.19489],"to":[3.57834,3.39952,7.17789],"rotation":{"angle":22.5,"axis":"z","origin":[8,8,8]},"faces":{"north":{"uv":[9.25,10,9,10.375],"texture":"#6"},"south":{"uv":[8.75,10,8.5,10.375],"texture":"#6"},"west":{"uv":[6.75,10,6.5,10.375],"texture":"#6"}}},{"from":[5.25712,6.13333,6.19489],"to":[6.25712,7.63333,7.17789],"rotation":{"angle":-22.5,"axis":"z","origin":[8,8,8]},"faces":{"north":{"uv":[10.25,10,10,10.375],"texture":"#6"},"south":{"uv":[9.75,10,9.5,10.375],"texture":"#6"},"west":{"uv":[10.25,9.25,10,9.625],"texture":"#6"}}},{"from":[4.34411,7.97312,6.18989],"to":[5.34411,8.97312,7.18289],"rotation":{"angle":22.5,"axis":"z","origin":[8,8,8]},"faces":{"north":{"uv":[11.25,7.5,11,7.75],"texture":"#6"},"south":{"uv":[11.25,7,11,7.25],"texture":"#6"},"up":{"uv":[11.25,8,11,8.25],"rotation":90,"texture":"#6"}}},{"from":[4.25,1.5,6.18639],"to":[5.25,7.5,7.18639],"rotation":{"angle":0,"axis":"x","origin":[8,8,8]},"faces":{"north":{"uv":[6,5,5.75,6.5],"texture":"#6"},"south":{"uv":[3.5,5.75,3.25,7.25],"texture":"#6"},"west":{"uv":[3,5.75,2.75,7.25],"texture":"#6"},"up":{"uv":[11.25,8.5,11,8.75],"rotation":90,"texture":"#6"},"down":{"uv":[0.25,11.5,0,11.25],"rotation":270,"texture":"#6"}}},{"from":[6.25,14.75,6.18639],"to":[9.75,19,7.18639],"rotation":{"angle":0,"axis":"y","origin":[8,8,8]},"faces":{"north":{"uv":[3.75,3,4.625,4.0625],"texture":"#6"},"east":{"uv":[6.25,0,6.5,1.0625],"texture":"#6"},"south":{"uv":[0.75,3.75,1.625,4.8125],"texture":"#6"},"west":{"uv":[6.25,5,6.5,6.0625],"texture":"#6"},"up":{"uv":[6.75,8.125,6.5,7.25],"rotation":90,"texture":"#6"}}},{"from":[5.75,-1,6.43639],"to":[10.25,12.75,6.93639],"rotation":{"angle":0,"axis":"y","origin":[8,8,8]},"faces":{"north":{"uv":[1.5,0,2.625,3.4375],"texture":"#6"},"east":{"uv":[1.25,5.25,1.375,8.6875],"texture":"#6"},"south":{"uv":[0,0,1.125,3.4375],"texture":"#6"},"west":{"uv":[5.25,5,5.375,8.4375],"texture":"#6"}}},{"from":[0.03604,0.03604,6.43389],"to":[3.23604,3.23604,6.93889],"rotation":{"angle":45,"axis":"z","origin":[8,8,8]},"faces":{"north":{"uv":[4,1.25,4.8125,2.0625],"texture":"#6"},"east":{"uv":[2.5,9.5,2.625,10.3125],"texture":"#6"},"south":{"uv":[4,0,4.8125,0.8125],"texture":"#6"},"west":{"uv":[3,9.5,3.125,10.3125],"texture":"#6"},"up":{"uv":[3.625,10.3125,3.5,9.5],"rotation":90,"texture":"#6"},"down":{"uv":[4.125,9.5,4,10.3125],"rotation":270,"texture":"#6"}}},{"from":[5.9813,14.69656,6.31139],"to":[8.2313,17.44656,7.06139],"rotation":{"angle":-22.5,"axis":"z","origin":[8,8,8]},"faces":{"north":{"uv":[1.75,5.5,2.3125,6.1875],"texture":"#6"},"east":{"uv":[9,1.25,9.1875,1.9375],"texture":"#6"},"south":{"uv":[5.25,1,5.8125,1.6875],"texture":"#6"},"up":{"uv":[1.6875,10.0625,1.5,9.5],"rotation":90,"texture":"#6"},"down":{"uv":[2.1875,9.5,2,10.0625],"rotation":270,"texture":"#6"}}},{"from":[7,14.5,5.18989],"to":[9,15.5,6.68289],"rotation":{"angle":0,"axis":"y","origin":[8,8,8]},"faces":{"north":{"uv":[9,4,9.5,4.25],"texture":"#6"},"south":{"uv":[3.75,9,4.25,9.25],"texture":"#6"},"up":{"uv":[8.625,2,8.25,1.5],"rotation":90,"texture":"#6"},"down":{"uv":[2.125,8.25,1.75,8.75],"rotation":270,"texture":"#6"}}},{"from":[7.25,15.5,5.43639],"to":[8.75,16,6.43639],"rotation":{"angle":0,"axis":"y","origin":[8,8,8]},"faces":{"north":{"uv":[6.75,11.25,7.125,11.375],"texture":"#6"},"east":{"uv":[12,8,12.25,8.125],"texture":"#6"},"south":{"uv":[6,11.25,6.375,11.375],"texture":"#6"},"west":{"uv":[12,9,12.25,9.125],"texture":"#6"},"up":{"uv":[10,3.625,9.75,3.25],"rotation":90,"texture":"#6"}}},{"from":[11.41132,13.62254,5.18639],"to":[12.16132,14.69754,6.68639],"rotation":{"angle":22.5,"axis":"z","origin":[8,8,8]},"faces":{"north":{"uv":[8,11.25,8.1875,11.5],"texture":"#6"},"east":{"uv":[9.75,2.25,10.125,2.5],"texture":"#6"},"south":{"uv":[7.5,11.25,7.6875,11.5],"texture":"#6"},"west":{"uv":[9.75,4,10.125,4.25],"texture":"#6"},"up":{"uv":[10.625,6.9375,10.25,6.75],"rotation":90,"texture":"#6"},"down":{"uv":[7.375,10.25,7,10.4375],"rotation":270,"texture":"#6"}}},{"from":[3.83868,13.62254,5.18639],"to":[4.58868,14.69754,6.68639],"rotation":{"angle":-22.5,"axis":"z","origin":[8,8,8]},"faces":{"north":{"uv":[9,11.25,9.1875,11.5],"texture":"#6"},"east":{"uv":[9.75,4.5,10.125,4.75],"texture":"#6"},"south":{"uv":[8.5,11.25,8.6875,11.5],"texture":"#6"},"west":{"uv":[9.75,5,10.125,5.25],"texture":"#6"},"up":{"uv":[10.625,7.4375,10.25,7.25],"rotation":90,"texture":"#6"},"down":{"uv":[8.125,10.25,7.75,10.4375],"rotation":270,"texture":"#6"}}},{"from":[12.56512,12.89575,5.93639],"to":[14.06512,13.39575,7.43639],"rotation":{"angle":22.5,"axis":"z","origin":[8,8,8]},"faces":{"north":{"uv":[11.5,1.5,11.875,1.625],"texture":"#6"},"east":{"uv":[10.75,11.25,11.125,11.375],"texture":"#6"},"south":{"uv":[11.5,0,11.875,0.125],"texture":"#6"},"west":{"uv":[11.5,1,11.875,1.125],"texture":"#6"},"up":{"uv":[9.125,8.375,8.75,8],"rotation":90,"texture":"#6"},"down":{"uv":[9.125,8.75,8.75,9.125],"rotation":270,"texture":"#6"}}},{"from":[12.56512,13.39575,5.93639],"to":[13.06512,13.89575,7.43639],"rotation":{"angle":22.5,"axis":"z","origin":[8,8,8]},"faces":{"north":{"uv":[8.25,12.25,8.375,12.375],"texture":"#6"},"east":{"uv":[11.5,2,11.875,2.125],"texture":"#6"},"south":{"uv":[7.75,12.25,7.875,12.375],"texture":"#6"},"west":{"uv":[11.5,2.5,11.875,2.625],"texture":"#6"}}},{"from":[13.56512,13.39575,5.93639],"to":[14.06512,13.89575,7.43639],"rotation":{"angle":22.5,"axis":"z","origin":[8,8,8]},"faces":{"north":{"uv":[8.75,12.25,8.875,12.375],"texture":"#6"},"east":{"uv":[11.5,3,11.875,3.125],"texture":"#6"},"south":{"uv":[12.25,8.5,12.375,8.625],"texture":"#6"},"west":{"uv":[11.5,3.5,11.875,3.625],"texture":"#6"}}},{"from":[12.56512,13.89575,5.93639],"to":[14.06512,14.39575,7.43639],"rotation":{"angle":22.5,"axis":"z","origin":[8,8,8]},"faces":{"north":{"uv":[11.5,5,11.875,5.125],"texture":"#6"},"east":{"uv":[11.5,4,11.875,4.125],"texture":"#6"},"south":{"uv":[11.5,4.5,11.875,4.625],"texture":"#6"},"west":{"uv":[5,11.5,5.375,11.625],"texture":"#6"},"up":{"uv":[0.375,9.375,0,9],"rotation":90,"texture":"#6"},"down":{"uv":[1.125,9,0.75,9.375],"rotation":270,"texture":"#6"}}},{"from":[12.45603,3.04397,11.31139],"to":[12.95603,4.54397,12.06139],"rotation":{"angle":-45,"axis":"z","origin":[8,8,8]},"faces":{"north":{"uv":[11.5,5.5,11.625,5.875],"texture":"#6"},"east":{"uv":[10.5,2,10.6875,2.375],"texture":"#6"},"south":{"uv":[1.5,11.5,1.625,11.875],"texture":"#6"},"west":{"uv":[10.5,4,10.6875,4.375],"texture":"#6"},"up":{"uv":[12.4375,1.125,12.25,1],"rotation":90,"texture":"#6"},"down":{"uv":[1.6875,12.25,1.5,12.375],"rotation":270,"texture":"#6"}}},{"from":[11.95603,3.04397,11.31139],"to":[12.45603,3.54397,12.06139],"rotation":{"angle":-45,"axis":"z","origin":[8,8,8]},"faces":{"north":{"uv":[9.75,12.25,9.875,12.375],"texture":"#6"},"south":{"uv":[9.25,12.25,9.375,12.375],"texture":"#6"},"up":{"uv":[12.4375,1.625,12.25,1.5],"rotation":90,"texture":"#6"},"down":{"uv":[12.4375,2,12.25,2.125],"rotation":270,"texture":"#6"}}},{"from":[11.45603,3.04397,11.31139],"to":[11.95603,4.54397,12.06139],"rotation":{"angle":-45,"axis":"z","origin":[8,8,8]},"faces":{"north":{"uv":[11.5,7,11.625,7.375],"texture":"#6"},"east":{"uv":[4.5,10.5,4.6875,10.875],"texture":"#6"},"south":{"uv":[11.5,6.25,11.625,6.625],"texture":"#6"},"west":{"uv":[10.5,4.75,10.6875,5.125],"texture":"#6"},"up":{"uv":[12.4375,2.625,12.25,2.5],"rotation":90,"texture":"#6"},"down":{"uv":[12.4375,3,12.25,3.125],"rotation":270,"texture":"#6"}}},{"from":[11.95603,4.04397,11.31139],"to":[12.45603,4.54397,12.06139],"rotation":{"angle":-45,"axis":"z","origin":[8,8,8]},"faces":{"north":{"uv":[10.75,12.25,10.875,12.375],"texture":"#6"},"south":{"uv":[10.25,12.25,10.375,12.375],"texture":"#6"},"up":{"uv":[12.4375,3.625,12.25,3.5],"rotation":90,"texture":"#6"},"down":{"uv":[12.4375,4,12.25,4.125],"rotation":270,"texture":"#6"}}},{"from":[5.65901,8.84099,6.06139],"to":[6.15901,10.34099,7.31139],"rotation":{"angle":-45,"axis":"z","origin":[8,8,8]},"faces":{"north":{"uv":[11.5,11,11.625,11.375],"texture":"#6"},"east":{"uv":[9,5.5,9.3125,5.875],"texture":"#6"},"south":{"uv":[11.5,7.75,11.625,8.125],"texture":"#6"},"west":{"uv":[5.75,9,6.0625,9.375],"texture":"#6"},"up":{"uv":[7.5625,11.875,7.25,11.75],"rotation":90,"texture":"#6"},"down":{"uv":[8.3125,11.75,8,11.875],"rotation":270,"texture":"#6"}}},{"from":[6.65901,8.84099,6.06139],"to":[7.15901,10.34099,7.31139],"rotation":{"angle":-45,"axis":"z","origin":[8,8,8]},"faces":{"north":{"uv":[0.5,11.75,0.625,12.125],"texture":"#6"},"east":{"uv":[7.75,9,8.0625,9.375],"texture":"#6"},"south":{"uv":[0,11.75,0.125,12.125],"texture":"#6"},"west":{"uv":[9.25,0,9.5625,0.375],"texture":"#6"},"up":{"uv":[9.0625,11.875,8.75,11.75],"rotation":90,"texture":"#6"},"down":{"uv":[9.8125,11.75,9.5,11.875],"rotation":270,"texture":"#6"}}},{"from":[6.15901,8.84099,6.06139],"to":[6.65901,9.34099,7.31139],"rotation":{"angle":-45,"axis":"z","origin":[8,8,8]},"faces":{"north":{"uv":[11.75,12.25,11.875,12.375],"texture":"#6"},"south":{"uv":[11.25,12.25,11.375,12.375],"texture":"#6"},"up":{"uv":[12.0625,9.625,11.75,9.5],"rotation":90,"texture":"#6"},"down":{"uv":[12.0625,10,11.75,10.125],"rotation":270,"texture":"#6"}}},{"from":[6.15901,9.84099,6.06139],"to":[6.65901,10.34099,7.31139],"rotation":{"angle":-45,"axis":"z","origin":[8,8,8]},"faces":{"north":{"uv":[0,12.5,0.125,12.625],"texture":"#6"},"south":{"uv":[12.25,12.25,12.375,12.375],"texture":"#6"},"up":{"uv":[10.5625,11.875,10.25,11.75],"rotation":90,"texture":"#6"},"down":{"uv":[12.0625,10.5,11.75,10.625],"rotation":270,"texture":"#6"}}},{"from":[8.78033,6.71967,6.06139],"to":[9.28033,8.21967,7.31139],"rotation":{"angle":-45,"axis":"z","origin":[8,8,8]},"faces":{"north":{"uv":[0.5,11.75,0.625,12.125],"texture":"#6"},"east":{"uv":[7.75,9,8.0625,9.375],"texture":"#6"},"south":{"uv":[0,11.75,0.125,12.125],"texture":"#6"},"west":{"uv":[9.25,0,9.5625,0.375],"texture":"#6"},"up":{"uv":[9.0625,11.875,8.75,11.75],"rotation":90,"texture":"#6"},"down":{"uv":[9.8125,11.75,9.5,11.875],"rotation":270,"texture":"#6"}}},{"from":[8.28033,6.71967,6.06139],"to":[8.78033,7.21967,7.31139],"rotation":{"angle":-45,"axis":"z","origin":[8,8,8]},"faces":{"north":{"uv":[11.75,12.25,11.875,12.375],"texture":"#6"},"south":{"uv":[11.25,12.25,11.375,12.375],"texture":"#6"},"up":{"uv":[12.0625,9.625,11.75,9.5],"rotation":90,"texture":"#6"},"down":{"uv":[12.0625,10,11.75,10.125],"rotation":270,"texture":"#6"}}},{"from":[7.78033,6.71967,6.06139],"to":[8.28033,8.21967,7.31139],"rotation":{"angle":-45,"axis":"z","origin":[8,8,8]},"faces":{"north":{"uv":[11.5,11,11.625,11.375],"texture":"#6"},"east":{"uv":[9,5.5,9.3125,5.875],"texture":"#6"},"south":{"uv":[11.5,7.75,11.625,8.125],"texture":"#6"},"west":{"uv":[5.75,9,6.0625,9.375],"texture":"#6"},"up":{"uv":[7.5625,11.875,7.25,11.75],"rotation":90,"texture":"#6"},"down":{"uv":[8.3125,11.75,8,11.875],"rotation":270,"texture":"#6"}}},{"from":[8.28033,7.71967,6.06139],"to":[8.78033,8.21967,7.31139],"rotation":{"angle":-45,"axis":"z","origin":[8,8,8]},"faces":{"north":{"uv":[0,12.5,0.125,12.625],"texture":"#6"},"south":{"uv":[12.25,12.25,12.375,12.375],"texture":"#6"},"up":{"uv":[10.5625,11.875,10.25,11.75],"rotation":90,"texture":"#6"},"down":{"uv":[12.0625,10.5,11.75,10.625],"rotation":270,"texture":"#6"}}},{"from":[10.90165,4.59835,6.06139],"to":[11.40165,6.09835,7.31139],"rotation":{"angle":-45,"axis":"z","origin":[8,8,8]},"faces":{"north":{"uv":[0.5,11.75,0.625,12.125],"texture":"#6"},"east":{"uv":[7.75,9,8.0625,9.375],"texture":"#6"},"south":{"uv":[0,11.75,0.125,12.125],"texture":"#6"},"west":{"uv":[9.25,0,9.5625,0.375],"texture":"#6"},"up":{"uv":[9.0625,11.875,8.75,11.75],"rotation":90,"texture":"#6"},"down":{"uv":[9.8125,11.75,9.5,11.875],"rotation":270,"texture":"#6"}}},{"from":[10.40165,4.59835,6.06139],"to":[10.90165,5.09835,7.31139],"rotation":{"angle":-45,"axis":"z","origin":[8,8,8]},"faces":{"north":{"uv":[11.75,12.25,11.875,12.375],"texture":"#6"},"south":{"uv":[11.25,12.25,11.375,12.375],"texture":"#6"},"up":{"uv":[12.0625,9.625,11.75,9.5],"rotation":90,"texture":"#6"},"down":{"uv":[12.0625,10,11.75,10.125],"rotation":270,"texture":"#6"}}},{"from":[9.90165,4.59835,6.06139],"to":[10.40165,6.09835,7.31139],"rotation":{"angle":-45,"axis":"z","origin":[8,8,8]},"faces":{"north":{"uv":[11.5,11,11.625,11.375],"texture":"#6"},"east":{"uv":[9,5.5,9.3125,5.875],"texture":"#6"},"south":{"uv":[11.5,7.75,11.625,8.125],"texture":"#6"},"west":{"uv":[5.75,9,6.0625,9.375],"texture":"#6"},"up":{"uv":[7.5625,11.875,7.25,11.75],"rotation":90,"texture":"#6"},"down":{"uv":[8.3125,11.75,8,11.875],"rotation":270,"texture":"#6"}}},{"from":[10.40165,5.59835,6.06139],"to":[10.90165,6.09835,7.31139],"rotation":{"angle":-45,"axis":"z","origin":[8,8,8]},"faces":{"north":{"uv":[0,12.5,0.125,12.625],"texture":"#6"},"south":{"uv":[12.25,12.25,12.375,12.375],"texture":"#6"},"up":{"uv":[10.5625,11.875,10.25,11.75],"rotation":90,"texture":"#6"},"down":{"uv":[12.0625,10.5,11.75,10.625],"rotation":270,"texture":"#6"}}},{"from":[12.25,9.5,6.68639],"to":[12.75,13.75,6.70639],"rotation":{"angle":0,"axis":"y","origin":[8,8,8]},"faces":{"north":{"uv":[7.25,8.75,7.375,9.8125],"texture":"#6"},"south":{"uv":[5.25,8.75,5.375,9.8125],"texture":"#6"}}},{"from":[14.07107,8.20711,6.56139],"to":[14.57107,8.70711,6.81139],"rotation":{"angle":45,"axis":"z","origin":[8,8,8]},"faces":{"north":{"uv":[12.5,0.5,12.625,0.625],"texture":"#6"},"south":{"uv":[0.5,12.5,0.625,12.625],"texture":"#6"},"up":{"uv":[4.5625,12.625,4.5,12.5],"rotation":90,"texture":"#6"},"down":{"uv":[5.0625,12.5,5,12.625],"rotation":270,"texture":"#6"}}},{"from":[14.07107,7.20711,6.56139],"to":[14.57107,7.70711,6.81139],"rotation":{"angle":45,"axis":"z","origin":[8,8,8]},"faces":{"north":{"uv":[3,12.5,3.125,12.625],"texture":"#6"},"south":{"uv":[2.5,12.5,2.625,12.625],"texture":"#6"},"up":{"uv":[12.5625,5.375,12.5,5.25],"rotation":90,"texture":"#6"},"down":{"uv":[5.5625,12.5,5.5,12.625],"rotation":270,"texture":"#6"}}},{"from":[14.57107,7.20711,6.56139],"to":[15.07107,8.70711,6.81139],"rotation":{"angle":45,"axis":"z","origin":[8,8,8]},"faces":{"north":{"uv":[4,11.75,4.125,12.125],"texture":"#6"},"east":{"uv":[12.25,4.5,12.3125,4.875],"texture":"#6"},"south":{"uv":[3.5,11.75,3.625,12.125],"texture":"#6"},"west":{"uv":[6.25,12.25,6.3125,12.625],"texture":"#6"},"up":{"uv":[12.5625,5.875,12.5,5.75],"rotation":90,"texture":"#6"},"down":{"uv":[12.5625,6.25,12.5,6.375],"rotation":270,"texture":"#6"}}},{"from":[13.57107,7.20711,6.56139],"to":[14.07107,8.70711,6.81139],"rotation":{"angle":45,"axis":"z","origin":[8,8,8]},"faces":{"north":{"uv":[5.75,11.75,5.875,12.125],"texture":"#6"},"east":{"uv":[6.75,12.25,6.8125,12.625],"texture":"#6"},"south":{"uv":[4.5,11.75,4.625,12.125],"texture":"#6"},"west":{"uv":[7.25,12.25,7.3125,12.625],"texture":"#6"},"up":{"uv":[12.5625,6.875,12.5,6.75],"rotation":90,"texture":"#6"},"down":{"uv":[12.5625,7.25,12.5,7.375],"rotation":270,"texture":"#6"}}},{"from":[8.82843,13.65685,6.43639],"to":[10.07843,14.15685,6.93639],"rotation":{"angle":-45,"axis":"z","origin":[8,8,8]},"faces":{"north":{"uv":[11.75,11.75,12.0625,11.875],"texture":"#6"},"east":{"uv":[3.5,12.5,3.625,12.625],"texture":"#6"},"south":{"uv":[11,11.75,11.3125,11.875],"texture":"#6"},"west":{"uv":[4,12.5,4.125,12.625],"texture":"#6"},"up":{"uv":[1.125,12.3125,1,12],"rotation":90,"texture":"#6"},"down":{"uv":[2.125,12,2,12.3125],"rotation":270,"texture":"#6"}}},{"from":[9.35876,13.12652,6.43639],"to":[10.60876,13.62652,6.93639],"rotation":{"angle":-45,"axis":"z","origin":[8,8,8]},"faces":{"north":{"uv":[11.75,11.75,12.0625,11.875],"texture":"#6"},"east":{"uv":[3.5,12.5,3.625,12.625],"texture":"#6"},"south":{"uv":[11,11.75,11.3125,11.875],"texture":"#6"},"west":{"uv":[4,12.5,4.125,12.625],"texture":"#6"},"up":{"uv":[1.125,12.3125,1,12],"rotation":90,"texture":"#6"},"down":{"uv":[2.125,12,2,12.3125],"rotation":270,"texture":"#6"}}},{"from":[9.88909,12.59619,6.43639],"to":[11.13909,13.09619,6.93639],"rotation":{"angle":-45,"axis":"z","origin":[8,8,8]},"faces":{"north":{"uv":[11.75,11.75,12.0625,11.875],"texture":"#6"},"east":{"uv":[3.5,12.5,3.625,12.625],"texture":"#6"},"south":{"uv":[11,11.75,11.3125,11.875],"texture":"#6"},"west":{"uv":[4,12.5,4.125,12.625],"texture":"#6"},"up":{"uv":[1.125,12.3125,1,12],"rotation":90,"texture":"#6"},"down":{"uv":[2.125,12,2,12.3125],"rotation":270,"texture":"#6"}}},{"from":[12.28553,7.29289,6.43639],"to":[13.53553,7.79289,6.93639],"rotation":{"angle":45,"axis":"z","origin":[8,8,8]},"faces":{"north":{"uv":[12.0625,11.75,11.75,11.875],"texture":"#6"},"east":{"uv":[4.125,12.5,4,12.625],"texture":"#6"},"south":{"uv":[11.3125,11.75,11,11.875],"texture":"#6"},"west":{"uv":[3.625,12.5,3.5,12.625],"texture":"#6"},"up":{"uv":[1.125,12,1,12.3125],"rotation":90,"texture":"#6"},"down":{"uv":[2.125,12.3125,2,12],"rotation":270,"texture":"#6"}}},{"from":[11.7552,6.76256,6.43639],"to":[13.0052,7.26256,6.93639],"rotation":{"angle":45,"axis":"z","origin":[8,8,8]},"faces":{"north":{"uv":[12.0625,11.75,11.75,11.875],"texture":"#6"},"east":{"uv":[4.125,12.5,4,12.625],"texture":"#6"},"south":{"uv":[11.3125,11.75,11,11.875],"texture":"#6"},"west":{"uv":[3.625,12.5,3.5,12.625],"texture":"#6"},"up":{"uv":[1.125,12,1,12.3125],"rotation":90,"texture":"#6"},"down":{"uv":[2.125,12.3125,2,12],"rotation":270,"texture":"#6"}}},{"from":[11.22487,6.23223,6.43639],"to":[12.47487,6.73223,6.93639],"rotation":{"angle":45,"axis":"z","origin":[8,8,8]},"faces":{"north":{"uv":[12.0625,11.75,11.75,11.875],"texture":"#6"},"east":{"uv":[4.125,12.5,4,12.625],"texture":"#6"},"south":{"uv":[11.3125,11.75,11,11.875],"texture":"#6"},"west":{"uv":[3.625,12.5,3.5,12.625],"texture":"#6"},"up":{"uv":[1.125,12,1,12.3125],"rotation":90,"texture":"#6"},"down":{"uv":[2.125,12.3125,2,12],"rotation":270,"texture":"#6"}}},{"from":[12.125,8.25,6.31139],"to":[12.875,9.5,7.06139],"rotation":{"angle":0,"axis":"y","origin":[8,8,8]},"faces":{"north":{"uv":[3,11.25,3.1875,11.5625],"texture":"#6"},"east":{"uv":[1,11.25,1.1875,11.5625],"texture":"#6"},"south":{"uv":[2,11.25,2.1875,11.5625],"texture":"#6"},"west":{"uv":[2.5,11.25,2.6875,11.5625],"texture":"#6"},"up":{"uv":[2.6875,12.1875,2.5,12],"rotation":90,"texture":"#6"},"down":{"uv":[3.1875,12,3,12.1875],"rotation":270,"texture":"#6"}}},{"from":[10.75,14.25,6.18639],"to":[13.75,15.25,7.18639],"rotation":{"angle":0,"axis":"y","origin":[8,8,8]},"faces":{"north":{"uv":[8.25,6.5,9,6.75],"texture":"#6"},"east":{"uv":[8.75,10.75,9,11],"texture":"#6"},"south":{"uv":[8.25,3,9,3.25],"texture":"#6"},"west":{"uv":[9.25,10.75,9.5,11],"texture":"#6"},"up":{"uv":[5,8.5,4.75,7.75],"rotation":90,"texture":"#6"},"down":{"uv":[1,8,0.75,8.75],"rotation":270,"texture":"#6"}}},{"from":[15.16176,12.4977,6.18989],"to":[16.08676,13.4977,7.18289],"rotation":{"angle":22.5,"axis":"z","origin":[8,8,8]},"faces":{"north":{"uv":[1.5,11,1.75,11.25],"texture":"#6"},"east":{"uv":[9.75,10.75,10,11],"texture":"#6"},"south":{"uv":[10.25,10.75,10.5,11],"texture":"#6"},"west":{"uv":[10.75,10.75,11,11],"texture":"#6"}}},{"from":[12.25,15.75,5.93639],"to":[14.75,16.75,7.43639],"rotation":{"angle":0,"axis":"y","origin":[8,8,8]},"faces":{"north":{"uv":[7.75,8.5,8.375,8.75],"texture":"#6"},"east":{"uv":[4.5,10,4.875,10.25],"texture":"#6"},"south":{"uv":[8.5,7.5,9.125,7.75],"texture":"#6"},"west":{"uv":[10,6.25,10.375,6.5],"texture":"#6"},"up":{"uv":[2.875,8.125,2.5,7.5],"rotation":90,"texture":"#6"},"down":{"uv":[7.875,2.5,7.5,3.125],"rotation":270,"texture":"#6"}}},{"from":[12.25,16.75,5.93639],"to":[14,17.25,7.43639],"rotation":{"angle":0,"axis":"y","origin":[8,8,8]},"faces":{"north":{"uv":[4.25,11.25,4.6875,11.375],"texture":"#6"},"east":{"uv":[11.5,8.5,11.875,8.625],"texture":"#6"},"south":{"uv":[3.5,11.25,3.9375,11.375],"texture":"#6"},"west":{"uv":[11.75,0.5,12.125,0.625],"texture":"#6"},"up":{"uv":[8.875,0.4375,8.5,0],"rotation":90,"texture":"#6"}}},{"from":[11.15163,17.96358,6.31139],"to":[12.15163,17.97358,7.06139],"rotation":{"angle":-22.5,"axis":"z","origin":[8,8,8]},"faces":{"up":{"uv":[6.4375,12,6.25,11.75],"rotation":90,"texture":"#6"},"down":{"uv":[6.9375,11.75,6.75,12],"rotation":270,"texture":"#6"}}},{"from":[7.7687,14.69656,6.31139],"to":[10.0187,17.44656,7.06139],"rotation":{"angle":22.5,"axis":"z","origin":[8,8,8]},"faces":{"north":{"uv":[2.3125,5.5,1.75,6.1875],"texture":"#6"},"south":{"uv":[5.8125,1,5.25,1.6875],"texture":"#6"},"west":{"uv":[9.1875,1.25,9,1.9375],"texture":"#6"},"up":{"uv":[1.6875,9.5,1.5,10.0625],"rotation":90,"texture":"#6"},"down":{"uv":[2.1875,10.0625,2,9.5],"rotation":270,"texture":"#6"}}},{"from":[1.93488,12.89575,5.93639],"to":[3.43488,13.39575,7.43639],"rotation":{"angle":-22.5,"axis":"z","origin":[8,8,8]},"faces":{"north":{"uv":[11.875,1.5,11.5,1.625],"texture":"#6"},"east":{"uv":[11.875,1,11.5,1.125],"texture":"#6"},"south":{"uv":[11.875,0,11.5,0.125],"texture":"#6"},"west":{"uv":[11.125,11.25,10.75,11.375],"texture":"#6"},"up":{"uv":[9.125,8,8.75,8.375],"rotation":90,"texture":"#6"},"down":{"uv":[9.125,9.125,8.75,8.75],"rotation":270,"texture":"#6"}}},{"from":[2.93488,13.39575,5.93639],"to":[3.43488,13.89575,7.43639],"rotation":{"angle":-22.5,"axis":"z","origin":[8,8,8]},"faces":{"north":{"uv":[8.375,12.25,8.25,12.375],"texture":"#6"},"east":{"uv":[11.875,2.5,11.5,2.625],"texture":"#6"},"south":{"uv":[7.875,12.25,7.75,12.375],"texture":"#6"},"west":{"uv":[11.875,2,11.5,2.125],"texture":"#6"}}},{"from":[1.93488,13.39575,5.93639],"to":[2.43488,13.89575,7.43639],"rotation":{"angle":-22.5,"axis":"z","origin":[8,8,8]},"faces":{"north":{"uv":[8.875,12.25,8.75,12.375],"texture":"#6"},"east":{"uv":[11.875,3.5,11.5,3.625],"texture":"#6"},"south":{"uv":[12.375,8.5,12.25,8.625],"texture":"#6"},"west":{"uv":[11.875,3,11.5,3.125],"texture":"#6"}}},{"from":[1.93488,13.89575,5.93639],"to":[3.43488,14.39575,7.43639],"rotation":{"angle":-22.5,"axis":"z","origin":[8,8,8]},"faces":{"north":{"uv":[11.875,5,11.5,5.125],"texture":"#6"},"east":{"uv":[5.375,11.5,5,11.625],"texture":"#6"},"south":{"uv":[11.875,4.5,11.5,4.625],"texture":"#6"},"west":{"uv":[11.875,4,11.5,4.125],"texture":"#6"},"up":{"uv":[0.375,9,0,9.375],"rotation":90,"texture":"#6"},"down":{"uv":[1.125,9.375,0.75,9],"rotation":270,"texture":"#6"}}},{"from":[3.25,9.5,6.68639],"to":[3.75,13.75,6.70639],"rotation":{"angle":0,"axis":"y","origin":[8,8,8]},"faces":{"north":{"uv":[7.375,8.75,7.25,9.8125],"texture":"#6"},"south":{"uv":[5.375,8.75,5.25,9.8125],"texture":"#6"}}},{"from":[1.42893,8.20711,6.56139],"to":[1.92893,8.70711,6.81139],"rotation":{"angle":-45,"axis":"z","origin":[8,8,8]},"faces":{"north":{"uv":[12.625,0.5,12.5,0.625],"texture":"#6"},"south":{"uv":[0.625,12.5,0.5,12.625],"texture":"#6"},"up":{"uv":[4.5625,12.5,4.5,12.625],"rotation":90,"texture":"#6"},"down":{"uv":[5.0625,12.625,5,12.5],"rotation":270,"texture":"#6"}}},{"from":[1.42893,7.20711,6.56139],"to":[1.92893,7.70711,6.81139],"rotation":{"angle":-45,"axis":"z","origin":[8,8,8]},"faces":{"north":{"uv":[3.125,12.5,3,12.625],"texture":"#6"},"south":{"uv":[2.625,12.5,2.5,12.625],"texture":"#6"},"up":{"uv":[12.5625,5.25,12.5,5.375],"rotation":90,"texture":"#6"},"down":{"uv":[5.5625,12.625,5.5,12.5],"rotation":270,"texture":"#6"}}},{"from":[0.92893,7.20711,6.56139],"to":[1.42893,8.70711,6.81139],"rotation":{"angle":-45,"axis":"z","origin":[8,8,8]},"faces":{"north":{"uv":[4.125,11.75,4,12.125],"texture":"#6"},"east":{"uv":[6.3125,12.25,6.25,12.625],"texture":"#6"},"south":{"uv":[3.625,11.75,3.5,12.125],"texture":"#6"},"west":{"uv":[12.3125,4.5,12.25,4.875],"texture":"#6"},"up":{"uv":[12.5625,5.75,12.5,5.875],"rotation":90,"texture":"#6"},"down":{"uv":[12.5625,6.375,12.5,6.25],"rotation":270,"texture":"#6"}}},{"from":[1.92893,7.20711,6.56139],"to":[2.42893,8.70711,6.81139],"rotation":{"angle":-45,"axis":"z","origin":[8,8,8]},"faces":{"north":{"uv":[5.875,11.75,5.75,12.125],"texture":"#6"},"east":{"uv":[7.3125,12.25,7.25,12.625],"texture":"#6"},"south":{"uv":[4.625,11.75,4.5,12.125],"texture":"#6"},"west":{"uv":[6.8125,12.25,6.75,12.625],"texture":"#6"},"up":{"uv":[12.5625,6.75,12.5,6.875],"rotation":90,"texture":"#6"},"down":{"uv":[12.5625,7.375,12.5,7.25],"rotation":270,"texture":"#6"}}},{"from":[5.92157,13.65685,6.43639],"to":[7.17157,14.15685,6.93639],"rotation":{"angle":45,"axis":"z","origin":[8,8,8]},"faces":{"north":{"uv":[12.0625,11.75,11.75,11.875],"texture":"#6"},"east":{"uv":[4.125,12.5,4,12.625],"texture":"#6"},"south":{"uv":[11.3125,11.75,11,11.875],"texture":"#6"},"west":{"uv":[3.625,12.5,3.5,12.625],"texture":"#6"},"up":{"uv":[1.125,12,1,12.3125],"rotation":90,"texture":"#6"},"down":{"uv":[2.125,12.3125,2,12],"rotation":270,"texture":"#6"}}},{"from":[3.125,8.25,6.31139],"to":[3.875,9.5,7.06139],"rotation":{"angle":0,"axis":"y","origin":[8,8,8]},"faces":{"north":{"uv":[3.1875,11.25,3,11.5625],"texture":"#6"},"east":{"uv":[2.6875,11.25,2.5,11.5625],"texture":"#6"},"south":{"uv":[2.1875,11.25,2,11.5625],"texture":"#6"},"west":{"uv":[1.1875,11.25,1,11.5625],"texture":"#6"},"up":{"uv":[2.6875,12,2.5,12.1875],"rotation":90,"texture":"#6"},"down":{"uv":[3.1875,12.1875,3,12],"rotation":270,"texture":"#6"}}},{"from":[2.25,14.25,6.18639],"to":[5.25,15.25,7.18639],"rotation":{"angle":0,"axis":"y","origin":[8,8,8]},"faces":{"north":{"uv":[9,6.5,8.25,6.75],"texture":"#6"},"east":{"uv":[9.5,10.75,9.25,11],"texture":"#6"},"south":{"uv":[9,3,8.25,3.25],"texture":"#6"},"west":{"uv":[9,10.75,8.75,11],"texture":"#6"},"up":{"uv":[5,7.75,4.75,8.5],"rotation":90,"texture":"#6"},"down":{"uv":[1,8.75,0.75,8],"rotation":270,"texture":"#6"}}},{"from":[-0.08676,12.4977,6.18989],"to":[0.83824,13.4977,7.18289],"rotation":{"angle":-22.5,"axis":"z","origin":[8,8,8]},"faces":{"north":{"uv":[1.75,11,1.5,11.25],"texture":"#6"},"east":{"uv":[11,10.75,10.75,11],"texture":"#6"},"south":{"uv":[10.5,10.75,10.25,11],"texture":"#6"},"west":{"uv":[10,10.75,9.75,11],"texture":"#6"}}},{"from":[1.25,15.75,5.93639],"to":[3.75,16.75,7.43639],"rotation":{"angle":0,"axis":"y","origin":[8,8,8]},"faces":{"north":{"uv":[8.375,8.5,7.75,8.75],"texture":"#6"},"east":{"uv":[10.375,6.25,10,6.5],"texture":"#6"},"south":{"uv":[9.125,7.5,8.5,7.75],"texture":"#6"},"west":{"uv":[4.875,10,4.5,10.25],"texture":"#6"},"up":{"uv":[2.875,7.5,2.5,8.125],"rotation":90,"texture":"#6"},"down":{"uv":[7.875,3.125,7.5,2.5],"rotation":270,"texture":"#6"}}},{"from":[2,16.75,5.93639],"to":[3.75,17.25,7.43639],"rotation":{"angle":0,"axis":"y","origin":[8,8,8]},"faces":{"north":{"uv":[4.6875,11.25,4.25,11.375],"texture":"#6"},"east":{"uv":[12.125,0.5,11.75,0.625],"texture":"#6"},"south":{"uv":[3.9375,11.25,3.5,11.375],"texture":"#6"},"west":{"uv":[11.875,8.5,11.5,8.625],"texture":"#6"},"up":{"uv":[8.875,0,8.5,0.4375],"rotation":90,"texture":"#6"}}},{"from":[3.84837,17.96358,6.31139],"to":[4.84837,17.97358,7.06139],"rotation":{"angle":22.5,"axis":"z","origin":[8,8,8]},"faces":{"up":{"uv":[6.4375,11.75,6.25,12],"rotation":90,"texture":"#6"},"down":{"uv":[6.9375,12,6.75,11.75],"rotation":270,"texture":"#6"}}},{"from":[5.39124,13.12652,6.43639],"to":[6.64124,13.62652,6.93639],"rotation":{"angle":45,"axis":"z","origin":[8,8,8]},"faces":{"north":{"uv":[12.0625,11.75,11.75,11.875],"texture":"#6"},"east":{"uv":[4.125,12.5,4,12.625],"texture":"#6"},"south":{"uv":[11.3125,11.75,11,11.875],"texture":"#6"},"west":{"uv":[3.625,12.5,3.5,12.625],"texture":"#6"},"up":{"uv":[1.125,12,1,12.3125],"rotation":90,"texture":"#6"},"down":{"uv":[2.125,12.3125,2,12],"rotation":270,"texture":"#6"}}},{"from":[4.86091,12.59619,6.43639],"to":[6.11091,13.09619,6.93639],"rotation":{"angle":45,"axis":"z","origin":[8,8,8]},"faces":{"north":{"uv":[12.0625,11.75,11.75,11.875],"texture":"#6"},"east":{"uv":[4.125,12.5,4,12.625],"texture":"#6"},"south":{"uv":[11.3125,11.75,11,11.875],"texture":"#6"},"west":{"uv":[3.625,12.5,3.5,12.625],"texture":"#6"},"up":{"uv":[1.125,12,1,12.3125],"rotation":90,"texture":"#6"},"down":{"uv":[2.125,12.3125,2,12],"rotation":270,"texture":"#6"}}},{"from":[3.52513,6.23223,6.43639],"to":[4.77513,6.73223,6.93639],"rotation":{"angle":-45,"axis":"z","origin":[8,8,8]},"faces":{"north":{"uv":[11.75,11.75,12.0625,11.875],"texture":"#6"},"east":{"uv":[3.5,12.5,3.625,12.625],"texture":"#6"},"south":{"uv":[11,11.75,11.3125,11.875],"texture":"#6"},"west":{"uv":[4,12.5,4.125,12.625],"texture":"#6"},"up":{"uv":[1.125,12.3125,1,12],"rotation":90,"texture":"#6"},"down":{"uv":[2.125,12,2,12.3125],"rotation":270,"texture":"#6"}}},{"from":[2.9948,6.76256,6.43639],"to":[4.2448,7.26256,6.93639],"rotation":{"angle":-45,"axis":"z","origin":[8,8,8]},"faces":{"north":{"uv":[11.75,11.75,12.0625,11.875],"texture":"#6"},"east":{"uv":[3.5,12.5,3.625,12.625],"texture":"#6"},"south":{"uv":[11,11.75,11.3125,11.875],"texture":"#6"},"west":{"uv":[4,12.5,4.125,12.625],"texture":"#6"},"up":{"uv":[1.125,12.3125,1,12],"rotation":90,"texture":"#6"},"down":{"uv":[2.125,12,2,12.3125],"rotation":270,"texture":"#6"}}},{"from":[2.46447,7.29289,6.43639],"to":[3.71447,7.79289,6.93639],"rotation":{"angle":-45,"axis":"z","origin":[8,8,8]},"faces":{"north":{"uv":[11.75,11.75,12.0625,11.875],"texture":"#6"},"east":{"uv":[3.5,12.5,3.625,12.625],"texture":"#6"},"south":{"uv":[11,11.75,11.3125,11.875],"texture":"#6"},"west":{"uv":[4,12.5,4.125,12.625],"texture":"#6"},"up":{"uv":[1.125,12.3125,1,12],"rotation":90,"texture":"#6"},"down":{"uv":[2.125,12,2,12.3125],"rotation":270,"texture":"#6"}}},{"from":[1.17236,-3.75,11.23082],"to":[1.18236,17.25,12.23082],"rotation":{"angle":-45,"axis":"y","origin":[8,8,8]},"faces":{"east":{"uv":[2.66667,0,2,14],"texture":"#2"},"west":{"uv":[2,0,2.66667,14],"texture":"#2"}}},{"from":[2.40229,-3.75,2.92846],"to":[5.40229,17.25,2.93846],"rotation":{"angle":22.5,"axis":"y","origin":[8,8,8]},"faces":{"north":{"uv":[0,0,2,14],"texture":"#2"},"south":{"uv":[2,0,0,14],"texture":"#2"}}},{"from":[3.65923,-3.75,4.30861],"to":[6.65923,17.25,4.31861],"rotation":{"angle":0,"axis":"y","origin":[8,8,8]},"faces":{"north":{"uv":[7.33333,0,9.33333,14],"texture":"#2"},"south":{"uv":[9.33333,0,7.33333,14],"texture":"#2"}}},{"from":[-0.64291,-3.75,5.43247],"to":[-0.63291,17.25,8.43247],"rotation":{"angle":22.5,"axis":"y","origin":[8,8,8]},"faces":{"east":{"uv":[6.66667,0,4.66667,14],"texture":"#2"},"west":{"uv":[4.66667,0,6.66667,14],"texture":"#2"}}},{"from":[0.07302,-3.75,9.29594],"to":[0.08302,17.25,12.29594],"rotation":{"angle":-22.5,"axis":"y","origin":[8,8,8]},"faces":{"east":{"uv":[4.66667,0,2.66667,14],"texture":"#2"},"west":{"uv":[2.66667,0,4.66667,14],"texture":"#2"}}},{"from":[14.81764,-3.75,11.23082],"to":[14.82764,17.25,12.23082],"rotation":{"angle":45,"axis":"y","origin":[8,8,8]},"faces":{"east":{"uv":[2.66667,0,2,14],"texture":"#2"},"west":{"uv":[2,0,2.66667,14],"texture":"#2"}}},{"from":[10.59771,-3.75,2.92846],"to":[13.59771,17.25,2.93846],"rotation":{"angle":-22.5,"axis":"y","origin":[8,8,8]},"faces":{"north":{"uv":[2,0,0,14],"texture":"#2"},"south":{"uv":[0,0,2,14],"texture":"#2"}}},{"from":[9.34077,-3.75,4.30861],"to":[12.34077,17.25,4.31861],"rotation":{"angle":0,"axis":"y","origin":[8,8,8]},"faces":{"north":{"uv":[9.33333,0,7.33333,14],"texture":"#2"},"south":{"uv":[7.33333,0,9.33333,14],"texture":"#2"}}},{"from":[16.63291,-3.75,5.43247],"to":[16.64291,17.25,8.43247],"rotation":{"angle":-22.5,"axis":"y","origin":[8,8,8]},"faces":{"east":{"uv":[6.66667,0,4.66667,14],"texture":"#2"},"west":{"uv":[4.66667,0,6.66667,14],"texture":"#2"}}},{"from":[15.91698,-3.75,9.29594],"to":[15.92698,17.25,12.29594],"rotation":{"angle":22.5,"axis":"y","origin":[8,8,8]},"faces":{"east":{"uv":[4.66667,0,2.66667,14],"texture":"#2"},"west":{"uv":[2.66667,0,4.66667,14],"texture":"#2"}}},{"from":[4.95818,10.04182,6.81139],"to":[5.95818,11.04182,10.81139],"rotation":{"angle":-45,"axis":"z","origin":[8,8,8]},"faces":{"north":{"uv":[11,3.75,11.25,4],"texture":"#6"},"east":{"uv":[6.25,1.5,7.25,1.75],"texture":"#6"},"south":{"uv":[11,2,11.25,2.25],"texture":"#6"},"west":{"uv":[6.5,4.5,7.5,4.75],"texture":"#6"},"up":{"uv":[7.75,4.25,6.75,4],"rotation":90,"texture":"#6"},"down":{"uv":[7.75,5,6.75,5.25],"rotation":270,"texture":"#6"}}},{"from":[10.2893,4.7107,6.81139],"to":[11.2893,5.7107,10.81139],"rotation":{"angle":-45,"axis":"z","origin":[8,8,8]},"faces":{"north":{"uv":[11.25,0.5,11.5,0.75],"texture":"#6"},"east":{"uv":[6.75,5.5,7.75,5.75],"texture":"#6"},"south":{"uv":[0.5,11.25,0.75,11.5],"texture":"#6"},"west":{"uv":[6.75,6,7.75,6.25],"texture":"#6"},"up":{"uv":[8,2.25,7,2],"rotation":90,"texture":"#6"},"down":{"uv":[8,6.5,7,6.75],"rotation":270,"texture":"#6"}}},{"from":[13.63975,6.625,4.97069],"to":[14.38975,7.375,5.72069],"rotation":{"angle":-22.5,"axis":"y","origin":[8,8,8]},"faces":{"north":{"uv":[12,6.5,12.1875,6.6875],"texture":"#6"},"east":{"uv":[5,12,5.1875,12.1875],"texture":"#6"},"south":{"uv":[12,5.5,12.1875,5.6875],"texture":"#6"},"west":{"uv":[12,6,12.1875,6.1875],"texture":"#6"},"up":{"uv":[12.1875,7.1875,12,7],"rotation":90,"texture":"#6"},"down":{"uv":[12.1875,7.5,12,7.6875],"rotation":270,"texture":"#6"}}},{"from":[10.63975,6.75,5.09569],"to":[13.63975,7.25,5.59569],"rotation":{"angle":-22.5,"axis":"y","origin":[8,8,8]},"faces":{"north":{"uv":[10.25,0.5,11,0.625],"texture":"#6"},"south":{"uv":[0,10.25,0.75,10.375],"texture":"#6"},"up":{"uv":[1.125,11,1,10.25],"rotation":90,"texture":"#6"},"down":{"uv":[10.375,1,10.25,1.75],"rotation":270,"texture":"#6"}}},{"from":[10.88975,-3.75,5.34569],"to":[13.88975,6.75,5.37569],"rotation":{"angle":-22.5,"axis":"y","origin":[8,8,8]},"faces":{"north":{"uv":[3,0,3.75,2.625],"texture":"#6"},"south":{"uv":[3.75,0,3,2.625],"texture":"#6"}}},{"from":[2.11025,-3.75,5.34569],"to":[5.11025,6.75,5.37569],"rotation":{"angle":22.5,"axis":"y","origin":[8,8,8]},"faces":{"north":{"uv":[3.75,0,3,2.625],"texture":"#6"},"south":{"uv":[3,0,3.75,2.625],"texture":"#6"}}},{"from":[1.61025,6.625,4.97069],"to":[2.36025,7.375,5.72069],"rotation":{"angle":22.5,"axis":"y","origin":[8,8,8]},"faces":{"north":{"uv":[12.1875,6.5,12,6.6875],"texture":"#6"},"east":{"uv":[12.1875,6,12,6.1875],"texture":"#6"},"south":{"uv":[12.1875,5.5,12,5.6875],"texture":"#6"},"west":{"uv":[5.1875,12,5,12.1875],"texture":"#6"},"up":{"uv":[12.1875,7,12,7.1875],"rotation":90,"texture":"#6"},"down":{"uv":[12.1875,7.6875,12,7.5],"rotation":270,"texture":"#6"}}},{"from":[2.36025,6.75,5.09569],"to":[5.36025,7.25,5.59569],"rotation":{"angle":22.5,"axis":"y","origin":[8,8,8]},"faces":{"north":{"uv":[11,0.5,10.25,0.625],"texture":"#6"},"south":{"uv":[0.75,10.25,0,10.375],"texture":"#6"},"up":{"uv":[1.125,10.25,1,11],"rotation":90,"texture":"#6"},"down":{"uv":[10.375,1.75,10.25,1],"rotation":270,"texture":"#6"}}}],"gui_light":"front","display":{"thirdperson_righthand":{"rotation":[30,-30,0],"translation":[1.75,0.5,-2.25]},"thirdperson_lefthand":{"rotation":[30,-30,0],"translation":[1.75,0.5,-2.25]},"firstperson_righthand":{"rotation":[0,0,4],"translation":[-8.5,1.75,1.25],"scale":[0.7,0.7,0.7]},"firstperson_lefthand":{"rotation":[0,0,4],"translation":[-8.5,1.75,1.25],"scale":[0.7,0.7,0.7]},"ground":{"rotation":[45,0,0],"translation":[0,5,0],"scale":[0.7,0.7,0.7]},"gui":{"rotation":[0,180,-45],"translation":[-0.25,0.25,0],"scale":[0.75,0.75,0.75]},"fixed":{"translation":[0,0,-2.5],"scale":[2,2,2]}},"groups":[{"name":"shield","origin":[7.31139,9.25,4.5],"color":0,"children":[0,1,2,3,4,5,6,7,8,9,10,11,12,13,14,15,16,17,18,19,20,21,22,23,24,25,26,27,28,29,30,31,32,33,34,35,36,37,38,39,40,41,42,43,44,45,46,47,48,49,50,51,52,53,54,55,56,57,58,59,60,61,62,63,64,65,66,67,68,69,70,71,72,73,74,75,76,77,78,79,80,81,82,83,84,85,86,87,88,89,90,91,92,93,94,95,96,97,98,99,100,101,102,103,104,105,106,107,108,109,110,111,112,113,114,115]}],"mcmodels":"2238fb43fad87426eb3c95ab6631a4ea"}