{"credit":"Pologony Creation Co.,Ltd.","texture_size":[48,48],"textures":{"2":"plny_lunar_new_year_2025:animated/animated_4","4":"plny_lunar_new_year_2025:animated/animated_2","6":"plny_lunar_new_year_2025:shovel","particle":"plny_lunar_new_year_2025:animated/animated_4"},"elements":[{"from":[7,-2.5,7],"to":[9,-2,9],"rotation":{"angle":0,"axis":"y","origin":[7,-2.5,7]},"faces":{"north":{"uv":[13,1.33333,13.66667,1.5],"texture":"#6"},"east":{"uv":[13,2,13.66667,2.16667],"texture":"#6"},"south":{"uv":[3.33333,13,4,13.16667],"texture":"#6"},"west":{"uv":[13,3.33333,13.66667,3.5],"texture":"#6"},"up":{"uv":[8.33333,0.66667,7.66667,0],"texture":"#6"},"down":{"uv":[2.33333,7.66667,1.66667,8.33333],"texture":"#6"}}},{"from":[7.125,-2,7.125],"to":[8.875,0,8.875],"rotation":{"angle":0,"axis":"y","origin":[7.125,-2,6.875]},"faces":{"north":{"uv":[8.66667,7,9.25,7.66667],"texture":"#6"},"east":{"uv":[8.66667,8,9.25,8.66667],"texture":"#6"},"south":{"uv":[9,1,9.58333,1.66667],"texture":"#6"},"west":{"uv":[9,2,9.58333,2.66667],"texture":"#6"}}},{"from":[7.25,0.5,7.25],"to":[8.75,1.5,8.75],"rotation":{"angle":0,"axis":"y","origin":[7.25,0.5,6.75]},"faces":{"north":{"uv":[11.66667,0.66667,12.16667,1],"texture":"#6"},"east":{"uv":[2.66667,11.66667,3.16667,12],"texture":"#6"},"south":{"uv":[11.66667,3,12.16667,3.33333],"texture":"#6"},"west":{"uv":[3.66667,11.66667,4.16667,12],"texture":"#6"},"up":{"uv":[11.16667,1.16667,10.66667,0.66667],"texture":"#6"}}},{"from":[7.375,1.5,7.375],"to":[8.625,4.5,8.625],"rotation":{"angle":0,"axis":"y","origin":[7.375,2.5,6.625]},"faces":{"north":{"uv":[7.66667,8,8.08333,9],"texture":"#6"},"east":{"uv":[0,8.33333,0.41667,9.33333],"texture":"#6"},"south":{"uv":[1.66667,8.66667,2.08333,9.66667],"texture":"#6"},"west":{"uv":[8.66667,3.33333,9.08333,4.33333],"texture":"#6"}}},{"from":[7,0,7],"to":[9,0.5,9],"rotation":{"angle":0,"axis":"y","origin":[7,0,7]},"faces":{"north":{"uv":[4.33333,13,5,13.16667],"texture":"#6"},"east":{"uv":[13,6.66667,13.66667,6.83333],"texture":"#6"},"south":{"uv":[7,13,7.66667,13.16667],"texture":"#6"},"west":{"uv":[13,7.33333,13.66667,7.5],"texture":"#6"},"up":{"uv":[8.33333,4,7.66667,3.33333],"texture":"#6"},"down":{"uv":[8.33333,6,7.66667,6.66667],"texture":"#6"}}},{"from":[7,7,7],"to":[9,7.5,9],"rotation":{"angle":0,"axis":"y","origin":[7,7.5,7]},"faces":{"north":{"uv":[13,8,13.66667,8.16667],"texture":"#6"},"east":{"uv":[13,8.66667,13.66667,8.83333],"texture":"#6"},"south":{"uv":[13,9.33333,13.66667,9.5],"texture":"#6"},"west":{"uv":[13,10,13.66667,10.16667],"texture":"#6"},"up":{"uv":[8.33333,7.66667,7.66667,7],"texture":"#6"},"down":{"uv":[8.66667,1,8,1.66667],"texture":"#6"}}},{"from":[7,5.5,7],"to":[9,6,9],"rotation":{"angle":0,"axis":"y","origin":[7,6,7]},"faces":{"north":{"uv":[13,10.66667,13.66667,10.83333],"texture":"#6"},"east":{"uv":[13,11.33333,13.66667,11.5],"texture":"#6"},"south":{"uv":[12,13,12.66667,13.16667],"texture":"#6"},"west":{"uv":[13,12,13.66667,12.16667],"texture":"#6"},"up":{"uv":[3.33333,8.66667,2.66667,8],"texture":"#6"},"down":{"uv":[4.33333,8,3.66667,8.66667],"texture":"#6"}}},{"from":[7.125,6,7.125],"to":[8.875,7,8.875],"rotation":{"angle":0,"axis":"y","origin":[7.125,8,6.875]},"faces":{"north":{"uv":[11.33333,8.33333,11.91667,8.66667],"texture":"#6"},"east":{"uv":[11.33333,9,11.91667,9.33333],"texture":"#6"},"south":{"uv":[11.33333,9.66667,11.91667,10],"texture":"#6"},"west":{"uv":[11.33333,10.33333,11.91667,10.66667],"texture":"#6"}}},{"from":[7.25,4.5,7.25],"to":[8.75,5.5,8.75],"rotation":{"angle":0,"axis":"y","origin":[7.25,5.5,6.75]},"faces":{"north":{"uv":[4.66667,11.66667,5.16667,12],"texture":"#6"},"east":{"uv":[11.66667,4.66667,12.16667,5],"texture":"#6"},"south":{"uv":[7,11.66667,7.5,12],"texture":"#6"},"west":{"uv":[0,12,0.5,12.33333],"texture":"#6"},"down":{"uv":[2.83333,10.66667,2.33333,11.16667],"texture":"#6"}}},{"from":[6.75,10.5,6.5],"to":[9.25,11.75,9.5],"rotation":{"angle":0,"axis":"y","origin":[7,10,6.5]},"faces":{"east":{"uv":[8.66667,0,9.66667,0.41667],"texture":"#6"},"west":{"uv":[8.66667,4.66667,9.66667,5.08333],"texture":"#6"},"up":{"uv":[7.16667,1,6.33333,0],"texture":"#6"},"down":{"uv":[7.16667,3.33333,6.33333,4.33333],"texture":"#6"}}},{"from":[6.7475,9.19382,6.43612],"to":[9.2525,10.54382,7.43612],"rotation":{"angle":-22.5,"axis":"x","origin":[6.9975,8.79382,3.93612]},"faces":{"north":{"uv":[2.66667,9,3.5,9.41667],"texture":"#6"},"east":{"uv":[12.33333,8,12.66667,8.41667],"texture":"#6"},"south":{"uv":[4,9,4.83333,9.41667],"texture":"#6"},"west":{"uv":[12.33333,9,12.66667,9.41667],"texture":"#6"},"up":{"uv":[9.5,10.33333,8.66667,10],"texture":"#6"},"down":{"uv":[10.83333,8.66667,10,9],"texture":"#6"}}},{"from":[6.7475,9.19382,8.56388],"to":[9.2525,10.54382,9.56388],"rotation":{"angle":22.5,"axis":"x","origin":[6.9975,8.79382,12.06388]},"faces":{"north":{"uv":[5.33333,9,6.16667,9.41667],"texture":"#6"},"east":{"uv":[12.33333,10,12.66667,10.41667],"texture":"#6"},"south":{"uv":[8.66667,9,9.5,9.41667],"texture":"#6"},"west":{"uv":[11.33333,12.33333,11.66667,12.75],"texture":"#6"},"up":{"uv":[10.83333,9.66667,10,9.33333],"texture":"#6"},"down":{"uv":[10.83333,10,10,10.33333],"texture":"#6"}}},{"from":[7,11.75,3],"to":[9,12.75,13],"rotation":{"angle":0,"axis":"y","origin":[7,11.75,4]},"faces":{"north":{"uv":[8,2,8.66667,2.33333],"texture":"#6"},"east":{"uv":[4.66667,5.33333,8,5.66667],"texture":"#6"},"south":{"uv":[11,1.66667,11.66667,2],"texture":"#6"},"west":{"uv":[3.66667,6,7,6.33333],"texture":"#6"},"up":{"uv":[4.33333,5.33333,3.66667,2],"texture":"#6"},"down":{"uv":[2.33333,4,1.66667,7.33333],"texture":"#6"}}},{"from":[7,10.75,5],"to":[9,11.75,11],"rotation":{"angle":0,"axis":"y","origin":[7,10.75,4]},"faces":{"north":{"uv":[11,2.33333,11.66667,2.66667],"texture":"#6"},"east":{"uv":[6.33333,4.66667,8.33333,5],"texture":"#6"},"south":{"uv":[11,4,11.66667,4.33333],"texture":"#6"},"west":{"uv":[6.66667,2.66667,8.66667,3],"texture":"#6"},"down":{"uv":[3.33333,4,2.66667,6],"texture":"#6"}}},{"from":[7.0035,10.90328,4.7706],"to":[8.9965,11.90328,5.7706],"rotation":{"angle":-22.5,"axis":"x","origin":[8.0035,11.40328,5.2706]},"faces":{"north":{"uv":[7,11,7.66667,11.33333],"texture":"#6"},"east":{"uv":[2,13,2.33333,13.33333],"texture":"#6"},"west":{"uv":[13,12.66667,13.33333,13],"texture":"#6"}}},{"from":[7.0085,11.59619,3.94239],"to":[8.9915,12.59619,5.44239],"rotation":{"angle":22.5,"axis":"x","origin":[8.0085,12.09619,4.44239]},"faces":{"east":{"uv":[1,12,1.5,12.33333],"texture":"#6"},"west":{"uv":[12,1.33333,12.5,1.66667],"texture":"#6"},"down":{"uv":[8.33333,9.33333,7.66667,9.83333],"texture":"#6"}}},{"from":[7.0085,11.59619,10.55761],"to":[8.9915,12.59619,12.05761],"rotation":{"angle":-22.5,"axis":"x","origin":[8.0085,12.09619,11.55761]},"faces":{"east":{"uv":[12,2,12.5,2.33333],"texture":"#6"},"west":{"uv":[12,3.66667,12.5,4],"texture":"#6"},"down":{"uv":[0.66667,9.66667,0,10.16667],"texture":"#6"}}},{"from":[7.0035,10.90328,10.2294],"to":[8.9965,11.90328,11.2294],"rotation":{"angle":22.5,"axis":"x","origin":[8.0035,11.40328,10.7294]},"faces":{"east":{"uv":[0,13.33333,0.33333,13.66667],"texture":"#6"},"south":{"uv":[0,11.33333,0.66667,11.66667],"texture":"#6"},"west":{"uv":[13.33333,0,13.66667,0.33333],"texture":"#6"}}},{"from":[7.5,12.75,6.25],"to":[8.5,17,9.75],"rotation":{"angle":0,"axis":"y","origin":[7.5,12.75,6]},"faces":{"north":{"uv":[1,7,1.33333,8.41667],"texture":"#6"},"east":{"uv":[4.66667,3.33333,5.83333,4.75],"texture":"#6"},"south":{"uv":[7,6.66667,7.33333,8.08333],"texture":"#6"},"west":{"uv":[0,5,1.16667,6.41667],"texture":"#6"},"up":{"uv":[1.33333,10.16667,1,9],"texture":"#6"}}},{"from":[7.625,12.34777,4.47783],"to":[8.375,15.09777,6.72783],"rotation":{"angle":-22.5,"axis":"x","origin":[8.125,14.09777,5.47783]},"faces":{"north":{"uv":[10.66667,7.33333,10.91667,8.25],"texture":"#6"},"east":{"uv":[6.66667,1.33333,7.41667,2.25],"texture":"#6"},"west":{"uv":[2.66667,6.66667,3.41667,7.58333],"texture":"#6"},"up":{"uv":[11.58333,11.75,11.33333,11],"texture":"#6"},"down":{"uv":[2.25,11.66667,2,12.41667],"texture":"#6"}}},{"from":[6.5035,12.5,7],"to":[7.9965,13.5,9],"rotation":{"angle":0,"axis":"y","origin":[6.5035,12.5,7]},"faces":{"east":{"uv":[11.33333,0,12,0.33333],"texture":"#6"},"west":{"uv":[1,11.33333,1.66667,11.66667],"texture":"#6"},"up":{"uv":[10.16667,3.66667,9.66667,3],"texture":"#6"},"down":{"uv":[10.16667,5.66667,9.66667,6.33333],"texture":"#6"}}},{"from":[6.75,13.5,7.25],"to":[7.75,14,8.75],"rotation":{"angle":0,"axis":"y","origin":[6.5,13.5,7]},"faces":{"north":{"uv":[14.66667,0,15,0.16667],"texture":"#6"},"east":{"uv":[13.66667,4,14.16667,4.16667],"texture":"#6"},"south":{"uv":[0.66667,14.66667,1,14.83333],"texture":"#6"},"west":{"uv":[6,13.66667,6.5,13.83333],"texture":"#6"},"up":{"uv":[6,12.16667,5.66667,11.66667],"texture":"#6"}}},{"from":[6.5,13.26537,6.40224],"to":[8,14.34037,7.15224],"rotation":{"angle":22.5,"axis":"x","origin":[6.5,13.26537,5.15224]},"faces":{"north":{"uv":[12,6.66667,12.5,7],"texture":"#6"},"east":{"uv":[4.66667,13.66667,4.91667,14],"texture":"#6"},"south":{"uv":[12,7.33333,12.5,7.66667],"texture":"#6"},"west":{"uv":[7,13.66667,7.25,14],"texture":"#6"},"up":{"uv":[12.5,12.58333,12,12.33333],"texture":"#6"},"down":{"uv":[0.5,12.66667,0,12.91667],"texture":"#6"}}},{"from":[6.5,12.11732,9.07612],"to":[8,13.19232,9.82612],"rotation":{"angle":-22.5,"axis":"x","origin":[6.5,12.11732,8.07612]},"faces":{"north":{"uv":[12,11,12.5,11.33333],"texture":"#6"},"east":{"uv":[8.66667,13.66667,8.91667,14],"texture":"#6"},"south":{"uv":[12,11.66667,12.5,12],"texture":"#6"},"west":{"uv":[9.33333,13.66667,9.58333,14],"texture":"#6"},"up":{"uv":[13.16667,0.91667,12.66667,0.66667],"texture":"#6"},"down":{"uv":[1.5,12.66667,1,12.91667],"texture":"#6"}}},{"from":[8.25,13.5,7.25],"to":[9.25,14,8.75],"rotation":{"angle":0,"axis":"y","origin":[9.5,13.5,7]},"faces":{"north":{"uv":[14.66667,0.66667,15,0.83333],"texture":"#6"},"east":{"uv":[10,13.66667,10.5,13.83333],"texture":"#6"},"south":{"uv":[1.33333,14.66667,1.66667,14.83333],"texture":"#6"},"west":{"uv":[11.66667,13.66667,12.16667,13.83333],"texture":"#6"},"up":{"uv":[3,12.83333,2.66667,12.33333],"texture":"#6"}}},{"from":[8,13.26537,6.40224],"to":[9.5,14.34037,7.15224],"rotation":{"angle":22.5,"axis":"x","origin":[9.5,13.26537,5.15224]},"faces":{"north":{"uv":[12.33333,0,12.83333,0.33333],"texture":"#6"},"east":{"uv":[13.66667,12.66667,13.91667,13],"texture":"#6"},"south":{"uv":[3.33333,12.33333,3.83333,12.66667],"texture":"#6"},"west":{"uv":[13.66667,13.33333,13.91667,13.66667],"texture":"#6"},"up":{"uv":[13.16667,2.91667,12.66667,2.66667],"texture":"#6"},"down":{"uv":[13.16667,4.33333,12.66667,4.58333],"texture":"#6"}}},{"from":[8.0035,12.5,7],"to":[9.4965,13.5,9],"rotation":{"angle":0,"axis":"y","origin":[9.4965,12.5,7]},"faces":{"east":{"uv":[11.33333,5.33333,12,5.66667],"texture":"#6"},"west":{"uv":[11.33333,6,12,6.33333],"texture":"#6"},"up":{"uv":[10.16667,7.33333,9.66667,6.66667],"texture":"#6"},"down":{"uv":[10.16667,7.66667,9.66667,8.33333],"texture":"#6"}}},{"from":[8,12.11732,9.07612],"to":[9.5,13.19232,9.82612],"rotation":{"angle":-22.5,"axis":"x","origin":[9.5,12.11732,8.07612]},"faces":{"north":{"uv":[4.33333,12.33333,4.83333,12.66667],"texture":"#6"},"east":{"uv":[0,14,0.25,14.33333],"texture":"#6"},"south":{"uv":[12.33333,5.33333,12.83333,5.66667],"texture":"#6"},"west":{"uv":[14,0,14.25,0.33333],"texture":"#6"},"up":{"uv":[5.83333,12.91667,5.33333,12.66667],"texture":"#6"},"down":{"uv":[8.5,12.66667,8,12.91667],"texture":"#6"}}},{"from":[7.25,12.5,4.5],"to":[8.75,13,6],"rotation":{"angle":22.5,"axis":"x","origin":[7.375,13.25,5.25]},"faces":{"north":{"uv":[0.66667,14,1.16667,14.16667],"texture":"#6"},"east":{"uv":[14,1.33333,14.5,1.5],"texture":"#6"},"south":{"uv":[14,2,14.5,2.16667],"texture":"#6"},"west":{"uv":[14,3.33333,14.5,3.5],"texture":"#6"},"up":{"uv":[11.16667,3.5,10.66667,3],"texture":"#6"},"down":{"uv":[3.83333,10.66667,3.33333,11.16667],"texture":"#6"}}},{"from":[7.25,13,5.5],"to":[8.75,13.5,6],"rotation":{"angle":22.5,"axis":"x","origin":[7.375,13.25,5.25]},"faces":{"north":{"uv":[14,4.66667,14.5,4.83333],"texture":"#6"},"east":{"uv":[15,3.33333,15.16667,3.5],"texture":"#6"},"south":{"uv":[14,5.33333,14.5,5.5],"texture":"#6"},"west":{"uv":[6,15,6.16667,15.16667],"texture":"#6"}}},{"from":[7.25,13,4.5],"to":[8.75,13.5,5],"rotation":{"angle":22.5,"axis":"x","origin":[7.375,13.25,5.25]},"faces":{"north":{"uv":[14,6,14.5,6.16667],"texture":"#6"},"east":{"uv":[6.66667,15,6.83333,15.16667],"texture":"#6"},"south":{"uv":[14,6.66667,14.5,6.83333],"texture":"#6"},"west":{"uv":[15,6.66667,15.16667,6.83333],"texture":"#6"}}},{"from":[7.25,13.5,4.5],"to":[8.75,14,6],"rotation":{"angle":22.5,"axis":"x","origin":[7.375,13.25,5.25]},"faces":{"north":{"uv":[14,7.33333,14.5,7.5],"texture":"#6"},"east":{"uv":[7.66667,14,8.16667,14.16667],"texture":"#6"},"south":{"uv":[14,8,14.5,8.16667],"texture":"#6"},"west":{"uv":[14,8.66667,14.5,8.83333],"texture":"#6"},"up":{"uv":[4.83333,11.16667,4.33333,10.66667],"texture":"#6"},"down":{"uv":[5.83333,10.66667,5.33333,11.16667],"texture":"#6"}}},{"from":[7.625,-3.75,7.25],"to":[8.375,-2.25,7.75],"rotation":{"angle":-45,"axis":"x","origin":[8,-3,8]},"faces":{"north":{"uv":[6.33333,12.66667,6.58333,13.16667],"texture":"#6"},"east":{"uv":[2.66667,14,2.83333,14.5],"texture":"#6"},"south":{"uv":[9,12.66667,9.25,13.16667],"texture":"#6"},"west":{"uv":[5.33333,14,5.5,14.5],"texture":"#6"},"up":{"uv":[14.91667,4.16667,14.66667,4],"texture":"#6"},"down":{"uv":[7.91667,14.66667,7.66667,14.83333],"texture":"#6"}}},{"from":[7.625,-3.75,7.75],"to":[8.375,-3.25,8.25],"rotation":{"angle":-45,"axis":"x","origin":[8,-3,8]},"faces":{"east":{"uv":[15,7.33333,15.16667,7.5],"texture":"#6"},"west":{"uv":[15,8,15.16667,8.16667],"texture":"#6"},"up":{"uv":[14.91667,9.5,14.66667,9.33333],"texture":"#6"},"down":{"uv":[14.91667,10,14.66667,10.16667],"texture":"#6"}}},{"from":[7.625,-3.75,8.25],"to":[8.375,-2.25,8.75],"rotation":{"angle":-45,"axis":"x","origin":[8,-3,8]},"faces":{"north":{"uv":[9.66667,12.66667,9.91667,13.16667],"texture":"#6"},"east":{"uv":[14,9.33333,14.16667,9.83333],"texture":"#6"},"south":{"uv":[10.33333,12.66667,10.58333,13.16667],"texture":"#6"},"west":{"uv":[14,10.33333,14.16667,10.83333],"texture":"#6"},"up":{"uv":[14.91667,10.83333,14.66667,10.66667],"texture":"#6"},"down":{"uv":[14.91667,11.33333,14.66667,11.5],"texture":"#6"}}},{"from":[7.625,-2.75,7.75],"to":[8.375,-2.25,8.25],"rotation":{"angle":-45,"axis":"x","origin":[8,-3,8]},"faces":{"east":{"uv":[8.33333,15,8.5,15.16667],"texture":"#6"},"west":{"uv":[15,8.66667,15.16667,8.83333],"texture":"#6"},"up":{"uv":[15.25,1.5,15,1.33333],"texture":"#6"},"down":{"uv":[15.25,2,15,2.16667],"texture":"#6"}}},{"from":[7.995,7.5,3.25],"to":[8.015,11.75,3.75],"rotation":{"angle":0,"axis":"y","origin":[7.995,8.75,3.75]},"faces":{"east":{"uv":[10,10.66667,10.16667,12.08333],"texture":"#6"},"west":{"uv":[10.66667,10.66667,10.83333,12.08333],"texture":"#6"}}},{"from":[7.87,10.68934,3.25],"to":[8.12,11.18934,3.75],"rotation":{"angle":45,"axis":"x","origin":[7.995,10.43934,3.5]},"faces":{"east":{"uv":[9,15,9.16667,15.16667],"texture":"#6"},"west":{"uv":[9.66667,15,9.83333,15.16667],"texture":"#6"},"up":{"uv":[15.08333,13.83333,15,13.66667],"texture":"#6"},"down":{"uv":[14.08333,15,14,15.16667],"texture":"#6"}}},{"from":[7.87,9.68934,3.25],"to":[8.12,10.18934,3.75],"rotation":{"angle":45,"axis":"x","origin":[7.995,10.43934,3.5]},"faces":{"east":{"uv":[11,15,11.16667,15.16667],"texture":"#6"},"west":{"uv":[11.66667,15,11.83333,15.16667],"texture":"#6"},"up":{"uv":[15.08333,14.5,15,14.33333],"texture":"#6"},"down":{"uv":[14.75,15,14.66667,15.16667],"texture":"#6"}}},{"from":[7.87,9.68934,2.75],"to":[8.12,11.18934,3.25],"rotation":{"angle":45,"axis":"x","origin":[7.995,10.43934,3.5]},"faces":{"north":{"uv":[2.66667,15,2.75,15.5],"texture":"#6"},"east":{"uv":[11,14,11.16667,14.5],"texture":"#6"},"south":{"uv":[15,4.66667,15.08333,5.16667],"texture":"#6"},"west":{"uv":[14,11.33333,14.16667,11.83333],"texture":"#6"},"up":{"uv":[0.08333,15.5,0,15.33333],"texture":"#6"},"down":{"uv":[15.41667,0,15.33333,0.16667],"texture":"#6"}}},{"from":[7.87,9.68934,3.75],"to":[8.12,11.18934,4.25],"rotation":{"angle":45,"axis":"x","origin":[7.995,10.43934,3.5]},"faces":{"north":{"uv":[5.33333,15,5.41667,15.5],"texture":"#6"},"east":{"uv":[13.66667,14,13.83333,14.5],"texture":"#6"},"south":{"uv":[15,5.66667,15.08333,6.16667],"texture":"#6"},"west":{"uv":[4.66667,14.33333,4.83333,14.83333],"texture":"#6"},"up":{"uv":[0.75,15.5,0.66667,15.33333],"texture":"#6"},"down":{"uv":[15.41667,0.66667,15.33333,0.83333],"texture":"#6"}}},{"from":[7.745,8,2.75],"to":[8.245,8.5,4],"rotation":{"angle":-45,"axis":"x","origin":[7.745,8,2]},"faces":{"north":{"uv":[15,13,15.16667,13.16667],"texture":"#6"},"east":{"uv":[11.66667,14.33333,12.08333,14.5],"texture":"#6"},"south":{"uv":[13.33333,15,13.5,15.16667],"texture":"#6"},"west":{"uv":[14.33333,12.33333,14.75,12.5],"texture":"#6"},"up":{"uv":[10.5,14.75,10.33333,14.33333],"texture":"#6"},"down":{"uv":[12.83333,14.33333,12.66667,14.75],"texture":"#6"}}},{"from":[7.745,7.25,2.75],"to":[8.245,7.75,4],"rotation":{"angle":-45,"axis":"x","origin":[7.745,7.25,2]},"faces":{"north":{"uv":[15,13,15.16667,13.16667],"texture":"#6"},"east":{"uv":[11.66667,14.33333,12.08333,14.5],"texture":"#6"},"south":{"uv":[13.33333,15,13.5,15.16667],"texture":"#6"},"west":{"uv":[14.33333,12.33333,14.75,12.5],"texture":"#6"},"up":{"uv":[10.5,14.75,10.33333,14.33333],"texture":"#6"},"down":{"uv":[12.83333,14.33333,12.66667,14.75],"texture":"#6"}}},{"from":[7.745,6.5,2.75],"to":[8.245,7,4],"rotation":{"angle":-45,"axis":"x","origin":[7.745,6.5,2]},"faces":{"north":{"uv":[15,13,15.16667,13.16667],"texture":"#6"},"east":{"uv":[11.66667,14.33333,12.08333,14.5],"texture":"#6"},"south":{"uv":[13.33333,15,13.5,15.16667],"texture":"#6"},"west":{"uv":[14.33333,12.33333,14.75,12.5],"texture":"#6"},"up":{"uv":[10.5,14.75,10.33333,14.33333],"texture":"#6"},"down":{"uv":[12.83333,14.33333,12.66667,14.75],"texture":"#6"}}},{"from":[7.745,8,3],"to":[8.245,8.5,4.25],"rotation":{"angle":45,"axis":"x","origin":[7.745,8,5]},"faces":{"north":{"uv":[13.5,15,13.33333,15.16667],"texture":"#6"},"east":{"uv":[12.08333,14.33333,11.66667,14.5],"texture":"#6"},"south":{"uv":[15.16667,13,15,13.16667],"texture":"#6"},"west":{"uv":[14.75,12.33333,14.33333,12.5],"texture":"#6"},"up":{"uv":[10.5,14.33333,10.33333,14.75],"texture":"#6"},"down":{"uv":[12.83333,14.75,12.66667,14.33333],"texture":"#6"}}},{"from":[7.745,7.25,3],"to":[8.245,7.75,4.25],"rotation":{"angle":45,"axis":"x","origin":[7.745,7.25,5]},"faces":{"north":{"uv":[13.5,15,13.33333,15.16667],"texture":"#6"},"east":{"uv":[12.08333,14.33333,11.66667,14.5],"texture":"#6"},"south":{"uv":[15.16667,13,15,13.16667],"texture":"#6"},"west":{"uv":[14.75,12.33333,14.33333,12.5],"texture":"#6"},"up":{"uv":[10.5,14.33333,10.33333,14.75],"texture":"#6"},"down":{"uv":[12.83333,14.75,12.66667,14.33333],"texture":"#6"}}},{"from":[7.745,6.5,3],"to":[8.245,7,4.25],"rotation":{"angle":45,"axis":"x","origin":[7.745,6.5,5]},"faces":{"north":{"uv":[13.5,15,13.33333,15.16667],"texture":"#6"},"east":{"uv":[12.08333,14.33333,11.66667,14.5],"texture":"#6"},"south":{"uv":[15.16667,13,15,13.16667],"texture":"#6"},"west":{"uv":[14.75,12.33333,14.33333,12.5],"texture":"#6"},"up":{"uv":[10.5,14.33333,10.33333,14.75],"texture":"#6"},"down":{"uv":[12.83333,14.75,12.66667,14.33333],"texture":"#6"}}},{"from":[7.62,6.25,3.125],"to":[8.37,7.5,3.875],"rotation":{"angle":0,"axis":"y","origin":[8.12,6.875,3.375]},"faces":{"north":{"uv":[13,13.33333,13.25,13.75],"texture":"#6"},"east":{"uv":[2,13.66667,2.25,14.08333],"texture":"#6"},"south":{"uv":[3.33333,13.66667,3.58333,14.08333],"texture":"#6"},"west":{"uv":[4,13.66667,4.25,14.08333],"texture":"#6"},"up":{"uv":[14.58333,13.25,14.33333,13],"texture":"#6"},"down":{"uv":[14.58333,13.66667,14.33333,13.91667],"texture":"#6"}}},{"from":[7.995,7.5,12.25],"to":[8.015,11.75,12.75],"rotation":{"angle":0,"axis":"y","origin":[7.995,8.75,12.25]},"faces":{"east":{"uv":[10.16667,10.66667,10,12.08333],"texture":"#6"},"west":{"uv":[10.83333,10.66667,10.66667,12.08333],"texture":"#6"}}},{"from":[7.87,10.68934,12.25],"to":[8.12,11.18934,12.75],"rotation":{"angle":-45,"axis":"x","origin":[7.995,10.43934,12.5]},"faces":{"east":{"uv":[9.16667,15,9,15.16667],"texture":"#6"},"west":{"uv":[9.83333,15,9.66667,15.16667],"texture":"#6"},"up":{"uv":[15.08333,13.66667,15,13.83333],"texture":"#6"},"down":{"uv":[14.08333,15.16667,14,15],"texture":"#6"}}},{"from":[7.87,9.68934,12.25],"to":[8.12,10.18934,12.75],"rotation":{"angle":-45,"axis":"x","origin":[7.995,10.43934,12.5]},"faces":{"east":{"uv":[11.16667,15,11,15.16667],"texture":"#6"},"west":{"uv":[11.83333,15,11.66667,15.16667],"texture":"#6"},"up":{"uv":[15.08333,14.33333,15,14.5],"texture":"#6"},"down":{"uv":[14.75,15.16667,14.66667,15],"texture":"#6"}}},{"from":[7.87,9.68934,12.75],"to":[8.12,11.18934,13.25],"rotation":{"angle":-45,"axis":"x","origin":[7.995,10.43934,12.5]},"faces":{"north":{"uv":[15.08333,4.66667,15,5.16667],"texture":"#6"},"east":{"uv":[11.16667,14,11,14.5],"texture":"#6"},"south":{"uv":[2.75,15,2.66667,15.5],"texture":"#6"},"west":{"uv":[14.16667,11.33333,14,11.83333],"texture":"#6"},"up":{"uv":[0.08333,15.33333,0,15.5],"texture":"#6"},"down":{"uv":[15.41667,0.16667,15.33333,0],"texture":"#6"}}},{"from":[7.87,9.68934,11.75],"to":[8.12,11.18934,12.25],"rotation":{"angle":-45,"axis":"x","origin":[7.995,10.43934,12.5]},"faces":{"north":{"uv":[15.08333,5.66667,15,6.16667],"texture":"#6"},"east":{"uv":[13.83333,14,13.66667,14.5],"texture":"#6"},"south":{"uv":[5.41667,15,5.33333,15.5],"texture":"#6"},"west":{"uv":[4.83333,14.33333,4.66667,14.83333],"texture":"#6"},"up":{"uv":[0.75,15.33333,0.66667,15.5],"texture":"#6"},"down":{"uv":[15.41667,0.83333,15.33333,0.66667],"texture":"#6"}}},{"from":[7.745,8,12],"to":[8.245,8.5,13.25],"rotation":{"angle":45,"axis":"x","origin":[7.745,8,14]},"faces":{"north":{"uv":[13.5,15,13.33333,15.16667],"texture":"#6"},"east":{"uv":[12.08333,14.33333,11.66667,14.5],"texture":"#6"},"south":{"uv":[15.16667,13,15,13.16667],"texture":"#6"},"west":{"uv":[14.75,12.33333,14.33333,12.5],"texture":"#6"},"up":{"uv":[10.5,14.33333,10.33333,14.75],"texture":"#6"},"down":{"uv":[12.83333,14.75,12.66667,14.33333],"texture":"#6"}}},{"from":[7.62,6.25,12.125],"to":[8.37,7.5,12.875],"rotation":{"angle":0,"axis":"y","origin":[8.12,6.875,12.625]},"faces":{"north":{"uv":[3.58333,13.66667,3.33333,14.08333],"texture":"#6"},"east":{"uv":[2.25,13.66667,2,14.08333],"texture":"#6"},"south":{"uv":[13.25,13.33333,13,13.75],"texture":"#6"},"west":{"uv":[4.25,13.66667,4,14.08333],"texture":"#6"},"up":{"uv":[14.58333,13,14.33333,13.25],"texture":"#6"},"down":{"uv":[14.58333,13.91667,14.33333,13.66667],"texture":"#6"}}},{"from":[7.745,7.25,12],"to":[8.245,7.75,13.25],"rotation":{"angle":45,"axis":"x","origin":[7.745,7.25,14]},"faces":{"north":{"uv":[13.5,15,13.33333,15.16667],"texture":"#6"},"east":{"uv":[12.08333,14.33333,11.66667,14.5],"texture":"#6"},"south":{"uv":[15.16667,13,15,13.16667],"texture":"#6"},"west":{"uv":[14.75,12.33333,14.33333,12.5],"texture":"#6"},"up":{"uv":[10.5,14.33333,10.33333,14.75],"texture":"#6"},"down":{"uv":[12.83333,14.75,12.66667,14.33333],"texture":"#6"}}},{"from":[7.745,6.5,12],"to":[8.245,7,13.25],"rotation":{"angle":45,"axis":"x","origin":[7.745,6.5,14]},"faces":{"north":{"uv":[13.5,15,13.33333,15.16667],"texture":"#6"},"east":{"uv":[12.08333,14.33333,11.66667,14.5],"texture":"#6"},"south":{"uv":[15.16667,13,15,13.16667],"texture":"#6"},"west":{"uv":[14.75,12.33333,14.33333,12.5],"texture":"#6"},"up":{"uv":[10.5,14.33333,10.33333,14.75],"texture":"#6"},"down":{"uv":[12.83333,14.75,12.66667,14.33333],"texture":"#6"}}},{"from":[7.745,6.5,11.75],"to":[8.245,7,13],"rotation":{"angle":-45,"axis":"x","origin":[7.745,6.5,11]},"faces":{"north":{"uv":[15,13,15.16667,13.16667],"texture":"#6"},"east":{"uv":[11.66667,14.33333,12.08333,14.5],"texture":"#6"},"south":{"uv":[13.33333,15,13.5,15.16667],"texture":"#6"},"west":{"uv":[14.33333,12.33333,14.75,12.5],"texture":"#6"},"up":{"uv":[10.5,14.75,10.33333,14.33333],"texture":"#6"},"down":{"uv":[12.83333,14.33333,12.66667,14.75],"texture":"#6"}}},{"from":[7.745,7.25,11.75],"to":[8.245,7.75,13],"rotation":{"angle":-45,"axis":"x","origin":[7.745,7.25,11]},"faces":{"north":{"uv":[15,13,15.16667,13.16667],"texture":"#6"},"east":{"uv":[11.66667,14.33333,12.08333,14.5],"texture":"#6"},"south":{"uv":[13.33333,15,13.5,15.16667],"texture":"#6"},"west":{"uv":[14.33333,12.33333,14.75,12.5],"texture":"#6"},"up":{"uv":[10.5,14.75,10.33333,14.33333],"texture":"#6"},"down":{"uv":[12.83333,14.33333,12.66667,14.75],"texture":"#6"}}},{"from":[7.745,8,11.75],"to":[8.245,8.5,13],"rotation":{"angle":-45,"axis":"x","origin":[7.745,8,11]},"faces":{"north":{"uv":[15,13,15.16667,13.16667],"texture":"#6"},"east":{"uv":[11.66667,14.33333,12.08333,14.5],"texture":"#6"},"south":{"uv":[13.33333,15,13.5,15.16667],"texture":"#6"},"west":{"uv":[14.33333,12.33333,14.75,12.5],"texture":"#6"},"up":{"uv":[10.5,14.75,10.33333,14.33333],"texture":"#6"},"down":{"uv":[12.83333,14.33333,12.66667,14.75],"texture":"#6"}}},{"from":[7.5,12.25,2.75],"to":[8.5,13.25,5.75],"rotation":{"angle":0,"axis":"y","origin":[7.5,12.25,2.75]},"faces":{"north":{"uv":[0.66667,13.33333,1,13.66667],"texture":"#6"},"east":{"uv":[9.66667,4,10.66667,4.33333],"texture":"#6"},"south":{"uv":[1.33333,13.33333,1.66667,13.66667],"texture":"#6"},"west":{"uv":[10,0,11,0.33333],"texture":"#6"},"up":{"uv":[10.33333,1.66667,10,0.66667],"texture":"#6"},"down":{"uv":[2,10,1.66667,11],"texture":"#6"}}},{"from":[7.5035,13.0206,2.90328],"to":[8.4965,14.0206,3.82828],"rotation":{"angle":22.5,"axis":"x","origin":[8.0035,13.5206,3.40328]},"faces":{"north":{"uv":[2.66667,13.33333,3,13.66667],"texture":"#6"},"east":{"uv":[13.33333,5,13.66667,5.33333],"texture":"#6"},"south":{"uv":[5.33333,13.33333,5.66667,13.66667],"texture":"#6"},"west":{"uv":[13.33333,5.66667,13.66667,6],"texture":"#6"}}},{"from":[7.25,13.75,1.75],"to":[8.75,14.75,4.25],"rotation":{"angle":0,"axis":"y","origin":[7.5,13.75,2.75]},"faces":{"north":{"uv":[12.33333,6,12.83333,6.33333],"texture":"#6"},"east":{"uv":[7.33333,10.33333,8.16667,10.66667],"texture":"#6"},"south":{"uv":[7,12.33333,7.5,12.66667],"texture":"#6"},"west":{"uv":[0,10.66667,0.83333,11],"texture":"#6"},"up":{"uv":[9.16667,6.5,8.66667,5.66667],"texture":"#6"},"down":{"uv":[7.16667,8.66667,6.66667,9.5],"texture":"#6"}}},{"from":[7.25,14.75,2.5],"to":[8.75,15.25,4.25],"rotation":{"angle":0,"axis":"y","origin":[7.5,14.75,2.75]},"faces":{"north":{"uv":[6,14.33333,6.5,14.5],"texture":"#6"},"east":{"uv":[13.66667,0.66667,14.25,0.83333],"texture":"#6"},"south":{"uv":[8.66667,14.33333,9.16667,14.5],"texture":"#6"},"west":{"uv":[13.66667,2.66667,14.25,2.83333],"texture":"#6"},"up":{"uv":[10.5,2.58333,10,2],"texture":"#6"}}},{"from":[7.625,13.61639,0.8515],"to":[8.375,13.62639,1.8515],"rotation":{"angle":-22.5,"axis":"x","origin":[7.625,13.61639,0.8515]},"faces":{"up":{"uv":[7.25,14.66667,7,14.33333],"texture":"#6"},"down":{"uv":[9.91667,14.33333,9.66667,14.66667],"texture":"#6"}}},{"from":[7.625,12.34777,9.27217],"to":[8.375,15.09777,11.52217],"rotation":{"angle":22.5,"axis":"x","origin":[8.125,14.09777,10.52217]},"faces":{"east":{"uv":[7.41667,1.33333,6.66667,2.25],"texture":"#6"},"south":{"uv":[10.91667,7.33333,10.66667,8.25],"texture":"#6"},"west":{"uv":[3.41667,6.66667,2.66667,7.58333],"texture":"#6"},"up":{"uv":[11.58333,11,11.33333,11.75],"texture":"#6"},"down":{"uv":[2.25,12.41667,2,11.66667],"texture":"#6"}}},{"from":[7.25,12.5,10],"to":[8.75,13,11.5],"rotation":{"angle":-22.5,"axis":"x","origin":[7.375,13.25,10.75]},"faces":{"north":{"uv":[14.5,2,14,2.16667],"texture":"#6"},"east":{"uv":[14.5,1.33333,14,1.5],"texture":"#6"},"south":{"uv":[1.16667,14,0.66667,14.16667],"texture":"#6"},"west":{"uv":[14.5,3.33333,14,3.5],"texture":"#6"},"up":{"uv":[11.16667,3,10.66667,3.5],"texture":"#6"},"down":{"uv":[3.83333,11.16667,3.33333,10.66667],"texture":"#6"}}},{"from":[7.25,13,10],"to":[8.75,13.5,10.5],"rotation":{"angle":-22.5,"axis":"x","origin":[7.375,13.25,10.75]},"faces":{"north":{"uv":[14.5,5.33333,14,5.5],"texture":"#6"},"east":{"uv":[15.16667,3.33333,15,3.5],"texture":"#6"},"south":{"uv":[14.5,4.66667,14,4.83333],"texture":"#6"},"west":{"uv":[6.16667,15,6,15.16667],"texture":"#6"}}},{"from":[7.25,13,11],"to":[8.75,13.5,11.5],"rotation":{"angle":-22.5,"axis":"x","origin":[7.375,13.25,10.75]},"faces":{"north":{"uv":[14.5,6.66667,14,6.83333],"texture":"#6"},"east":{"uv":[6.83333,15,6.66667,15.16667],"texture":"#6"},"south":{"uv":[14.5,6,14,6.16667],"texture":"#6"},"west":{"uv":[15.16667,6.66667,15,6.83333],"texture":"#6"}}},{"from":[7.25,13.5,10],"to":[8.75,14,11.5],"rotation":{"angle":-22.5,"axis":"x","origin":[7.375,13.25,10.75]},"faces":{"north":{"uv":[14.5,8,14,8.16667],"texture":"#6"},"east":{"uv":[8.16667,14,7.66667,14.16667],"texture":"#6"},"south":{"uv":[14.5,7.33333,14,7.5],"texture":"#6"},"west":{"uv":[14.5,8.66667,14,8.83333],"texture":"#6"},"up":{"uv":[4.83333,10.66667,4.33333,11.16667],"texture":"#6"},"down":{"uv":[5.83333,11.16667,5.33333,10.66667],"texture":"#6"}}},{"from":[7.5,12.25,10.25],"to":[8.5,13.25,13.25],"rotation":{"angle":0,"axis":"y","origin":[7.5,12.25,13.25]},"faces":{"north":{"uv":[1.66667,13.33333,1.33333,13.66667],"texture":"#6"},"east":{"uv":[10.66667,4,9.66667,4.33333],"texture":"#6"},"south":{"uv":[1,13.33333,0.66667,13.66667],"texture":"#6"},"west":{"uv":[11,0,10,0.33333],"texture":"#6"},"up":{"uv":[10.33333,0.66667,10,1.66667],"texture":"#6"},"down":{"uv":[2,11,1.66667,10],"texture":"#6"}}},{"from":[7.5035,13.0206,12.17172],"to":[8.4965,14.0206,13.09672],"rotation":{"angle":-22.5,"axis":"x","origin":[8.0035,13.5206,12.59672]},"faces":{"north":{"uv":[5.66667,13.33333,5.33333,13.66667],"texture":"#6"},"east":{"uv":[13.66667,5,13.33333,5.33333],"texture":"#6"},"south":{"uv":[3,13.33333,2.66667,13.66667],"texture":"#6"},"west":{"uv":[13.66667,5.66667,13.33333,6],"texture":"#6"}}},{"from":[7.25,13.75,11.75],"to":[8.75,14.75,14.25],"rotation":{"angle":0,"axis":"y","origin":[7.5,13.75,13.25]},"faces":{"north":{"uv":[7.5,12.33333,7,12.66667],"texture":"#6"},"east":{"uv":[8.16667,10.33333,7.33333,10.66667],"texture":"#6"},"south":{"uv":[12.83333,6,12.33333,6.33333],"texture":"#6"},"west":{"uv":[0.83333,10.66667,0,11],"texture":"#6"},"up":{"uv":[9.16667,5.66667,8.66667,6.5],"texture":"#6"},"down":{"uv":[7.16667,9.5,6.66667,8.66667],"texture":"#6"}}},{"from":[7.25,14.75,11.75],"to":[8.75,15.25,13.5],"rotation":{"angle":0,"axis":"y","origin":[7.5,14.75,13.25]},"faces":{"north":{"uv":[9.16667,14.33333,8.66667,14.5],"texture":"#6"},"east":{"uv":[14.25,0.66667,13.66667,0.83333],"texture":"#6"},"south":{"uv":[6.5,14.33333,6,14.5],"texture":"#6"},"west":{"uv":[14.25,2.66667,13.66667,2.83333],"texture":"#6"},"up":{"uv":[10.5,2,10,2.58333],"texture":"#6"}}},{"from":[7.625,13.61639,14.1485],"to":[8.375,13.62639,15.1485],"rotation":{"angle":22.5,"axis":"x","origin":[7.625,13.61639,15.1485]},"faces":{"up":{"uv":[7.25,14.33333,7,14.66667],"texture":"#6"},"down":{"uv":[9.91667,14.66667,9.66667,14.33333],"texture":"#6"}}},{"from":[7.5,7.5,6.79289],"to":[9.5,10.5,8.79289],"rotation":{"angle":-45,"axis":"y","origin":[8,7.75,7.29289]},"faces":{"north":{"uv":[4,6.66667,4.66667,7.66667],"texture":"#6"},"east":{"uv":[5,6.66667,5.66667,7.66667],"texture":"#6"},"south":{"uv":[6,6.66667,6.66667,7.66667],"texture":"#6"},"west":{"uv":[0,7,0.66667,8],"texture":"#6"},"up":{"uv":[5.33333,8.66667,4.66667,8],"texture":"#6"},"down":{"uv":[6.33333,8,5.66667,8.66667],"texture":"#6"}}},{"from":[6.4774,14.5,5.63068],"to":[6.5074,23.5,8.63068],"rotation":{"angle":-22.5,"axis":"y","origin":[8,19,8]},"faces":{"east":{"uv":[3.2,0,0.8,7.2],"texture":"#2"},"west":{"uv":[0.8,0,3.2,7.2],"texture":"#2"}}},{"from":[6.4774,14.5,7.36932],"to":[6.5074,23.5,10.36932],"rotation":{"angle":22.5,"axis":"y","origin":[8,19,8]},"faces":{"east":{"uv":[5.6,0,3.2,7.2],"texture":"#2"},"west":{"uv":[3.2,0,5.6,7.2],"texture":"#2"}}},{"from":[7.5,14.5,5.22836],"to":[8.5,23.5,5.25836],"rotation":{"angle":0,"axis":"y","origin":[8,19,8]},"faces":{"north":{"uv":[0,0,0.8,7.2],"texture":"#2"},"south":{"uv":[0.8,0,0,7.2],"texture":"#2"}}},{"from":[7.5,14.5,10.74164],"to":[8.5,23.5,10.77164],"rotation":{"angle":0,"axis":"y","origin":[8,19,8]},"faces":{"north":{"uv":[6.4,0,5.6,7.2],"texture":"#2"},"south":{"uv":[5.6,0,6.4,7.2],"texture":"#2"}}},{"from":[9.49259,14.5,5.63069],"to":[9.52259,23.5,8.63069],"rotation":{"angle":22.5,"axis":"y","origin":[8,19,8]},"faces":{"east":{"uv":[8.8,0,11.2,7.2],"texture":"#2"},"west":{"uv":[11.2,0,8.8,7.2],"texture":"#2"}}},{"from":[9.4926,14.5,7.36932],"to":[9.5226,23.5,10.36932],"rotation":{"angle":-22.5,"axis":"y","origin":[8,19,8]},"faces":{"east":{"uv":[6.4,0,8.8,7.2],"texture":"#2"},"west":{"uv":[8.8,0,6.4,7.2],"texture":"#2"}}},{"from":[6.25,9.25,4],"to":[6.25,17.25,12],"rotation":{"angle":0,"axis":"y","origin":[6.25,9.25,4]},"faces":{"west":{"uv":[0,0,16,16],"texture":"#4"}}},{"from":[9.75,9.25,4],"to":[9.75,17.25,12],"rotation":{"angle":0,"axis":"y","origin":[9.75,9.25,12]},"faces":{"east":{"uv":[0,0,16,16],"texture":"#4"}}},{"from":[7.75,14,5.5],"to":[8.25,18,10.5],"rotation":{"angle":0,"axis":"y","origin":[7.75,14,6]},"faces":{"north":{"uv":[8,11,8.16667,12.33333],"texture":"#6"},"east":{"uv":[4.33333,0,6,1.33333],"texture":"#6"},"south":{"uv":[11.33333,6.66667,11.5,8],"texture":"#6"},"west":{"uv":[4.66667,1.66667,6.33333,3],"texture":"#6"}}},{"from":[7.7475,15.5,5.75],"to":[8.2525,20,10.25],"rotation":{"angle":45,"axis":"x","origin":[7.9975,17.75,8]},"faces":{"north":{"uv":[10.66667,5.33333,10.83333,6.83333],"texture":"#6"},"east":{"uv":[1.66667,2,3.16667,3.5],"texture":"#6"},"south":{"uv":[6.33333,10.66667,6.5,12.16667],"texture":"#6"},"west":{"uv":[2.33333,0,3.83333,1.5],"texture":"#6"},"up":{"uv":[8.83333,12.16667,8.66667,10.66667],"texture":"#6"},"down":{"uv":[9.5,10.66667,9.33333,12.16667],"texture":"#6"}}},{"from":[7.985,17.75,5],"to":[8.015,22.25,11],"rotation":{"angle":0,"axis":"y","origin":[7.985,19,5.5]},"faces":{"east":{"uv":[2,0,0,1.5],"texture":"#6"},"west":{"uv":[0,0,2,1.5],"texture":"#6"}}},{"from":[8,13.39263,3.41238],"to":[8,20.39263,6.66238],"rotation":{"angle":-22.5,"axis":"x","origin":[8,17.14263,1.16238]},"faces":{"east":{"uv":[1.08333,2,0,4.5],"texture":"#6"},"west":{"uv":[0,2,1.08333,4.5],"texture":"#6"}}},{"from":[8,13.39263,9.33762],"to":[8,20.39263,12.58762],"rotation":{"angle":22.5,"axis":"x","origin":[8,17.14263,14.83762]},"faces":{"east":{"uv":[0,2,1.08333,4.5],"texture":"#6"},"west":{"uv":[1.08333,2,0,4.5],"texture":"#6"}}}],"gui_light":"front","display":{"thirdperson_righthand":{"translation":[0,3,0.75]},"thirdperson_lefthand":{"translation":[0,3,0.75]},"firstperson_righthand":{"rotation":[8,0,0],"translation":[2.5,3.5,0.25],"scale":[0.7,0.7,0.7]},"firstperson_lefthand":{"rotation":[8,0,0],"translation":[2.5,3.5,0.25],"scale":[0.7,0.7,0.7]},"ground":{"rotation":[-45,0,0],"translation":[0,5,0],"scale":[0.7,0.7,0.7]},"gui":{"rotation":[-90,45,90],"translation":[1.5,-1.5,0],"scale":[0.75,0.75,0.75]},"head":{"rotation":[0,-90,0]},"fixed":{"rotation":[0,-90,0],"translation":[0,4,-2.5],"scale":[2,2,2]}},"groups":[{"name":"shovel","origin":[8.625,10.25,4.5],"color":0,"children":[0,1,2,3,4,5,6,7,8,9,10,11,12,13,14,15,16,17,18,19,20,21,22,23,24,25,26,27,28,29,30,31,32,33,34,35,36,37,38,39,40,41,42,43,44,45,46,47,48,49,50,51,52,53,54,55,56,57,58,59,60,61,62,63,64,65,66,67,68,69,70,71,72,73,74,75,76,77,78,79,80,81,82,83,84,85,86,87,88]}],"mcmodels":"2238fb43fad87426eb3c95ab6631a4ea"}