{"credit":"Pologony Creation Co.,Ltd.","texture_size":[52,52],"textures":{"4":"plny_lunar_new_year_2025:animated/animated_2","5":"plny_lunar_new_year_2025:trident_and_spear","particle":"plny_lunar_new_year_2025:animated/animated_4"},"elements":[{"from":[7,-14.5,7],"to":[9,-14,9],"rotation":{"angle":0,"axis":"y","origin":[7,-14.5,7]},"faces":{"north":{"uv":[12.61538,7.07692,13.23077,7.23077],"texture":"#5"},"east":{"uv":[8.30769,12.61538,8.92308,12.76923],"texture":"#5"},"south":{"uv":[9.23077,12.61538,9.84615,12.76923],"texture":"#5"},"west":{"uv":[12.61538,10.76923,13.23077,10.92308],"texture":"#5"},"up":{"uv":[8,5.53846,7.38462,4.92308],"texture":"#5"},"down":{"uv":[4.92308,7.69231,4.30769,8.30769],"texture":"#5"}}},{"from":[7.125,-14,7.125],"to":[8.875,-12,8.875],"rotation":{"angle":0,"axis":"y","origin":[7.125,-14,6.875]},"faces":{"north":{"uv":[8.92308,3.07692,9.46154,3.69231],"texture":"#5"},"east":{"uv":[8.92308,8,9.46154,8.61538],"texture":"#5"},"south":{"uv":[8.92308,8.92308,9.46154,9.53846],"texture":"#5"},"west":{"uv":[9.23077,4,9.76923,4.61538],"texture":"#5"}}},{"from":[7.25,0.5,7.25],"to":[8.75,1.5,8.75],"rotation":{"angle":0,"axis":"y","origin":[7.25,0.5,6.75]},"faces":{"north":{"uv":[11.38462,9.53846,11.84615,9.84615],"texture":"#5"},"east":{"uv":[0.61538,11.69231,1.07692,12],"texture":"#5"},"south":{"uv":[11.69231,1.53846,12.15385,1.84615],"texture":"#5"},"west":{"uv":[2.46154,11.69231,2.92308,12],"texture":"#5"},"up":{"uv":[2,10.61538,1.53846,10.15385],"texture":"#5"}}},{"from":[7.375,1.5,7.375],"to":[8.625,4.5,8.625],"rotation":{"angle":0,"axis":"y","origin":[7.375,2.5,6.625]},"faces":{"north":{"uv":[0.61538,8.61538,1,9.53846],"texture":"#5"},"east":{"uv":[2.76923,8.61538,3.15385,9.53846],"texture":"#5"},"south":{"uv":[4.30769,8.61538,4.69231,9.53846],"texture":"#5"},"west":{"uv":[5.23077,8.61538,5.61538,9.53846],"texture":"#5"}}},{"from":[7,-12,7],"to":[9,-11.5,9],"rotation":{"angle":0,"axis":"y","origin":[7,-12,7]},"faces":{"north":{"uv":[12.61538,11.38462,13.23077,11.53846],"texture":"#5"},"east":{"uv":[11.69231,12.61538,12.30769,12.76923],"texture":"#5"},"south":{"uv":[12.61538,12,13.23077,12.15385],"texture":"#5"},"west":{"uv":[12.61538,12.61538,13.23077,12.76923],"texture":"#5"},"up":{"uv":[5.84615,8.30769,5.23077,7.69231],"texture":"#5"},"down":{"uv":[8.61538,0,8,0.61538],"texture":"#5"}}},{"from":[7,0,7],"to":[9,0.5,9],"rotation":{"angle":0,"axis":"y","origin":[7,0,7]},"faces":{"north":{"uv":[12.30769,13.23077,12.92308,13.38462],"texture":"#5"},"east":{"uv":[13.23077,13.23077,13.84615,13.38462],"texture":"#5"},"south":{"uv":[0,13.53846,0.61538,13.69231],"texture":"#5"},"west":{"uv":[13.53846,1.23077,14.15385,1.38462],"texture":"#5"},"up":{"uv":[8.92308,7.69231,8.30769,7.07692],"texture":"#5"},"down":{"uv":[8.61538,8.30769,8,8.92308],"texture":"#5"}}},{"from":[7,16,7],"to":[9,16.5,9],"rotation":{"angle":0,"axis":"y","origin":[7,16.5,7]},"faces":{"north":{"uv":[0,12.92308,0.61538,13.07692],"texture":"#5"},"east":{"uv":[12.92308,0,13.53846,0.15385],"texture":"#5"},"south":{"uv":[2.46154,12.92308,3.07692,13.07692],"texture":"#5"},"west":{"uv":[12.92308,2.76923,13.53846,2.92308],"texture":"#5"},"down":{"uv":[8.61538,0.92308,8,1.53846],"texture":"#5"}}},{"from":[7,14.5,7],"to":[9,15,9],"rotation":{"angle":0,"axis":"y","origin":[7,15,7]},"faces":{"north":{"uv":[12.92308,3.38462,13.53846,3.53846],"texture":"#5"},"east":{"uv":[12.92308,4,13.53846,4.15385],"texture":"#5"},"south":{"uv":[12.92308,6.15385,13.53846,6.30769],"texture":"#5"},"west":{"uv":[7.07692,12.92308,7.69231,13.07692],"texture":"#5"},"up":{"uv":[2.46154,8.61538,1.84615,8],"texture":"#5"},"down":{"uv":[8.61538,1.84615,8,2.46154],"texture":"#5"}}},{"from":[7.125,15,7.125],"to":[8.875,16,8.875],"rotation":{"angle":0,"axis":"y","origin":[7.125,17,6.875]},"faces":{"north":{"uv":[11.38462,4.30769,11.92308,4.61538],"texture":"#5"},"east":{"uv":[5.53846,11.38462,6.07692,11.69231],"texture":"#5"},"south":{"uv":[11.38462,6.15385,11.92308,6.46154],"texture":"#5"},"west":{"uv":[6.46154,11.38462,7,11.69231],"texture":"#5"}}},{"from":[7,7,7],"to":[9,7.5,9],"rotation":{"angle":0,"axis":"y","origin":[7,7.5,7]},"faces":{"north":{"uv":[8.92308,13.23077,9.53846,13.38462],"texture":"#5"},"east":{"uv":[13.23077,8.92308,13.84615,9.07692],"texture":"#5"},"south":{"uv":[9.84615,13.23077,10.46154,13.38462],"texture":"#5"},"west":{"uv":[11.38462,13.23077,12,13.38462],"texture":"#5"},"up":{"uv":[6.76923,8.92308,6.15385,8.30769],"texture":"#5"},"down":{"uv":[7.69231,8.30769,7.07692,8.92308],"texture":"#5"}}},{"from":[7,5.5,7],"to":[9,6,9],"rotation":{"angle":0,"axis":"y","origin":[7,6,7]},"faces":{"north":{"uv":[4,13.23077,4.61538,13.38462],"texture":"#5"},"east":{"uv":[13.23077,5.23077,13.84615,5.38462],"texture":"#5"},"south":{"uv":[8,13.23077,8.61538,13.38462],"texture":"#5"},"west":{"uv":[13.23077,8.30769,13.84615,8.46154],"texture":"#5"},"up":{"uv":[8.61538,3.38462,8,2.76923],"texture":"#5"},"down":{"uv":[8.92308,4.92308,8.30769,5.53846],"texture":"#5"}}},{"from":[7.125,6,7.125],"to":[8.875,7,8.875],"rotation":{"angle":0,"axis":"y","origin":[7.125,8,6.875]},"faces":{"north":{"uv":[11.38462,6.76923,11.92308,7.07692],"texture":"#5"},"east":{"uv":[8.30769,11.38462,8.84615,11.69231],"texture":"#5"},"south":{"uv":[11.38462,8.92308,11.92308,9.23077],"texture":"#5"},"west":{"uv":[9.23077,11.38462,9.76923,11.69231],"texture":"#5"}}},{"from":[7.25,4.5,7.25],"to":[8.75,5.5,8.75],"rotation":{"angle":0,"axis":"y","origin":[7.25,5.5,6.75]},"faces":{"north":{"uv":[11.69231,4.92308,12.15385,5.23077],"texture":"#5"},"east":{"uv":[11.69231,5.53846,12.15385,5.84615],"texture":"#5"},"south":{"uv":[7.38462,11.69231,7.84615,12],"texture":"#5"},"west":{"uv":[11.69231,7.38462,12.15385,7.69231],"texture":"#5"},"down":{"uv":[7.84615,10.15385,7.38462,10.61538],"texture":"#5"}}},{"from":[6.75,16.5,6.5],"to":[9.25,17.75,9.5],"rotation":{"angle":0,"axis":"y","origin":[7,16,6.5]},"faces":{"east":{"uv":[8.92308,0,9.84615,0.38462],"texture":"#5"},"west":{"uv":[8.92308,0.92308,9.84615,1.30769],"texture":"#5"},"up":{"uv":[7.53846,0.92308,6.76923,0],"texture":"#5"},"down":{"uv":[7.53846,1.23077,6.76923,2.15385],"texture":"#5"}}},{"from":[6.7475,15.19382,6.43612],"to":[9.2525,16.54382,7.43612],"rotation":{"angle":-22.5,"axis":"x","origin":[6.9975,14.79382,3.93612]},"faces":{"north":{"uv":[9.23077,4.92308,10,5.30769],"texture":"#5"},"east":{"uv":[12.30769,2.76923,12.61538,3.15385],"texture":"#5"},"south":{"uv":[9.23077,5.84615,10,6.23077],"texture":"#5"},"west":{"uv":[12.30769,3.69231,12.61538,4.07692],"texture":"#5"},"up":{"uv":[10.92308,1.23077,10.15385,0.92308],"texture":"#5"},"down":{"uv":[10.92308,3.69231,10.15385,4],"texture":"#5"}}},{"from":[6.7475,15.19382,8.56388],"to":[9.2525,16.54382,9.56388],"rotation":{"angle":22.5,"axis":"x","origin":[6.9975,14.79382,12.06388]},"faces":{"north":{"uv":[6.15385,9.23077,6.92308,9.61538],"texture":"#5"},"east":{"uv":[4.61538,12.30769,4.92308,12.69231],"texture":"#5"},"south":{"uv":[9.23077,6.76923,10,7.15385],"texture":"#5"},"west":{"uv":[12.30769,6.15385,12.61538,6.53846],"texture":"#5"},"up":{"uv":[10.92308,4.61538,10.15385,4.30769],"texture":"#5"},"down":{"uv":[6.92308,10.15385,6.15385,10.46154],"texture":"#5"}}},{"from":[7,17.75,3.5],"to":[9,18.75,12.5],"rotation":{"angle":0,"axis":"y","origin":[7,17.75,4]},"faces":{"north":{"uv":[10.46154,7.07692,11.07692,7.38462],"texture":"#5"},"east":{"uv":[6.15385,5.84615,8.92308,6.15385],"texture":"#5"},"south":{"uv":[4.61538,10.76923,5.23077,11.07692],"texture":"#5"},"west":{"uv":[6.15385,6.46154,8.92308,6.76923],"texture":"#5"},"up":{"uv":[2.15385,2.76923,1.53846,0],"texture":"#5"},"down":{"uv":[0.61538,2.15385,0,4.92308],"texture":"#5"}}},{"from":[7,16.75,5.5],"to":[9,17.75,10.5],"rotation":{"angle":0,"axis":"y","origin":[7,16.75,4]},"faces":{"north":{"uv":[5.53846,10.76923,6.15385,11.07692],"texture":"#5"},"east":{"uv":[6.76923,3.69231,8.30769,4],"texture":"#5"},"south":{"uv":[6.46154,10.76923,7.07692,11.07692],"texture":"#5"},"west":{"uv":[7.38462,4.30769,8.92308,4.61538],"texture":"#5"},"down":{"uv":[6.46154,2.46154,5.84615,4],"texture":"#5"}}},{"from":[7.0035,16.90328,5.2706],"to":[8.9965,17.90328,6.2706],"rotation":{"angle":-22.5,"axis":"x","origin":[8.0035,17.40328,5.7706]},"faces":{"north":{"uv":[10.76923,7.69231,11.38462,8],"texture":"#5"},"east":{"uv":[8.30769,9.23077,8.61538,9.53846],"texture":"#5"},"west":{"uv":[10.15385,12.61538,10.46154,12.92308],"texture":"#5"}}},{"from":[7.0085,17.59619,4.44239],"to":[8.9915,18.59619,5.94239],"rotation":{"angle":22.5,"axis":"x","origin":[8.0085,18.09619,4.94239]},"faces":{"east":{"uv":[11.69231,10.76923,12.15385,11.07692],"texture":"#5"},"west":{"uv":[11.69231,11.38462,12.15385,11.69231],"texture":"#5"},"down":{"uv":[10.46154,1.84615,9.84615,2.30769],"texture":"#5"}}},{"from":[7.0085,17.59619,10.05761],"to":[8.9915,18.59619,11.55761],"rotation":{"angle":-22.5,"axis":"x","origin":[8.0085,18.09619,11.05761]},"faces":{"east":{"uv":[12,0,12.46154,0.30769],"texture":"#5"},"west":{"uv":[5.53846,12,6,12.30769],"texture":"#5"},"down":{"uv":[3.07692,9.84615,2.46154,10.30769],"texture":"#5"}}},{"from":[7.0035,16.90328,9.7294],"to":[8.9965,17.90328,10.7294],"rotation":{"angle":22.5,"axis":"x","origin":[8.0035,17.40328,10.2294]},"faces":{"east":{"uv":[0.92308,12.92308,1.23077,13.23077],"texture":"#5"},"south":{"uv":[11.07692,0,11.69231,0.30769],"texture":"#5"},"west":{"uv":[12.92308,7.69231,13.23077,8],"texture":"#5"}}},{"from":[7.5,18.75,6.25],"to":[8.5,23,9.75],"rotation":{"angle":0,"axis":"y","origin":[7.5,18.75,6]},"faces":{"north":{"uv":[3.69231,7.38462,4,8.69231],"texture":"#5"},"east":{"uv":[2.76923,4,3.84615,5.30769],"texture":"#5"},"south":{"uv":[0,7.69231,0.30769,9],"texture":"#5"},"west":{"uv":[4.30769,0,5.38462,1.30769],"texture":"#5"},"up":{"uv":[4,10.30769,3.69231,9.23077],"texture":"#5"}}},{"from":[7.75,23,6.75],"to":[8.25,26.75,9.25],"rotation":{"angle":0,"axis":"y","origin":[7.75,23.75,6]},"faces":{"north":{"uv":[1.84615,11.07692,2,12.23077],"texture":"#5"},"east":{"uv":[2.76923,5.84615,3.53846,7],"texture":"#5"},"south":{"uv":[11.07692,10.76923,11.23077,11.92308],"texture":"#5"},"west":{"uv":[6.15385,4.30769,6.92308,5.46154],"texture":"#5"}}},{"from":[7.7475,26.01265,6.75],"to":[8.2525,27.78765,8.525],"rotation":{"angle":-45,"axis":"x","origin":[7.9975,27.26265,8]},"faces":{"north":{"uv":[5.53846,13.53846,5.69231,14.07692],"texture":"#5"},"east":{"uv":[7.38462,9.23077,7.92308,9.76923],"texture":"#5"},"south":{"uv":[6.15385,13.53846,6.30769,14.07692],"texture":"#5"},"west":{"uv":[0,9.84615,0.53846,10.38462],"texture":"#5"},"up":{"uv":[6.92308,14.07692,6.76923,13.53846],"texture":"#5"},"down":{"uv":[13.69231,6.76923,13.53846,7.30769],"texture":"#5"}}},{"from":[7.625,18.34777,4.47783],"to":[8.375,21.09777,6.72783],"rotation":{"angle":-22.5,"axis":"x","origin":[8.125,20.09777,5.47783]},"faces":{"north":{"uv":[10.76923,2.46154,11,3.30769],"texture":"#5"},"east":{"uv":[6.76923,2.46154,7.46154,3.30769],"texture":"#5"},"west":{"uv":[6.15385,7.07692,6.84615,7.92308],"texture":"#5"},"up":{"uv":[10.38462,12.07692,10.15385,11.38462],"texture":"#5"},"down":{"uv":[0.23077,11.69231,0,12.38462],"texture":"#5"}}},{"from":[6.5035,18.5,7],"to":[7.9965,19.5,9],"rotation":{"angle":0,"axis":"y","origin":[6.5035,18.5,7]},"faces":{"east":{"uv":[0.92308,11.07692,1.53846,11.38462],"texture":"#5"},"west":{"uv":[7.38462,11.07692,8,11.38462],"texture":"#5"},"up":{"uv":[10.30769,3.38462,9.84615,2.76923],"texture":"#5"},"down":{"uv":[4.76923,9.84615,4.30769,10.46154],"texture":"#5"}}},{"from":[6.75,19.5,7.25],"to":[7.75,20,8.75],"rotation":{"angle":0,"axis":"y","origin":[6.5,19.5,7]},"faces":{"north":{"uv":[14.46154,12.30769,14.76923,12.46154],"texture":"#5"},"east":{"uv":[13.53846,9.53846,14,9.69231],"texture":"#5"},"south":{"uv":[12.61538,14.46154,12.92308,14.61538],"texture":"#5"},"west":{"uv":[13.53846,10.15385,14,10.30769],"texture":"#5"},"up":{"uv":[1.23077,2.61538,0.92308,2.15385],"texture":"#5"}}},{"from":[6.5,19.26537,6.40224],"to":[8,20.34037,7.15224],"rotation":{"angle":22.5,"axis":"x","origin":[6.5,19.26537,5.15224]},"faces":{"north":{"uv":[6.46154,12,6.92308,12.30769],"texture":"#5"},"east":{"uv":[7.38462,13.53846,7.61538,13.84615],"texture":"#5"},"south":{"uv":[12,8,12.46154,8.30769],"texture":"#5"},"west":{"uv":[10.76923,13.53846,11,13.84615],"texture":"#5"},"up":{"uv":[7.84615,12.53846,7.38462,12.30769],"texture":"#5"},"down":{"uv":[12.76923,8.61538,12.30769,8.84615],"texture":"#5"}}},{"from":[6.5,18.11732,9.07612],"to":[8,19.19232,9.82612],"rotation":{"angle":-22.5,"axis":"x","origin":[6.5,18.11732,8.07612]},"faces":{"north":{"uv":[8.30769,12,8.76923,12.30769],"texture":"#5"},"east":{"uv":[13.53846,10.76923,13.76923,11.07692],"texture":"#5"},"south":{"uv":[9.23077,12,9.69231,12.30769],"texture":"#5"},"west":{"uv":[13.53846,11.38462,13.76923,11.69231],"texture":"#5"},"up":{"uv":[12.76923,9.46154,12.30769,9.23077],"texture":"#5"},"down":{"uv":[11.23077,12.30769,10.76923,12.53846],"texture":"#5"}}},{"from":[8.25,19.5,7.25],"to":[9.25,20,8.75],"rotation":{"angle":0,"axis":"y","origin":[9.5,19.5,7]},"faces":{"north":{"uv":[13.23077,14.46154,13.53846,14.61538],"texture":"#5"},"east":{"uv":[13.53846,12,14,12.15385],"texture":"#5"},"south":{"uv":[0,14.76923,0.30769,14.92308],"texture":"#5"},"west":{"uv":[13.53846,12.61538,14,12.76923],"texture":"#5"},"up":{"uv":[2.15385,3.53846,1.84615,3.07692],"texture":"#5"}}},{"from":[8,19.26537,6.40224],"to":[9.5,20.34037,7.15224],"rotation":{"angle":22.5,"axis":"x","origin":[9.5,19.26537,5.15224]},"faces":{"north":{"uv":[12,10.15385,12.46154,10.46154],"texture":"#5"},"east":{"uv":[13.84615,0,14.07692,0.30769],"texture":"#5"},"south":{"uv":[11.69231,12,12.15385,12.30769],"texture":"#5"},"west":{"uv":[13.84615,0.61538,14.07692,0.92308],"texture":"#5"},"up":{"uv":[13.07692,1.46154,12.61538,1.23077],"texture":"#5"},"down":{"uv":[2,12.61538,1.53846,12.84615],"texture":"#5"}}},{"from":[8.0035,18.5,7],"to":[9.4965,19.5,9],"rotation":{"angle":0,"axis":"y","origin":[9.4965,18.5,7]},"faces":{"east":{"uv":[11.07692,8.30769,11.69231,8.61538],"texture":"#5"},"west":{"uv":[11.07692,10.15385,11.69231,10.46154],"texture":"#5"},"up":{"uv":[5.69231,10.46154,5.23077,9.84615],"texture":"#5"},"down":{"uv":[10.30769,7.69231,9.84615,8.30769],"texture":"#5"}}},{"from":[8,18.11732,9.07612],"to":[9.5,19.19232,9.82612],"rotation":{"angle":-22.5,"axis":"x","origin":[9.5,18.11732,8.07612]},"faces":{"north":{"uv":[0.61538,12.30769,1.07692,12.61538],"texture":"#5"},"east":{"uv":[1.53846,13.84615,1.76923,14.15385],"texture":"#5"},"south":{"uv":[12.30769,0.61538,12.76923,0.92308],"texture":"#5"},"west":{"uv":[13.84615,1.84615,14.07692,2.15385],"texture":"#5"},"up":{"uv":[3.84615,12.84615,3.38462,12.61538],"texture":"#5"},"down":{"uv":[13.07692,4.61538,12.61538,4.84615],"texture":"#5"}}},{"from":[7.25,18.5,4.5],"to":[8.75,19,6],"rotation":{"angle":22.5,"axis":"x","origin":[7.375,19.25,5.25]},"faces":{"north":{"uv":[13.84615,2.46154,14.30769,2.61538],"texture":"#5"},"east":{"uv":[13.84615,3.07692,14.30769,3.23077],"texture":"#5"},"south":{"uv":[3.38462,13.84615,3.84615,14],"texture":"#5"},"west":{"uv":[13.84615,3.69231,14.30769,3.84615],"texture":"#5"},"up":{"uv":[10.92308,6.61538,10.46154,6.15385],"texture":"#5"},"down":{"uv":[8.76923,10.46154,8.30769,10.92308],"texture":"#5"}}},{"from":[7.25,19,5.5],"to":[8.75,19.5,6],"rotation":{"angle":22.5,"axis":"x","origin":[7.375,19.25,5.25]},"faces":{"north":{"uv":[13.84615,5.84615,14.30769,6],"texture":"#5"},"east":{"uv":[15.07692,0,15.23077,0.15385],"texture":"#5"},"south":{"uv":[8,13.84615,8.46154,14],"texture":"#5"},"west":{"uv":[15.07692,0.61538,15.23077,0.76923],"texture":"#5"}}},{"from":[7.25,19,4.5],"to":[8.75,19.5,5],"rotation":{"angle":22.5,"axis":"x","origin":[7.375,19.25,5.25]},"faces":{"north":{"uv":[8.92308,13.84615,9.38462,14],"texture":"#5"},"east":{"uv":[15.07692,1.23077,15.23077,1.38462],"texture":"#5"},"south":{"uv":[9.84615,13.84615,10.30769,14],"texture":"#5"},"west":{"uv":[2.15385,15.07692,2.30769,15.23077],"texture":"#5"}}},{"from":[7.25,19.5,4.5],"to":[8.75,20,6],"rotation":{"angle":22.5,"axis":"x","origin":[7.375,19.25,5.25]},"faces":{"north":{"uv":[11.38462,13.84615,11.84615,14],"texture":"#5"},"east":{"uv":[12.30769,13.84615,12.76923,14],"texture":"#5"},"south":{"uv":[13.23077,13.84615,13.69231,14],"texture":"#5"},"west":{"uv":[0,14.15385,0.46154,14.30769],"texture":"#5"},"up":{"uv":[9.69231,10.92308,9.23077,10.46154],"texture":"#5"},"down":{"uv":[10.92308,9.23077,10.46154,9.69231],"texture":"#5"}}},{"from":[7.625,-15.75,7.25],"to":[8.375,-14.25,7.75],"rotation":{"angle":-45,"axis":"x","origin":[8,-15,8]},"faces":{"north":{"uv":[5.23077,12.61538,5.46154,13.07692],"texture":"#5"},"east":{"uv":[4.30769,13.84615,4.46154,14.30769],"texture":"#5"},"south":{"uv":[12.61538,5.23077,12.84615,5.69231],"texture":"#5"},"west":{"uv":[14.15385,6.46154,14.30769,6.92308],"texture":"#5"},"up":{"uv":[15,2.61538,14.76923,2.46154],"texture":"#5"},"down":{"uv":[15,3.07692,14.76923,3.23077],"texture":"#5"}}},{"from":[7.625,-15.75,7.75],"to":[8.375,-15.25,8.25],"rotation":{"angle":-45,"axis":"x","origin":[8,-15,8]},"faces":{"east":{"uv":[2.76923,15.07692,2.92308,15.23077],"texture":"#5"},"west":{"uv":[3.38462,15.07692,3.53846,15.23077],"texture":"#5"},"up":{"uv":[15,3.84615,14.76923,3.69231],"texture":"#5"},"down":{"uv":[4.53846,14.76923,4.30769,14.92308],"texture":"#5"}}},{"from":[7.625,-15.75,8.25],"to":[8.375,-14.25,8.75],"rotation":{"angle":-45,"axis":"x","origin":[8,-15,8]},"faces":{"north":{"uv":[5.84615,12.61538,6.07692,13.07692],"texture":"#5"},"east":{"uv":[7.38462,14.15385,7.53846,14.61538],"texture":"#5"},"south":{"uv":[6.46154,12.61538,6.69231,13.07692],"texture":"#5"},"west":{"uv":[14.15385,8.30769,14.30769,8.76923],"texture":"#5"},"up":{"uv":[15,6,14.76923,5.84615],"texture":"#5"},"down":{"uv":[15,6.46154,14.76923,6.61538],"texture":"#5"}}},{"from":[7.625,-14.75,7.75],"to":[8.375,-14.25,8.25],"rotation":{"angle":-45,"axis":"x","origin":[8,-15,8]},"faces":{"east":{"uv":[4.92308,15.07692,5.07692,15.23077],"texture":"#5"},"west":{"uv":[15.07692,4.92308,15.23077,5.07692],"texture":"#5"},"up":{"uv":[15,8.15385,14.76923,8],"texture":"#5"},"down":{"uv":[15,8.61538,14.76923,8.76923],"texture":"#5"}}},{"from":[7.375,24,7.25],"to":[8.625,25.5,7.75],"rotation":{"angle":45,"axis":"x","origin":[7.5,24.75,8]},"faces":{"north":{"uv":[11.38462,0.61538,11.76923,1.07692],"texture":"#5"},"east":{"uv":[10.76923,14.15385,10.92308,14.61538],"texture":"#5"},"south":{"uv":[11.38462,2.46154,11.76923,2.92308],"texture":"#5"},"west":{"uv":[14.15385,10.76923,14.30769,11.23077],"texture":"#5"},"up":{"uv":[3.76923,14.61538,3.38462,14.46154],"texture":"#5"},"down":{"uv":[14.84615,4.30769,14.46154,4.46154],"texture":"#5"}}},{"from":[7.375,24,8.25],"to":[8.625,25.5,8.75],"rotation":{"angle":45,"axis":"x","origin":[7.5,24.75,8]},"faces":{"north":{"uv":[11.38462,3.38462,11.76923,3.84615],"texture":"#5"},"east":{"uv":[14.15385,13.23077,14.30769,13.69231],"texture":"#5"},"south":{"uv":[4.61538,11.38462,5,11.84615],"texture":"#5"},"west":{"uv":[14.15385,14.15385,14.30769,14.61538],"texture":"#5"},"up":{"uv":[5.30769,14.61538,4.92308,14.46154],"texture":"#5"},"down":{"uv":[6.23077,14.46154,5.84615,14.61538],"texture":"#5"}}},{"from":[7.375,24,7.75],"to":[8.625,24.5,8.25],"rotation":{"angle":45,"axis":"x","origin":[7.5,24.75,8]},"faces":{"east":{"uv":[5.53846,15.07692,5.69231,15.23077],"texture":"#5"},"west":{"uv":[6.15385,15.07692,6.30769,15.23077],"texture":"#5"},"up":{"uv":[14.84615,7.53846,14.46154,7.38462],"texture":"#5"},"down":{"uv":[8.38462,14.46154,8,14.61538],"texture":"#5"}}},{"from":[7.375,25,7.75],"to":[8.625,25.5,8.25],"rotation":{"angle":45,"axis":"x","origin":[7.5,24.75,8]},"faces":{"east":{"uv":[7.38462,15.07692,7.53846,15.23077],"texture":"#5"},"west":{"uv":[8,15.07692,8.15385,15.23077],"texture":"#5"},"up":{"uv":[9.30769,14.61538,8.92308,14.46154],"texture":"#5"},"down":{"uv":[14.84615,9.23077,14.46154,9.38462],"texture":"#5"}}},{"from":[8,13.5,3.75],"to":[8.02,17.75,4.25],"rotation":{"angle":0,"axis":"y","origin":[8,14.75,4.25]},"faces":{"east":{"uv":[3.38462,10.76923,3.53846,12.07692],"texture":"#5"},"west":{"uv":[4,10.76923,4.15385,12.07692],"texture":"#5"}}},{"from":[7.875,16.68934,3.75],"to":[8.125,17.18934,4.25],"rotation":{"angle":45,"axis":"x","origin":[8,16.43934,4]},"faces":{"east":{"uv":[8.61538,15.07692,8.76923,15.23077],"texture":"#5"},"west":{"uv":[9.23077,15.07692,9.38462,15.23077],"texture":"#5"},"up":{"uv":[15.15385,12.15385,15.07692,12],"texture":"#5"},"down":{"uv":[12.69231,15.07692,12.61538,15.23077],"texture":"#5"}}},{"from":[7.875,15.68934,3.75],"to":[8.125,16.18934,4.25],"rotation":{"angle":45,"axis":"x","origin":[8,16.43934,4]},"faces":{"east":{"uv":[9.84615,15.07692,10,15.23077],"texture":"#5"},"west":{"uv":[10.46154,15.07692,10.61538,15.23077],"texture":"#5"},"up":{"uv":[13.30769,15.23077,13.23077,15.07692],"texture":"#5"},"down":{"uv":[13.92308,15.07692,13.84615,15.23077],"texture":"#5"}}},{"from":[7.875,15.68934,3.25],"to":[8.125,17.18934,3.75],"rotation":{"angle":45,"axis":"x","origin":[8,16.43934,4]},"faces":{"north":{"uv":[14.76923,10.46154,14.84615,10.92308],"texture":"#5"},"east":{"uv":[14.46154,0,14.61538,0.46154],"texture":"#5"},"south":{"uv":[14.76923,12.92308,14.84615,13.38462],"texture":"#5"},"west":{"uv":[0.92308,14.46154,1.07692,14.92308],"texture":"#5"},"up":{"uv":[0.07692,15.53846,0,15.38462],"texture":"#5"},"down":{"uv":[0.69231,15.38462,0.61538,15.53846],"texture":"#5"}}},{"from":[7.875,15.68934,4.25],"to":[8.125,17.18934,4.75],"rotation":{"angle":45,"axis":"x","origin":[8,16.43934,4]},"faces":{"north":{"uv":[14.76923,13.84615,14.84615,14.30769],"texture":"#5"},"east":{"uv":[14.46154,0.92308,14.61538,1.38462],"texture":"#5"},"south":{"uv":[14.76923,14.76923,14.84615,15.23077],"texture":"#5"},"west":{"uv":[1.53846,14.46154,1.69231,14.92308],"texture":"#5"},"up":{"uv":[1.30769,15.53846,1.23077,15.38462],"texture":"#5"},"down":{"uv":[15.46154,1.84615,15.38462,2],"texture":"#5"}}},{"from":[7.75,14,3.25],"to":[8.25,14.5,4.5],"rotation":{"angle":-45,"axis":"x","origin":[7.75,14,2.5]},"faces":{"north":{"uv":[15.07692,11.38462,15.23077,11.53846],"texture":"#5"},"east":{"uv":[9.84615,14.46154,10.23077,14.61538],"texture":"#5"},"south":{"uv":[12,15.07692,12.15385,15.23077],"texture":"#5"},"west":{"uv":[14.46154,9.84615,14.84615,10],"texture":"#5"},"up":{"uv":[6.92308,14.84615,6.76923,14.46154],"texture":"#5"},"down":{"uv":[11.53846,14.46154,11.38462,14.84615],"texture":"#5"}}},{"from":[7.75,13.25,3.25],"to":[8.25,13.75,4.5],"rotation":{"angle":-45,"axis":"x","origin":[7.75,13.25,2.5]},"faces":{"north":{"uv":[15.07692,11.38462,15.23077,11.53846],"texture":"#5"},"east":{"uv":[9.84615,14.46154,10.23077,14.61538],"texture":"#5"},"south":{"uv":[12,15.07692,12.15385,15.23077],"texture":"#5"},"west":{"uv":[14.46154,9.84615,14.84615,10],"texture":"#5"},"up":{"uv":[6.92308,14.84615,6.76923,14.46154],"texture":"#5"},"down":{"uv":[11.53846,14.46154,11.38462,14.84615],"texture":"#5"}}},{"from":[7.75,12.5,3.25],"to":[8.25,13,4.5],"rotation":{"angle":-45,"axis":"x","origin":[7.75,12.5,2.5]},"faces":{"north":{"uv":[15.07692,11.38462,15.23077,11.53846],"texture":"#5"},"east":{"uv":[9.84615,14.46154,10.23077,14.61538],"texture":"#5"},"south":{"uv":[12,15.07692,12.15385,15.23077],"texture":"#5"},"west":{"uv":[14.46154,9.84615,14.84615,10],"texture":"#5"},"up":{"uv":[6.92308,14.84615,6.76923,14.46154],"texture":"#5"},"down":{"uv":[11.53846,14.46154,11.38462,14.84615],"texture":"#5"}}},{"from":[7.75,14,3.5],"to":[8.25,14.5,4.75],"rotation":{"angle":45,"axis":"x","origin":[7.75,14,5.5]},"faces":{"north":{"uv":[12.15385,15.07692,12,15.23077],"texture":"#5"},"east":{"uv":[10.23077,14.46154,9.84615,14.61538],"texture":"#5"},"south":{"uv":[15.23077,11.38462,15.07692,11.53846],"texture":"#5"},"west":{"uv":[14.84615,9.84615,14.46154,10],"texture":"#5"},"up":{"uv":[6.92308,14.46154,6.76923,14.84615],"texture":"#5"},"down":{"uv":[11.53846,14.84615,11.38462,14.46154],"texture":"#5"}}},{"from":[7.75,13.25,3.5],"to":[8.25,13.75,4.75],"rotation":{"angle":45,"axis":"x","origin":[7.75,13.25,5.5]},"faces":{"north":{"uv":[12.15385,15.07692,12,15.23077],"texture":"#5"},"east":{"uv":[10.23077,14.46154,9.84615,14.61538],"texture":"#5"},"south":{"uv":[15.23077,11.38462,15.07692,11.53846],"texture":"#5"},"west":{"uv":[14.84615,9.84615,14.46154,10],"texture":"#5"},"up":{"uv":[6.92308,14.46154,6.76923,14.84615],"texture":"#5"},"down":{"uv":[11.53846,14.84615,11.38462,14.46154],"texture":"#5"}}},{"from":[7.75,12.5,3.5],"to":[8.25,13,4.75],"rotation":{"angle":45,"axis":"x","origin":[7.75,12.5,5.5]},"faces":{"north":{"uv":[12.15385,15.07692,12,15.23077],"texture":"#5"},"east":{"uv":[10.23077,14.46154,9.84615,14.61538],"texture":"#5"},"south":{"uv":[15.23077,11.38462,15.07692,11.53846],"texture":"#5"},"west":{"uv":[14.84615,9.84615,14.46154,10],"texture":"#5"},"up":{"uv":[6.92308,14.46154,6.76923,14.84615],"texture":"#5"},"down":{"uv":[11.53846,14.84615,11.38462,14.46154],"texture":"#5"}}},{"from":[7.625,12.25,3.625],"to":[8.375,13.5,4.375],"rotation":{"angle":0,"axis":"y","origin":[8.125,12.875,3.875]},"faces":{"north":{"uv":[0.92308,13.53846,1.15385,13.92308],"texture":"#5"},"east":{"uv":[2.15385,13.53846,2.38462,13.92308],"texture":"#5"},"south":{"uv":[2.76923,13.53846,3,13.92308],"texture":"#5"},"west":{"uv":[4.92308,13.53846,5.15385,13.92308],"texture":"#5"},"up":{"uv":[14.69231,11.92308,14.46154,11.69231],"texture":"#5"},"down":{"uv":[12.23077,14.46154,12,14.69231],"texture":"#5"}}},{"from":[8,13.5,11.75],"to":[8.02,17.75,12.25],"rotation":{"angle":0,"axis":"y","origin":[8,14.75,11.75]},"faces":{"east":{"uv":[3.53846,10.76923,3.38462,12.07692],"texture":"#5"},"west":{"uv":[4.15385,10.76923,4,12.07692],"texture":"#5"}}},{"from":[7.875,16.68934,11.75],"to":[8.125,17.18934,12.25],"rotation":{"angle":-45,"axis":"x","origin":[8,16.43934,12]},"faces":{"east":{"uv":[8.76923,15.07692,8.61538,15.23077],"texture":"#5"},"west":{"uv":[9.38462,15.07692,9.23077,15.23077],"texture":"#5"},"up":{"uv":[15.15385,12,15.07692,12.15385],"texture":"#5"},"down":{"uv":[12.69231,15.23077,12.61538,15.07692],"texture":"#5"}}},{"from":[7.875,15.68934,11.75],"to":[8.125,16.18934,12.25],"rotation":{"angle":-45,"axis":"x","origin":[8,16.43934,12]},"faces":{"east":{"uv":[10,15.07692,9.84615,15.23077],"texture":"#5"},"west":{"uv":[10.61538,15.07692,10.46154,15.23077],"texture":"#5"},"up":{"uv":[13.30769,15.07692,13.23077,15.23077],"texture":"#5"},"down":{"uv":[13.92308,15.23077,13.84615,15.07692],"texture":"#5"}}},{"from":[7.875,15.68934,12.25],"to":[8.125,17.18934,12.75],"rotation":{"angle":-45,"axis":"x","origin":[8,16.43934,12]},"faces":{"north":{"uv":[14.84615,12.92308,14.76923,13.38462],"texture":"#5"},"east":{"uv":[14.61538,0,14.46154,0.46154],"texture":"#5"},"south":{"uv":[14.84615,10.46154,14.76923,10.92308],"texture":"#5"},"west":{"uv":[1.07692,14.46154,0.92308,14.92308],"texture":"#5"},"up":{"uv":[0.07692,15.38462,0,15.53846],"texture":"#5"},"down":{"uv":[0.69231,15.53846,0.61538,15.38462],"texture":"#5"}}},{"from":[7.875,15.68934,11.25],"to":[8.125,17.18934,11.75],"rotation":{"angle":-45,"axis":"x","origin":[8,16.43934,12]},"faces":{"north":{"uv":[14.84615,14.76923,14.76923,15.23077],"texture":"#5"},"east":{"uv":[14.61538,0.92308,14.46154,1.38462],"texture":"#5"},"south":{"uv":[14.84615,13.84615,14.76923,14.30769],"texture":"#5"},"west":{"uv":[1.69231,14.46154,1.53846,14.92308],"texture":"#5"},"up":{"uv":[1.30769,15.38462,1.23077,15.53846],"texture":"#5"},"down":{"uv":[15.46154,2,15.38462,1.84615],"texture":"#5"}}},{"from":[7.75,14,11.5],"to":[8.25,14.5,12.75],"rotation":{"angle":45,"axis":"x","origin":[7.75,14,13.5]},"faces":{"north":{"uv":[12.15385,15.07692,12,15.23077],"texture":"#5"},"east":{"uv":[10.23077,14.46154,9.84615,14.61538],"texture":"#5"},"south":{"uv":[15.23077,11.38462,15.07692,11.53846],"texture":"#5"},"west":{"uv":[14.84615,9.84615,14.46154,10],"texture":"#5"},"up":{"uv":[6.92308,14.46154,6.76923,14.84615],"texture":"#5"},"down":{"uv":[11.53846,14.84615,11.38462,14.46154],"texture":"#5"}}},{"from":[7.625,12.25,11.625],"to":[8.375,13.5,12.375],"rotation":{"angle":0,"axis":"y","origin":[8.125,12.875,12.125]},"faces":{"north":{"uv":[3,13.53846,2.76923,13.92308],"texture":"#5"},"east":{"uv":[2.38462,13.53846,2.15385,13.92308],"texture":"#5"},"south":{"uv":[1.15385,13.53846,0.92308,13.92308],"texture":"#5"},"west":{"uv":[5.15385,13.53846,4.92308,13.92308],"texture":"#5"},"up":{"uv":[14.69231,11.69231,14.46154,11.92308],"texture":"#5"},"down":{"uv":[12.23077,14.69231,12,14.46154],"texture":"#5"}}},{"from":[7.75,13.25,11.5],"to":[8.25,13.75,12.75],"rotation":{"angle":45,"axis":"x","origin":[7.75,13.25,13.5]},"faces":{"north":{"uv":[12.15385,15.07692,12,15.23077],"texture":"#5"},"east":{"uv":[10.23077,14.46154,9.84615,14.61538],"texture":"#5"},"south":{"uv":[15.23077,11.38462,15.07692,11.53846],"texture":"#5"},"west":{"uv":[14.84615,9.84615,14.46154,10],"texture":"#5"},"up":{"uv":[6.92308,14.46154,6.76923,14.84615],"texture":"#5"},"down":{"uv":[11.53846,14.84615,11.38462,14.46154],"texture":"#5"}}},{"from":[7.75,12.5,11.5],"to":[8.25,13,12.75],"rotation":{"angle":45,"axis":"x","origin":[7.75,12.5,13.5]},"faces":{"north":{"uv":[12.15385,15.07692,12,15.23077],"texture":"#5"},"east":{"uv":[10.23077,14.46154,9.84615,14.61538],"texture":"#5"},"south":{"uv":[15.23077,11.38462,15.07692,11.53846],"texture":"#5"},"west":{"uv":[14.84615,9.84615,14.46154,10],"texture":"#5"},"up":{"uv":[6.92308,14.46154,6.76923,14.84615],"texture":"#5"},"down":{"uv":[11.53846,14.84615,11.38462,14.46154],"texture":"#5"}}},{"from":[7.75,12.5,11.25],"to":[8.25,13,12.5],"rotation":{"angle":-45,"axis":"x","origin":[7.75,12.5,10.5]},"faces":{"north":{"uv":[15.07692,11.38462,15.23077,11.53846],"texture":"#5"},"east":{"uv":[9.84615,14.46154,10.23077,14.61538],"texture":"#5"},"south":{"uv":[12,15.07692,12.15385,15.23077],"texture":"#5"},"west":{"uv":[14.46154,9.84615,14.84615,10],"texture":"#5"},"up":{"uv":[6.92308,14.84615,6.76923,14.46154],"texture":"#5"},"down":{"uv":[11.53846,14.46154,11.38462,14.84615],"texture":"#5"}}},{"from":[7.75,13.25,11.25],"to":[8.25,13.75,12.5],"rotation":{"angle":-45,"axis":"x","origin":[7.75,13.25,10.5]},"faces":{"north":{"uv":[15.07692,11.38462,15.23077,11.53846],"texture":"#5"},"east":{"uv":[9.84615,14.46154,10.23077,14.61538],"texture":"#5"},"south":{"uv":[12,15.07692,12.15385,15.23077],"texture":"#5"},"west":{"uv":[14.46154,9.84615,14.84615,10],"texture":"#5"},"up":{"uv":[6.92308,14.84615,6.76923,14.46154],"texture":"#5"},"down":{"uv":[11.53846,14.46154,11.38462,14.84615],"texture":"#5"}}},{"from":[7.75,14,11.25],"to":[8.25,14.5,12.5],"rotation":{"angle":-45,"axis":"x","origin":[7.75,14,10.5]},"faces":{"north":{"uv":[15.07692,11.38462,15.23077,11.53846],"texture":"#5"},"east":{"uv":[9.84615,14.46154,10.23077,14.61538],"texture":"#5"},"south":{"uv":[12,15.07692,12.15385,15.23077],"texture":"#5"},"west":{"uv":[14.46154,9.84615,14.84615,10],"texture":"#5"},"up":{"uv":[6.92308,14.84615,6.76923,14.46154],"texture":"#5"},"down":{"uv":[11.53846,14.46154,11.38462,14.84615],"texture":"#5"}}},{"from":[7.5,18.25,2.25],"to":[8.5,19.25,5.25],"rotation":{"angle":0,"axis":"y","origin":[7.5,18.25,2.25]},"faces":{"north":{"uv":[12.92308,9.84615,13.23077,10.15385],"texture":"#5"},"east":{"uv":[8.30769,9.84615,9.23077,10.15385],"texture":"#5"},"south":{"uv":[10.76923,12.92308,11.07692,13.23077],"texture":"#5"},"west":{"uv":[9.84615,8.61538,10.76923,8.92308],"texture":"#5"},"up":{"uv":[1.23077,10.76923,0.92308,9.84615],"texture":"#5"},"down":{"uv":[10.15385,9.23077,9.84615,10.15385],"texture":"#5"}}},{"from":[7.5035,19.0206,2.40328],"to":[8.4965,20.0206,3.32828],"rotation":{"angle":22.5,"axis":"x","origin":[8.0035,19.5206,2.90328]},"faces":{"north":{"uv":[13.23077,0.61538,13.53846,0.92308],"texture":"#5"},"east":{"uv":[1.53846,13.23077,1.84615,13.53846],"texture":"#5"},"south":{"uv":[13.23077,1.84615,13.53846,2.15385],"texture":"#5"},"west":{"uv":[3.38462,13.23077,3.69231,13.53846],"texture":"#5"}}},{"from":[7.25,19.75,1.25],"to":[8.75,20.75,3.75],"rotation":{"angle":0,"axis":"y","origin":[7.5,19.75,2.25]},"faces":{"north":{"uv":[12.30769,2.15385,12.76923,2.46154],"texture":"#5"},"east":{"uv":[10.46154,4.92308,11.23077,5.23077],"texture":"#5"},"south":{"uv":[2.46154,12.30769,2.92308,12.61538],"texture":"#5"},"west":{"uv":[10.46154,5.53846,11.23077,5.84615],"texture":"#5"},"up":{"uv":[2,9.69231,1.53846,8.92308],"texture":"#5"},"down":{"uv":[9.38462,1.84615,8.92308,2.61538],"texture":"#5"}}},{"from":[7.25,20.75,2],"to":[8.75,21.25,3.75],"rotation":{"angle":0,"axis":"y","origin":[7.5,20.75,2.25]},"faces":{"north":{"uv":[14.15385,5.23077,14.61538,5.38462],"texture":"#5"},"east":{"uv":[13.53846,4.61538,14.07692,4.76923],"texture":"#5"},"south":{"uv":[14.46154,1.84615,14.92308,2],"texture":"#5"},"west":{"uv":[13.53846,7.69231,14.07692,7.84615],"texture":"#5"},"up":{"uv":[10.61538,0.53846,10.15385,0],"texture":"#5"}}},{"from":[7.625,19.61639,0.3515],"to":[8.375,19.62639,1.3515],"rotation":{"angle":-22.5,"axis":"x","origin":[7.625,19.61639,0.3515]},"faces":{"up":{"uv":[2.38462,14.76923,2.15385,14.46154],"texture":"#5"},"down":{"uv":[3,14.46154,2.76923,14.76923],"texture":"#5"}}},{"from":[7.625,18.34777,9.27217],"to":[8.375,21.09777,11.52217],"rotation":{"angle":22.5,"axis":"x","origin":[8.125,20.09777,10.52217]},"faces":{"east":{"uv":[7.46154,2.46154,6.76923,3.30769],"texture":"#5"},"south":{"uv":[11,2.46154,10.76923,3.30769],"texture":"#5"},"west":{"uv":[6.84615,7.07692,6.15385,7.92308],"texture":"#5"},"up":{"uv":[10.38462,11.38462,10.15385,12.07692],"texture":"#5"},"down":{"uv":[0.23077,12.38462,0,11.69231],"texture":"#5"}}},{"from":[7.25,18.5,10],"to":[8.75,19,11.5],"rotation":{"angle":-22.5,"axis":"x","origin":[7.375,19.25,10.75]},"faces":{"north":{"uv":[3.84615,13.84615,3.38462,14],"texture":"#5"},"east":{"uv":[14.30769,3.07692,13.84615,3.23077],"texture":"#5"},"south":{"uv":[14.30769,2.46154,13.84615,2.61538],"texture":"#5"},"west":{"uv":[14.30769,3.69231,13.84615,3.84615],"texture":"#5"},"up":{"uv":[10.92308,6.15385,10.46154,6.61538],"texture":"#5"},"down":{"uv":[8.76923,10.92308,8.30769,10.46154],"texture":"#5"}}},{"from":[7.25,19,10],"to":[8.75,19.5,10.5],"rotation":{"angle":-22.5,"axis":"x","origin":[7.375,19.25,10.75]},"faces":{"north":{"uv":[8.46154,13.84615,8,14],"texture":"#5"},"east":{"uv":[15.23077,0,15.07692,0.15385],"texture":"#5"},"south":{"uv":[14.30769,5.84615,13.84615,6],"texture":"#5"},"west":{"uv":[15.23077,0.61538,15.07692,0.76923],"texture":"#5"}}},{"from":[7.25,19,11],"to":[8.75,19.5,11.5],"rotation":{"angle":-22.5,"axis":"x","origin":[7.375,19.25,10.75]},"faces":{"north":{"uv":[10.30769,13.84615,9.84615,14],"texture":"#5"},"east":{"uv":[15.23077,1.23077,15.07692,1.38462],"texture":"#5"},"south":{"uv":[9.38462,13.84615,8.92308,14],"texture":"#5"},"west":{"uv":[2.30769,15.07692,2.15385,15.23077],"texture":"#5"}}},{"from":[7.25,19.5,10],"to":[8.75,20,11.5],"rotation":{"angle":-22.5,"axis":"x","origin":[7.375,19.25,10.75]},"faces":{"north":{"uv":[13.69231,13.84615,13.23077,14],"texture":"#5"},"east":{"uv":[12.76923,13.84615,12.30769,14],"texture":"#5"},"south":{"uv":[11.84615,13.84615,11.38462,14],"texture":"#5"},"west":{"uv":[0.46154,14.15385,0,14.30769],"texture":"#5"},"up":{"uv":[9.69231,10.46154,9.23077,10.92308],"texture":"#5"},"down":{"uv":[10.92308,9.69231,10.46154,9.23077],"texture":"#5"}}},{"from":[7.5,18.25,10.75],"to":[8.5,19.25,13.75],"rotation":{"angle":0,"axis":"y","origin":[7.5,18.25,13.75]},"faces":{"north":{"uv":[11.07692,12.92308,10.76923,13.23077],"texture":"#5"},"east":{"uv":[9.23077,9.84615,8.30769,10.15385],"texture":"#5"},"south":{"uv":[13.23077,9.84615,12.92308,10.15385],"texture":"#5"},"west":{"uv":[10.76923,8.61538,9.84615,8.92308],"texture":"#5"},"up":{"uv":[1.23077,9.84615,0.92308,10.76923],"texture":"#5"},"down":{"uv":[10.15385,10.15385,9.84615,9.23077],"texture":"#5"}}},{"from":[7.5035,19.0206,12.67172],"to":[8.4965,20.0206,13.59672],"rotation":{"angle":-22.5,"axis":"x","origin":[8.0035,19.5206,13.09672]},"faces":{"north":{"uv":[13.53846,1.84615,13.23077,2.15385],"texture":"#5"},"east":{"uv":[1.84615,13.23077,1.53846,13.53846],"texture":"#5"},"south":{"uv":[13.53846,0.61538,13.23077,0.92308],"texture":"#5"},"west":{"uv":[3.69231,13.23077,3.38462,13.53846],"texture":"#5"}}},{"from":[7.25,19.75,12.25],"to":[8.75,20.75,14.75],"rotation":{"angle":0,"axis":"y","origin":[7.5,19.75,13.75]},"faces":{"north":{"uv":[2.92308,12.30769,2.46154,12.61538],"texture":"#5"},"east":{"uv":[11.23077,4.92308,10.46154,5.23077],"texture":"#5"},"south":{"uv":[12.76923,2.15385,12.30769,2.46154],"texture":"#5"},"west":{"uv":[11.23077,5.53846,10.46154,5.84615],"texture":"#5"},"up":{"uv":[2,8.92308,1.53846,9.69231],"texture":"#5"},"down":{"uv":[9.38462,2.61538,8.92308,1.84615],"texture":"#5"}}},{"from":[7.25,20.75,12.25],"to":[8.75,21.25,14],"rotation":{"angle":0,"axis":"y","origin":[7.5,20.75,13.75]},"faces":{"north":{"uv":[14.92308,1.84615,14.46154,2],"texture":"#5"},"east":{"uv":[14.07692,4.61538,13.53846,4.76923],"texture":"#5"},"south":{"uv":[14.61538,5.23077,14.15385,5.38462],"texture":"#5"},"west":{"uv":[14.07692,7.69231,13.53846,7.84615],"texture":"#5"},"up":{"uv":[10.61538,0,10.15385,0.53846],"texture":"#5"}}},{"from":[7.625,19.61639,14.6485],"to":[8.375,19.62639,15.6485],"rotation":{"angle":22.5,"axis":"x","origin":[7.625,19.61639,15.6485]},"faces":{"up":{"uv":[2.38462,14.46154,2.15385,14.76923],"texture":"#5"},"down":{"uv":[3,14.76923,2.76923,14.46154],"texture":"#5"}}},{"from":[6.25,15.5,4],"to":[6.25,23.5,12],"rotation":{"angle":0,"axis":"y","origin":[6.25,15.5,4]},"faces":{"west":{"uv":[0,0,16,16],"texture":"#4"}}},{"from":[9.75,15.5,4],"to":[9.75,23.5,12],"rotation":{"angle":0,"axis":"y","origin":[9.75,15.5,12]},"faces":{"east":{"uv":[0,0,16,16],"texture":"#4"}}},{"from":[8,7.5,6.93934],"to":[9.5,14.5,8.43934],"rotation":{"angle":-45,"axis":"y","origin":[8,7.5,6.93934]},"faces":{"north":{"uv":[0,5.23077,0.46154,7.38462],"texture":"#5"},"east":{"uv":[4.30769,5.23077,4.76923,7.38462],"texture":"#5"},"south":{"uv":[5.23077,5.23077,5.69231,7.38462],"texture":"#5"},"west":{"uv":[5.84615,0,6.30769,2.15385],"texture":"#5"},"up":{"uv":[10.61538,10.92308,10.15385,10.46154],"texture":"#5"},"down":{"uv":[0.46154,10.76923,0,11.23077],"texture":"#5"}}},{"from":[8,-11.5,6.93934],"to":[9.5,0,8.43934],"rotation":{"angle":-45,"axis":"y","origin":[8,-7,6.93934]},"faces":{"north":{"uv":[2.46154,0,2.92308,3.53846],"texture":"#5"},"east":{"uv":[0.92308,3.07692,1.38462,6.61538],"texture":"#5"},"south":{"uv":[3.38462,0,3.84615,3.53846],"texture":"#5"},"west":{"uv":[1.84615,4,2.30769,7.53846],"texture":"#5"},"up":{"uv":[11.23077,2,10.76923,1.53846],"texture":"#5"},"down":{"uv":[2.92308,10.76923,2.46154,11.23077],"texture":"#5"}}},{"from":[7.99,26.75,7.75],"to":[8.01,30,11],"rotation":{"angle":-45,"axis":"x","origin":[7.99,27,8]},"faces":{"east":{"uv":[5.30769,3.69231,4.30769,4.69231],"texture":"#5"},"west":{"uv":[4.30769,3.69231,5.30769,4.69231],"texture":"#5"}}},{"from":[7.995,23,6.375],"to":[8.005,29,9.625],"rotation":{"angle":0,"axis":"y","origin":[7.995,26.75,9.375]},"faces":{"east":{"uv":[1,0,0,1.84615],"texture":"#5"},"west":{"uv":[0,0,1,1.84615],"texture":"#5"}}},{"from":[6.4774,21.5,5.63068],"to":[6.5074,30.5,8.63068],"rotation":{"angle":-22.5,"axis":"y","origin":[8,26,8]},"faces":{"east":{"uv":[3.2,0,0.8,7.2],"texture":"#particle"},"west":{"uv":[0.8,0,3.2,7.2],"texture":"#particle"}}},{"from":[6.4774,21.5,7.36932],"to":[6.5074,30.5,10.36932],"rotation":{"angle":22.5,"axis":"y","origin":[8,26,8]},"faces":{"east":{"uv":[5.6,0,3.2,7.2],"texture":"#particle"},"west":{"uv":[3.2,0,5.6,7.2],"texture":"#particle"}}},{"from":[7.5,21.5,5.22836],"to":[8.5,30.5,5.25836],"rotation":{"angle":0,"axis":"y","origin":[8,26,8]},"faces":{"north":{"uv":[0,0,0.8,7.2],"texture":"#particle"},"south":{"uv":[0.8,0,0,7.2],"texture":"#particle"}}},{"from":[7.5,21.5,10.74164],"to":[8.5,30.5,10.77164],"rotation":{"angle":0,"axis":"y","origin":[8,26,8]},"faces":{"north":{"uv":[6.4,0,5.6,7.2],"texture":"#particle"},"south":{"uv":[5.6,0,6.4,7.2],"texture":"#particle"}}},{"from":[9.4926,21.5,7.36932],"to":[9.5226,30.5,10.36932],"rotation":{"angle":-22.5,"axis":"y","origin":[8,26,8]},"faces":{"east":{"uv":[6.4,0,8.8,7.2],"texture":"#particle"},"west":{"uv":[8.8,0,6.4,7.2],"texture":"#particle"}}},{"from":[9.49259,21.5,5.63069],"to":[9.52259,30.5,8.63069],"rotation":{"angle":22.5,"axis":"y","origin":[8,26,8]},"faces":{"east":{"uv":[8.8,0,11.2,7.2],"texture":"#particle"},"west":{"uv":[11.2,0,8.8,7.2],"texture":"#particle"}}}],"gui_light":"front","display":{"thirdperson_righthand":{"translation":[0,3,0.75]},"thirdperson_lefthand":{"translation":[0,3,0.75]},"firstperson_righthand":{"rotation":[-5,0,0],"translation":[2.5,0.75,0],"scale":[0.7,0.7,0.7]},"firstperson_lefthand":{"rotation":[-5,0,0],"translation":[2.5,0.75,0],"scale":[0.7,0.7,0.7]},"ground":{"rotation":[-45,0,0],"translation":[0,5,0],"scale":[0.7,0.7,0.7]},"gui":{"rotation":[-90,45,90],"translation":[-0.5,0.5,0],"scale":[0.5,0.5,0.5]},"head":{"rotation":[0,-90,0]},"fixed":{"rotation":[0,-90,0],"translation":[0,0,-2.5],"scale":[2,2,2]}},"groups":[{"name":"spear","origin":[8.625,10.25,4.5],"color":0,"children":[0,1,2,3,4,5,6,7,8,9,10,11,12,13,14,15,16,17,18,19,20,21,22,23,24,25,26,27,28,29,30,31,32,33,34,35,36,37,38,39,40,41,42,43,44,45,46,47,48,49,50,51,52,53,54,55,56,57,58,59,60,61,62,63,64,65,66,67,68,69,70,71,72,73,74,75,76,77,78,79,80,81,82,83,84,85,86,87,88,89,90,91,92,93,94,95,96]}],"mcmodels":"2238fb43fad87426eb3c95ab6631a4ea"}