{"credit":"Pologony Creation Co.,Ltd.","texture_size":[28,28],"textures":{"2":"plny_lunar_new_year_2025:animated/animated_5","3":"plny_lunar_new_year_2025:staff","4":"plny_lunar_new_year_2025:animated/animated_2","particle":"plny_lunar_new_year_2025:staff"},"elements":[{"from":[7,-14.5,7],"to":[9,-14,9],"rotation":{"angle":0,"axis":"y","origin":[7,-14.5,7]},"faces":{"north":{"uv":[13.23077,1.84615,13.84615,2],"texture":"#3"},"east":{"uv":[6.46154,13.23077,7.07692,13.38462],"texture":"#3"},"south":{"uv":[7.38462,13.23077,8,13.38462],"texture":"#3"},"west":{"uv":[13.23077,8.61538,13.84615,8.76923],"texture":"#3"},"up":{"uv":[8,9.53846,7.38462,8.92308],"texture":"#3"},"down":{"uv":[8.92308,8.92308,8.30769,9.53846],"texture":"#3"}}},{"from":[7.125,-14,7.125],"to":[8.875,-12,8.875],"rotation":{"angle":0,"axis":"y","origin":[7.125,-14,6.875]},"faces":{"north":{"uv":[10.15385,4.30769,10.69231,4.92308],"texture":"#3"},"east":{"uv":[10.15385,8.30769,10.69231,8.92308],"texture":"#3"},"south":{"uv":[10.15385,9.23077,10.69231,9.84615],"texture":"#3"},"west":{"uv":[10.15385,10.15385,10.69231,10.76923],"texture":"#3"}}},{"from":[7.25,0.5,7.25],"to":[8.75,1.5,8.75],"rotation":{"angle":0,"axis":"y","origin":[7.25,0.5,6.75]},"faces":{"north":{"uv":[3.38462,12.30769,3.84615,12.61538],"texture":"#3"},"east":{"uv":[12.30769,4,12.76923,4.30769],"texture":"#3"},"south":{"uv":[12.30769,4.61538,12.76923,4.92308],"texture":"#3"},"west":{"uv":[5.53846,12.30769,6,12.61538],"texture":"#3"},"up":{"uv":[0.46154,11.84615,0,11.38462],"texture":"#3"}}},{"from":[7.375,1.5,7.375],"to":[8.625,4.5,8.625],"rotation":{"angle":0,"axis":"y","origin":[7.375,2.5,6.625]},"faces":{"north":{"uv":[8.30769,9.84615,8.69231,10.76923],"texture":"#3"},"east":{"uv":[9.23077,9.84615,9.61538,10.76923],"texture":"#3"},"south":{"uv":[0,10.15385,0.38462,11.07692],"texture":"#3"},"west":{"uv":[10.15385,0,10.53846,0.92308],"texture":"#3"}}},{"from":[7,-12,7],"to":[9,-11.5,9],"rotation":{"angle":0,"axis":"y","origin":[7,-12,7]},"faces":{"north":{"uv":[13.23077,9.23077,13.84615,9.38462],"texture":"#3"},"east":{"uv":[13.23077,9.84615,13.84615,10],"texture":"#3"},"south":{"uv":[12,13.23077,12.61538,13.38462],"texture":"#3"},"west":{"uv":[0,13.53846,0.61538,13.69231],"texture":"#3"},"up":{"uv":[0.61538,9.84615,0,9.23077],"texture":"#3"},"down":{"uv":[9.84615,0,9.23077,0.61538],"texture":"#3"}}},{"from":[7,0,7],"to":[9,0.5,9],"rotation":{"angle":0,"axis":"y","origin":[7,0,7]},"faces":{"north":{"uv":[2.46154,13.53846,3.07692,13.69231],"texture":"#3"},"east":{"uv":[13.53846,2.46154,14.15385,2.61538],"texture":"#3"},"south":{"uv":[13.53846,4.92308,14.15385,5.07692],"texture":"#3"},"west":{"uv":[13.53846,5.53846,14.15385,5.69231],"texture":"#3"},"up":{"uv":[9.84615,1.53846,9.23077,0.92308],"texture":"#3"},"down":{"uv":[9.84615,1.84615,9.23077,2.46154],"texture":"#3"}}},{"from":[7,16,7],"to":[9,16.5,9],"rotation":{"angle":0,"axis":"y","origin":[7,16.5,7]},"faces":{"north":{"uv":[13.53846,6.15385,14.15385,6.30769],"texture":"#3"},"east":{"uv":[13.53846,6.76923,14.15385,6.92308],"texture":"#3"},"south":{"uv":[13.53846,7.38462,14.15385,7.53846],"texture":"#3"},"west":{"uv":[13.53846,8,14.15385,8.15385],"texture":"#3"},"down":{"uv":[3.38462,9.23077,2.76923,9.84615],"texture":"#3"}}},{"from":[7,14.5,7],"to":[9,15,9],"rotation":{"angle":0,"axis":"y","origin":[7,15,7]},"faces":{"north":{"uv":[8.30769,13.53846,8.92308,13.69231],"texture":"#3"},"east":{"uv":[9.23077,13.53846,9.84615,13.69231],"texture":"#3"},"south":{"uv":[10.15385,13.53846,10.76923,13.69231],"texture":"#3"},"west":{"uv":[11.07692,13.53846,11.69231,13.69231],"texture":"#3"},"up":{"uv":[9.84615,5.53846,9.23077,4.92308],"texture":"#3"},"down":{"uv":[9.84615,8.92308,9.23077,9.53846],"texture":"#3"}}},{"from":[7.125,15,7.125],"to":[8.875,16,8.875],"rotation":{"angle":0,"axis":"y","origin":[7.125,17,6.875]},"faces":{"north":{"uv":[12,10.76923,12.53846,11.07692],"texture":"#3"},"east":{"uv":[12,11.38462,12.53846,11.69231],"texture":"#3"},"south":{"uv":[12,12,12.53846,12.30769],"texture":"#3"},"west":{"uv":[0,12.30769,0.53846,12.61538],"texture":"#3"}}},{"from":[7,7,7],"to":[9,7.5,9],"rotation":{"angle":0,"axis":"y","origin":[7,7.5,7]},"faces":{"north":{"uv":[12.92308,13.53846,13.53846,13.69231],"texture":"#3"},"east":{"uv":[13.84615,0,14.46154,0.15385],"texture":"#3"},"south":{"uv":[0.92308,13.84615,1.53846,14],"texture":"#3"},"west":{"uv":[13.84615,4,14.46154,4.15385],"texture":"#3"},"up":{"uv":[1.53846,10.15385,0.92308,9.53846],"texture":"#3"},"down":{"uv":[4.30769,9.53846,3.69231,10.15385],"texture":"#3"}}},{"from":[7,5.5,7],"to":[9,6,9],"rotation":{"angle":0,"axis":"y","origin":[7,6,7]},"faces":{"north":{"uv":[5.23077,13.84615,5.84615,14],"texture":"#3"},"east":{"uv":[6.15385,13.84615,6.76923,14],"texture":"#3"},"south":{"uv":[7.07692,13.84615,7.69231,14],"texture":"#3"},"west":{"uv":[12,13.84615,12.61538,14],"texture":"#3"},"up":{"uv":[5.23077,10.15385,4.61538,9.53846],"texture":"#3"},"down":{"uv":[10.46154,6.46154,9.84615,7.07692],"texture":"#3"}}},{"from":[7.125,6,7.125],"to":[8.875,7,8.875],"rotation":{"angle":0,"axis":"y","origin":[7.125,8,6.875]},"faces":{"north":{"uv":[12.30769,0.61538,12.84615,0.92308],"texture":"#3"},"east":{"uv":[0.92308,12.30769,1.46154,12.61538],"texture":"#3"},"south":{"uv":[12.30769,1.23077,12.84615,1.53846],"texture":"#3"},"west":{"uv":[12.30769,1.84615,12.84615,2.15385],"texture":"#3"}}},{"from":[7.25,4.5,7.25],"to":[8.75,5.5,8.75],"rotation":{"angle":0,"axis":"y","origin":[7.25,5.5,6.75]},"faces":{"north":{"uv":[8.30769,12.30769,8.76923,12.61538],"texture":"#3"},"east":{"uv":[12.30769,8.61538,12.76923,8.92308],"texture":"#3"},"south":{"uv":[9.23077,12.30769,9.69231,12.61538],"texture":"#3"},"west":{"uv":[12.30769,9.23077,12.76923,9.53846],"texture":"#3"},"down":{"uv":[1.38462,11.38462,0.92308,11.84615],"texture":"#3"}}},{"from":[6.75,16.5,6.5],"to":[9.25,17.75,9.5],"rotation":{"angle":0,"axis":"y","origin":[7,16,6.5]},"faces":{"east":{"uv":[10.15385,1.23077,11.07692,1.61538],"texture":"#3"},"west":{"uv":[10.15385,2.15385,11.07692,2.53846],"texture":"#3"},"up":{"uv":[7.84615,0.92308,7.07692,0],"texture":"#3"},"down":{"uv":[7.84615,1.23077,7.07692,2.15385],"texture":"#3"}}},{"from":[6.7475,15.19382,6.43612],"to":[9.2525,16.54382,7.43612],"rotation":{"angle":-22.5,"axis":"x","origin":[6.9975,14.79382,3.93612]},"faces":{"north":{"uv":[0.92308,10.46154,1.69231,10.84615],"texture":"#3"},"east":{"uv":[0.92308,12.92308,1.23077,13.30769],"texture":"#3"},"south":{"uv":[3.69231,10.46154,4.46154,10.84615],"texture":"#3"},"west":{"uv":[12.92308,2.46154,13.23077,2.84615],"texture":"#3"},"up":{"uv":[9.07692,11.38462,8.30769,11.07692],"texture":"#3"},"down":{"uv":[11.84615,8.92308,11.07692,9.23077],"texture":"#3"}}},{"from":[6.7475,15.19382,8.56388],"to":[9.2525,16.54382,9.56388],"rotation":{"angle":22.5,"axis":"x","origin":[6.9975,14.79382,12.06388]},"faces":{"north":{"uv":[10.76923,5.23077,11.53846,5.61538],"texture":"#3"},"east":{"uv":[3.38462,12.92308,3.69231,13.30769],"texture":"#3"},"south":{"uv":[10.76923,6.15385,11.53846,6.53846],"texture":"#3"},"west":{"uv":[5.23077,12.92308,5.53846,13.30769],"texture":"#3"},"up":{"uv":[10.30769,11.38462,9.53846,11.07692],"texture":"#3"},"down":{"uv":[11.84615,9.53846,11.07692,9.84615],"texture":"#3"}}},{"from":[7,17.75,3.5],"to":[9,18.75,12.5],"rotation":{"angle":0,"axis":"y","origin":[7,17.75,4]},"faces":{"north":{"uv":[8.92308,6.46154,9.53846,6.76923],"texture":"#3"},"east":{"uv":[6.15385,2.46154,8.92308,2.76923],"texture":"#3"},"south":{"uv":[8.30769,11.69231,8.92308,12],"texture":"#3"},"west":{"uv":[6.15385,5.23077,8.92308,5.53846],"texture":"#3"},"up":{"uv":[2.46154,2.76923,1.84615,0],"texture":"#3"},"down":{"uv":[3.38462,0,2.76923,2.76923],"texture":"#3"}}},{"from":[7,16.75,5.5],"to":[9,17.75,10.5],"rotation":{"angle":0,"axis":"y","origin":[7,16.75,4]},"faces":{"north":{"uv":[9.23077,11.69231,9.84615,12],"texture":"#3"},"east":{"uv":[4.30769,8.92308,5.84615,9.23077],"texture":"#3"},"south":{"uv":[10.15385,11.69231,10.76923,12],"texture":"#3"},"west":{"uv":[8.92308,5.84615,10.46154,6.15385],"texture":"#3"},"down":{"uv":[1.53846,6.15385,0.92308,7.69231],"texture":"#3"}}},{"from":[7.0035,16.90328,5.2706],"to":[8.9965,17.90328,6.2706],"rotation":{"angle":-22.5,"axis":"x","origin":[8.0035,17.40328,5.7706]},"faces":{"north":{"uv":[11.07692,11.69231,11.69231,12],"texture":"#3"},"east":{"uv":[4.61538,3.38462,4.92308,3.69231],"texture":"#3"},"west":{"uv":[10.15385,5.23077,10.46154,5.53846],"texture":"#3"}}},{"from":[7.0085,17.59619,4.44239],"to":[8.9915,18.59619,5.94239],"rotation":{"angle":22.5,"axis":"x","origin":[8.0085,18.09619,4.94239]},"faces":{"east":{"uv":[12.30769,9.84615,12.76923,10.15385],"texture":"#3"},"west":{"uv":[10.15385,12.30769,10.61538,12.61538],"texture":"#3"},"down":{"uv":[7.38462,10.76923,6.76923,11.23077],"texture":"#3"}}},{"from":[7.0085,17.59619,10.05761],"to":[8.9915,18.59619,11.55761],"rotation":{"angle":-22.5,"axis":"x","origin":[8.0085,18.09619,11.05761]},"faces":{"east":{"uv":[11.07692,12.30769,11.53846,12.61538],"texture":"#3"},"west":{"uv":[1.84615,12.61538,2.30769,12.92308],"texture":"#3"},"down":{"uv":[11.38462,7.07692,10.76923,7.53846],"texture":"#3"}}},{"from":[7.0035,16.90328,9.7294],"to":[8.9965,17.90328,10.7294],"rotation":{"angle":22.5,"axis":"x","origin":[8.0035,17.40328,10.2294]},"faces":{"east":{"uv":[1.84615,13.84615,2.15385,14.15385],"texture":"#3"},"south":{"uv":[12,0,12.61538,0.30769],"texture":"#3"},"west":{"uv":[3.38462,13.84615,3.69231,14.15385],"texture":"#3"}}},{"from":[7.5,22.75,6.25],"to":[8.5,27,9.75],"rotation":{"angle":0,"axis":"y","origin":[7.5,22.75,6]},"faces":{"north":{"uv":[4.61538,5.53846,4.92308,6.84615],"texture":"#3"},"east":{"uv":[4.61538,1.53846,5.69231,2.84615],"texture":"#3"},"south":{"uv":[6.76923,8.92308,7.07692,10.23077],"texture":"#3"},"west":{"uv":[5.23077,3.38462,6.30769,4.69231],"texture":"#3"},"up":{"uv":[5.84615,10.61538,5.53846,9.53846],"texture":"#3"}}},{"from":[7.625,22.34777,4.97783],"to":[8.375,25.09777,7.22783],"rotation":{"angle":-22.5,"axis":"x","origin":[8.125,24.09777,5.97783]},"faces":{"north":{"uv":[5.53846,11.07692,5.76923,11.92308],"texture":"#3"},"east":{"uv":[0,8,0.69231,8.84615],"texture":"#3"},"west":{"uv":[3.07692,8,3.76923,8.84615],"texture":"#3"},"up":{"uv":[7.92308,12.69231,7.69231,12],"texture":"#3"},"down":{"uv":[3,12.30769,2.76923,13],"texture":"#3"}}},{"from":[7.625,22.34777,8.77217],"to":[8.375,25.09777,11.02217],"rotation":{"angle":22.5,"axis":"x","origin":[8.125,24.09777,10.02217]},"faces":{"east":{"uv":[0.69231,8,0,8.84615],"texture":"#3"},"south":{"uv":[5.76923,11.07692,5.53846,11.92308],"texture":"#3"},"west":{"uv":[3.76923,8,3.07692,8.84615],"texture":"#3"},"up":{"uv":[7.92308,12,7.69231,12.69231],"texture":"#3"},"down":{"uv":[3,13,2.76923,12.30769],"texture":"#3"}}},{"from":[6.0035,22.75,7],"to":[7.4965,23.75,9],"rotation":{"angle":0,"axis":"y","origin":[6.0035,22.75,7]},"faces":{"east":{"uv":[12,2.76923,12.61538,3.07692],"texture":"#3"},"west":{"uv":[12,3.38462,12.61538,3.69231],"texture":"#3"},"up":{"uv":[11.53846,0.61538,11.07692,0],"texture":"#3"},"down":{"uv":[11.53846,3.07692,11.07692,3.69231],"texture":"#3"}}},{"from":[6.25,23.75,7.25],"to":[7.25,24.25,8.75],"rotation":{"angle":0,"axis":"y","origin":[6,23.75,7]},"faces":{"north":{"uv":[12.61538,14.76923,12.92308,14.92308],"texture":"#3"},"east":{"uv":[8.92308,14.15385,9.38462,14.30769],"texture":"#3"},"south":{"uv":[13.23077,14.76923,13.53846,14.92308],"texture":"#3"},"west":{"uv":[14.15385,9.23077,14.61538,9.38462],"texture":"#3"},"up":{"uv":[3.38462,7.53846,3.07692,7.07692],"texture":"#3"}}},{"from":[6,23.51537,6.40224],"to":[7.5,24.59037,7.15224],"rotation":{"angle":22.5,"axis":"x","origin":[6,23.51537,5.15224]},"faces":{"north":{"uv":[4.30769,12.61538,4.76923,12.92308],"texture":"#3"},"east":{"uv":[9.84615,14.15385,10.07692,14.46154],"texture":"#3"},"south":{"uv":[6.46154,12.61538,6.92308,12.92308],"texture":"#3"},"west":{"uv":[14.15385,9.84615,14.38462,10.15385],"texture":"#3"},"up":{"uv":[13.38462,13.15385,12.92308,12.92308],"texture":"#3"},"down":{"uv":[13.69231,0.61538,13.23077,0.84615],"texture":"#3"}}},{"from":[6,22.36732,9.07612],"to":[7.5,23.44232,9.82612],"rotation":{"angle":-22.5,"axis":"x","origin":[6,22.36732,8.07612]},"faces":{"north":{"uv":[12.61538,7.07692,13.07692,7.38462],"texture":"#3"},"east":{"uv":[10.46154,14.15385,10.69231,14.46154],"texture":"#3"},"south":{"uv":[12,12.61538,12.46154,12.92308],"texture":"#3"},"west":{"uv":[14.15385,10.46154,14.38462,10.76923],"texture":"#3"},"up":{"uv":[13.69231,1.46154,13.23077,1.23077],"texture":"#3"},"down":{"uv":[2,13.23077,1.53846,13.46154],"texture":"#3"}}},{"from":[8.75,23.75,7.25],"to":[9.75,24.25,8.75],"rotation":{"angle":0,"axis":"y","origin":[10,23.75,7]},"faces":{"north":{"uv":[12.92308,14.76923,12.61538,14.92308],"texture":"#3"},"east":{"uv":[14.61538,9.23077,14.15385,9.38462],"texture":"#3"},"south":{"uv":[13.53846,14.76923,13.23077,14.92308],"texture":"#3"},"west":{"uv":[9.38462,14.15385,8.92308,14.30769],"texture":"#3"},"up":{"uv":[3.07692,7.53846,3.38462,7.07692],"texture":"#3"}}},{"from":[8.5,23.51537,6.40224],"to":[10,24.59037,7.15224],"rotation":{"angle":22.5,"axis":"x","origin":[10,23.51537,5.15224]},"faces":{"north":{"uv":[4.76923,12.61538,4.30769,12.92308],"texture":"#3"},"east":{"uv":[14.38462,9.84615,14.15385,10.15385],"texture":"#3"},"south":{"uv":[6.92308,12.61538,6.46154,12.92308],"texture":"#3"},"west":{"uv":[10.07692,14.15385,9.84615,14.46154],"texture":"#3"},"up":{"uv":[12.92308,13.15385,13.38462,12.92308],"texture":"#3"},"down":{"uv":[13.23077,0.61538,13.69231,0.84615],"texture":"#3"}}},{"from":[8.5035,22.75,7],"to":[9.9965,23.75,9],"rotation":{"angle":0,"axis":"y","origin":[9.9965,22.75,7]},"faces":{"east":{"uv":[12.61538,3.38462,12,3.69231],"texture":"#3"},"west":{"uv":[12.61538,2.76923,12,3.07692],"texture":"#3"},"up":{"uv":[11.07692,0.61538,11.53846,0],"texture":"#3"},"down":{"uv":[11.07692,3.07692,11.53846,3.69231],"texture":"#3"}}},{"from":[8.5,22.36732,9.07612],"to":[10,23.44232,9.82612],"rotation":{"angle":-22.5,"axis":"x","origin":[10,22.36732,8.07612]},"faces":{"north":{"uv":[13.07692,7.07692,12.61538,7.38462],"texture":"#3"},"east":{"uv":[14.38462,10.46154,14.15385,10.76923],"texture":"#3"},"south":{"uv":[12.46154,12.61538,12,12.92308],"texture":"#3"},"west":{"uv":[10.69231,14.15385,10.46154,14.46154],"texture":"#3"},"up":{"uv":[13.23077,1.46154,13.69231,1.23077],"texture":"#3"},"down":{"uv":[1.53846,13.23077,2,13.46154],"texture":"#3"}}},{"from":[7.25,18.5,4.5],"to":[8.75,19,6],"rotation":{"angle":22.5,"axis":"x","origin":[7.375,19.25,5.25]},"faces":{"north":{"uv":[11.07692,14.15385,11.53846,14.30769],"texture":"#3"},"east":{"uv":[14.15385,11.07692,14.61538,11.23077],"texture":"#3"},"south":{"uv":[14.15385,11.69231,14.61538,11.84615],"texture":"#3"},"west":{"uv":[14.15385,12.30769,14.61538,12.46154],"texture":"#3"},"up":{"uv":[11.84615,1.38462,11.38462,0.92308],"texture":"#3"},"down":{"uv":[11.84615,1.84615,11.38462,2.30769],"texture":"#3"}}},{"from":[7.25,19,5.5],"to":[8.75,19.5,6],"rotation":{"angle":22.5,"axis":"x","origin":[7.375,19.25,5.25]},"faces":{"north":{"uv":[12.92308,14.15385,13.38462,14.30769],"texture":"#3"},"east":{"uv":[15.07692,10.76923,15.23077,10.92308],"texture":"#3"},"south":{"uv":[13.84615,14.15385,14.30769,14.30769],"texture":"#3"},"west":{"uv":[15.07692,11.38462,15.23077,11.53846],"texture":"#3"}}},{"from":[7.25,19,4.5],"to":[8.75,19.5,5],"rotation":{"angle":22.5,"axis":"x","origin":[7.375,19.25,5.25]},"faces":{"north":{"uv":[0.61538,14.46154,1.07692,14.61538],"texture":"#3"},"east":{"uv":[15.07692,12,15.23077,12.15385],"texture":"#3"},"south":{"uv":[1.53846,14.46154,2,14.61538],"texture":"#3"},"west":{"uv":[15.07692,12.61538,15.23077,12.76923],"texture":"#3"}}},{"from":[7.25,19.5,4.5],"to":[8.75,20,6],"rotation":{"angle":22.5,"axis":"x","origin":[7.375,19.25,5.25]},"faces":{"north":{"uv":[14.46154,2.46154,14.92308,2.61538],"texture":"#3"},"east":{"uv":[3.07692,14.46154,3.53846,14.61538],"texture":"#3"},"south":{"uv":[14.46154,4.61538,14.92308,4.76923],"texture":"#3"},"west":{"uv":[5.23077,14.46154,5.69231,14.61538],"texture":"#3"},"up":{"uv":[3.23077,11.84615,2.76923,11.38462],"texture":"#3"},"down":{"uv":[4.15385,11.38462,3.69231,11.84615],"texture":"#3"}}},{"from":[7.625,-15.75,7.25],"to":[8.375,-14.25,7.75],"rotation":{"angle":-45,"axis":"x","origin":[8,-15,8]},"faces":{"north":{"uv":[5.84615,12.92308,6.07692,13.38462],"texture":"#3"},"east":{"uv":[14.46154,5.23077,14.61538,5.69231],"texture":"#3"},"south":{"uv":[4,13.23077,4.23077,13.69231],"texture":"#3"},"west":{"uv":[6.15385,14.46154,6.30769,14.92308],"texture":"#3"},"up":{"uv":[14.07692,14.92308,13.84615,14.76923],"texture":"#3"},"down":{"uv":[15,13.84615,14.76923,14],"texture":"#3"}}},{"from":[7.625,-15.75,7.75],"to":[8.375,-15.25,8.25],"rotation":{"angle":-45,"axis":"x","origin":[8,-15,8]},"faces":{"east":{"uv":[15.07692,13.23077,15.23077,13.38462],"texture":"#3"},"west":{"uv":[15.07692,14.46154,15.23077,14.61538],"texture":"#3"},"up":{"uv":[14.69231,14.92308,14.46154,14.76923],"texture":"#3"},"down":{"uv":[0.84615,15.07692,0.61538,15.23077],"texture":"#3"}}},{"from":[7.625,-15.75,8.25],"to":[8.375,-14.25,8.75],"rotation":{"angle":-45,"axis":"x","origin":[8,-15,8]},"faces":{"north":{"uv":[13.23077,4,13.46154,4.46154],"texture":"#3"},"east":{"uv":[14.46154,6.15385,14.61538,6.61538],"texture":"#3"},"south":{"uv":[4.61538,13.23077,4.84615,13.69231],"texture":"#3"},"west":{"uv":[6.76923,14.46154,6.92308,14.92308],"texture":"#3"},"up":{"uv":[1.46154,15.23077,1.23077,15.07692],"texture":"#3"},"down":{"uv":[2.07692,15.07692,1.84615,15.23077],"texture":"#3"}}},{"from":[7.625,-14.75,7.75],"to":[8.375,-14.25,8.25],"rotation":{"angle":-45,"axis":"x","origin":[8,-15,8]},"faces":{"east":{"uv":[15.07692,15.07692,15.23077,15.23077],"texture":"#3"},"west":{"uv":[0,15.38462,0.15385,15.53846],"texture":"#3"},"up":{"uv":[2.69231,15.23077,2.46154,15.07692],"texture":"#3"},"down":{"uv":[3.30769,15.07692,3.07692,15.23077],"texture":"#3"}}},{"from":[8,8.5,11.75],"to":[8.02,17.75,12.25],"rotation":{"angle":0,"axis":"y","origin":[8,9.75,11.75]},"faces":{"east":{"uv":[2.15385,8.30769,2.30769,11.15385],"texture":"#3"},"west":{"uv":[6.15385,8.92308,6.30769,11.76923],"texture":"#3"}}},{"from":[7.875,11.68934,11.75],"to":[8.125,12.18934,12.25],"rotation":{"angle":-45,"axis":"x","origin":[8,11.43934,12]},"faces":{"east":{"uv":[15.38462,0.61538,15.53846,0.76923],"texture":"#3"},"west":{"uv":[15.38462,2.46154,15.53846,2.61538],"texture":"#3"},"up":{"uv":[15.46154,9.69231,15.38462,9.53846],"texture":"#3"},"down":{"uv":[15.46154,10.15385,15.38462,10.30769],"texture":"#3"}}},{"from":[7.875,10.68934,11.75],"to":[8.125,11.18934,12.25],"rotation":{"angle":-45,"axis":"x","origin":[8,11.43934,12]},"faces":{"east":{"uv":[15.38462,4.30769,15.53846,4.46154],"texture":"#3"},"west":{"uv":[6.15385,15.38462,6.30769,15.53846],"texture":"#3"},"up":{"uv":[10.53846,15.53846,10.46154,15.38462],"texture":"#3"},"down":{"uv":[11.15385,15.38462,11.07692,15.53846],"texture":"#3"}}},{"from":[7.875,10.68934,12.25],"to":[8.125,12.18934,12.75],"rotation":{"angle":-45,"axis":"x","origin":[8,11.43934,12]},"faces":{"north":{"uv":[3.69231,15.07692,3.76923,15.53846],"texture":"#3"},"east":{"uv":[14.46154,7.07692,14.61538,7.53846],"texture":"#3"},"south":{"uv":[4.30769,15.07692,4.38462,15.53846],"texture":"#3"},"west":{"uv":[7.38462,14.46154,7.53846,14.92308],"texture":"#3"},"up":{"uv":[11.76923,15.53846,11.69231,15.38462],"texture":"#3"},"down":{"uv":[12.38462,15.38462,12.30769,15.53846],"texture":"#3"}}},{"from":[7.875,10.68934,11.25],"to":[8.125,12.18934,11.75],"rotation":{"angle":-45,"axis":"x","origin":[8,11.43934,12]},"faces":{"north":{"uv":[4.92308,15.07692,5,15.53846],"texture":"#3"},"east":{"uv":[12,14.46154,12.15385,14.92308],"texture":"#3"},"south":{"uv":[15.07692,5.23077,15.15385,5.69231],"texture":"#3"},"west":{"uv":[14.46154,12.92308,14.61538,13.38462],"texture":"#3"},"up":{"uv":[13,15.53846,12.92308,15.38462],"texture":"#3"},"down":{"uv":[13.61538,15.38462,13.53846,15.53846],"texture":"#3"}}},{"from":[7.125,23.68934,5.25],"to":[7.375,24.18934,6.75],"rotation":{"angle":22.5,"axis":"x","origin":[7.25,23.43934,6]},"faces":{"north":{"uv":[1.84615,15.69231,1.92308,15.84615],"texture":"#3"},"east":{"uv":[14.76923,3.07692,15.23077,3.23077],"texture":"#3"},"south":{"uv":[15.69231,1.84615,15.76923,2],"texture":"#3"},"west":{"uv":[14.76923,3.69231,15.23077,3.84615],"texture":"#3"},"up":{"uv":[15.15385,7.53846,15.07692,7.07692],"texture":"#3"},"down":{"uv":[15.15385,8.61538,15.07692,9.07692],"texture":"#3"}}},{"from":[7.125,23.18934,5.25],"to":[7.375,23.68934,5.75],"rotation":{"angle":22.5,"axis":"x","origin":[7.25,23.43934,6]},"faces":{"north":{"uv":[1.23077,15.69231,1.30769,15.84615],"texture":"#3"},"east":{"uv":[8.61538,15.38462,8.76923,15.53846],"texture":"#3"},"south":{"uv":[15.69231,1.23077,15.76923,1.38462],"texture":"#3"},"west":{"uv":[9.23077,15.38462,9.38462,15.53846],"texture":"#3"}}},{"from":[7.125,22.68934,5.25],"to":[7.375,23.18934,6.75],"rotation":{"angle":22.5,"axis":"x","origin":[7.25,23.43934,6]},"faces":{"north":{"uv":[15.69231,0,15.76923,0.15385],"texture":"#3"},"east":{"uv":[14.76923,1.23077,15.23077,1.38462],"texture":"#3"},"south":{"uv":[0.61538,15.69231,0.69231,15.84615],"texture":"#3"},"west":{"uv":[14.76923,1.84615,15.23077,2],"texture":"#3"},"up":{"uv":[5.61538,15.53846,5.53846,15.07692],"texture":"#3"},"down":{"uv":[15.15385,6.15385,15.07692,6.61538],"texture":"#3"}}},{"from":[7.125,23.18934,6.25],"to":[7.375,23.68934,6.75],"rotation":{"angle":22.5,"axis":"x","origin":[7.25,23.43934,6]},"faces":{"north":{"uv":[15.38462,13.84615,15.46154,14],"texture":"#3"},"east":{"uv":[8,15.38462,8.15385,15.53846],"texture":"#3"},"south":{"uv":[14.15385,15.38462,14.23077,15.53846],"texture":"#3"},"west":{"uv":[15.38462,8,15.53846,8.15385],"texture":"#3"}}},{"from":[7.125,23.68934,9.25],"to":[7.375,24.18934,10.75],"rotation":{"angle":-22.5,"axis":"x","origin":[7.25,23.43934,10]},"faces":{"north":{"uv":[15.76923,1.84615,15.69231,2],"texture":"#3"},"east":{"uv":[15.23077,3.07692,14.76923,3.23077],"texture":"#3"},"south":{"uv":[1.92308,15.69231,1.84615,15.84615],"texture":"#3"},"west":{"uv":[15.23077,3.69231,14.76923,3.84615],"texture":"#3"},"up":{"uv":[15.15385,7.07692,15.07692,7.53846],"texture":"#3"},"down":{"uv":[15.15385,9.07692,15.07692,8.61538],"texture":"#3"}}},{"from":[7.125,23.18934,10.25],"to":[7.375,23.68934,10.75],"rotation":{"angle":-22.5,"axis":"x","origin":[7.25,23.43934,10]},"faces":{"north":{"uv":[15.76923,1.23077,15.69231,1.38462],"texture":"#3"},"east":{"uv":[8.76923,15.38462,8.61538,15.53846],"texture":"#3"},"south":{"uv":[1.30769,15.69231,1.23077,15.84615],"texture":"#3"},"west":{"uv":[9.38462,15.38462,9.23077,15.53846],"texture":"#3"}}},{"from":[7.125,23.18934,9.25],"to":[7.375,23.68934,9.75],"rotation":{"angle":-22.5,"axis":"x","origin":[7.25,23.43934,10]},"faces":{"north":{"uv":[14.23077,15.38462,14.15385,15.53846],"texture":"#3"},"east":{"uv":[8.15385,15.38462,8,15.53846],"texture":"#3"},"south":{"uv":[15.46154,13.84615,15.38462,14],"texture":"#3"},"west":{"uv":[15.53846,8,15.38462,8.15385],"texture":"#3"}}},{"from":[7.125,22.68934,9.25],"to":[7.375,23.18934,10.75],"rotation":{"angle":-22.5,"axis":"x","origin":[7.25,23.43934,10]},"faces":{"north":{"uv":[0.69231,15.69231,0.61538,15.84615],"texture":"#3"},"east":{"uv":[15.23077,1.23077,14.76923,1.38462],"texture":"#3"},"south":{"uv":[15.76923,0,15.69231,0.15385],"texture":"#3"},"west":{"uv":[15.23077,1.84615,14.76923,2],"texture":"#3"},"up":{"uv":[5.61538,15.07692,5.53846,15.53846],"texture":"#3"},"down":{"uv":[15.15385,6.61538,15.07692,6.15385],"texture":"#3"}}},{"from":[8.625,23.68934,9.25],"to":[8.875,24.18934,10.75],"rotation":{"angle":-22.5,"axis":"x","origin":[8.75,23.43934,10]},"faces":{"north":{"uv":[15.69231,1.84615,15.76923,2],"texture":"#3"},"east":{"uv":[14.76923,3.69231,15.23077,3.84615],"texture":"#3"},"south":{"uv":[1.84615,15.69231,1.92308,15.84615],"texture":"#3"},"west":{"uv":[14.76923,3.07692,15.23077,3.23077],"texture":"#3"},"up":{"uv":[15.07692,7.07692,15.15385,7.53846],"texture":"#3"},"down":{"uv":[15.07692,9.07692,15.15385,8.61538],"texture":"#3"}}},{"from":[8.625,23.18934,10.25],"to":[8.875,23.68934,10.75],"rotation":{"angle":-22.5,"axis":"x","origin":[8.75,23.43934,10]},"faces":{"north":{"uv":[15.69231,1.23077,15.76923,1.38462],"texture":"#3"},"east":{"uv":[9.23077,15.38462,9.38462,15.53846],"texture":"#3"},"south":{"uv":[1.23077,15.69231,1.30769,15.84615],"texture":"#3"},"west":{"uv":[8.61538,15.38462,8.76923,15.53846],"texture":"#3"}}},{"from":[8.625,23.18934,9.25],"to":[8.875,23.68934,9.75],"rotation":{"angle":-22.5,"axis":"x","origin":[8.75,23.43934,10]},"faces":{"north":{"uv":[14.15385,15.38462,14.23077,15.53846],"texture":"#3"},"east":{"uv":[15.38462,8,15.53846,8.15385],"texture":"#3"},"south":{"uv":[15.38462,13.84615,15.46154,14],"texture":"#3"},"west":{"uv":[8,15.38462,8.15385,15.53846],"texture":"#3"}}},{"from":[8.625,22.68934,9.25],"to":[8.875,23.18934,10.75],"rotation":{"angle":-22.5,"axis":"x","origin":[8.75,23.43934,10]},"faces":{"north":{"uv":[0.61538,15.69231,0.69231,15.84615],"texture":"#3"},"east":{"uv":[14.76923,1.84615,15.23077,2],"texture":"#3"},"south":{"uv":[15.69231,0,15.76923,0.15385],"texture":"#3"},"west":{"uv":[14.76923,1.23077,15.23077,1.38462],"texture":"#3"},"up":{"uv":[5.53846,15.07692,5.61538,15.53846],"texture":"#3"},"down":{"uv":[15.07692,6.61538,15.15385,6.15385],"texture":"#3"}}},{"from":[8.625,23.68934,5.25],"to":[8.875,24.18934,6.75],"rotation":{"angle":22.5,"axis":"x","origin":[8.75,23.43934,6]},"faces":{"north":{"uv":[1.92308,15.69231,1.84615,15.84615],"texture":"#3"},"east":{"uv":[15.23077,3.69231,14.76923,3.84615],"texture":"#3"},"south":{"uv":[15.76923,1.84615,15.69231,2],"texture":"#3"},"west":{"uv":[15.23077,3.07692,14.76923,3.23077],"texture":"#3"},"up":{"uv":[15.07692,7.53846,15.15385,7.07692],"texture":"#3"},"down":{"uv":[15.07692,8.61538,15.15385,9.07692],"texture":"#3"}}},{"from":[8.625,23.18934,5.25],"to":[8.875,23.68934,5.75],"rotation":{"angle":22.5,"axis":"x","origin":[8.75,23.43934,6]},"faces":{"north":{"uv":[1.30769,15.69231,1.23077,15.84615],"texture":"#3"},"east":{"uv":[9.38462,15.38462,9.23077,15.53846],"texture":"#3"},"south":{"uv":[15.76923,1.23077,15.69231,1.38462],"texture":"#3"},"west":{"uv":[8.76923,15.38462,8.61538,15.53846],"texture":"#3"}}},{"from":[8.625,22.68934,5.25],"to":[8.875,23.18934,6.75],"rotation":{"angle":22.5,"axis":"x","origin":[8.75,23.43934,6]},"faces":{"north":{"uv":[15.76923,0,15.69231,0.15385],"texture":"#3"},"east":{"uv":[15.23077,1.84615,14.76923,2],"texture":"#3"},"south":{"uv":[0.69231,15.69231,0.61538,15.84615],"texture":"#3"},"west":{"uv":[15.23077,1.23077,14.76923,1.38462],"texture":"#3"},"up":{"uv":[5.53846,15.53846,5.61538,15.07692],"texture":"#3"},"down":{"uv":[15.07692,6.15385,15.15385,6.61538],"texture":"#3"}}},{"from":[8.625,23.18934,6.25],"to":[8.875,23.68934,6.75],"rotation":{"angle":22.5,"axis":"x","origin":[8.75,23.43934,6]},"faces":{"north":{"uv":[15.46154,13.84615,15.38462,14],"texture":"#3"},"east":{"uv":[15.53846,8,15.38462,8.15385],"texture":"#3"},"south":{"uv":[14.23077,15.38462,14.15385,15.53846],"texture":"#3"},"west":{"uv":[8.15385,15.38462,8,15.53846],"texture":"#3"}}},{"from":[7.625,7.25,11.625],"to":[8.375,8.5,12.375],"rotation":{"angle":0,"axis":"y","origin":[8.125,7.875,12.125]},"faces":{"north":{"uv":[2.46154,14.15385,2.69231,14.53846],"texture":"#3"},"east":{"uv":[14.15385,3.07692,14.38462,3.46154],"texture":"#3"},"south":{"uv":[4,14.15385,4.23077,14.53846],"texture":"#3"},"west":{"uv":[4.61538,14.15385,4.84615,14.53846],"texture":"#3"},"up":{"uv":[10.69231,15,10.46154,14.76923],"texture":"#3"},"down":{"uv":[11.30769,14.76923,11.07692,15],"texture":"#3"}}},{"from":[7.75,9,11.25],"to":[8.25,9.5,12.5],"rotation":{"angle":-45,"axis":"x","origin":[7.75,9,10.5]},"faces":{"north":{"uv":[6.76923,15.38462,6.92308,15.53846],"texture":"#3"},"east":{"uv":[8,14.76923,8.38462,14.92308],"texture":"#3"},"south":{"uv":[7.38462,15.38462,7.53846,15.53846],"texture":"#3"},"west":{"uv":[8.92308,14.76923,9.30769,14.92308],"texture":"#3"},"up":{"uv":[10,15.15385,9.84615,14.76923],"texture":"#3"},"down":{"uv":[14.92308,9.84615,14.76923,10.23077],"texture":"#3"}}},{"from":[7.75,8.25,11.25],"to":[8.25,8.75,12.5],"rotation":{"angle":-45,"axis":"x","origin":[7.75,8.25,10.5]},"faces":{"north":{"uv":[6.76923,15.38462,6.92308,15.53846],"texture":"#3"},"east":{"uv":[8,14.76923,8.38462,14.92308],"texture":"#3"},"south":{"uv":[7.38462,15.38462,7.53846,15.53846],"texture":"#3"},"west":{"uv":[8.92308,14.76923,9.30769,14.92308],"texture":"#3"},"up":{"uv":[10,15.15385,9.84615,14.76923],"texture":"#3"},"down":{"uv":[14.92308,9.84615,14.76923,10.23077],"texture":"#3"}}},{"from":[7.75,7.5,11.25],"to":[8.25,8,12.5],"rotation":{"angle":-45,"axis":"x","origin":[7.75,7.5,10.5]},"faces":{"north":{"uv":[6.76923,15.38462,6.92308,15.53846],"texture":"#3"},"east":{"uv":[8,14.76923,8.38462,14.92308],"texture":"#3"},"south":{"uv":[7.38462,15.38462,7.53846,15.53846],"texture":"#3"},"west":{"uv":[8.92308,14.76923,9.30769,14.92308],"texture":"#3"},"up":{"uv":[10,15.15385,9.84615,14.76923],"texture":"#3"},"down":{"uv":[14.92308,9.84615,14.76923,10.23077],"texture":"#3"}}},{"from":[7.75,9,11.5],"to":[8.25,9.5,12.75],"rotation":{"angle":45,"axis":"x","origin":[7.75,9,13.5]},"faces":{"north":{"uv":[7.53846,15.38462,7.38462,15.53846],"texture":"#3"},"east":{"uv":[8.38462,14.76923,8,14.92308],"texture":"#3"},"south":{"uv":[6.92308,15.38462,6.76923,15.53846],"texture":"#3"},"west":{"uv":[9.30769,14.76923,8.92308,14.92308],"texture":"#3"},"up":{"uv":[10,14.76923,9.84615,15.15385],"texture":"#3"},"down":{"uv":[14.92308,10.23077,14.76923,9.84615],"texture":"#3"}}},{"from":[7.75,8.25,11.5],"to":[8.25,8.75,12.75],"rotation":{"angle":45,"axis":"x","origin":[7.75,8.25,13.5]},"faces":{"north":{"uv":[7.53846,15.38462,7.38462,15.53846],"texture":"#3"},"east":{"uv":[8.38462,14.76923,8,14.92308],"texture":"#3"},"south":{"uv":[6.92308,15.38462,6.76923,15.53846],"texture":"#3"},"west":{"uv":[9.30769,14.76923,8.92308,14.92308],"texture":"#3"},"up":{"uv":[10,14.76923,9.84615,15.15385],"texture":"#3"},"down":{"uv":[14.92308,10.23077,14.76923,9.84615],"texture":"#3"}}},{"from":[7.75,7.5,11.5],"to":[8.25,8,12.75],"rotation":{"angle":45,"axis":"x","origin":[7.75,7.5,13.5]},"faces":{"north":{"uv":[7.53846,15.38462,7.38462,15.53846],"texture":"#3"},"east":{"uv":[8.38462,14.76923,8,14.92308],"texture":"#3"},"south":{"uv":[6.92308,15.38462,6.76923,15.53846],"texture":"#3"},"west":{"uv":[9.30769,14.76923,8.92308,14.92308],"texture":"#3"},"up":{"uv":[10,14.76923,9.84615,15.15385],"texture":"#3"},"down":{"uv":[14.92308,10.23077,14.76923,9.84615],"texture":"#3"}}},{"from":[7.5,18.25,2.25],"to":[8.5,19.25,5.25],"rotation":{"angle":0,"axis":"y","origin":[7.5,18.25,2.25]},"faces":{"north":{"uv":[13.84615,12.92308,14.15385,13.23077],"texture":"#3"},"east":{"uv":[11.07692,4,12,4.30769],"texture":"#3"},"south":{"uv":[13.84615,13.53846,14.15385,13.84615],"texture":"#3"},"west":{"uv":[11.07692,4.61538,12,4.92308],"texture":"#3"},"up":{"uv":[5.23077,11.38462,4.92308,10.46154],"texture":"#3"},"down":{"uv":[8,10.76923,7.69231,11.69231],"texture":"#3"}}},{"from":[7.5035,19.0206,2.40328],"to":[8.4965,20.0206,3.32828],"rotation":{"angle":22.5,"axis":"x","origin":[8.0035,19.5206,2.90328]},"faces":{"north":{"uv":[0,14.15385,0.30769,14.46154],"texture":"#3"},"east":{"uv":[14.15385,0.61538,14.46154,0.92308],"texture":"#3"},"south":{"uv":[14.15385,1.23077,14.46154,1.53846],"texture":"#3"},"west":{"uv":[14.15385,1.84615,14.46154,2.15385],"texture":"#3"}}},{"from":[7.25,19.75,1.25],"to":[8.75,20.75,3.75],"rotation":{"angle":0,"axis":"y","origin":[7.5,19.75,2.25]},"faces":{"north":{"uv":[0,12.92308,0.46154,13.23077],"texture":"#3"},"east":{"uv":[11.07692,10.15385,11.84615,10.46154],"texture":"#3"},"south":{"uv":[12.92308,0,13.38462,0.30769],"texture":"#3"},"west":{"uv":[10.76923,11.07692,11.53846,11.38462],"texture":"#3"},"up":{"uv":[3.23077,10.92308,2.76923,10.15385],"texture":"#3"},"down":{"uv":[10.61538,3.07692,10.15385,3.84615],"texture":"#3"}}},{"from":[7.25,20.75,2],"to":[8.75,21.25,3.75],"rotation":{"angle":0,"axis":"y","origin":[7.5,20.75,2.25]},"faces":{"north":{"uv":[14.46154,8,14.92308,8.15385],"texture":"#3"},"east":{"uv":[8,14.15385,8.53846,14.30769],"texture":"#3"},"south":{"uv":[14.76923,0,15.23077,0.15385],"texture":"#3"},"west":{"uv":[14.15385,8.61538,14.69231,8.76923],"texture":"#3"},"up":{"uv":[11.53846,8.53846,11.07692,8],"texture":"#3"}}},{"from":[7.625,19.61639,0.3515],"to":[8.375,19.62639,1.3515],"rotation":{"angle":-22.5,"axis":"x","origin":[7.625,19.61639,0.3515]},"faces":{"up":{"uv":[0.23077,15.07692,0,14.76923],"texture":"#3"},"down":{"uv":[15,0.61538,14.76923,0.92308],"texture":"#3"}}},{"from":[7.25,18.5,10],"to":[8.75,19,11.5],"rotation":{"angle":-22.5,"axis":"x","origin":[7.375,19.25,10.75]},"faces":{"north":{"uv":[14.61538,11.69231,14.15385,11.84615],"texture":"#3"},"east":{"uv":[14.61538,11.07692,14.15385,11.23077],"texture":"#3"},"south":{"uv":[11.53846,14.15385,11.07692,14.30769],"texture":"#3"},"west":{"uv":[14.61538,12.30769,14.15385,12.46154],"texture":"#3"},"up":{"uv":[11.84615,0.92308,11.38462,1.38462],"texture":"#3"},"down":{"uv":[11.84615,2.30769,11.38462,1.84615],"texture":"#3"}}},{"from":[7.25,19,11],"to":[8.75,19.5,11.5],"rotation":{"angle":-22.5,"axis":"x","origin":[7.375,19.25,10.75]},"faces":{"north":{"uv":[2,14.46154,1.53846,14.61538],"texture":"#3"},"east":{"uv":[15.23077,12,15.07692,12.15385],"texture":"#3"},"south":{"uv":[1.07692,14.46154,0.61538,14.61538],"texture":"#3"},"west":{"uv":[15.23077,12.61538,15.07692,12.76923],"texture":"#3"}}},{"from":[7.5,18.25,10.75],"to":[8.5,19.25,13.75],"rotation":{"angle":0,"axis":"y","origin":[7.5,18.25,13.75]},"faces":{"north":{"uv":[14.15385,13.53846,13.84615,13.84615],"texture":"#3"},"east":{"uv":[12,4,11.07692,4.30769],"texture":"#3"},"south":{"uv":[14.15385,12.92308,13.84615,13.23077],"texture":"#3"},"west":{"uv":[12,4.61538,11.07692,4.92308],"texture":"#3"},"up":{"uv":[5.23077,10.46154,4.92308,11.38462],"texture":"#3"},"down":{"uv":[8,11.69231,7.69231,10.76923],"texture":"#3"}}},{"from":[7.5035,19.0206,12.67172],"to":[8.4965,20.0206,13.59672],"rotation":{"angle":-22.5,"axis":"x","origin":[8.0035,19.5206,13.09672]},"faces":{"north":{"uv":[14.46154,1.23077,14.15385,1.53846],"texture":"#3"},"east":{"uv":[14.46154,0.61538,14.15385,0.92308],"texture":"#3"},"south":{"uv":[0.30769,14.15385,0,14.46154],"texture":"#3"},"west":{"uv":[14.46154,1.84615,14.15385,2.15385],"texture":"#3"}}},{"from":[7.25,19.75,12.25],"to":[8.75,20.75,14.75],"rotation":{"angle":0,"axis":"y","origin":[7.5,19.75,13.75]},"faces":{"north":{"uv":[13.38462,0,12.92308,0.30769],"texture":"#3"},"east":{"uv":[11.84615,10.15385,11.07692,10.46154],"texture":"#3"},"south":{"uv":[0.46154,12.92308,0,13.23077],"texture":"#3"},"west":{"uv":[11.53846,11.07692,10.76923,11.38462],"texture":"#3"},"up":{"uv":[3.23077,10.15385,2.76923,10.92308],"texture":"#3"},"down":{"uv":[10.61538,3.84615,10.15385,3.07692],"texture":"#3"}}},{"from":[7.25,20.75,12.25],"to":[8.75,21.25,14],"rotation":{"angle":0,"axis":"y","origin":[7.5,20.75,13.75]},"faces":{"north":{"uv":[15.23077,0,14.76923,0.15385],"texture":"#3"},"east":{"uv":[8.53846,14.15385,8,14.30769],"texture":"#3"},"south":{"uv":[14.92308,8,14.46154,8.15385],"texture":"#3"},"west":{"uv":[14.69231,8.61538,14.15385,8.76923],"texture":"#3"},"up":{"uv":[11.53846,8,11.07692,8.53846],"texture":"#3"}}},{"from":[7.625,19.61639,14.6485],"to":[8.375,19.62639,15.6485],"rotation":{"angle":22.5,"axis":"x","origin":[7.625,19.61639,15.6485]},"faces":{"up":{"uv":[0.23077,14.76923,0,15.07692],"texture":"#3"},"down":{"uv":[15,0.92308,14.76923,0.61538],"texture":"#3"}}},{"from":[7.25,19.5,10],"to":[8.75,20,11.5],"rotation":{"angle":-22.5,"axis":"x","origin":[7.375,19.25,10.75]},"faces":{"north":{"uv":[14.92308,4.61538,14.46154,4.76923],"texture":"#3"},"east":{"uv":[3.53846,14.46154,3.07692,14.61538],"texture":"#3"},"south":{"uv":[14.92308,2.46154,14.46154,2.61538],"texture":"#3"},"west":{"uv":[5.69231,14.46154,5.23077,14.61538],"texture":"#3"},"up":{"uv":[3.23077,11.38462,2.76923,11.84615],"texture":"#3"},"down":{"uv":[4.15385,11.84615,3.69231,11.38462],"texture":"#3"}}},{"from":[7.25,19,10],"to":[8.75,19.5,10.5],"rotation":{"angle":-22.5,"axis":"x","origin":[7.375,19.25,10.75]},"faces":{"north":{"uv":[14.30769,14.15385,13.84615,14.30769],"texture":"#3"},"east":{"uv":[15.23077,10.76923,15.07692,10.92308],"texture":"#3"},"south":{"uv":[13.38462,14.15385,12.92308,14.30769],"texture":"#3"},"west":{"uv":[15.23077,11.38462,15.07692,11.53846],"texture":"#3"}}},{"from":[6.25,15.5,4],"to":[6.25,23.5,12],"rotation":{"angle":0,"axis":"y","origin":[6.25,15.5,4]},"faces":{"west":{"uv":[0,0,16,16],"texture":"#4"}}},{"from":[9.75,15.5,4],"to":[9.75,23.5,12],"rotation":{"angle":0,"axis":"y","origin":[9.75,15.5,12]},"faces":{"east":{"uv":[0,0,16,16],"texture":"#4"}}},{"from":[8,7.5,6.93934],"to":[9.5,14.5,8.43934],"rotation":{"angle":-45,"axis":"y","origin":[8,7.5,6.93934]},"faces":{"north":{"uv":[0.92308,3.69231,1.38462,5.84615],"texture":"#3"},"east":{"uv":[5.23077,5.23077,5.69231,7.38462],"texture":"#3"},"south":{"uv":[3.69231,5.53846,4.15385,7.69231],"texture":"#3"},"west":{"uv":[6.15385,0,6.61538,2.15385],"texture":"#3"},"up":{"uv":[2.30769,12.15385,1.84615,11.69231],"texture":"#3"},"down":{"uv":[5.07692,11.69231,4.61538,12.15385],"texture":"#3"}}},{"from":[8,-11.5,6.93934],"to":[9.5,0,8.43934],"rotation":{"angle":-45,"axis":"y","origin":[8,-7,6.93934]},"faces":{"north":{"uv":[1.84615,3.07692,2.30769,6.61538],"texture":"#3"},"east":{"uv":[2.76923,3.07692,3.23077,6.61538],"texture":"#3"},"south":{"uv":[0,3.69231,0.46154,7.23077],"texture":"#3"},"west":{"uv":[3.69231,0,4.15385,3.53846],"texture":"#3"},"up":{"uv":[7.23077,12.15385,6.76923,11.69231],"texture":"#3"},"down":{"uv":[12.15385,7.07692,11.69231,7.53846],"texture":"#3"}}},{"from":[8.5,13.25,10.37868],"to":[10.5,16.25,12.37868],"rotation":{"angle":-45,"axis":"y","origin":[8,12.75,9.87868]},"faces":{"north":{"uv":[8,5.84615,8.61538,6.76923],"texture":"#3"},"east":{"uv":[8.30769,0,8.92308,0.92308],"texture":"#3"},"south":{"uv":[1.23077,8.30769,1.84615,9.23077],"texture":"#3"},"west":{"uv":[8.30769,1.23077,8.92308,2.15385],"texture":"#3"},"up":{"uv":[8,10.46154,7.38462,9.84615],"texture":"#3"},"down":{"uv":[10.46154,7.38462,9.84615,8],"texture":"#3"}}},{"from":[8.25,12.75,10.12868],"to":[10.75,13.25,12.62868],"rotation":{"angle":-45,"axis":"y","origin":[8,12.75,9.87868]},"faces":{"north":{"uv":[12.92308,3.38462,13.69231,3.53846],"texture":"#3"},"east":{"uv":[8.30769,12.92308,9.07692,13.07692],"texture":"#3"},"south":{"uv":[9.53846,12.92308,10.30769,13.07692],"texture":"#3"},"west":{"uv":[12.92308,10.46154,13.69231,10.61538],"texture":"#3"},"up":{"uv":[2.61538,7.84615,1.84615,7.07692],"texture":"#3"},"down":{"uv":[5.38462,7.69231,4.61538,8.46154],"texture":"#3"}}},{"from":[8.25,16.25,10.12868],"to":[10.75,16.75,12.62868],"rotation":{"angle":-45,"axis":"y","origin":[8,16.25,9.87868]},"faces":{"north":{"uv":[10.76923,12.92308,11.53846,13.07692],"texture":"#3"},"east":{"uv":[12.92308,11.07692,13.69231,11.23077],"texture":"#3"},"south":{"uv":[12.92308,11.69231,13.69231,11.84615],"texture":"#3"},"west":{"uv":[12.92308,12.30769,13.69231,12.46154],"texture":"#3"},"up":{"uv":[6.61538,8.46154,5.84615,7.69231],"texture":"#3"},"down":{"uv":[7.84615,7.69231,7.07692,8.46154],"texture":"#3"}}},{"from":[8,8.5,3.75],"to":[8.02,17.75,4.25],"rotation":{"angle":0,"axis":"y","origin":[8,9.75,4.25]},"faces":{"east":{"uv":[2.30769,8.30769,2.15385,11.15385],"texture":"#3"},"west":{"uv":[6.30769,8.92308,6.15385,11.76923],"texture":"#3"}}},{"from":[7.875,11.68934,3.75],"to":[8.125,12.18934,4.25],"rotation":{"angle":45,"axis":"x","origin":[8,11.43934,4]},"faces":{"east":{"uv":[15.53846,0.61538,15.38462,0.76923],"texture":"#3"},"west":{"uv":[15.53846,2.46154,15.38462,2.61538],"texture":"#3"},"up":{"uv":[15.46154,9.53846,15.38462,9.69231],"texture":"#3"},"down":{"uv":[15.46154,10.30769,15.38462,10.15385],"texture":"#3"}}},{"from":[7.875,10.68934,3.75],"to":[8.125,11.18934,4.25],"rotation":{"angle":45,"axis":"x","origin":[8,11.43934,4]},"faces":{"east":{"uv":[15.53846,4.30769,15.38462,4.46154],"texture":"#3"},"west":{"uv":[6.30769,15.38462,6.15385,15.53846],"texture":"#3"},"up":{"uv":[10.53846,15.38462,10.46154,15.53846],"texture":"#3"},"down":{"uv":[11.15385,15.53846,11.07692,15.38462],"texture":"#3"}}},{"from":[7.875,10.68934,3.25],"to":[8.125,12.18934,3.75],"rotation":{"angle":45,"axis":"x","origin":[8,11.43934,4]},"faces":{"north":{"uv":[4.38462,15.07692,4.30769,15.53846],"texture":"#3"},"east":{"uv":[14.61538,7.07692,14.46154,7.53846],"texture":"#3"},"south":{"uv":[3.76923,15.07692,3.69231,15.53846],"texture":"#3"},"west":{"uv":[7.53846,14.46154,7.38462,14.92308],"texture":"#3"},"up":{"uv":[11.76923,15.38462,11.69231,15.53846],"texture":"#3"},"down":{"uv":[12.38462,15.53846,12.30769,15.38462],"texture":"#3"}}},{"from":[7.875,10.68934,4.25],"to":[8.125,12.18934,4.75],"rotation":{"angle":45,"axis":"x","origin":[8,11.43934,4]},"faces":{"north":{"uv":[15.15385,5.23077,15.07692,5.69231],"texture":"#3"},"east":{"uv":[12.15385,14.46154,12,14.92308],"texture":"#3"},"south":{"uv":[5,15.07692,4.92308,15.53846],"texture":"#3"},"west":{"uv":[14.61538,12.92308,14.46154,13.38462],"texture":"#3"},"up":{"uv":[13,15.38462,12.92308,15.53846],"texture":"#3"},"down":{"uv":[13.61538,15.53846,13.53846,15.38462],"texture":"#3"}}},{"from":[7.625,7.25,3.625],"to":[8.375,8.5,4.375],"rotation":{"angle":0,"axis":"y","origin":[8.125,7.875,3.875]},"faces":{"north":{"uv":[4.23077,14.15385,4,14.53846],"texture":"#3"},"east":{"uv":[14.38462,3.07692,14.15385,3.46154],"texture":"#3"},"south":{"uv":[2.69231,14.15385,2.46154,14.53846],"texture":"#3"},"west":{"uv":[4.84615,14.15385,4.61538,14.53846],"texture":"#3"},"up":{"uv":[10.69231,14.76923,10.46154,15],"texture":"#3"},"down":{"uv":[11.30769,15,11.07692,14.76923],"texture":"#3"}}},{"from":[7.75,9,3.5],"to":[8.25,9.5,4.75],"rotation":{"angle":45,"axis":"x","origin":[7.75,9,5.5]},"faces":{"north":{"uv":[7.53846,15.38462,7.38462,15.53846],"texture":"#3"},"east":{"uv":[8.38462,14.76923,8,14.92308],"texture":"#3"},"south":{"uv":[6.92308,15.38462,6.76923,15.53846],"texture":"#3"},"west":{"uv":[9.30769,14.76923,8.92308,14.92308],"texture":"#3"},"up":{"uv":[10,14.76923,9.84615,15.15385],"texture":"#3"},"down":{"uv":[14.92308,10.23077,14.76923,9.84615],"texture":"#3"}}},{"from":[8.5,13.25,3.62132],"to":[10.5,16.25,5.62132],"rotation":{"angle":45,"axis":"y","origin":[8,12.75,6.12132]},"faces":{"north":{"uv":[1.84615,8.30769,1.23077,9.23077],"texture":"#3"},"east":{"uv":[8.92308,0,8.30769,0.92308],"texture":"#3"},"south":{"uv":[8.61538,5.84615,8,6.76923],"texture":"#3"},"west":{"uv":[8.92308,1.23077,8.30769,2.15385],"texture":"#3"},"up":{"uv":[8,9.84615,7.38462,10.46154],"texture":"#3"},"down":{"uv":[10.46154,8,9.84615,7.38462],"texture":"#3"}}},{"from":[8.25,12.75,3.37132],"to":[10.75,13.25,5.87132],"rotation":{"angle":45,"axis":"y","origin":[8,12.75,6.12132]},"faces":{"north":{"uv":[10.30769,12.92308,9.53846,13.07692],"texture":"#3"},"east":{"uv":[9.07692,12.92308,8.30769,13.07692],"texture":"#3"},"south":{"uv":[13.69231,3.38462,12.92308,3.53846],"texture":"#3"},"west":{"uv":[13.69231,10.46154,12.92308,10.61538],"texture":"#3"},"up":{"uv":[2.61538,7.07692,1.84615,7.84615],"texture":"#3"},"down":{"uv":[5.38462,8.46154,4.61538,7.69231],"texture":"#3"}}},{"from":[8.25,16.25,3.37132],"to":[10.75,16.75,5.87132],"rotation":{"angle":45,"axis":"y","origin":[8,16.25,6.12132]},"faces":{"north":{"uv":[13.69231,11.69231,12.92308,11.84615],"texture":"#3"},"east":{"uv":[13.69231,11.07692,12.92308,11.23077],"texture":"#3"},"south":{"uv":[11.53846,12.92308,10.76923,13.07692],"texture":"#3"},"west":{"uv":[13.69231,12.30769,12.92308,12.46154],"texture":"#3"},"up":{"uv":[6.61538,7.69231,5.84615,8.46154],"texture":"#3"},"down":{"uv":[7.84615,8.46154,7.07692,7.69231],"texture":"#3"}}},{"from":[7.75,8.25,3.5],"to":[8.25,8.75,4.75],"rotation":{"angle":45,"axis":"x","origin":[7.75,8.25,5.5]},"faces":{"north":{"uv":[7.53846,15.38462,7.38462,15.53846],"texture":"#3"},"east":{"uv":[8.38462,14.76923,8,14.92308],"texture":"#3"},"south":{"uv":[6.92308,15.38462,6.76923,15.53846],"texture":"#3"},"west":{"uv":[9.30769,14.76923,8.92308,14.92308],"texture":"#3"},"up":{"uv":[10,14.76923,9.84615,15.15385],"texture":"#3"},"down":{"uv":[14.92308,10.23077,14.76923,9.84615],"texture":"#3"}}},{"from":[7.75,7.5,3.5],"to":[8.25,8,4.75],"rotation":{"angle":45,"axis":"x","origin":[7.75,7.5,5.5]},"faces":{"north":{"uv":[7.53846,15.38462,7.38462,15.53846],"texture":"#3"},"east":{"uv":[8.38462,14.76923,8,14.92308],"texture":"#3"},"south":{"uv":[6.92308,15.38462,6.76923,15.53846],"texture":"#3"},"west":{"uv":[9.30769,14.76923,8.92308,14.92308],"texture":"#3"},"up":{"uv":[10,14.76923,9.84615,15.15385],"texture":"#3"},"down":{"uv":[14.92308,10.23077,14.76923,9.84615],"texture":"#3"}}},{"from":[7.75,7.5,3.25],"to":[8.25,8,4.5],"rotation":{"angle":-45,"axis":"x","origin":[7.75,7.5,2.5]},"faces":{"north":{"uv":[6.76923,15.38462,6.92308,15.53846],"texture":"#3"},"east":{"uv":[8,14.76923,8.38462,14.92308],"texture":"#3"},"south":{"uv":[7.38462,15.38462,7.53846,15.53846],"texture":"#3"},"west":{"uv":[8.92308,14.76923,9.30769,14.92308],"texture":"#3"},"up":{"uv":[10,15.15385,9.84615,14.76923],"texture":"#3"},"down":{"uv":[14.92308,9.84615,14.76923,10.23077],"texture":"#3"}}},{"from":[7.75,8.25,3.25],"to":[8.25,8.75,4.5],"rotation":{"angle":-45,"axis":"x","origin":[7.75,8.25,2.5]},"faces":{"north":{"uv":[6.76923,15.38462,6.92308,15.53846],"texture":"#3"},"east":{"uv":[8,14.76923,8.38462,14.92308],"texture":"#3"},"south":{"uv":[7.38462,15.38462,7.53846,15.53846],"texture":"#3"},"west":{"uv":[8.92308,14.76923,9.30769,14.92308],"texture":"#3"},"up":{"uv":[10,15.15385,9.84615,14.76923],"texture":"#3"},"down":{"uv":[14.92308,9.84615,14.76923,10.23077],"texture":"#3"}}},{"from":[7.75,9,3.25],"to":[8.25,9.5,4.5],"rotation":{"angle":-45,"axis":"x","origin":[7.75,9,2.5]},"faces":{"north":{"uv":[6.76923,15.38462,6.92308,15.53846],"texture":"#3"},"east":{"uv":[8,14.76923,8.38462,14.92308],"texture":"#3"},"south":{"uv":[7.38462,15.38462,7.53846,15.53846],"texture":"#3"},"west":{"uv":[8.92308,14.76923,9.30769,14.92308],"texture":"#3"},"up":{"uv":[10,15.15385,9.84615,14.76923],"texture":"#3"},"down":{"uv":[14.92308,9.84615,14.76923,10.23077],"texture":"#3"}}},{"from":[8,18.75,5.17157],"to":[12,19.25,9.17157],"rotation":{"angle":-45,"axis":"y","origin":[8,0,5.17157]},"faces":{"north":{"uv":[12,5.23077,13.23077,5.38462],"texture":"#3"},"east":{"uv":[12,5.84615,13.23077,6],"texture":"#3"},"south":{"uv":[12,6.46154,13.23077,6.61538],"texture":"#3"},"west":{"uv":[12,8,13.23077,8.15385],"texture":"#3"},"up":{"uv":[4.92308,5.23077,3.69231,4],"texture":"#3"},"down":{"uv":[5.84615,0,4.61538,1.23077],"texture":"#3"}}},{"from":[8.25,19.25,5.42157],"to":[11.75,20.75,8.92157],"rotation":{"angle":-45,"axis":"y","origin":[8,0,5.17157]},"faces":{"north":{"uv":[8.30769,7.07692,9.38462,7.53846],"texture":"#3"},"east":{"uv":[8.30769,8,9.38462,8.46154],"texture":"#3"},"south":{"uv":[8.61538,3.07692,9.69231,3.53846],"texture":"#3"},"west":{"uv":[8.61538,4,9.69231,4.46154],"texture":"#3"}}},{"from":[7.75,20.75,4.92157],"to":[12.25,22.75,9.42157],"rotation":{"angle":-45,"axis":"y","origin":[8,0,5.17157]},"faces":{"north":{"uv":[6.15385,5.84615,7.53846,6.46154],"texture":"#3"},"east":{"uv":[6.76923,3.07692,8.15385,3.69231],"texture":"#3"},"south":{"uv":[6.76923,4,8.15385,4.61538],"texture":"#3"},"west":{"uv":[6.15385,6.76923,7.53846,7.38462],"texture":"#3"},"up":{"uv":[1.38462,1.38462,0,0],"texture":"#3"},"down":{"uv":[1.38462,1.84615,0,3.23077],"texture":"#3"}}},{"from":[5.87429,18,2.88929],"to":[5.90429,32,8.88929],"rotation":{"angle":-45,"axis":"y","origin":[5.88929,25,5.88929]},"faces":{"east":{"uv":[3.42857,0,0,8],"texture":"#2"},"west":{"uv":[0,0,3.42857,8],"texture":"#2"}}},{"from":[5.87429,18,7.11071],"to":[5.90429,32,13.11071],"rotation":{"angle":45,"axis":"y","origin":[5.88929,25,10.11071]},"faces":{"east":{"uv":[6.85714,0,3.42857,8],"texture":"#2"},"west":{"uv":[3.42857,0,6.85714,8],"texture":"#2"}}},{"from":[10.09571,18,2.88929],"to":[10.12571,32,8.88929],"rotation":{"angle":45,"axis":"y","origin":[10.11071,25,5.88929]},"faces":{"east":{"uv":[10.28571,0,13.71429,8],"texture":"#2"},"west":{"uv":[13.71429,0,10.28571,8],"texture":"#2"}}},{"from":[7.97,18,6.24264],"to":[8,32,12.24264],"rotation":{"angle":-45,"axis":"y","origin":[8,25,12.24264]},"faces":{"east":{"uv":[6.85714,0,10.28571,8],"texture":"#2"},"west":{"uv":[10.28571,0,6.85714,8],"texture":"#2"}}}],"gui_light":"front","display":{"thirdperson_righthand":{"translation":[0,3,0.75]},"thirdperson_lefthand":{"translation":[0,3,0.75]},"firstperson_righthand":{"rotation":[-5,0,0],"translation":[2.5,0.75,0],"scale":[0.7,0.7,0.7]},"firstperson_lefthand":{"rotation":[-5,0,0],"translation":[2.5,0.75,0],"scale":[0.7,0.7,0.7]},"ground":{"rotation":[-45,0,0],"translation":[0,5,0],"scale":[0.7,0.7,0.7]},"gui":{"rotation":[-90,45,90],"translation":[-0.5,0.5,0],"scale":[0.5,0.5,0.5]},"head":{"rotation":[0,-90,0]},"fixed":{"rotation":[0,-90,0],"translation":[0,0,-2.5],"scale":[2,2,2]}},"groups":[{"name":"staff","origin":[8.625,10.25,4.5],"color":0,"children":[0,1,2,3,4,5,6,7,8,9,10,11,12,13,14,15,16,17,18,19,20,21,22,23,24,25,26,27,28,29,30,31,32,33,34,35,36,37,38,39,40,41,42,43,44,45,46,47,48,49,50,51,52,53,54,55,56,57,58,59,60,61,62,63,64,65,66,67,68,69,70,71,72,73,74,75,76,77,78,79,80,81,82,83,84,85,86,87,88,89,90,91,92,93,94,95,96,97,98,99,100,101,102,103,104,105,106,107,108,109,110,111]}],"mcmodels":"2238fb43fad87426eb3c95ab6631a4ea"}