{"credit":"Pologony Creation Co.,Ltd.","texture_size":[8,8],"textures":{"2":"plny_lunar_new_year_2025:animated/animated_1","3":"plny_lunar_new_year_2025:sword","4":"plny_lunar_new_year_2025:animated/animated_2","particle":"plny_lunar_new_year_2025:sword"},"elements":[{"from":[7,-2.5,7],"to":[9,-2,9],"rotation":{"angle":0,"axis":"y","origin":[7,-2.5,7]},"faces":{"north":{"uv":[11.66667,12.33333,12.33333,12.5],"texture":"#3"},"east":{"uv":[0,12.66667,0.66667,12.83333],"texture":"#3"},"south":{"uv":[12.66667,0,13.33333,0.16667],"texture":"#3"},"west":{"uv":[1,12.66667,1.66667,12.83333],"texture":"#3"},"up":{"uv":[1.33333,8.33333,0.66667,7.66667],"texture":"#3"},"down":{"uv":[8.33333,2,7.66667,2.66667],"texture":"#3"}}},{"from":[7.125,-2,7.125],"to":[8.875,0,8.875],"rotation":{"angle":0,"axis":"y","origin":[7.125,-2,6.875]},"faces":{"north":{"uv":[1.66667,9,2.25,9.66667],"texture":"#3"},"east":{"uv":[2.66667,9,3.25,9.66667],"texture":"#3"},"south":{"uv":[4.33333,9,4.91667,9.66667],"texture":"#3"},"west":{"uv":[5.33333,9,5.91667,9.66667],"texture":"#3"}}},{"from":[7.25,0.5,7.25],"to":[8.75,1.5,8.75],"rotation":{"angle":0,"axis":"y","origin":[7.25,0.5,6.75]},"faces":{"north":{"uv":[11.66667,5.66667,12.16667,6],"texture":"#3"},"east":{"uv":[11.66667,6.33333,12.16667,6.66667],"texture":"#3"},"south":{"uv":[7,11.66667,7.5,12],"texture":"#3"},"west":{"uv":[11.66667,7,12.16667,7.33333],"texture":"#3"},"up":{"uv":[8.5,10.5,8,10],"texture":"#3"}}},{"from":[7.375,1.5,7.375],"to":[8.625,4.5,8.625],"rotation":{"angle":0,"axis":"y","origin":[7.375,2.5,6.625]},"faces":{"north":{"uv":[8,6,8.41667,7],"texture":"#3"},"east":{"uv":[6.33333,8,6.75,9],"texture":"#3"},"south":{"uv":[8,7.33333,8.41667,8.33333],"texture":"#3"},"west":{"uv":[8.33333,0,8.75,1],"texture":"#3"}}},{"from":[7,0,7],"to":[9,0.5,9],"rotation":{"angle":0,"axis":"y","origin":[7,0,7]},"faces":{"north":{"uv":[2,12.66667,2.66667,12.83333],"texture":"#3"},"east":{"uv":[12.66667,5.66667,13.33333,5.83333],"texture":"#3"},"south":{"uv":[12.66667,6.33333,13.33333,6.5],"texture":"#3"},"west":{"uv":[12.66667,7,13.33333,7.16667],"texture":"#3"},"up":{"uv":[8.33333,3.66667,7.66667,3],"texture":"#3"},"down":{"uv":[2.33333,8,1.66667,8.66667],"texture":"#3"}}},{"from":[7,7,7],"to":[9,7.5,9],"rotation":{"angle":0,"axis":"y","origin":[7,7.5,7]},"faces":{"north":{"uv":[12.66667,7.66667,13.33333,7.83333],"texture":"#3"},"east":{"uv":[8,12.66667,8.66667,12.83333],"texture":"#3"},"south":{"uv":[10.33333,12.66667,11,12.83333],"texture":"#3"},"west":{"uv":[12.66667,10.33333,13.33333,10.5],"texture":"#3"},"down":{"uv":[3.33333,8,2.66667,8.66667],"texture":"#3"}}},{"from":[7,5.5,7],"to":[9,6,9],"rotation":{"angle":0,"axis":"y","origin":[7,6,7]},"faces":{"north":{"uv":[12.66667,11,13.33333,11.16667],"texture":"#3"},"east":{"uv":[12.66667,11.66667,13.33333,11.83333],"texture":"#3"},"south":{"uv":[12.66667,12.33333,13.33333,12.5],"texture":"#3"},"west":{"uv":[13,3.33333,13.66667,3.5],"texture":"#3"},"up":{"uv":[5,8.66667,4.33333,8],"texture":"#3"},"down":{"uv":[6,8,5.33333,8.66667],"texture":"#3"}}},{"from":[7.125,6,7.125],"to":[8.875,7,8.875],"rotation":{"angle":0,"axis":"y","origin":[7.125,8,6.875]},"faces":{"north":{"uv":[10.66667,6.66667,11.25,7],"texture":"#3"},"east":{"uv":[11.33333,9.66667,11.91667,10],"texture":"#3"},"south":{"uv":[10.66667,11.33333,11.25,11.66667],"texture":"#3"},"west":{"uv":[11.66667,0,12.25,0.33333],"texture":"#3"}}},{"from":[7.25,4.5,7.25],"to":[8.75,5.5,8.75],"rotation":{"angle":0,"axis":"y","origin":[7.25,5.5,6.75]},"faces":{"north":{"uv":[11.66667,7.66667,12.16667,8],"texture":"#3"},"east":{"uv":[9,11.66667,9.5,12],"texture":"#3"},"south":{"uv":[11.66667,10.33333,12.16667,10.66667],"texture":"#3"},"west":{"uv":[11.66667,11,12.16667,11.33333],"texture":"#3"},"down":{"uv":[10.83333,8.66667,10.33333,9.16667],"texture":"#3"}}},{"from":[6.75,7.5,6.5],"to":[9.25,8.75,9.5],"rotation":{"angle":0,"axis":"y","origin":[7,7,6.5]},"faces":{"east":{"uv":[8.66667,1.33333,9.66667,1.75],"texture":"#3"},"west":{"uv":[8.66667,2.33333,9.66667,2.75],"texture":"#3"},"up":{"uv":[7.16667,1,6.33333,0],"texture":"#3"},"down":{"uv":[7.16667,1.33333,6.33333,2.33333],"texture":"#3"}}},{"from":[6.7475,6.19382,6.43612],"to":[9.2525,7.54382,7.43612],"rotation":{"angle":-22.5,"axis":"x","origin":[6.9975,5.79382,3.93612]},"faces":{"north":{"uv":[9,7.66667,9.83333,8.08333],"texture":"#3"},"east":{"uv":[3,12.33333,3.33333,12.75],"texture":"#3"},"south":{"uv":[9,8.66667,9.83333,9.08333],"texture":"#3"},"west":{"uv":[12.33333,3.33333,12.66667,3.75],"texture":"#3"},"up":{"uv":[5.16667,10.33333,4.33333,10],"texture":"#3"},"down":{"uv":[10.83333,9.66667,10,10],"texture":"#3"}}},{"from":[6.7475,6.19382,8.56388],"to":[9.2525,7.54382,9.56388],"rotation":{"angle":22.5,"axis":"x","origin":[6.9975,5.79382,12.06388]},"faces":{"north":{"uv":[9.33333,0,10.16667,0.41667],"texture":"#3"},"east":{"uv":[3.66667,12.33333,4,12.75],"texture":"#3"},"south":{"uv":[9.33333,3.33333,10.16667,3.75],"texture":"#3"},"west":{"uv":[4.33333,12.33333,4.66667,12.75],"texture":"#3"},"up":{"uv":[11.16667,4.66667,10.33333,4.33333],"texture":"#3"},"down":{"uv":[6.5,10.33333,5.66667,10.66667],"texture":"#3"}}},{"from":[7,8.75,3],"to":[9,9.75,13],"rotation":{"angle":0,"axis":"y","origin":[7,8.75,4]},"faces":{"north":{"uv":[10.66667,0,11.33333,0.33333],"texture":"#3"},"east":{"uv":[5.66667,4,9,4.33333],"texture":"#3"},"south":{"uv":[10.66667,1.66667,11.33333,2],"texture":"#3"},"west":{"uv":[5.66667,4.66667,9,5],"texture":"#3"},"up":{"uv":[4.33333,3.33333,3.66667,0],"texture":"#3"},"down":{"uv":[4.33333,3.66667,3.66667,7],"texture":"#3"}}},{"from":[7,7.75,5],"to":[9,8.75,11],"rotation":{"angle":0,"axis":"y","origin":[7,7.75,4]},"faces":{"north":{"uv":[10.66667,2.33333,11.33333,2.66667],"texture":"#3"},"east":{"uv":[0,7,2,7.33333],"texture":"#3"},"south":{"uv":[10.66667,3,11.33333,3.33333],"texture":"#3"},"west":{"uv":[7,5.33333,9,5.66667],"texture":"#3"},"down":{"uv":[5.33333,4,4.66667,6],"texture":"#3"}}},{"from":[7.0035,7.90328,4.7706],"to":[8.9965,8.90328,5.7706],"rotation":{"angle":-22.5,"axis":"x","origin":[8.0035,8.40328,5.2706]},"faces":{"north":{"uv":[3.33333,10.66667,4,11],"texture":"#3"},"east":{"uv":[8.66667,3.33333,9,3.66667],"texture":"#3"},"west":{"uv":[5,13,5.33333,13.33333],"texture":"#3"}}},{"from":[7.0085,8.59619,3.94239],"to":[8.9915,9.59619,5.44239],"rotation":{"angle":22.5,"axis":"x","origin":[8.0085,9.09619,4.44239]},"faces":{"east":{"uv":[11.66667,11.66667,12.16667,12],"texture":"#3"},"west":{"uv":[0,12,0.5,12.33333],"texture":"#3"},"down":{"uv":[10.33333,5.33333,9.66667,5.83333],"texture":"#3"}}},{"from":[7.0085,8.59619,10.55761],"to":[8.9915,9.59619,12.05761],"rotation":{"angle":-22.5,"axis":"x","origin":[8.0085,9.09619,11.55761]},"faces":{"east":{"uv":[1,12,1.5,12.33333],"texture":"#3"},"west":{"uv":[2,12,2.5,12.33333],"texture":"#3"},"down":{"uv":[10.33333,6.33333,9.66667,6.83333],"texture":"#3"}}},{"from":[7.0035,7.90328,10.2294],"to":[8.9965,8.90328,11.2294],"rotation":{"angle":22.5,"axis":"x","origin":[8.0035,8.40328,10.7294]},"faces":{"east":{"uv":[5.66667,13,6,13.33333],"texture":"#3"},"south":{"uv":[10.66667,3.66667,11.33333,4],"texture":"#3"},"west":{"uv":[6.33333,13,6.66667,13.33333],"texture":"#3"}}},{"from":[7.5,9.75,6.25],"to":[8.5,14,9.75],"rotation":{"angle":0,"axis":"y","origin":[7.5,9.75,6]},"faces":{"north":{"uv":[0,7.66667,0.33333,9.08333],"texture":"#3"},"east":{"uv":[4.66667,0,5.83333,1.41667],"texture":"#3"},"south":{"uv":[7.66667,0,8,1.41667],"texture":"#3"},"west":{"uv":[4.66667,2,5.83333,3.41667],"texture":"#3"},"up":{"uv":[9.33333,7.16667,9,6],"texture":"#3"}}},{"from":[7.75,14,6.75],"to":[8.25,22.75,9.25],"rotation":{"angle":0,"axis":"y","origin":[7.75,14.75,6]},"faces":{"north":{"uv":[3.66667,7.33333,3.83333,10.25],"texture":"#3"},"east":{"uv":[2.33333,0,3.16667,2.91667],"texture":"#3"},"south":{"uv":[7.33333,6,7.5,8.91667],"texture":"#3"},"west":{"uv":[2.33333,3.33333,3.16667,6.25],"texture":"#3"}}},{"from":[7.7475,22.01265,6.75],"to":[8.2525,23.78765,8.525],"rotation":{"angle":-45,"axis":"x","origin":[7.9975,23.26265,8]},"faces":{"north":{"uv":[1.33333,13.33333,1.5,13.91667],"texture":"#3"},"east":{"uv":[9.33333,4.33333,9.91667,4.91667],"texture":"#3"},"south":{"uv":[13.33333,1.66667,13.5,2.25],"texture":"#3"},"west":{"uv":[6.33333,9.33333,6.91667,9.91667],"texture":"#3"},"up":{"uv":[2.16667,13.91667,2,13.33333],"texture":"#3"},"down":{"uv":[2.83333,13.33333,2.66667,13.91667],"texture":"#3"}}},{"from":[7.625,9.34777,4.47783],"to":[8.375,12.09777,6.72783],"rotation":{"angle":-22.5,"axis":"x","origin":[8.125,11.09777,5.47783]},"faces":{"north":{"uv":[1,10.66667,1.25,11.58333],"texture":"#3"},"east":{"uv":[6.33333,2.66667,7.08333,3.58333],"texture":"#3"},"west":{"uv":[2.33333,6.66667,3.08333,7.58333],"texture":"#3"},"up":{"uv":[6.58333,11.75,6.33333,11],"texture":"#3"},"down":{"uv":[11.91667,1.66667,11.66667,2.41667],"texture":"#3"}}},{"from":[6.5035,9.5,7],"to":[7.9965,10.5,9],"rotation":{"angle":0,"axis":"y","origin":[6.5035,9.5,7]},"faces":{"east":{"uv":[4.33333,10.66667,5,11],"texture":"#3"},"west":{"uv":[10.66667,5,11.33333,5.33333],"texture":"#3"},"up":{"uv":[9.5,10.33333,9,9.66667],"texture":"#3"},"down":{"uv":[0.5,10,0,10.66667],"texture":"#3"}}},{"from":[6.75,10.5,7.25],"to":[7.75,11,8.75],"rotation":{"angle":0,"axis":"y","origin":[6.5,10.5,7]},"faces":{"north":{"uv":[11.66667,14.66667,12,14.83333],"texture":"#3"},"east":{"uv":[13.33333,4,13.83333,4.16667],"texture":"#3"},"south":{"uv":[14.66667,12,15,12.16667],"texture":"#3"},"west":{"uv":[13.33333,4.66667,13.83333,4.83333],"texture":"#3"},"up":{"uv":[5.66667,12.5,5.33333,12],"texture":"#3"}}},{"from":[6.5,10.26537,6.40224],"to":[8,11.34037,7.15224],"rotation":{"angle":22.5,"axis":"x","origin":[6.5,10.26537,5.15224]},"faces":{"north":{"uv":[8,12,8.5,12.33333],"texture":"#3"},"east":{"uv":[4.33333,13.33333,4.58333,13.66667],"texture":"#3"},"south":{"uv":[10.66667,12,11.16667,12.33333],"texture":"#3"},"west":{"uv":[7.66667,13.33333,7.91667,13.66667],"texture":"#3"},"up":{"uv":[12.83333,4.58333,12.33333,4.33333],"texture":"#3"},"down":{"uv":[12.83333,5,12.33333,5.25],"texture":"#3"}}},{"from":[6.5,9.11732,9.07612],"to":[8,10.19232,9.82612],"rotation":{"angle":-22.5,"axis":"x","origin":[6.5,9.11732,8.07612]},"faces":{"north":{"uv":[12.33333,0.66667,12.83333,1],"texture":"#3"},"east":{"uv":[8.33333,13.33333,8.58333,13.66667],"texture":"#3"},"south":{"uv":[12.33333,1.33333,12.83333,1.66667],"texture":"#3"},"west":{"uv":[9,13.33333,9.25,13.66667],"texture":"#3"},"up":{"uv":[6.5,12.58333,6,12.33333],"texture":"#3"},"down":{"uv":[7.5,12.33333,7,12.58333],"texture":"#3"}}},{"from":[8.25,10.5,7.25],"to":[9.25,11,8.75],"rotation":{"angle":0,"axis":"y","origin":[9.5,10.5,7]},"faces":{"north":{"uv":[12,14.66667,11.66667,14.83333],"texture":"#3"},"east":{"uv":[13.83333,4.66667,13.33333,4.83333],"texture":"#3"},"south":{"uv":[15,12,14.66667,12.16667],"texture":"#3"},"west":{"uv":[13.83333,4,13.33333,4.16667],"texture":"#3"},"up":{"uv":[5.33333,12.5,5.66667,12],"texture":"#3"}}},{"from":[8,10.26537,6.40224],"to":[9.5,11.34037,7.15224],"rotation":{"angle":22.5,"axis":"x","origin":[9.5,10.26537,5.15224]},"faces":{"north":{"uv":[8.5,12,8,12.33333],"texture":"#3"},"east":{"uv":[7.91667,13.33333,7.66667,13.66667],"texture":"#3"},"south":{"uv":[11.16667,12,10.66667,12.33333],"texture":"#3"},"west":{"uv":[4.58333,13.33333,4.33333,13.66667],"texture":"#3"},"up":{"uv":[12.33333,4.58333,12.83333,4.33333],"texture":"#3"},"down":{"uv":[12.33333,5,12.83333,5.25],"texture":"#3"}}},{"from":[8.0035,9.5,7],"to":[9.4965,10.5,9],"rotation":{"angle":0,"axis":"y","origin":[9.4965,9.5,7]},"faces":{"east":{"uv":[11.33333,5,10.66667,5.33333],"texture":"#3"},"west":{"uv":[5,10.66667,4.33333,11],"texture":"#3"},"up":{"uv":[9,10.33333,9.5,9.66667],"texture":"#3"},"down":{"uv":[0,10,0.5,10.66667],"texture":"#3"}}},{"from":[8,9.11732,9.07612],"to":[9.5,10.19232,9.82612],"rotation":{"angle":-22.5,"axis":"x","origin":[9.5,9.11732,8.07612]},"faces":{"north":{"uv":[12.83333,0.66667,12.33333,1],"texture":"#3"},"east":{"uv":[9.25,13.33333,9,13.66667],"texture":"#3"},"south":{"uv":[12.83333,1.33333,12.33333,1.66667],"texture":"#3"},"west":{"uv":[8.58333,13.33333,8.33333,13.66667],"texture":"#3"},"up":{"uv":[6,12.58333,6.5,12.33333],"texture":"#3"},"down":{"uv":[7,12.33333,7.5,12.58333],"texture":"#3"}}},{"from":[7.25,9.5,4.5],"to":[8.75,10,6],"rotation":{"angle":22.5,"axis":"x","origin":[7.375,10.25,5.25]},"faces":{"north":{"uv":[15.66667,1.33333,15.75,1.5],"texture":"#3"},"east":{"uv":[9.66667,13.33333,10.16667,13.5],"texture":"#3"},"south":{"uv":[15.66667,2,15.75,2.16667],"texture":"#3"},"west":{"uv":[13.33333,13,13.83333,13.16667],"texture":"#3"},"up":{"uv":[13.41667,15.16667,13.33333,14.66667],"texture":"#3"},"down":{"uv":[0.08333,15,0,15.5],"texture":"#3"}}},{"from":[7.25,10,5.5],"to":[8.75,10.5,6],"rotation":{"angle":22.5,"axis":"x","origin":[7.375,10.25,5.25]},"faces":{"north":{"uv":[15.66667,3.33333,15.75,3.5],"texture":"#3"},"east":{"uv":[14,15,14.16667,15.16667],"texture":"#3"},"south":{"uv":[4.66667,15.66667,4.75,15.83333],"texture":"#3"},"west":{"uv":[15,14.33333,15.16667,14.5],"texture":"#3"}}},{"from":[7.25,10,4.5],"to":[8.75,10.5,5],"rotation":{"angle":22.5,"axis":"x","origin":[7.375,10.25,5.25]},"faces":{"north":{"uv":[6.66667,15.66667,6.75,15.83333],"texture":"#3"},"east":{"uv":[14.66667,15,14.83333,15.16667],"texture":"#3"},"south":{"uv":[7.33333,15.66667,7.41667,15.83333],"texture":"#3"},"west":{"uv":[15.33333,2.66667,15.5,2.83333],"texture":"#3"}}},{"from":[7.25,10.5,4.5],"to":[8.75,11,6],"rotation":{"angle":22.5,"axis":"x","origin":[7.375,10.25,5.25]},"faces":{"north":{"uv":[8,15.66667,8.08333,15.83333],"texture":"#3"},"east":{"uv":[13.66667,0,14.16667,0.16667],"texture":"#3"},"south":{"uv":[8.66667,15.66667,8.75,15.83333],"texture":"#3"},"west":{"uv":[5,13.66667,5.5,13.83333],"texture":"#3"},"up":{"uv":[0.75,15.5,0.66667,15],"texture":"#3"},"down":{"uv":[1.41667,15,1.33333,15.5],"texture":"#3"}}},{"from":[7.25,10,11],"to":[8.75,10.5,11.5],"rotation":{"angle":-22.5,"axis":"x","origin":[7.375,10.25,10.75]},"faces":{"north":{"uv":[7.41667,15.66667,7.33333,15.83333],"texture":"#3"},"east":{"uv":[14.83333,15,14.66667,15.16667],"texture":"#3"},"south":{"uv":[6.75,15.66667,6.66667,15.83333],"texture":"#3"},"west":{"uv":[15.5,2.66667,15.33333,2.83333],"texture":"#3"}}},{"from":[7.25,10.5,10],"to":[8.75,11,11.5],"rotation":{"angle":-22.5,"axis":"x","origin":[7.375,10.25,10.75]},"faces":{"north":{"uv":[8.75,15.66667,8.66667,15.83333],"texture":"#3"},"east":{"uv":[14.16667,0,13.66667,0.16667],"texture":"#3"},"south":{"uv":[8.08333,15.66667,8,15.83333],"texture":"#3"},"west":{"uv":[5.5,13.66667,5,13.83333],"texture":"#3"},"up":{"uv":[0.75,15,0.66667,15.5],"texture":"#3"},"down":{"uv":[1.41667,15.5,1.33333,15],"texture":"#3"}}},{"from":[7.25,10,10],"to":[8.75,10.5,10.5],"rotation":{"angle":-22.5,"axis":"x","origin":[7.375,10.25,10.75]},"faces":{"north":{"uv":[4.75,15.66667,4.66667,15.83333],"texture":"#3"},"east":{"uv":[14.16667,15,14,15.16667],"texture":"#3"},"south":{"uv":[15.75,3.33333,15.66667,3.5],"texture":"#3"},"west":{"uv":[15.16667,14.33333,15,14.5],"texture":"#3"}}},{"from":[7.25,9.5,10],"to":[8.75,10,11.5],"rotation":{"angle":-22.5,"axis":"x","origin":[7.375,10.25,10.75]},"faces":{"north":{"uv":[15.75,2,15.66667,2.16667],"texture":"#3"},"east":{"uv":[10.16667,13.33333,9.66667,13.5],"texture":"#3"},"south":{"uv":[15.75,1.33333,15.66667,1.5],"texture":"#3"},"west":{"uv":[13.83333,13,13.33333,13.16667],"texture":"#3"},"up":{"uv":[13.41667,14.66667,13.33333,15.16667],"texture":"#3"},"down":{"uv":[0.08333,15.5,0,15],"texture":"#3"}}},{"from":[7.625,-3.75,7.25],"to":[8.375,-2.25,7.75],"rotation":{"angle":-45,"axis":"x","origin":[8,-3,8]},"faces":{"north":{"uv":[12.33333,9.33333,12.58333,9.83333],"texture":"#3"},"east":{"uv":[8,14,8.16667,14.5],"texture":"#3"},"south":{"uv":[9.66667,12.33333,9.91667,12.83333],"texture":"#3"},"west":{"uv":[8.66667,14,8.83333,14.5],"texture":"#3"},"up":{"uv":[12.58333,15.16667,12.33333,15],"texture":"#3"},"down":{"uv":[15.25,13.66667,15,13.83333],"texture":"#3"}}},{"from":[7.625,-3.75,7.75],"to":[8.375,-3.25,8.25],"rotation":{"angle":-45,"axis":"x","origin":[8,-3,8]},"faces":{"east":{"uv":[15.66667,0,15.83333,0.16667],"texture":"#3"},"west":{"uv":[15.66667,0.66667,15.83333,0.83333],"texture":"#3"},"up":{"uv":[8.91667,15.16667,8.66667,15],"texture":"#3"},"down":{"uv":[10.25,15,10,15.16667],"texture":"#3"}}},{"from":[7.625,-3.75,8.25],"to":[8.375,-2.25,8.75],"rotation":{"angle":-45,"axis":"x","origin":[8,-3,8]},"faces":{"north":{"uv":[12.33333,8.33333,12.58333,8.83333],"texture":"#3"},"east":{"uv":[4,14,4.16667,14.5],"texture":"#3"},"south":{"uv":[9,12.33333,9.25,12.83333],"texture":"#3"},"west":{"uv":[7.33333,14,7.5,14.5],"texture":"#3"},"up":{"uv":[7.58333,15.16667,7.33333,15],"texture":"#3"},"down":{"uv":[8.25,15,8,15.16667],"texture":"#3"}}},{"from":[7.625,-2.75,7.75],"to":[8.375,-2.25,8.25],"rotation":{"angle":-45,"axis":"x","origin":[8,-3,8]},"faces":{"east":{"uv":[15.33333,12.66667,15.5,12.83333],"texture":"#3"},"west":{"uv":[15.33333,15,15.5,15.16667],"texture":"#3"},"up":{"uv":[15.25,3.5,15,3.33333],"texture":"#3"},"down":{"uv":[4.91667,15,4.66667,15.16667],"texture":"#3"}}},{"from":[7.375,15,7.25],"to":[8.625,16.5,7.75],"rotation":{"angle":45,"axis":"x","origin":[7.5,15.75,8]},"faces":{"north":{"uv":[10.66667,5.66667,11.08333,6.16667],"texture":"#3"},"east":{"uv":[10.66667,13.33333,10.83333,13.83333],"texture":"#3"},"south":{"uv":[7,10.66667,7.41667,11.16667],"texture":"#3"},"west":{"uv":[13.66667,5.33333,13.83333,5.83333],"texture":"#3"},"up":{"uv":[14.41667,13.83333,14,13.66667],"texture":"#3"},"down":{"uv":[0.41667,14.33333,0,14.5],"texture":"#3"}}},{"from":[7.375,15,8.25],"to":[8.625,16.5,8.75],"rotation":{"angle":45,"axis":"x","origin":[7.5,15.75,8]},"faces":{"north":{"uv":[9,10.66667,9.41667,11.16667],"texture":"#3"},"east":{"uv":[6,13.66667,6.16667,14.16667],"texture":"#3"},"south":{"uv":[10.66667,10.33333,11.08333,10.83333],"texture":"#3"},"west":{"uv":[13.66667,6.33333,13.83333,6.83333],"texture":"#3"},"up":{"uv":[1.41667,14.5,1,14.33333],"texture":"#3"},"down":{"uv":[2.41667,14.33333,2,14.5],"texture":"#3"}}},{"from":[7.375,15,7.75],"to":[8.625,15.5,8.25],"rotation":{"angle":45,"axis":"x","origin":[7.5,15.75,8]},"faces":{"east":{"uv":[15.33333,4,15.5,4.16667],"texture":"#3"},"west":{"uv":[15.33333,4.66667,15.5,4.83333],"texture":"#3"},"up":{"uv":[14.75,2.83333,14.33333,2.66667],"texture":"#3"},"down":{"uv":[14.75,4,14.33333,4.16667],"texture":"#3"}}},{"from":[7.375,16,7.75],"to":[8.625,16.5,8.25],"rotation":{"angle":45,"axis":"x","origin":[7.5,15.75,8]},"faces":{"east":{"uv":[5.33333,15.33333,5.5,15.5],"texture":"#3"},"west":{"uv":[15.33333,5.33333,15.5,5.5],"texture":"#3"},"up":{"uv":[5.08333,14.5,4.66667,14.33333],"texture":"#3"},"down":{"uv":[14.75,4.66667,14.33333,4.83333],"texture":"#3"}}},{"from":[7.375,18,7.25],"to":[8.625,19.5,7.75],"rotation":{"angle":45,"axis":"x","origin":[7.5,18.75,8]},"faces":{"north":{"uv":[0,11,0.41667,11.5],"texture":"#3"},"east":{"uv":[6.66667,13.66667,6.83333,14.16667],"texture":"#3"},"south":{"uv":[2.33333,11,2.75,11.5],"texture":"#3"},"west":{"uv":[13.66667,7.33333,13.83333,7.83333],"texture":"#3"},"up":{"uv":[14.75,5.5,14.33333,5.33333],"texture":"#3"},"down":{"uv":[14.75,6,14.33333,6.16667],"texture":"#3"}}},{"from":[7.375,18,8.25],"to":[8.625,19.5,8.75],"rotation":{"angle":45,"axis":"x","origin":[7.5,18.75,8]},"faces":{"north":{"uv":[5.33333,11,5.75,11.5],"texture":"#3"},"east":{"uv":[13.66667,8.33333,13.83333,8.83333],"texture":"#3"},"south":{"uv":[8,11,8.41667,11.5],"texture":"#3"},"west":{"uv":[13.66667,9.33333,13.83333,9.83333],"texture":"#3"},"up":{"uv":[14.75,6.83333,14.33333,6.66667],"texture":"#3"},"down":{"uv":[14.75,7.33333,14.33333,7.5],"texture":"#3"}}},{"from":[7.375,19,7.75],"to":[8.625,19.5,8.25],"rotation":{"angle":45,"axis":"x","origin":[7.5,18.75,8]},"faces":{"east":{"uv":[6,15.33333,6.16667,15.5],"texture":"#3"},"west":{"uv":[15.33333,6,15.5,6.16667],"texture":"#3"},"up":{"uv":[14.75,8.16667,14.33333,8],"texture":"#3"},"down":{"uv":[14.75,8.66667,14.33333,8.83333],"texture":"#3"}}},{"from":[7.375,18,7.75],"to":[8.625,18.5,8.25],"rotation":{"angle":45,"axis":"x","origin":[7.5,18.75,8]},"faces":{"east":{"uv":[15.33333,6.66667,15.5,6.83333],"texture":"#3"},"west":{"uv":[15.33333,7.33333,15.5,7.5],"texture":"#3"},"up":{"uv":[14.75,9.5,14.33333,9.33333],"texture":"#3"},"down":{"uv":[10.41667,14.33333,10,14.5],"texture":"#3"}}},{"from":[7.375,21,7.25],"to":[8.625,22.5,7.75],"rotation":{"angle":45,"axis":"x","origin":[7.5,21.75,8]},"faces":{"north":{"uv":[11.33333,0.66667,11.75,1.16667],"texture":"#3"},"east":{"uv":[13.66667,10.33333,13.83333,10.83333],"texture":"#3"},"south":{"uv":[3.33333,11.33333,3.75,11.83333],"texture":"#3"},"west":{"uv":[11.33333,13.66667,11.5,14.16667],"texture":"#3"},"up":{"uv":[14.75,10.16667,14.33333,10],"texture":"#3"},"down":{"uv":[14.75,10.66667,14.33333,10.83333],"texture":"#3"}}},{"from":[7.375,21,8.25],"to":[8.625,22.5,8.75],"rotation":{"angle":45,"axis":"x","origin":[7.5,21.75,8]},"faces":{"north":{"uv":[4.33333,11.33333,4.75,11.83333],"texture":"#3"},"east":{"uv":[13.66667,11.33333,13.83333,11.83333],"texture":"#3"},"south":{"uv":[11.33333,8.66667,11.75,9.16667],"texture":"#3"},"west":{"uv":[12,13.66667,12.16667,14.16667],"texture":"#3"},"up":{"uv":[14.75,11.5,14.33333,11.33333],"texture":"#3"},"down":{"uv":[14.75,13,14.33333,13.16667],"texture":"#3"}}},{"from":[7.375,22,7.75],"to":[8.625,22.5,8.25],"rotation":{"angle":45,"axis":"x","origin":[7.5,21.75,8]},"faces":{"east":{"uv":[15.33333,8,15.5,8.16667],"texture":"#3"},"west":{"uv":[15.33333,8.66667,15.5,8.83333],"texture":"#3"},"up":{"uv":[14.41667,14.5,14,14.33333],"texture":"#3"},"down":{"uv":[15.08333,0,14.66667,0.16667],"texture":"#3"}}},{"from":[7.375,21,7.75],"to":[8.625,21.5,8.25],"rotation":{"angle":45,"axis":"x","origin":[7.5,21.75,8]},"faces":{"east":{"uv":[9.33333,15.33333,9.5,15.5],"texture":"#3"},"west":{"uv":[15.33333,9.33333,15.5,9.5],"texture":"#3"},"up":{"uv":[15.08333,0.83333,14.66667,0.66667],"texture":"#3"},"down":{"uv":[15.08333,1.33333,14.66667,1.5],"texture":"#3"}}},{"from":[8,4.5,3.25],"to":[8.02,8.75,3.75],"rotation":{"angle":0,"axis":"y","origin":[8,5.75,3.75]},"faces":{"east":{"uv":[10.16667,10.33333,10,11.75],"texture":"#3"},"west":{"uv":[10,10.33333,10.16667,11.75],"texture":"#3"}}},{"from":[7.875,7.68934,3.25],"to":[8.125,8.18934,3.75],"rotation":{"angle":45,"axis":"x","origin":[8,7.43934,3.5]},"faces":{"east":{"uv":[15.33333,10,15.5,10.16667],"texture":"#3"},"west":{"uv":[10.66667,15.33333,10.83333,15.5],"texture":"#3"},"up":{"uv":[10.08333,15.83333,10,15.66667],"texture":"#3"},"down":{"uv":[12.08333,15.66667,12,15.83333],"texture":"#3"}}},{"from":[7.875,6.68934,3.25],"to":[8.125,7.18934,3.75],"rotation":{"angle":45,"axis":"x","origin":[8,7.43934,3.5]},"faces":{"east":{"uv":[15.33333,10.66667,15.5,10.83333],"texture":"#3"},"west":{"uv":[11.33333,15.33333,11.5,15.5],"texture":"#3"},"up":{"uv":[12.75,15.83333,12.66667,15.66667],"texture":"#3"},"down":{"uv":[13.41667,15.66667,13.33333,15.83333],"texture":"#3"}}},{"from":[7.875,6.68934,2.75],"to":[8.125,8.18934,3.25],"rotation":{"angle":45,"axis":"x","origin":[8,7.43934,3.5]},"faces":{"north":{"uv":[2,15,2.08333,15.5],"texture":"#3"},"east":{"uv":[13.33333,13.66667,13.5,14.16667],"texture":"#3"},"south":{"uv":[2.66667,15,2.75,15.5],"texture":"#3"},"west":{"uv":[14,0.66667,14.16667,1.16667],"texture":"#3"},"up":{"uv":[15.75,13.5,15.66667,13.33333],"texture":"#3"},"down":{"uv":[14.08333,15.66667,14,15.83333],"texture":"#3"}}},{"from":[7.875,6.68934,3.75],"to":[8.125,8.18934,4.25],"rotation":{"angle":45,"axis":"x","origin":[8,7.43934,3.5]},"faces":{"north":{"uv":[3.33333,15,3.41667,15.5],"texture":"#3"},"east":{"uv":[14,1.66667,14.16667,2.16667],"texture":"#3"},"south":{"uv":[4,15,4.08333,15.5],"texture":"#3"},"west":{"uv":[3.33333,14,3.5,14.5],"texture":"#3"},"up":{"uv":[15.75,14.16667,15.66667,14],"texture":"#3"},"down":{"uv":[14.75,15.66667,14.66667,15.83333],"texture":"#3"}}},{"from":[7.75,5,2.75],"to":[8.25,5.5,4],"rotation":{"angle":-45,"axis":"x","origin":[7.75,5,2]},"faces":{"north":{"uv":[15.33333,11.33333,15.5,11.5],"texture":"#3"},"east":{"uv":[14.66667,2,15.08333,2.16667],"texture":"#3"},"south":{"uv":[15.33333,12,15.5,12.16667],"texture":"#3"},"west":{"uv":[5.66667,14.66667,6.08333,14.83333],"texture":"#3"},"up":{"uv":[12.83333,14.41667,12.66667,14],"texture":"#3"},"down":{"uv":[6.83333,14.66667,6.66667,15.08333],"texture":"#3"}}},{"from":[7.75,4.25,2.75],"to":[8.25,4.75,4],"rotation":{"angle":-45,"axis":"x","origin":[7.75,4.25,2]},"faces":{"north":{"uv":[15.33333,11.33333,15.5,11.5],"texture":"#3"},"east":{"uv":[14.66667,2,15.08333,2.16667],"texture":"#3"},"south":{"uv":[15.33333,12,15.5,12.16667],"texture":"#3"},"west":{"uv":[5.66667,14.66667,6.08333,14.83333],"texture":"#3"},"up":{"uv":[12.83333,14.41667,12.66667,14],"texture":"#3"},"down":{"uv":[6.83333,14.66667,6.66667,15.08333],"texture":"#3"}}},{"from":[7.75,3.5,2.75],"to":[8.25,4,4],"rotation":{"angle":-45,"axis":"x","origin":[7.75,3.5,2]},"faces":{"north":{"uv":[15.33333,11.33333,15.5,11.5],"texture":"#3"},"east":{"uv":[14.66667,2,15.08333,2.16667],"texture":"#3"},"south":{"uv":[15.33333,12,15.5,12.16667],"texture":"#3"},"west":{"uv":[5.66667,14.66667,6.08333,14.83333],"texture":"#3"},"up":{"uv":[12.83333,14.41667,12.66667,14],"texture":"#3"},"down":{"uv":[6.83333,14.66667,6.66667,15.08333],"texture":"#3"}}},{"from":[7.75,5,3],"to":[8.25,5.5,4.25],"rotation":{"angle":45,"axis":"x","origin":[7.75,5,5]},"faces":{"north":{"uv":[15.5,12,15.33333,12.16667],"texture":"#3"},"east":{"uv":[15.08333,2,14.66667,2.16667],"texture":"#3"},"south":{"uv":[15.5,11.33333,15.33333,11.5],"texture":"#3"},"west":{"uv":[6.08333,14.66667,5.66667,14.83333],"texture":"#3"},"up":{"uv":[12.83333,14,12.66667,14.41667],"texture":"#3"},"down":{"uv":[6.83333,15.08333,6.66667,14.66667],"texture":"#3"}}},{"from":[7.75,4.25,3],"to":[8.25,4.75,4.25],"rotation":{"angle":45,"axis":"x","origin":[7.75,4.25,5]},"faces":{"north":{"uv":[15.5,12,15.33333,12.16667],"texture":"#3"},"east":{"uv":[15.08333,2,14.66667,2.16667],"texture":"#3"},"south":{"uv":[15.5,11.33333,15.33333,11.5],"texture":"#3"},"west":{"uv":[6.08333,14.66667,5.66667,14.83333],"texture":"#3"},"up":{"uv":[12.83333,14,12.66667,14.41667],"texture":"#3"},"down":{"uv":[6.83333,15.08333,6.66667,14.66667],"texture":"#3"}}},{"from":[7.75,3.5,3],"to":[8.25,4,4.25],"rotation":{"angle":45,"axis":"x","origin":[7.75,3.5,5]},"faces":{"north":{"uv":[15.5,12,15.33333,12.16667],"texture":"#3"},"east":{"uv":[15.08333,2,14.66667,2.16667],"texture":"#3"},"south":{"uv":[15.5,11.33333,15.33333,11.5],"texture":"#3"},"west":{"uv":[6.08333,14.66667,5.66667,14.83333],"texture":"#3"},"up":{"uv":[12.83333,14,12.66667,14.41667],"texture":"#3"},"down":{"uv":[6.83333,15.08333,6.66667,14.66667],"texture":"#3"}}},{"from":[7.625,3.25,3.125],"to":[8.375,4.5,3.875],"rotation":{"angle":0,"axis":"x","origin":[8.125,3.875,3.375]},"faces":{"north":{"uv":[12.66667,13,12.91667,13.41667],"texture":"#3"},"east":{"uv":[0,13.33333,0.25,13.75],"texture":"#3"},"south":{"uv":[0.66667,13.33333,0.91667,13.75],"texture":"#3"},"west":{"uv":[13.33333,0.66667,13.58333,1.08333],"texture":"#3"},"up":{"uv":[9.58333,14.91667,9.33333,14.66667],"texture":"#3"},"down":{"uv":[11.25,14.66667,11,14.91667],"texture":"#3"}}},{"from":[8,4.5,12.25],"to":[8.02,8.75,12.75],"rotation":{"angle":0,"axis":"y","origin":[8,5.75,12.25]},"faces":{"east":{"uv":[10,10.33333,10.16667,11.75],"texture":"#3"},"west":{"uv":[10.16667,10.33333,10,11.75],"texture":"#3"}}},{"from":[7.875,7.68934,12.25],"to":[8.125,8.18934,12.75],"rotation":{"angle":-45,"axis":"x","origin":[8,7.43934,12.5]},"faces":{"east":{"uv":[15.5,10,15.33333,10.16667],"texture":"#3"},"west":{"uv":[10.83333,15.33333,10.66667,15.5],"texture":"#3"},"up":{"uv":[10.08333,15.66667,10,15.83333],"texture":"#3"},"down":{"uv":[12.08333,15.83333,12,15.66667],"texture":"#3"}}},{"from":[7.875,6.68934,12.25],"to":[8.125,7.18934,12.75],"rotation":{"angle":-45,"axis":"x","origin":[8,7.43934,12.5]},"faces":{"east":{"uv":[15.5,10.66667,15.33333,10.83333],"texture":"#3"},"west":{"uv":[11.5,15.33333,11.33333,15.5],"texture":"#3"},"up":{"uv":[12.75,15.66667,12.66667,15.83333],"texture":"#3"},"down":{"uv":[13.41667,15.83333,13.33333,15.66667],"texture":"#3"}}},{"from":[7.875,6.68934,12.75],"to":[8.125,8.18934,13.25],"rotation":{"angle":-45,"axis":"x","origin":[8,7.43934,12.5]},"faces":{"north":{"uv":[2.75,15,2.66667,15.5],"texture":"#3"},"east":{"uv":[13.5,13.66667,13.33333,14.16667],"texture":"#3"},"south":{"uv":[2.08333,15,2,15.5],"texture":"#3"},"west":{"uv":[14.16667,0.66667,14,1.16667],"texture":"#3"},"up":{"uv":[15.75,13.33333,15.66667,13.5],"texture":"#3"},"down":{"uv":[14.08333,15.83333,14,15.66667],"texture":"#3"}}},{"from":[7.875,6.68934,11.75],"to":[8.125,8.18934,12.25],"rotation":{"angle":-45,"axis":"x","origin":[8,7.43934,12.5]},"faces":{"north":{"uv":[4.08333,15,4,15.5],"texture":"#3"},"east":{"uv":[14.16667,1.66667,14,2.16667],"texture":"#3"},"south":{"uv":[3.41667,15,3.33333,15.5],"texture":"#3"},"west":{"uv":[3.5,14,3.33333,14.5],"texture":"#3"},"up":{"uv":[15.75,14,15.66667,14.16667],"texture":"#3"},"down":{"uv":[14.75,15.83333,14.66667,15.66667],"texture":"#3"}}},{"from":[7.75,5,12],"to":[8.25,5.5,13.25],"rotation":{"angle":45,"axis":"x","origin":[7.75,5,14]},"faces":{"north":{"uv":[15.5,12,15.33333,12.16667],"texture":"#3"},"east":{"uv":[15.08333,2,14.66667,2.16667],"texture":"#3"},"south":{"uv":[15.5,11.33333,15.33333,11.5],"texture":"#3"},"west":{"uv":[6.08333,14.66667,5.66667,14.83333],"texture":"#3"},"up":{"uv":[12.83333,14,12.66667,14.41667],"texture":"#3"},"down":{"uv":[6.83333,15.08333,6.66667,14.66667],"texture":"#3"}}},{"from":[7.625,3.25,12.125],"to":[8.375,4.5,12.875],"rotation":{"angle":0,"axis":"x","origin":[8.125,3.875,12.625]},"faces":{"north":{"uv":[0.91667,13.33333,0.66667,13.75],"texture":"#3"},"east":{"uv":[0.25,13.33333,0,13.75],"texture":"#3"},"south":{"uv":[12.91667,13,12.66667,13.41667],"texture":"#3"},"west":{"uv":[13.58333,0.66667,13.33333,1.08333],"texture":"#3"},"up":{"uv":[9.58333,14.66667,9.33333,14.91667],"texture":"#3"},"down":{"uv":[11.25,14.91667,11,14.66667],"texture":"#3"}}},{"from":[7.75,4.25,12],"to":[8.25,4.75,13.25],"rotation":{"angle":45,"axis":"x","origin":[7.75,4.25,14]},"faces":{"north":{"uv":[15.5,12,15.33333,12.16667],"texture":"#3"},"east":{"uv":[15.08333,2,14.66667,2.16667],"texture":"#3"},"south":{"uv":[15.5,11.33333,15.33333,11.5],"texture":"#3"},"west":{"uv":[6.08333,14.66667,5.66667,14.83333],"texture":"#3"},"up":{"uv":[12.83333,14,12.66667,14.41667],"texture":"#3"},"down":{"uv":[6.83333,15.08333,6.66667,14.66667],"texture":"#3"}}},{"from":[7.75,3.5,12],"to":[8.25,4,13.25],"rotation":{"angle":45,"axis":"x","origin":[7.75,3.5,14]},"faces":{"north":{"uv":[15.5,12,15.33333,12.16667],"texture":"#3"},"east":{"uv":[15.08333,2,14.66667,2.16667],"texture":"#3"},"south":{"uv":[15.5,11.33333,15.33333,11.5],"texture":"#3"},"west":{"uv":[6.08333,14.66667,5.66667,14.83333],"texture":"#3"},"up":{"uv":[12.83333,14,12.66667,14.41667],"texture":"#3"},"down":{"uv":[6.83333,15.08333,6.66667,14.66667],"texture":"#3"}}},{"from":[7.75,3.5,11.75],"to":[8.25,4,13],"rotation":{"angle":-45,"axis":"x","origin":[7.75,3.5,11]},"faces":{"north":{"uv":[15.33333,11.33333,15.5,11.5],"texture":"#3"},"east":{"uv":[14.66667,2,15.08333,2.16667],"texture":"#3"},"south":{"uv":[15.33333,12,15.5,12.16667],"texture":"#3"},"west":{"uv":[5.66667,14.66667,6.08333,14.83333],"texture":"#3"},"up":{"uv":[12.83333,14.41667,12.66667,14],"texture":"#3"},"down":{"uv":[6.83333,14.66667,6.66667,15.08333],"texture":"#3"}}},{"from":[7.75,4.25,11.75],"to":[8.25,4.75,13],"rotation":{"angle":-45,"axis":"x","origin":[7.75,4.25,11]},"faces":{"north":{"uv":[15.33333,11.33333,15.5,11.5],"texture":"#3"},"east":{"uv":[14.66667,2,15.08333,2.16667],"texture":"#3"},"south":{"uv":[15.33333,12,15.5,12.16667],"texture":"#3"},"west":{"uv":[5.66667,14.66667,6.08333,14.83333],"texture":"#3"},"up":{"uv":[12.83333,14.41667,12.66667,14],"texture":"#3"},"down":{"uv":[6.83333,14.66667,6.66667,15.08333],"texture":"#3"}}},{"from":[7.75,5,11.75],"to":[8.25,5.5,13],"rotation":{"angle":-45,"axis":"x","origin":[7.75,5,11]},"faces":{"north":{"uv":[15.33333,11.33333,15.5,11.5],"texture":"#3"},"east":{"uv":[14.66667,2,15.08333,2.16667],"texture":"#3"},"south":{"uv":[15.33333,12,15.5,12.16667],"texture":"#3"},"west":{"uv":[5.66667,14.66667,6.08333,14.83333],"texture":"#3"},"up":{"uv":[12.83333,14.41667,12.66667,14],"texture":"#3"},"down":{"uv":[6.83333,14.66667,6.66667,15.08333],"texture":"#3"}}},{"from":[7.995,12.25,5.125],"to":[8.005,32,10.875],"rotation":{"angle":0,"axis":"y","origin":[7.995,4.5,5.125]},"faces":{"east":{"uv":[1.91667,0,0,6.58333],"texture":"#3"},"west":{"uv":[0,0,1.91667,6.58333],"texture":"#3"}}},{"from":[7.99,27.38353,10.99883],"to":[8.01,30.03353,13.64883],"rotation":{"angle":-45,"axis":"x","origin":[7.99,24.38353,7.99883]},"faces":{"east":{"uv":[6.58333,5.33333,5.66667,6.25],"texture":"#3"},"west":{"uv":[5.66667,5.33333,6.58333,6.25],"texture":"#3"}}},{"from":[7.625,9.34777,9.27217],"to":[8.375,12.09777,11.52217],"rotation":{"angle":22.5,"axis":"x","origin":[8.125,11.09777,10.52217]},"faces":{"east":{"uv":[4.66667,6.66667,5.41667,7.58333],"texture":"#3"},"south":{"uv":[1.66667,10.66667,1.91667,11.58333],"texture":"#3"},"west":{"uv":[6,6.66667,6.75,7.58333],"texture":"#3"},"up":{"uv":[11.91667,3.75,11.66667,3],"texture":"#3"},"down":{"uv":[11.91667,4.33333,11.66667,5.08333],"texture":"#3"}}},{"from":[7.5,9.25,2.25],"to":[8.5,10.25,5.25],"rotation":{"angle":0,"axis":"y","origin":[7.5,9.25,2.25]},"faces":{"north":{"uv":[7,13,7.33333,13.33333],"texture":"#3"},"east":{"uv":[1,10,2,10.33333],"texture":"#3"},"south":{"uv":[13,8.33333,13.33333,8.66667],"texture":"#3"},"west":{"uv":[10,1,11,1.33333],"texture":"#3"},"up":{"uv":[7.66667,10.33333,7.33333,9.33333],"texture":"#3"},"down":{"uv":[10.33333,1.66667,10,2.66667],"texture":"#3"}}},{"from":[7.5035,10.0206,2.40328],"to":[8.4965,11.0206,3.32828],"rotation":{"angle":22.5,"axis":"x","origin":[8.0035,10.5206,2.90328]},"faces":{"north":{"uv":[13,9,13.33333,9.33333],"texture":"#3"},"east":{"uv":[13,9.66667,13.33333,10],"texture":"#3"},"south":{"uv":[11.33333,13,11.66667,13.33333],"texture":"#3"},"west":{"uv":[12,13,12.33333,13.33333],"texture":"#3"}}},{"from":[7.25,10.75,1.25],"to":[8.75,11.75,3.75],"rotation":{"angle":0,"axis":"y","origin":[7.5,10.75,2.25]},"faces":{"north":{"uv":[12.33333,2,12.83333,2.33333],"texture":"#3"},"east":{"uv":[10.33333,7.33333,11.16667,7.66667],"texture":"#3"},"south":{"uv":[12.33333,2.66667,12.83333,3],"texture":"#3"},"west":{"uv":[10.33333,8,11.16667,8.33333],"texture":"#3"},"up":{"uv":[1.16667,9.5,0.66667,8.66667],"texture":"#3"},"down":{"uv":[8.5,8.66667,8,9.5],"texture":"#3"}}},{"from":[7.25,11.75,2],"to":[8.75,12.25,3.75],"rotation":{"angle":0,"axis":"y","origin":[7.5,11.75,2.25]},"faces":{"north":{"uv":[13.66667,12.33333,14.16667,12.5],"texture":"#3"},"east":{"uv":[13.33333,2.66667,13.91667,2.83333],"texture":"#3"},"south":{"uv":[14,3.33333,14.5,3.5],"texture":"#3"},"west":{"uv":[3.33333,13.33333,3.91667,13.5],"texture":"#3"},"up":{"uv":[2.83333,10.58333,2.33333,10],"texture":"#3"}}},{"from":[7.625,10.61639,0.3515],"to":[8.375,10.62639,1.3515],"rotation":{"angle":-22.5,"axis":"x","origin":[7.625,10.61639,0.3515]},"faces":{"up":{"uv":[9.58333,14.33333,9.33333,14],"texture":"#3"},"down":{"uv":[9.58333,14,9.33333,14.33333],"texture":"#3"}}},{"from":[7.5,9.25,10.75],"to":[8.5,10.25,13.75],"rotation":{"angle":0,"axis":"y","origin":[7.5,9.25,13.75]},"faces":{"north":{"uv":[13.33333,8.33333,13,8.66667],"texture":"#3"},"east":{"uv":[2,10,1,10.33333],"texture":"#3"},"south":{"uv":[7.33333,13,7,13.33333],"texture":"#3"},"west":{"uv":[11,1,10,1.33333],"texture":"#3"},"up":{"uv":[7.66667,9.33333,7.33333,10.33333],"texture":"#3"},"down":{"uv":[10.33333,2.66667,10,1.66667],"texture":"#3"}}},{"from":[7.5035,10.0206,12.67172],"to":[8.4965,11.0206,13.59672],"rotation":{"angle":-22.5,"axis":"x","origin":[8.0035,10.5206,13.09672]},"faces":{"north":{"uv":[11.66667,13,11.33333,13.33333],"texture":"#3"},"east":{"uv":[13.33333,9.66667,13,10],"texture":"#3"},"south":{"uv":[13.33333,9,13,9.33333],"texture":"#3"},"west":{"uv":[12.33333,13,12,13.33333],"texture":"#3"}}},{"from":[7.25,10.75,12.25],"to":[8.75,11.75,14.75],"rotation":{"angle":0,"axis":"y","origin":[7.5,10.75,13.75]},"faces":{"north":{"uv":[12.83333,2.66667,12.33333,3],"texture":"#3"},"east":{"uv":[11.16667,7.33333,10.33333,7.66667],"texture":"#3"},"south":{"uv":[12.83333,2,12.33333,2.33333],"texture":"#3"},"west":{"uv":[11.16667,8,10.33333,8.33333],"texture":"#3"},"up":{"uv":[1.16667,8.66667,0.66667,9.5],"texture":"#3"},"down":{"uv":[8.5,9.5,8,8.66667],"texture":"#3"}}},{"from":[7.25,11.75,12.25],"to":[8.75,12.25,14],"rotation":{"angle":0,"axis":"y","origin":[7.5,11.75,13.75]},"faces":{"north":{"uv":[14.5,3.33333,14,3.5],"texture":"#3"},"east":{"uv":[13.91667,2.66667,13.33333,2.83333],"texture":"#3"},"south":{"uv":[14.16667,12.33333,13.66667,12.5],"texture":"#3"},"west":{"uv":[3.91667,13.33333,3.33333,13.5],"texture":"#3"},"up":{"uv":[2.83333,10,2.33333,10.58333],"texture":"#3"}}},{"from":[7.625,10.61639,14.6485],"to":[8.375,10.62639,15.6485],"rotation":{"angle":22.5,"axis":"x","origin":[7.625,10.61639,15.6485]},"faces":{"up":{"uv":[9.58333,14,9.33333,14.33333],"texture":"#3"},"down":{"uv":[9.58333,14.33333,9.33333,14],"texture":"#3"}}},{"from":[7.5,11,10.76164],"to":[8.5,32,10.77164],"rotation":{"angle":0,"axis":"y","origin":[8.5,21.5,10.76664]},"faces":{"north":{"uv":[7.33333,0,6.66667,14],"texture":"#2"},"south":{"uv":[6.66667,0,7.33333,14],"texture":"#2"}}},{"from":[7.5,11,5.22836],"to":[8.5,32,5.23836],"rotation":{"angle":0,"axis":"y","origin":[8.5,21.5,5.23336]},"faces":{"north":{"uv":[2,0,2.66667,14],"texture":"#2"},"south":{"uv":[2.66667,0,2,14],"texture":"#2"}}},{"from":[9.63843,11,5.00191],"to":[9.64843,32,8.00191],"rotation":{"angle":22.5,"axis":"y","origin":[9.64343,21.5,8.00191]},"faces":{"east":{"uv":[0,0,2,14],"texture":"#2"},"west":{"uv":[2,0,0,14],"texture":"#2"}}},{"from":[9.63843,11,7.99809],"to":[9.64843,32,10.99809],"rotation":{"angle":-22.5,"axis":"y","origin":[9.64343,21.5,7.99809]},"faces":{"east":{"uv":[7.33333,0,9.33333,14],"texture":"#2"},"west":{"uv":[9.33333,0,7.33333,14],"texture":"#2"}}},{"from":[7.5,11,7.77164],"to":[7.51,32,10.77164],"rotation":{"angle":22.5,"axis":"y","origin":[7.5,11,10.77164]},"faces":{"east":{"uv":[6.66667,0,4.66667,14],"texture":"#2"},"west":{"uv":[4.66667,0,6.66667,14],"texture":"#2"}}},{"from":[6.92559,11,5.11609],"to":[6.93559,32,8.11609],"rotation":{"angle":-22.5,"axis":"y","origin":[6.93059,21.5,6.61609]},"faces":{"east":{"uv":[4.66667,0,2.66667,14],"texture":"#2"},"west":{"uv":[2.66667,0,4.66667,14],"texture":"#2"}}},{"from":[6.25,5.5,4],"to":[6.25,13.5,12],"rotation":{"angle":0,"axis":"y","origin":[6.25,5.5,4]},"faces":{"west":{"uv":[0,0,16,16],"texture":"#4"}}},{"from":[9.75,5.5,4],"to":[9.75,13.5,12],"rotation":{"angle":0,"axis":"y","origin":[9.75,5.5,12]},"faces":{"east":{"uv":[0,0,16,16],"texture":"#4"}}}],"gui_light":"front","display":{"thirdperson_righthand":{"translation":[0,3,0.75]},"thirdperson_lefthand":{"translation":[0,3,0.75]},"firstperson_righthand":{"rotation":[8,0,0],"translation":[2.5,0.75,0],"scale":[0.7,0.7,0.7]},"firstperson_lefthand":{"rotation":[8,0,0],"translation":[2.5,0.75,0],"scale":[0.7,0.7,0.7]},"ground":{"rotation":[-45,0,0],"translation":[0,5,0],"scale":[0.7,0.7,0.7]},"gui":{"rotation":[-90,45,90],"translation":[3,-3,0],"scale":[0.75,0.75,0.75]},"head":{"rotation":[0,-90,0]},"fixed":{"rotation":[0,-90,0],"translation":[0,0,-2.5],"scale":[2,2,2]}},"groups":[{"name":"sword","origin":[8.625,10.25,4.5],"color":0,"children":[0,1,2,3,4,5,6,7,8,9,10,11,12,13,14,15,16,17,18,19,20,21,22,23,24,25,26,27,28,29,30,31,32,33,34,35,36,37,38,39,40,41,42,43,44,45,46,47,48,49,50,51,52,53,54,55,56,57,58,59,60,61,62,63,64,65,66,67,68,69,70,71,72,73,74,75,76,77,78,79,80,81,82,83,84,85,86,87,88,89,90,91,92,93,94,95,96,97,98]}],"mcmodels":"2238fb43fad87426eb3c95ab6631a4ea"}