{"credit":"Pologony Creation Co.,Ltd.","texture_size":[36,36],"textures":{"3":"plny_lunar_new_year_2025:animated/animated_8","4":"plny_lunar_new_year_2025:animated/animated_2","5":"plny_lunar_new_year_2025:wings","particle":"plny_lunar_new_year_2025:animated/animated_8"},"elements":[{"from":[6.5,6.25,2.25235],"to":[9.5,7.5,4.75235],"rotation":{"angle":0,"axis":"y","origin":[8,8,8]},"faces":{"north":{"uv":[12.23077,11.23077,13.15385,11.61538],"texture":"#5"},"south":{"uv":[12.23077,10.30769,13.15385,10.69231],"texture":"#5"},"up":{"uv":[12.38462,3.23077,11.61538,2.30769],"rotation":90,"texture":"#5"},"down":{"uv":[12.38462,3.53846,11.61538,4.46154],"rotation":270,"texture":"#5"}}},{"from":[9.57716,6.76209,2.24985],"to":[10.57716,8.11209,4.75485],"rotation":{"angle":-22.5,"axis":"z","origin":[8,8,8]},"faces":{"north":{"uv":[14.38462,13.38462,14.69231,13.76923],"texture":"#5"},"east":{"uv":[12.84615,2.30769,13.61538,2.69231],"texture":"#5"},"south":{"uv":[13.46154,14.30769,13.76923,14.69231],"texture":"#5"},"west":{"uv":[3,12.76923,3.76923,13.15385],"texture":"#5"},"up":{"uv":[13.61538,10,12.84615,9.69231],"rotation":90,"texture":"#5"},"down":{"uv":[9,13.07692,8.23077,13.38462],"rotation":270,"texture":"#5"}}},{"from":[5.42284,6.76209,2.24985],"to":[6.42284,8.11209,4.75485],"rotation":{"angle":22.5,"axis":"z","origin":[8,8,8]},"faces":{"north":{"uv":[1.15385,14.61538,1.46154,15],"texture":"#5"},"east":{"uv":[12.84615,3.23077,13.61538,3.61538],"texture":"#5"},"south":{"uv":[14.07692,14.30769,14.38462,14.69231],"texture":"#5"},"west":{"uv":[12.84615,4.15385,13.61538,4.53846],"texture":"#5"},"up":{"uv":[13.92308,12.46154,13.15385,12.15385],"rotation":90,"texture":"#5"},"down":{"uv":[13.92308,12.76923,13.15385,13.07692],"rotation":270,"texture":"#5"}}},{"from":[3,7.5,2.50235],"to":[13,8.5,4.50235],"rotation":{"angle":0,"axis":"y","origin":[8,8,8]},"faces":{"north":{"uv":[11.61538,1.69231,14.69231,2],"texture":"#5"},"east":{"uv":[8.23077,13.69231,8.84615,14],"texture":"#5"},"south":{"uv":[11.61538,1.07692,14.69231,1.38462],"texture":"#5"},"west":{"uv":[11.30769,13.69231,11.92308,14],"texture":"#5"},"up":{"uv":[11,9.69231,10.38462,6.61538],"rotation":90,"texture":"#5"},"down":{"uv":[11,10,10.38462,13.07692],"rotation":270,"texture":"#5"}}},{"from":[5,6.5,2.50235],"to":[11,7.5,4.50235],"rotation":{"angle":0,"axis":"y","origin":[8,8,8]},"faces":{"north":{"uv":[2.38462,12.15385,4.23077,12.46154],"texture":"#5"},"east":{"uv":[1.15385,14,1.76923,14.30769],"texture":"#5"},"south":{"uv":[11.61538,6,13.46154,6.30769],"texture":"#5"},"west":{"uv":[14.07692,2.30769,14.69231,2.61538],"texture":"#5"},"down":{"uv":[11.92308,10.30769,11.30769,12.15385],"rotation":270,"texture":"#5"}}},{"from":[10.34566,7.76223,2.50585],"to":[11.34566,8.76223,4.49885],"rotation":{"angle":-22.5,"axis":"z","origin":[8,8,8]},"faces":{"north":{"uv":[3.30769,14.61538,3.61538,14.92308],"texture":"#5"},"east":{"uv":[14.07692,2.92308,14.69231,3.23077],"texture":"#5"},"south":{"uv":[2.69231,14.61538,3,14.92308],"texture":"#5"}}},{"from":[10.22794,5.99646,2.51085],"to":[11.72794,6.99646,4.49385],"rotation":{"angle":22.5,"axis":"z","origin":[8,8,8]},"faces":{"north":{"uv":[14.38462,7.53846,14.84615,7.84615],"texture":"#5"},"south":{"uv":[14.38462,6.92308,14.84615,7.23077],"texture":"#5"},"down":{"uv":[13.46154,5.07692,12.84615,5.53846],"rotation":270,"texture":"#5"}}},{"from":[4.27206,5.99646,2.51085],"to":[5.77206,6.99646,4.49385],"rotation":{"angle":-22.5,"axis":"z","origin":[8,8,8]},"faces":{"north":{"uv":[11.30769,14.30769,11.76923,14.61538],"texture":"#5"},"south":{"uv":[8.23077,14.30769,8.69231,14.61538],"texture":"#5"},"down":{"uv":[13.46154,6.61538,12.84615,7.07692],"rotation":270,"texture":"#5"}}},{"from":[4.65434,7.76223,2.50585],"to":[5.65434,8.76223,4.49885],"rotation":{"angle":22.5,"axis":"z","origin":[8,8,8]},"faces":{"north":{"uv":[5.15385,14.61538,5.46154,14.92308],"texture":"#5"},"south":{"uv":[14.69231,4.76923,15,5.07692],"texture":"#5"},"west":{"uv":[14.07692,3.53846,14.69231,3.84615],"texture":"#5"}}},{"from":[6.25,8.5,3.00235],"to":[9.75,12.75,4.00235],"rotation":{"angle":0,"axis":"y","origin":[8,8,8]},"faces":{"north":{"uv":[11.30769,8.46154,12.38462,9.76923],"texture":"#5"},"east":{"uv":[7,12.15385,7.30769,13.46154],"texture":"#5"},"south":{"uv":[11.30769,6.61538,12.38462,7.92308],"texture":"#5"},"west":{"uv":[7.61538,12.15385,7.92308,13.46154],"texture":"#5"},"up":{"uv":[2.69231,13.84615,2.38462,12.76923],"rotation":90,"texture":"#5"}}},{"from":[8.37307,8.92231,3.12735],"to":[10.62307,11.67231,3.87735],"rotation":{"angle":-22.5,"axis":"z","origin":[8,8,8]},"faces":{"north":{"uv":[1.15385,12.15385,1.84615,13],"texture":"#5"},"east":{"uv":[13.76923,6.92308,14,7.76923],"texture":"#5"},"south":{"uv":[11.61538,4.76923,12.30769,5.61538],"texture":"#5"},"up":{"uv":[10,14.69231,9.76923,14],"rotation":90,"texture":"#5"},"down":{"uv":[2.30769,14.30769,2.07692,15],"rotation":270,"texture":"#5"}}},{"from":[7,8.25,2.25585],"to":[9,9.25,4.74885],"rotation":{"angle":0,"axis":"y","origin":[8,8,8]},"faces":{"north":{"uv":[5.46154,14,6.07692,14.30769],"texture":"#5"},"south":{"uv":[14.07692,4.15385,14.69231,4.46154],"texture":"#5"},"up":{"uv":[5.30769,12.76923,4.53846,12.15385],"rotation":90,"texture":"#5"},"down":{"uv":[6.53846,12.15385,5.76923,12.76923],"rotation":270,"texture":"#5"}}},{"from":[7.25,9.25,2.50235],"to":[8.75,9.75,4.50235],"rotation":{"angle":0,"axis":"y","origin":[8,8,8]},"faces":{"north":{"uv":[15,4.15385,15.46154,4.30769],"texture":"#5"},"east":{"uv":[14.69231,5.38462,15.30769,5.53846],"texture":"#5"},"south":{"uv":[3.92308,14.92308,4.38462,15.07692],"texture":"#5"},"west":{"uv":[14.69231,6,15.30769,6.15385],"texture":"#5"},"up":{"uv":[13.46154,8,12.84615,7.53846],"rotation":90,"texture":"#5"}}},{"from":[9.01955,7.84829,2.25235],"to":[9.76955,8.92329,4.75235],"rotation":{"angle":22.5,"axis":"z","origin":[8,8,8]},"faces":{"north":{"uv":[7,14.92308,7.23077,15.23077],"texture":"#5"},"east":{"uv":[1.15385,13.38462,1.92308,13.69231],"texture":"#5"},"south":{"uv":[6.38462,14.92308,6.61538,15.23077],"texture":"#5"},"west":{"uv":[9.46154,13.38462,10.23077,13.69231],"texture":"#5"},"up":{"uv":[14.84615,9.30769,14.07692,9.07692],"rotation":90,"texture":"#5"},"down":{"uv":[14.84615,9.69231,14.07692,9.92308],"rotation":270,"texture":"#5"}}},{"from":[6.23045,7.84829,2.25235],"to":[6.98045,8.92329,4.75235],"rotation":{"angle":-22.5,"axis":"z","origin":[8,8,8]},"faces":{"north":{"uv":[8.23077,14.92308,8.46154,15.23077],"texture":"#5"},"east":{"uv":[13.46154,10.30769,14.23077,10.61538],"texture":"#5"},"south":{"uv":[7.61538,14.92308,7.84615,15.23077],"texture":"#5"},"west":{"uv":[13.46154,10.92308,14.23077,11.23077],"texture":"#5"},"up":{"uv":[13,14.23077,12.23077,14],"rotation":90,"texture":"#5"},"down":{"uv":[4.69231,14.30769,3.92308,14.53846],"rotation":270,"texture":"#5"}}},{"from":[10.17335,7.1215,2.75235],"to":[11.67335,7.6215,4.25235],"rotation":{"angle":22.5,"axis":"z","origin":[8,8,8]},"faces":{"north":{"uv":[2.69231,15.23077,3.15385,15.38462],"texture":"#5"},"east":{"uv":[8.84615,14.92308,9.30769,15.07692],"texture":"#5"},"south":{"uv":[11.30769,14.92308,11.76923,15.07692],"texture":"#5"},"west":{"uv":[15,13.38462,15.46154,13.53846],"texture":"#5"},"up":{"uv":[13.92308,13.84615,13.46154,13.38462],"rotation":90,"texture":"#5"},"down":{"uv":[3.46154,13.69231,3,14.15385],"rotation":270,"texture":"#5"}}},{"from":[10.17335,7.6215,2.75235],"to":[10.67335,8.1215,4.25235],"rotation":{"angle":22.5,"axis":"z","origin":[8,8,8]},"faces":{"north":{"uv":[15.61538,6,15.76923,6.15385],"texture":"#5"},"east":{"uv":[4.84615,15.23077,5.30769,15.38462],"texture":"#5"},"south":{"uv":[15.61538,5.38462,15.76923,5.53846],"texture":"#5"},"west":{"uv":[15.30769,4.76923,15.76923,4.92308],"texture":"#5"}}},{"from":[11.17335,7.6215,2.75235],"to":[11.67335,8.1215,4.25235],"rotation":{"angle":22.5,"axis":"z","origin":[8,8,8]},"faces":{"north":{"uv":[7,15.53846,7.15385,15.69231],"texture":"#5"},"east":{"uv":[15.30769,6.61538,15.76923,6.76923],"texture":"#5"},"south":{"uv":[6.38462,15.53846,6.53846,15.69231],"texture":"#5"},"west":{"uv":[15.30769,7.23077,15.76923,7.38462],"texture":"#5"}}},{"from":[10.17335,8.1215,2.75235],"to":[11.67335,8.6215,4.25235],"rotation":{"angle":22.5,"axis":"z","origin":[8,8,8]},"faces":{"north":{"uv":[9.76923,15.23077,10.23077,15.38462],"texture":"#5"},"east":{"uv":[15.30769,7.84615,15.76923,8],"texture":"#5"},"south":{"uv":[15.30769,8.46154,15.76923,8.61538],"texture":"#5"},"west":{"uv":[15.30769,9.07692,15.76923,9.23077],"texture":"#5"},"up":{"uv":[14.23077,5.53846,13.76923,5.07692],"rotation":90,"texture":"#5"},"down":{"uv":[14.23077,6,13.76923,6.46154],"rotation":270,"texture":"#5"}}},{"from":[12.25,3.25,3.50235],"to":[12.75,7.5,3.52235],"rotation":{"angle":0,"axis":"y","origin":[8,8,8]},"faces":{"north":{"uv":[10.69231,13.38462,10.84615,14.69231],"texture":"#5"},"south":{"uv":[6.38462,13.07692,6.53846,14.38462],"texture":"#5"}}},{"from":[9.65165,3.78769,3.37735],"to":[10.15165,4.28769,3.62735],"rotation":{"angle":45,"axis":"z","origin":[8,8,8]},"faces":{"north":{"uv":[8.23077,15.53846,8.38462,15.69231],"texture":"#5"},"south":{"uv":[7.61538,15.53846,7.76923,15.69231],"texture":"#5"},"up":{"uv":[15.69231,15.69231,15.61538,15.53846],"rotation":90,"texture":"#5"},"down":{"uv":[2.46154,15.84615,2.38462,16],"rotation":270,"texture":"#5"}}},{"from":[9.65165,2.78769,3.37735],"to":[10.15165,3.28769,3.62735],"rotation":{"angle":45,"axis":"z","origin":[8,8,8]},"faces":{"north":{"uv":[11.30769,15.53846,11.46154,15.69231],"texture":"#5"},"south":{"uv":[8.84615,15.53846,9,15.69231],"texture":"#5"},"up":{"uv":[16,2.76923,15.92308,2.61538],"rotation":90,"texture":"#5"},"down":{"uv":[3.07692,15.84615,3,16],"rotation":270,"texture":"#5"}}},{"from":[10.15165,2.78769,3.37735],"to":[10.65165,4.28769,3.62735],"rotation":{"angle":45,"axis":"z","origin":[8,8,8]},"faces":{"north":{"uv":[15.30769,9.69231,15.46154,10.15385],"texture":"#5"},"east":{"uv":[1.76923,15.53846,1.84615,16],"texture":"#5"},"south":{"uv":[5.76923,15.23077,5.92308,15.69231],"texture":"#5"},"west":{"uv":[15.61538,1.69231,15.69231,2.15385],"texture":"#5"},"up":{"uv":[16,3.38462,15.92308,3.23077],"rotation":90,"texture":"#5"},"down":{"uv":[16,3.84615,15.92308,4],"rotation":270,"texture":"#5"}}},{"from":[9.15165,2.78769,3.37735],"to":[9.65165,4.28769,3.62735],"rotation":{"angle":45,"axis":"z","origin":[8,8,8]},"faces":{"north":{"uv":[15.30769,10.61538,15.46154,11.07692],"texture":"#5"},"east":{"uv":[3.61538,15.53846,3.69231,16],"texture":"#5"},"south":{"uv":[10.69231,15.23077,10.84615,15.69231],"texture":"#5"},"west":{"uv":[4.23077,15.53846,4.30769,16],"texture":"#5"},"up":{"uv":[4.92308,16,4.84615,15.84615],"rotation":90,"texture":"#5"},"down":{"uv":[9.53846,15.84615,9.46154,16],"rotation":270,"texture":"#5"}}},{"from":[13.24784,9.23744,3.25235],"to":[14.49784,9.73744,3.75235],"rotation":{"angle":-45,"axis":"z","origin":[8,8,8]},"faces":{"north":{"uv":[15.30769,14,15.69231,14.15385],"texture":"#5"},"east":{"uv":[12.84615,15.53846,13,15.69231],"texture":"#5"},"south":{"uv":[13.46154,15.23077,13.84615,15.38462],"texture":"#5"},"west":{"uv":[15,15.53846,15.15385,15.69231],"texture":"#5"},"up":{"uv":[14.53846,15.61538,14.38462,15.23077],"rotation":90,"texture":"#5"},"down":{"uv":[15.46154,14.61538,15.30769,15],"rotation":270,"texture":"#5"}}},{"from":[13.77817,8.70711,3.25235],"to":[15.02817,9.20711,3.75235],"rotation":{"angle":-45,"axis":"z","origin":[8,8,8]},"faces":{"north":{"uv":[15.30769,14,15.69231,14.15385],"texture":"#5"},"east":{"uv":[12.84615,15.53846,13,15.69231],"texture":"#5"},"south":{"uv":[13.46154,15.23077,13.84615,15.38462],"texture":"#5"},"west":{"uv":[15,15.53846,15.15385,15.69231],"texture":"#5"},"up":{"uv":[14.53846,15.61538,14.38462,15.23077],"rotation":90,"texture":"#5"},"down":{"uv":[15.46154,14.61538,15.30769,15],"rotation":270,"texture":"#5"}}},{"from":[14.3085,8.17678,3.25235],"to":[15.5585,8.67678,3.75235],"rotation":{"angle":-45,"axis":"z","origin":[8,8,8]},"faces":{"north":{"uv":[15.30769,14,15.69231,14.15385],"texture":"#5"},"east":{"uv":[12.84615,15.53846,13,15.69231],"texture":"#5"},"south":{"uv":[13.46154,15.23077,13.84615,15.38462],"texture":"#5"},"west":{"uv":[15,15.53846,15.15385,15.69231],"texture":"#5"},"up":{"uv":[14.53846,15.61538,14.38462,15.23077],"rotation":90,"texture":"#5"},"down":{"uv":[15.46154,14.61538,15.30769,15],"rotation":270,"texture":"#5"}}},{"from":[6.80546,1.81282,3.25235],"to":[8.05546,2.31282,3.75235],"rotation":{"angle":45,"axis":"z","origin":[8,8,8]},"faces":{"north":{"uv":[15.69231,14,15.30769,14.15385],"texture":"#5"},"east":{"uv":[15.15385,15.53846,15,15.69231],"texture":"#5"},"south":{"uv":[13.84615,15.23077,13.46154,15.38462],"texture":"#5"},"west":{"uv":[13,15.53846,12.84615,15.69231],"texture":"#5"},"up":{"uv":[14.53846,15.23077,14.38462,15.61538],"rotation":90,"texture":"#5"},"down":{"uv":[15.46154,15,15.30769,14.61538],"rotation":270,"texture":"#5"}}},{"from":[7.33579,2.34315,3.25235],"to":[8.58579,2.84315,3.75235],"rotation":{"angle":45,"axis":"z","origin":[8,8,8]},"faces":{"north":{"uv":[15.69231,14,15.30769,14.15385],"texture":"#5"},"east":{"uv":[15.15385,15.53846,15,15.69231],"texture":"#5"},"south":{"uv":[13.84615,15.23077,13.46154,15.38462],"texture":"#5"},"west":{"uv":[13,15.53846,12.84615,15.69231],"texture":"#5"},"up":{"uv":[14.53846,15.23077,14.38462,15.61538],"rotation":90,"texture":"#5"},"down":{"uv":[15.46154,15,15.30769,14.61538],"rotation":270,"texture":"#5"}}},{"from":[7.86612,2.87348,3.25235],"to":[9.11612,3.37348,3.75235],"rotation":{"angle":45,"axis":"z","origin":[8,8,8]},"faces":{"north":{"uv":[15.69231,14,15.30769,14.15385],"texture":"#5"},"east":{"uv":[15.15385,15.53846,15,15.69231],"texture":"#5"},"south":{"uv":[13.84615,15.23077,13.46154,15.38462],"texture":"#5"},"west":{"uv":[13,15.53846,12.84615,15.69231],"texture":"#5"},"up":{"uv":[14.53846,15.23077,14.38462,15.61538],"rotation":90,"texture":"#5"},"down":{"uv":[15.46154,15,15.30769,14.61538],"rotation":270,"texture":"#5"}}},{"from":[12.125,2,3.12735],"to":[12.875,3.25,3.87735],"rotation":{"angle":0,"axis":"y","origin":[8,8,8]},"faces":{"north":{"uv":[15,2,15.23077,2.38462],"texture":"#5"},"east":{"uv":[12.84615,14.61538,13.07692,15],"texture":"#5"},"south":{"uv":[14.69231,14.30769,14.92308,14.69231],"texture":"#5"},"west":{"uv":[15,1.07692,15.23077,1.46154],"texture":"#5"},"up":{"uv":[1.38462,15.76923,1.15385,15.53846],"rotation":90,"texture":"#5"},"down":{"uv":[15.84615,1.07692,15.61538,1.30769],"rotation":270,"texture":"#5"}}},{"from":[7.94454,1.81282,3.25235],"to":[9.19454,2.31282,3.75235],"rotation":{"angle":-45,"axis":"z","origin":[8,8,8]},"faces":{"north":{"uv":[15.30769,14,15.69231,14.15385],"texture":"#5"},"east":{"uv":[12.84615,15.53846,13,15.69231],"texture":"#5"},"south":{"uv":[13.46154,15.23077,13.84615,15.38462],"texture":"#5"},"west":{"uv":[15,15.53846,15.15385,15.69231],"texture":"#5"},"up":{"uv":[14.53846,15.61538,14.38462,15.23077],"rotation":90,"texture":"#5"},"down":{"uv":[15.46154,14.61538,15.30769,15],"rotation":270,"texture":"#5"}}},{"from":[7.41421,2.34315,3.25235],"to":[8.66421,2.84315,3.75235],"rotation":{"angle":-45,"axis":"z","origin":[8,8,8]},"faces":{"north":{"uv":[15.30769,14,15.69231,14.15385],"texture":"#5"},"east":{"uv":[12.84615,15.53846,13,15.69231],"texture":"#5"},"south":{"uv":[13.46154,15.23077,13.84615,15.38462],"texture":"#5"},"west":{"uv":[15,15.53846,15.15385,15.69231],"texture":"#5"},"up":{"uv":[14.53846,15.61538,14.38462,15.23077],"rotation":90,"texture":"#5"},"down":{"uv":[15.46154,14.61538,15.30769,15],"rotation":270,"texture":"#5"}}},{"from":[6.88388,2.87348,3.25235],"to":[8.13388,3.37348,3.75235],"rotation":{"angle":-45,"axis":"z","origin":[8,8,8]},"faces":{"north":{"uv":[15.30769,14,15.69231,14.15385],"texture":"#5"},"east":{"uv":[12.84615,15.53846,13,15.69231],"texture":"#5"},"south":{"uv":[13.46154,15.23077,13.84615,15.38462],"texture":"#5"},"west":{"uv":[15,15.53846,15.15385,15.69231],"texture":"#5"},"up":{"uv":[14.53846,15.61538,14.38462,15.23077],"rotation":90,"texture":"#5"},"down":{"uv":[15.46154,14.61538,15.30769,15],"rotation":270,"texture":"#5"}}},{"from":[3.25,3.25,3.50235],"to":[3.75,7.5,3.52235],"rotation":{"angle":0,"axis":"y","origin":[8,8,8]},"faces":{"north":{"uv":[10.84615,13.38462,10.69231,14.69231],"texture":"#5"},"south":{"uv":[6.53846,13.07692,6.38462,14.38462],"texture":"#5"}}},{"from":[3.125,2,3.12735],"to":[3.875,3.25,3.87735],"rotation":{"angle":0,"axis":"y","origin":[8,8,8]},"faces":{"north":{"uv":[15.23077,2,15,2.38462],"texture":"#5"},"east":{"uv":[15.23077,1.07692,15,1.46154],"texture":"#5"},"south":{"uv":[14.92308,14.30769,14.69231,14.69231],"texture":"#5"},"west":{"uv":[13.07692,14.61538,12.84615,15],"texture":"#5"},"up":{"uv":[1.38462,15.53846,1.15385,15.76923],"rotation":90,"texture":"#5"},"down":{"uv":[15.84615,1.30769,15.61538,1.07692],"rotation":270,"texture":"#5"}}},{"from":[5.84835,2.78769,3.37735],"to":[6.34835,3.28769,3.62735],"rotation":{"angle":-45,"axis":"z","origin":[8,8,8]},"faces":{"north":{"uv":[11.46154,15.53846,11.30769,15.69231],"texture":"#5"},"south":{"uv":[9,15.53846,8.84615,15.69231],"texture":"#5"},"up":{"uv":[16,2.61538,15.92308,2.76923],"rotation":90,"texture":"#5"},"down":{"uv":[3.07692,16,3,15.84615],"rotation":270,"texture":"#5"}}},{"from":[6.34835,2.78769,3.37735],"to":[6.84835,4.28769,3.62735],"rotation":{"angle":-45,"axis":"z","origin":[8,8,8]},"faces":{"north":{"uv":[15.46154,10.61538,15.30769,11.07692],"texture":"#5"},"east":{"uv":[4.30769,15.53846,4.23077,16],"texture":"#5"},"south":{"uv":[10.84615,15.23077,10.69231,15.69231],"texture":"#5"},"west":{"uv":[3.69231,15.53846,3.61538,16],"texture":"#5"},"up":{"uv":[4.92308,15.84615,4.84615,16],"rotation":90,"texture":"#5"},"down":{"uv":[9.53846,16,9.46154,15.84615],"rotation":270,"texture":"#5"}}},{"from":[5.84835,3.78769,3.37735],"to":[6.34835,4.28769,3.62735],"rotation":{"angle":-45,"axis":"z","origin":[8,8,8]},"faces":{"north":{"uv":[8.38462,15.53846,8.23077,15.69231],"texture":"#5"},"south":{"uv":[7.76923,15.53846,7.61538,15.69231],"texture":"#5"},"up":{"uv":[15.69231,15.53846,15.61538,15.69231],"rotation":90,"texture":"#5"},"down":{"uv":[2.46154,16,2.38462,15.84615],"rotation":270,"texture":"#5"}}},{"from":[5.34835,2.78769,3.37735],"to":[5.84835,4.28769,3.62735],"rotation":{"angle":-45,"axis":"z","origin":[8,8,8]},"faces":{"north":{"uv":[15.46154,9.69231,15.30769,10.15385],"texture":"#5"},"east":{"uv":[15.69231,1.69231,15.61538,2.15385],"texture":"#5"},"south":{"uv":[5.92308,15.23077,5.76923,15.69231],"texture":"#5"},"west":{"uv":[1.84615,15.53846,1.76923,16],"texture":"#5"},"up":{"uv":[16,3.23077,15.92308,3.38462],"rotation":90,"texture":"#5"},"down":{"uv":[16,4,15.92308,3.84615],"rotation":270,"texture":"#5"}}},{"from":[1.50216,9.23744,3.25235],"to":[2.75216,9.73744,3.75235],"rotation":{"angle":45,"axis":"z","origin":[8,8,8]},"faces":{"north":{"uv":[15.69231,14,15.30769,14.15385],"texture":"#5"},"east":{"uv":[15.15385,15.53846,15,15.69231],"texture":"#5"},"south":{"uv":[13.84615,15.23077,13.46154,15.38462],"texture":"#5"},"west":{"uv":[13,15.53846,12.84615,15.69231],"texture":"#5"},"up":{"uv":[14.53846,15.23077,14.38462,15.61538],"rotation":90,"texture":"#5"},"down":{"uv":[15.46154,15,15.30769,14.61538],"rotation":270,"texture":"#5"}}},{"from":[0.97183,8.70711,3.25235],"to":[2.22183,9.20711,3.75235],"rotation":{"angle":45,"axis":"z","origin":[8,8,8]},"faces":{"north":{"uv":[15.69231,14,15.30769,14.15385],"texture":"#5"},"east":{"uv":[15.15385,15.53846,15,15.69231],"texture":"#5"},"south":{"uv":[13.84615,15.23077,13.46154,15.38462],"texture":"#5"},"west":{"uv":[13,15.53846,12.84615,15.69231],"texture":"#5"},"up":{"uv":[14.53846,15.23077,14.38462,15.61538],"rotation":90,"texture":"#5"},"down":{"uv":[15.46154,15,15.30769,14.61538],"rotation":270,"texture":"#5"}}},{"from":[0.4415,8.17678,3.25235],"to":[1.6915,8.67678,3.75235],"rotation":{"angle":45,"axis":"z","origin":[8,8,8]},"faces":{"north":{"uv":[15.69231,14,15.30769,14.15385],"texture":"#5"},"east":{"uv":[15.15385,15.53846,15,15.69231],"texture":"#5"},"south":{"uv":[13.84615,15.23077,13.46154,15.38462],"texture":"#5"},"west":{"uv":[13,15.53846,12.84615,15.69231],"texture":"#5"},"up":{"uv":[14.53846,15.23077,14.38462,15.61538],"rotation":90,"texture":"#5"},"down":{"uv":[15.46154,15,15.30769,14.61538],"rotation":270,"texture":"#5"}}},{"from":[10.75,8,3.00235],"to":[13.75,9,4.00235],"rotation":{"angle":0,"axis":"y","origin":[8,8,8]},"faces":{"north":{"uv":[12.84615,9.07692,13.76923,9.38462],"texture":"#5"},"east":{"uv":[5.76923,14.61538,6.07692,14.92308],"texture":"#5"},"south":{"uv":[12.84615,8.46154,13.76923,8.76923],"texture":"#5"},"west":{"uv":[14.69231,8.15385,15,8.46154],"texture":"#5"},"up":{"uv":[4.53846,14,4.23077,13.07692],"rotation":90,"texture":"#5"},"down":{"uv":[5.15385,13.07692,4.84615,14],"rotation":270,"texture":"#5"}}},{"from":[12.76999,6.72345,3.00585],"to":[13.69499,7.72345,3.99885],"rotation":{"angle":22.5,"axis":"z","origin":[8,8,8]},"faces":{"north":{"uv":[12.23077,14.61538,12.53846,14.92308],"texture":"#5"},"east":{"uv":[14.69231,10.30769,15,10.61538],"texture":"#5"},"south":{"uv":[14.69231,10.92308,15,11.23077],"texture":"#5"},"west":{"uv":[14.69231,11.53846,15,11.84615],"texture":"#5"}}},{"from":[12.25,9.5,2.75235],"to":[14.75,10.5,4.25235],"rotation":{"angle":0,"axis":"y","origin":[8,8,8]},"faces":{"north":{"uv":[12.23077,13.38462,13,13.69231],"texture":"#5"},"east":{"uv":[14.38462,12.15385,14.84615,12.46154],"texture":"#5"},"south":{"uv":[13.46154,11.53846,14.23077,11.84615],"texture":"#5"},"west":{"uv":[14.38462,12.76923,14.84615,13.07692],"texture":"#5"},"up":{"uv":[12.69231,12.92308,12.23077,12.15385],"rotation":90,"texture":"#5"},"down":{"uv":[11.76923,12.46154,11.30769,13.23077],"rotation":270,"texture":"#5"}}},{"from":[12.25,10.5,2.75235],"to":[14,11,4.25235],"rotation":{"angle":0,"axis":"y","origin":[8,8,8]},"faces":{"north":{"uv":[15,3.53846,15.53846,3.69231],"texture":"#5"},"east":{"uv":[15.30769,11.53846,15.76923,11.69231],"texture":"#5"},"south":{"uv":[15,2.92308,15.53846,3.07692],"texture":"#5"},"west":{"uv":[15.30769,12.15385,15.76923,12.30769],"texture":"#5"},"up":{"uv":[5.92308,13.61538,5.46154,13.07692],"rotation":90,"texture":"#5"}}},{"from":[13.5434,12.18933,3.12735],"to":[14.5434,12.19933,3.87735],"rotation":{"angle":-22.5,"axis":"z","origin":[8,8,8]},"faces":{"up":{"uv":[12.46154,15.53846,12.23077,15.23077],"rotation":90,"texture":"#5"},"down":{"uv":[15.53846,12.76923,15.30769,13.07692],"rotation":270,"texture":"#5"}}},{"from":[5.37693,8.92231,3.12735],"to":[7.62693,11.67231,3.87735],"rotation":{"angle":22.5,"axis":"z","origin":[8,8,8]},"faces":{"north":{"uv":[1.84615,12.15385,1.15385,13],"texture":"#5"},"south":{"uv":[12.30769,4.76923,11.61538,5.61538],"texture":"#5"},"west":{"uv":[14,6.92308,13.76923,7.76923],"texture":"#5"},"up":{"uv":[10,14,9.76923,14.69231],"rotation":90,"texture":"#5"},"down":{"uv":[2.30769,15,2.07692,14.30769],"rotation":270,"texture":"#5"}}},{"from":[4.32665,8.1215,2.75235],"to":[5.82665,8.6215,4.25235],"rotation":{"angle":-22.5,"axis":"z","origin":[8,8,8]},"faces":{"north":{"uv":[10.23077,15.23077,9.76923,15.38462],"texture":"#5"},"east":{"uv":[15.76923,9.07692,15.30769,9.23077],"texture":"#5"},"south":{"uv":[15.76923,8.46154,15.30769,8.61538],"texture":"#5"},"west":{"uv":[15.76923,7.84615,15.30769,8],"texture":"#5"},"up":{"uv":[14.23077,5.07692,13.76923,5.53846],"rotation":90,"texture":"#5"},"down":{"uv":[14.23077,6.46154,13.76923,6],"rotation":270,"texture":"#5"}}},{"from":[4.32665,7.6215,2.75235],"to":[4.82665,8.1215,4.25235],"rotation":{"angle":-22.5,"axis":"z","origin":[8,8,8]},"faces":{"north":{"uv":[7.15385,15.53846,7,15.69231],"texture":"#5"},"east":{"uv":[15.76923,7.23077,15.30769,7.38462],"texture":"#5"},"south":{"uv":[6.53846,15.53846,6.38462,15.69231],"texture":"#5"},"west":{"uv":[15.76923,6.61538,15.30769,6.76923],"texture":"#5"}}},{"from":[4.32665,7.1215,2.75235],"to":[5.82665,7.6215,4.25235],"rotation":{"angle":-22.5,"axis":"z","origin":[8,8,8]},"faces":{"north":{"uv":[3.15385,15.23077,2.69231,15.38462],"texture":"#5"},"east":{"uv":[15.46154,13.38462,15,13.53846],"texture":"#5"},"south":{"uv":[11.76923,14.92308,11.30769,15.07692],"texture":"#5"},"west":{"uv":[9.30769,14.92308,8.84615,15.07692],"texture":"#5"},"up":{"uv":[13.92308,13.38462,13.46154,13.84615],"rotation":90,"texture":"#5"},"down":{"uv":[3.46154,14.15385,3,13.69231],"rotation":270,"texture":"#5"}}},{"from":[5.32665,7.6215,2.75235],"to":[5.82665,8.1215,4.25235],"rotation":{"angle":-22.5,"axis":"z","origin":[8,8,8]},"faces":{"north":{"uv":[15.76923,6,15.61538,6.15385],"texture":"#5"},"east":{"uv":[15.76923,4.76923,15.30769,4.92308],"texture":"#5"},"south":{"uv":[15.76923,5.38462,15.61538,5.53846],"texture":"#5"},"west":{"uv":[5.30769,15.23077,4.84615,15.38462],"texture":"#5"}}},{"from":[2.25,8,3.00235],"to":[5.25,9,4.00235],"rotation":{"angle":0,"axis":"y","origin":[8,8,8]},"faces":{"north":{"uv":[13.76923,9.07692,12.84615,9.38462],"texture":"#5"},"east":{"uv":[15,8.15385,14.69231,8.46154],"texture":"#5"},"south":{"uv":[13.76923,8.46154,12.84615,8.76923],"texture":"#5"},"west":{"uv":[6.07692,14.61538,5.76923,14.92308],"texture":"#5"},"up":{"uv":[4.53846,13.07692,4.23077,14],"rotation":90,"texture":"#5"},"down":{"uv":[5.15385,14,4.84615,13.07692],"rotation":270,"texture":"#5"}}},{"from":[2.30501,6.72345,3.00585],"to":[3.23001,7.72345,3.99885],"rotation":{"angle":-22.5,"axis":"z","origin":[8,8,8]},"faces":{"north":{"uv":[12.53846,14.61538,12.23077,14.92308],"texture":"#5"},"east":{"uv":[15,11.53846,14.69231,11.84615],"texture":"#5"},"south":{"uv":[15,10.92308,14.69231,11.23077],"texture":"#5"},"west":{"uv":[15,10.30769,14.69231,10.61538],"texture":"#5"}}},{"from":[1.25,9.5,2.75235],"to":[3.75,10.5,4.25235],"rotation":{"angle":0,"axis":"y","origin":[8,8,8]},"faces":{"north":{"uv":[13,13.38462,12.23077,13.69231],"texture":"#5"},"east":{"uv":[14.84615,12.76923,14.38462,13.07692],"texture":"#5"},"south":{"uv":[14.23077,11.53846,13.46154,11.84615],"texture":"#5"},"west":{"uv":[14.84615,12.15385,14.38462,12.46154],"texture":"#5"},"up":{"uv":[12.69231,12.15385,12.23077,12.92308],"rotation":90,"texture":"#5"},"down":{"uv":[11.76923,13.23077,11.30769,12.46154],"rotation":270,"texture":"#5"}}},{"from":[2,10.5,2.75235],"to":[3.75,11,4.25235],"rotation":{"angle":0,"axis":"y","origin":[8,8,8]},"faces":{"north":{"uv":[15.53846,3.53846,15,3.69231],"texture":"#5"},"east":{"uv":[15.76923,12.15385,15.30769,12.30769],"texture":"#5"},"south":{"uv":[15.53846,2.92308,15,3.07692],"texture":"#5"},"west":{"uv":[15.76923,11.53846,15.30769,11.69231],"texture":"#5"},"up":{"uv":[5.92308,13.07692,5.46154,13.61538],"rotation":90,"texture":"#5"}}},{"from":[1.4566,12.18933,3.12735],"to":[2.4566,12.19933,3.87735],"rotation":{"angle":22.5,"axis":"z","origin":[8,8,8]},"faces":{"up":{"uv":[12.46154,15.23077,12.23077,15.53846],"rotation":90,"texture":"#5"},"down":{"uv":[15.53846,13.07692,15.30769,12.76923],"rotation":270,"texture":"#5"}}},{"from":[4,3.25,10.24765],"to":[12,11.25,10.24765],"rotation":{"angle":0,"axis":"y","origin":[8,7,4]},"faces":{"south":{"uv":[16,0,0,16],"texture":"#4"}}},{"from":[6.24951,2.25,5.70356],"to":[13.24951,19.25,5.73356],"rotation":{"angle":-45,"axis":"y","origin":[8,8,8]},"faces":{"north":{"uv":[6.07692,1.23077,8.23077,6.46154],"texture":"#5"},"south":{"uv":[8.23077,1.23077,6.07692,6.46154],"texture":"#5"}}},{"from":[13.71724,2.25,7.88499],"to":[20.71724,19.25,7.91499],"rotation":{"angle":-22.5,"axis":"y","origin":[8,8,8]},"faces":{"north":{"uv":[3.92308,1.23077,6.07692,6.46154],"texture":"#5"},"south":{"uv":[6.07692,1.23077,3.92308,6.46154],"texture":"#5"}}},{"from":[19.78173,2.25,12.75813],"to":[25.78173,19.25,12.78813],"rotation":{"angle":0,"axis":"y","origin":[8,8,8]},"faces":{"north":{"uv":[2.07692,1.23077,3.92308,6.46154],"texture":"#5"},"south":{"uv":[3.92308,1.23077,2.07692,6.46154],"texture":"#5"}}},{"from":[9.42174,7.25,5.50395],"to":[9.45174,24.25,10.50395],"rotation":{"angle":22.5,"axis":"y","origin":[8,8,8]},"faces":{"east":{"uv":[3.92308,6.69231,5.46154,11.92308],"texture":"#5"},"west":{"uv":[5.46154,6.69231,3.92308,11.92308],"texture":"#5"}}},{"from":[10.85742,7.25,7.6147],"to":[15.85742,24.25,7.6447],"rotation":{"angle":-45,"axis":"y","origin":[8,8,8]},"faces":{"north":{"uv":[2.38462,6.69231,3.92308,11.92308],"texture":"#5"},"south":{"uv":[3.92308,6.69231,2.38462,11.92308],"texture":"#5"}}},{"from":[15.39528,7.25,10.64865],"to":[20.39528,24.25,10.67865],"rotation":{"angle":-22.5,"axis":"y","origin":[8,8,8]},"faces":{"north":{"uv":[0.84615,6.69231,2.38462,11.92308],"texture":"#5"},"south":{"uv":[2.38462,6.69231,0.84615,11.92308],"texture":"#5"}}},{"from":[-4.39528,7.25,10.64865],"to":[0.60472,24.25,10.67865],"rotation":{"angle":22.5,"axis":"y","origin":[8,8,8]},"faces":{"north":{"uv":[2.38462,6.69231,0.84615,11.92308],"texture":"#5"},"south":{"uv":[0.84615,6.69231,2.38462,11.92308],"texture":"#5"}}},{"from":[0.14258,7.25,7.6147],"to":[5.14258,24.25,7.6447],"rotation":{"angle":45,"axis":"y","origin":[8,8,8]},"faces":{"north":{"uv":[3.92308,6.69231,2.38462,11.92308],"texture":"#5"},"south":{"uv":[2.38462,6.69231,3.92308,11.92308],"texture":"#5"}}},{"from":[6.54826,7.25,5.50395],"to":[6.57826,24.25,10.50395],"rotation":{"angle":-22.5,"axis":"y","origin":[8,8,8]},"faces":{"east":{"uv":[3.92308,6.69231,5.46154,11.92308],"texture":"#5"},"west":{"uv":[5.46154,6.69231,3.92308,11.92308],"texture":"#5"}}},{"from":[17.58546,-8.25,10.94411],"to":[22.58546,8.75,10.97411],"rotation":{"angle":22.5,"axis":"y","origin":[8,8,8]},"faces":{"north":{"uv":[5.61538,6.69231,7.15385,11.92308],"texture":"#5"},"south":{"uv":[7.15385,6.69231,5.61538,11.92308],"texture":"#5"}}},{"from":[12.99396,-8.25,7.04952],"to":[17.99396,8.75,7.07952],"rotation":{"angle":0,"axis":"y","origin":[8,8,8]},"faces":{"north":{"uv":[7.15385,6.69231,8.69231,11.92308],"texture":"#5"},"south":{"uv":[8.69231,6.69231,7.15385,11.92308],"texture":"#5"}}},{"from":[7.26156,-8.25,5.20848],"to":[12.26156,8.75,5.23848],"rotation":{"angle":-22.5,"axis":"y","origin":[8,8,8]},"faces":{"north":{"uv":[8.69231,6.69231,10.23077,11.92308],"texture":"#5"},"south":{"uv":[10.23077,6.69231,8.69231,11.92308],"texture":"#5"}}},{"from":[3.73844,-8.25,5.20848],"to":[8.73844,8.75,5.23848],"rotation":{"angle":22.5,"axis":"y","origin":[8,8,8]},"faces":{"north":{"uv":[10.23077,6.69231,8.69231,11.92308],"texture":"#5"},"south":{"uv":[8.69231,6.69231,10.23077,11.92308],"texture":"#5"}}},{"from":[-1.99396,-8.25,7.04952],"to":[3.00604,8.75,7.07952],"rotation":{"angle":0,"axis":"y","origin":[8,8,8]},"faces":{"north":{"uv":[8.69231,6.69231,7.15385,11.92308],"texture":"#5"},"south":{"uv":[7.15385,6.69231,8.69231,11.92308],"texture":"#5"}}},{"from":[-6.58546,-8.25,10.94411],"to":[-1.58546,8.75,10.97411],"rotation":{"angle":-22.5,"axis":"y","origin":[8,8,8]},"faces":{"north":{"uv":[7.15385,6.69231,5.61538,11.92308],"texture":"#5"},"south":{"uv":[5.61538,6.69231,7.15385,11.92308],"texture":"#5"}}},{"from":[22.59584,2.25,19.19843],"to":[26.59584,19.25,19.22843],"rotation":{"angle":22.5,"axis":"y","origin":[8,8,8]},"faces":{"north":{"uv":[0.84615,1.23077,2.07692,6.46154],"texture":"#5"},"south":{"uv":[2.07692,1.23077,0.84615,6.46154],"texture":"#5"}}},{"from":[8.23366,4.75,13.56989],"to":[15.23366,21.75,13.59989],"rotation":{"angle":-45,"axis":"y","origin":[19.45124,13.25,9.77693]},"faces":{"north":{"uv":[7.55556,0,10.66667,7.55556],"texture":"#3"},"south":{"uv":[10.66667,0,7.55556,7.55556],"texture":"#3"}}},{"from":[14.09172,4.75,11.66489],"to":[21.09172,21.75,11.69489],"rotation":{"angle":-22.5,"axis":"y","origin":[19.45124,13.25,9.77693]},"faces":{"north":{"uv":[4.44444,0,7.55556,7.55556],"texture":"#3"},"south":{"uv":[7.55556,0,4.44444,7.55556],"texture":"#3"}}},{"from":[20.23287,4.75,12.14668],"to":[26.23287,21.75,12.17668],"rotation":{"angle":0,"axis":"y","origin":[19.45124,13.25,9.77693]},"faces":{"north":{"uv":[1.77778,0,4.44444,7.55556],"texture":"#3"},"south":{"uv":[4.44444,0,1.77778,7.55556],"texture":"#3"}}},{"from":[24.86902,4.75,14.48851],"to":[28.86902,21.75,14.51851],"rotation":{"angle":22.5,"axis":"y","origin":[19.45124,13.25,9.77693]},"faces":{"north":{"uv":[0,0,1.77778,7.55556],"texture":"#3"},"south":{"uv":[1.77778,0,0,7.55556],"texture":"#3"}}},{"from":[-12.86902,4.75,14.48851],"to":[-8.86902,21.75,14.51851],"rotation":{"angle":-22.5,"axis":"y","origin":[-3.45124,13.25,9.77693]},"faces":{"north":{"uv":[1.77778,0,0,7.55556],"texture":"#3"},"south":{"uv":[0,0,1.77778,7.55556],"texture":"#3"}}},{"from":[-10.23287,4.75,12.14668],"to":[-4.23287,21.75,12.17668],"rotation":{"angle":0,"axis":"y","origin":[-3.45124,13.25,9.77693]},"faces":{"north":{"uv":[4.44444,0,1.77778,7.55556],"texture":"#3"},"south":{"uv":[1.77778,0,4.44444,7.55556],"texture":"#3"}}},{"from":[-5.09172,4.75,11.66489],"to":[1.90828,21.75,11.69489],"rotation":{"angle":22.5,"axis":"y","origin":[-3.45124,13.25,9.77693]},"faces":{"north":{"uv":[7.55556,0,4.44444,7.55556],"texture":"#3"},"south":{"uv":[4.44444,0,7.55556,7.55556],"texture":"#3"}}},{"from":[0.76634,4.75,13.56989],"to":[7.76634,21.75,13.59989],"rotation":{"angle":45,"axis":"y","origin":[-3.45124,13.25,9.77693]},"faces":{"north":{"uv":[10.66667,0,7.55556,7.55556],"texture":"#3"},"south":{"uv":[7.55556,0,10.66667,7.55556],"texture":"#3"}}},{"from":[2.75049,2.25,5.70356],"to":[9.75049,19.25,5.73356],"rotation":{"angle":45,"axis":"y","origin":[8,8,8]},"faces":{"north":{"uv":[8.23077,1.23077,6.07692,6.46154],"texture":"#5"},"south":{"uv":[6.07692,1.23077,8.23077,6.46154],"texture":"#5"}}},{"from":[-4.71724,2.25,7.88499],"to":[2.28276,19.25,7.91499],"rotation":{"angle":22.5,"axis":"y","origin":[8,8,8]},"faces":{"north":{"uv":[6.07692,1.23077,3.92308,6.46154],"texture":"#5"},"south":{"uv":[3.92308,1.23077,6.07692,6.46154],"texture":"#5"}}},{"from":[-9.78173,2.25,12.75813],"to":[-3.78173,19.25,12.78813],"rotation":{"angle":0,"axis":"y","origin":[8,8,8]},"faces":{"north":{"uv":[3.92308,1.23077,2.07692,6.46154],"texture":"#5"},"south":{"uv":[2.07692,1.23077,3.92308,6.46154],"texture":"#5"}}},{"from":[-10.59584,2.25,19.19843],"to":[-6.59584,19.25,19.22843],"rotation":{"angle":-22.5,"axis":"y","origin":[8,8,8]},"faces":{"north":{"uv":[2.07692,1.23077,0.84615,6.46154],"texture":"#5"},"south":{"uv":[0.84615,1.23077,2.07692,6.46154],"texture":"#5"}}},{"from":[7,7,4.50235],"to":[9,9,5.50235],"rotation":{"angle":-45,"axis":"z","origin":[8,8,8]},"faces":{"north":{"uv":[9.15385,12.15385,9.76923,12.76923],"texture":"#5"},"east":{"uv":[7,14,7.30769,14.61538],"texture":"#5"},"south":{"uv":[8.23077,12.15385,8.84615,12.76923],"texture":"#5"},"west":{"uv":[7.61538,14,7.92308,14.61538],"texture":"#5"},"up":{"uv":[14.38462,8.76923,14.07692,8.15385],"rotation":90,"texture":"#5"},"down":{"uv":[9.46154,14,9.15385,14.61538],"rotation":270,"texture":"#5"}}}],"gui_light":"front","display":{"thirdperson_righthand":{"rotation":[-115.75,0,-180],"translation":[0,2.5,0.25],"scale":[0.5,0.5,0.5]},"thirdperson_lefthand":{"rotation":[66.75,0,0],"translation":[-5.5,-11,10.5]},"firstperson_righthand":{"rotation":[169,0,180],"translation":[1.25,2.25,1.25],"scale":[0.5,0.5,0.5]},"firstperson_lefthand":{"rotation":[8,0,0],"translation":[2.5,0.75,0],"scale":[0,0,0]},"ground":{"rotation":[-45,0,0],"translation":[0,5,0],"scale":[0.7,0.7,0.7]},"gui":{"rotation":[0,180,0],"translation":[0.25,0.25,0],"scale":[0.55,0.55,0.55]},"head":{"translation":[0,-61,13.5],"scale":[1.6,1.6,1.6]},"fixed":{"rotation":[0,180,0],"translation":[0,0,-11.5],"scale":[2,2,2]}},"groups":[{"name":"wings","origin":[4.12735,9,4.5],"color":0,"children":[0,1,2,3,4,5,6,7,8,9,10,11,12,13,14,15,16,17,18,19,20,21,22,23,24,25,26,27,28,29,30,31,32,33,34,35,36,37,38,39,40,41,42,43,44,45,46,47,48,49,50,51,52,53,54,55,56,57,58,59,60,61,62,63,64,65,66,67,68,69,70,71,72,73,74,75,76,77,78,79,80,81,82,83,84,85,86,87]}],"mcmodels":"2238fb43fad87426eb3c95ab6631a4ea"}