{"credit":"Pologony Creation Co.,Ltd.","texture_size":[36,36],"textures":{"3":"plny_lunar_new_year_2025:animated/animated_8","4":"plny_lunar_new_year_2025:animated/animated_2","5":"plny_lunar_new_year_2025:wings","particle":"plny_lunar_new_year_2025:animated/animated_8"},"elements":[{"from":[7.25,-7.375,5.12618],"to":[8.75,-6.75,6.37618],"rotation":{"angle":0,"axis":"y","origin":[8,-6.5,8]},"faces":{"north":{"uv":[12.23077,11.23077,13.15385,11.61538],"texture":"#5"},"south":{"uv":[12.23077,10.30769,13.15385,10.69231],"texture":"#5"},"up":{"uv":[12.38462,3.23077,11.61538,2.30769],"rotation":90,"texture":"#5"},"down":{"uv":[12.38462,3.53846,11.61538,4.46154],"rotation":270,"texture":"#5"}}},{"from":[8.78858,-7.11895,5.12493],"to":[9.28858,-6.44395,6.37743],"rotation":{"angle":-22.5,"axis":"z","origin":[8,-6.5,8]},"faces":{"north":{"uv":[14.38462,13.38462,14.69231,13.76923],"texture":"#5"},"east":{"uv":[12.84615,2.30769,13.61538,2.69231],"texture":"#5"},"south":{"uv":[13.46154,14.30769,13.76923,14.69231],"texture":"#5"},"west":{"uv":[3,12.76923,3.76923,13.15385],"texture":"#5"},"up":{"uv":[13.61538,10,12.84615,9.69231],"rotation":90,"texture":"#5"},"down":{"uv":[9,13.07692,8.23077,13.38462],"rotation":270,"texture":"#5"}}},{"from":[6.71142,-7.11895,5.12493],"to":[7.21142,-6.44395,6.37743],"rotation":{"angle":22.5,"axis":"z","origin":[8,-6.5,8]},"faces":{"north":{"uv":[1.15385,14.61538,1.46154,15],"texture":"#5"},"east":{"uv":[12.84615,3.23077,13.61538,3.61538],"texture":"#5"},"south":{"uv":[14.07692,14.30769,14.38462,14.69231],"texture":"#5"},"west":{"uv":[12.84615,4.15385,13.61538,4.53846],"texture":"#5"},"up":{"uv":[13.92308,12.46154,13.15385,12.15385],"rotation":90,"texture":"#5"},"down":{"uv":[13.92308,12.76923,13.15385,13.07692],"rotation":270,"texture":"#5"}}},{"from":[5.5,-6.75,5.25118],"to":[10.5,-6.25,6.25118],"rotation":{"angle":0,"axis":"y","origin":[8,-6.5,8]},"faces":{"north":{"uv":[11.61538,1.69231,14.69231,2],"texture":"#5"},"east":{"uv":[8.23077,13.69231,8.84615,14],"texture":"#5"},"south":{"uv":[11.61538,1.07692,14.69231,1.38462],"texture":"#5"},"west":{"uv":[11.30769,13.69231,11.92308,14],"texture":"#5"},"up":{"uv":[11,9.69231,10.38462,6.61538],"rotation":90,"texture":"#5"},"down":{"uv":[11,10,10.38462,13.07692],"rotation":270,"texture":"#5"}}},{"from":[6.5,-7.25,5.25118],"to":[9.5,-6.75,6.25118],"rotation":{"angle":0,"axis":"y","origin":[8,-6.5,8]},"faces":{"north":{"uv":[2.38462,12.15385,4.23077,12.46154],"texture":"#5"},"east":{"uv":[1.15385,14,1.76923,14.30769],"texture":"#5"},"south":{"uv":[11.61538,6,13.46154,6.30769],"texture":"#5"},"west":{"uv":[14.07692,2.30769,14.69231,2.61538],"texture":"#5"},"down":{"uv":[11.92308,10.30769,11.30769,12.15385],"rotation":270,"texture":"#5"}}},{"from":[9.17283,-6.61888,5.25293],"to":[9.67283,-6.11888,6.24943],"rotation":{"angle":-22.5,"axis":"z","origin":[8,-6.5,8]},"faces":{"north":{"uv":[3.30769,14.61538,3.61538,14.92308],"texture":"#5"},"east":{"uv":[14.07692,2.92308,14.69231,3.23077],"texture":"#5"},"south":{"uv":[2.69231,14.61538,3,14.92308],"texture":"#5"}}},{"from":[9.11397,-7.50177,5.25543],"to":[9.86397,-7.00177,6.24693],"rotation":{"angle":22.5,"axis":"z","origin":[8,-6.5,8]},"faces":{"north":{"uv":[14.38462,7.53846,14.84615,7.84615],"texture":"#5"},"south":{"uv":[14.38462,6.92308,14.84615,7.23077],"texture":"#5"},"down":{"uv":[13.46154,5.07692,12.84615,5.53846],"rotation":270,"texture":"#5"}}},{"from":[6.13603,-7.50177,5.25543],"to":[6.88603,-7.00177,6.24693],"rotation":{"angle":-22.5,"axis":"z","origin":[8,-6.5,8]},"faces":{"north":{"uv":[11.30769,14.30769,11.76923,14.61538],"texture":"#5"},"south":{"uv":[8.23077,14.30769,8.69231,14.61538],"texture":"#5"},"down":{"uv":[13.46154,6.61538,12.84615,7.07692],"rotation":270,"texture":"#5"}}},{"from":[6.32717,-6.61888,5.25293],"to":[6.82717,-6.11888,6.24943],"rotation":{"angle":22.5,"axis":"z","origin":[8,-6.5,8]},"faces":{"north":{"uv":[5.15385,14.61538,5.46154,14.92308],"texture":"#5"},"south":{"uv":[14.69231,4.76923,15,5.07692],"texture":"#5"},"west":{"uv":[14.07692,3.53846,14.69231,3.84615],"texture":"#5"}}},{"from":[7.125,-6.25,5.50118],"to":[8.875,-4.125,6.00118],"rotation":{"angle":0,"axis":"y","origin":[8,-6.5,8]},"faces":{"north":{"uv":[11.30769,8.46154,12.38462,9.76923],"texture":"#5"},"east":{"uv":[7,12.15385,7.30769,13.46154],"texture":"#5"},"south":{"uv":[11.30769,6.61538,12.38462,7.92308],"texture":"#5"},"west":{"uv":[7.61538,12.15385,7.92308,13.46154],"texture":"#5"},"up":{"uv":[2.69231,13.84615,2.38462,12.76923],"rotation":90,"texture":"#5"}}},{"from":[8.18653,-6.03884,5.56368],"to":[9.31153,-4.66384,5.93868],"rotation":{"angle":-22.5,"axis":"z","origin":[8,-6.5,8]},"faces":{"north":{"uv":[1.15385,12.15385,1.84615,13],"texture":"#5"},"east":{"uv":[13.76923,6.92308,14,7.76923],"texture":"#5"},"south":{"uv":[11.61538,4.76923,12.30769,5.61538],"texture":"#5"},"up":{"uv":[10,14.69231,9.76923,14],"rotation":90,"texture":"#5"},"down":{"uv":[2.30769,14.30769,2.07692,15],"rotation":270,"texture":"#5"}}},{"from":[7.5,-6.375,5.12793],"to":[8.5,-5.875,6.37443],"rotation":{"angle":0,"axis":"y","origin":[8,-6.5,8]},"faces":{"north":{"uv":[5.46154,14,6.07692,14.30769],"texture":"#5"},"south":{"uv":[14.07692,4.15385,14.69231,4.46154],"texture":"#5"},"up":{"uv":[5.30769,12.76923,4.53846,12.15385],"rotation":90,"texture":"#5"},"down":{"uv":[6.53846,12.15385,5.76923,12.76923],"rotation":270,"texture":"#5"}}},{"from":[7.625,-5.875,5.25118],"to":[8.375,-5.625,6.25118],"rotation":{"angle":0,"axis":"y","origin":[8,-6.5,8]},"faces":{"north":{"uv":[15,4.15385,15.46154,4.30769],"texture":"#5"},"east":{"uv":[14.69231,5.38462,15.30769,5.53846],"texture":"#5"},"south":{"uv":[3.92308,14.92308,4.38462,15.07692],"texture":"#5"},"west":{"uv":[14.69231,6,15.30769,6.15385],"texture":"#5"},"up":{"uv":[13.46154,8,12.84615,7.53846],"rotation":90,"texture":"#5"}}},{"from":[8.50978,-6.57585,5.12618],"to":[8.88478,-6.03835,6.37618],"rotation":{"angle":22.5,"axis":"z","origin":[8,-6.5,8]},"faces":{"north":{"uv":[7,14.92308,7.23077,15.23077],"texture":"#5"},"east":{"uv":[1.15385,13.38462,1.92308,13.69231],"texture":"#5"},"south":{"uv":[6.38462,14.92308,6.61538,15.23077],"texture":"#5"},"west":{"uv":[9.46154,13.38462,10.23077,13.69231],"texture":"#5"},"up":{"uv":[14.84615,9.30769,14.07692,9.07692],"rotation":90,"texture":"#5"},"down":{"uv":[14.84615,9.69231,14.07692,9.92308],"rotation":270,"texture":"#5"}}},{"from":[7.11523,-6.57585,5.12618],"to":[7.49023,-6.03835,6.37618],"rotation":{"angle":-22.5,"axis":"z","origin":[8,-6.5,8]},"faces":{"north":{"uv":[8.23077,14.92308,8.46154,15.23077],"texture":"#5"},"east":{"uv":[13.46154,10.30769,14.23077,10.61538],"texture":"#5"},"south":{"uv":[7.61538,14.92308,7.84615,15.23077],"texture":"#5"},"west":{"uv":[13.46154,10.92308,14.23077,11.23077],"texture":"#5"},"up":{"uv":[13,14.23077,12.23077,14],"rotation":90,"texture":"#5"},"down":{"uv":[4.69231,14.30769,3.92308,14.53846],"rotation":270,"texture":"#5"}}},{"from":[9.08668,-6.93925,5.37618],"to":[9.83668,-6.68925,6.12618],"rotation":{"angle":22.5,"axis":"z","origin":[8,-6.5,8]},"faces":{"north":{"uv":[2.69231,15.23077,3.15385,15.38462],"texture":"#5"},"east":{"uv":[8.84615,14.92308,9.30769,15.07692],"texture":"#5"},"south":{"uv":[11.30769,14.92308,11.76923,15.07692],"texture":"#5"},"west":{"uv":[15,13.38462,15.46154,13.53846],"texture":"#5"},"up":{"uv":[13.92308,13.84615,13.46154,13.38462],"rotation":90,"texture":"#5"},"down":{"uv":[3.46154,13.69231,3,14.15385],"rotation":270,"texture":"#5"}}},{"from":[9.08668,-6.68925,5.37618],"to":[9.33668,-6.43925,6.12618],"rotation":{"angle":22.5,"axis":"z","origin":[8,-6.5,8]},"faces":{"north":{"uv":[15.61538,6,15.76923,6.15385],"texture":"#5"},"east":{"uv":[4.84615,15.23077,5.30769,15.38462],"texture":"#5"},"south":{"uv":[15.61538,5.38462,15.76923,5.53846],"texture":"#5"},"west":{"uv":[15.30769,4.76923,15.76923,4.92308],"texture":"#5"}}},{"from":[9.58668,-6.68925,5.37618],"to":[9.83668,-6.43925,6.12618],"rotation":{"angle":22.5,"axis":"z","origin":[8,-6.5,8]},"faces":{"north":{"uv":[7,15.53846,7.15385,15.69231],"texture":"#5"},"east":{"uv":[15.30769,6.61538,15.76923,6.76923],"texture":"#5"},"south":{"uv":[6.38462,15.53846,6.53846,15.69231],"texture":"#5"},"west":{"uv":[15.30769,7.23077,15.76923,7.38462],"texture":"#5"}}},{"from":[9.08668,-6.43925,5.37618],"to":[9.83668,-6.18925,6.12618],"rotation":{"angle":22.5,"axis":"z","origin":[8,-6.5,8]},"faces":{"north":{"uv":[9.76923,15.23077,10.23077,15.38462],"texture":"#5"},"east":{"uv":[15.30769,7.84615,15.76923,8],"texture":"#5"},"south":{"uv":[15.30769,8.46154,15.76923,8.61538],"texture":"#5"},"west":{"uv":[15.30769,9.07692,15.76923,9.23077],"texture":"#5"},"up":{"uv":[14.23077,5.53846,13.76923,5.07692],"rotation":90,"texture":"#5"},"down":{"uv":[14.23077,6,13.76923,6.46154],"rotation":270,"texture":"#5"}}},{"from":[10.125,-8.875,5.75118],"to":[10.375,-6.75,5.76118],"rotation":{"angle":0,"axis":"y","origin":[8,-6.5,8]},"faces":{"north":{"uv":[10.69231,13.38462,10.84615,14.69231],"texture":"#5"},"south":{"uv":[6.38462,13.07692,6.53846,14.38462],"texture":"#5"}}},{"from":[8.82583,-8.60616,5.68868],"to":[9.07583,-8.35616,5.81368],"rotation":{"angle":45,"axis":"z","origin":[8,-6.5,8]},"faces":{"north":{"uv":[8.23077,15.53846,8.38462,15.69231],"texture":"#5"},"south":{"uv":[7.61538,15.53846,7.76923,15.69231],"texture":"#5"},"up":{"uv":[15.69231,15.69231,15.61538,15.53846],"rotation":90,"texture":"#5"},"down":{"uv":[2.46154,15.84615,2.38462,16],"rotation":270,"texture":"#5"}}},{"from":[8.82583,-9.10616,5.68868],"to":[9.07583,-8.85616,5.81368],"rotation":{"angle":45,"axis":"z","origin":[8,-6.5,8]},"faces":{"north":{"uv":[11.30769,15.53846,11.46154,15.69231],"texture":"#5"},"south":{"uv":[8.84615,15.53846,9,15.69231],"texture":"#5"},"up":{"uv":[16,2.76923,15.92308,2.61538],"rotation":90,"texture":"#5"},"down":{"uv":[3.07692,15.84615,3,16],"rotation":270,"texture":"#5"}}},{"from":[9.07583,-9.10616,5.68868],"to":[9.32583,-8.35616,5.81368],"rotation":{"angle":45,"axis":"z","origin":[8,-6.5,8]},"faces":{"north":{"uv":[15.30769,9.69231,15.46154,10.15385],"texture":"#5"},"east":{"uv":[1.76923,15.53846,1.84615,16],"texture":"#5"},"south":{"uv":[5.76923,15.23077,5.92308,15.69231],"texture":"#5"},"west":{"uv":[15.61538,1.69231,15.69231,2.15385],"texture":"#5"},"up":{"uv":[16,3.38462,15.92308,3.23077],"rotation":90,"texture":"#5"},"down":{"uv":[16,3.84615,15.92308,4],"rotation":270,"texture":"#5"}}},{"from":[8.57583,-9.10616,5.68868],"to":[8.82583,-8.35616,5.81368],"rotation":{"angle":45,"axis":"z","origin":[8,-6.5,8]},"faces":{"north":{"uv":[15.30769,10.61538,15.46154,11.07692],"texture":"#5"},"east":{"uv":[3.61538,15.53846,3.69231,16],"texture":"#5"},"south":{"uv":[10.69231,15.23077,10.84615,15.69231],"texture":"#5"},"west":{"uv":[4.23077,15.53846,4.30769,16],"texture":"#5"},"up":{"uv":[4.92308,16,4.84615,15.84615],"rotation":90,"texture":"#5"},"down":{"uv":[9.53846,15.84615,9.46154,16],"rotation":270,"texture":"#5"}}},{"from":[10.62392,-5.88128,5.62618],"to":[11.24892,-5.63128,5.87618],"rotation":{"angle":-45,"axis":"z","origin":[8,-6.5,8]},"faces":{"north":{"uv":[15.30769,14,15.69231,14.15385],"texture":"#5"},"east":{"uv":[12.84615,15.53846,13,15.69231],"texture":"#5"},"south":{"uv":[13.46154,15.23077,13.84615,15.38462],"texture":"#5"},"west":{"uv":[15,15.53846,15.15385,15.69231],"texture":"#5"},"up":{"uv":[14.53846,15.61538,14.38462,15.23077],"rotation":90,"texture":"#5"},"down":{"uv":[15.46154,14.61538,15.30769,15],"rotation":270,"texture":"#5"}}},{"from":[10.88909,-6.14644,5.62618],"to":[11.51409,-5.89644,5.87618],"rotation":{"angle":-45,"axis":"z","origin":[8,-6.5,8]},"faces":{"north":{"uv":[15.30769,14,15.69231,14.15385],"texture":"#5"},"east":{"uv":[12.84615,15.53846,13,15.69231],"texture":"#5"},"south":{"uv":[13.46154,15.23077,13.84615,15.38462],"texture":"#5"},"west":{"uv":[15,15.53846,15.15385,15.69231],"texture":"#5"},"up":{"uv":[14.53846,15.61538,14.38462,15.23077],"rotation":90,"texture":"#5"},"down":{"uv":[15.46154,14.61538,15.30769,15],"rotation":270,"texture":"#5"}}},{"from":[11.15425,-6.41161,5.62618],"to":[11.77925,-6.16161,5.87618],"rotation":{"angle":-45,"axis":"z","origin":[8,-6.5,8]},"faces":{"north":{"uv":[15.30769,14,15.69231,14.15385],"texture":"#5"},"east":{"uv":[12.84615,15.53846,13,15.69231],"texture":"#5"},"south":{"uv":[13.46154,15.23077,13.84615,15.38462],"texture":"#5"},"west":{"uv":[15,15.53846,15.15385,15.69231],"texture":"#5"},"up":{"uv":[14.53846,15.61538,14.38462,15.23077],"rotation":90,"texture":"#5"},"down":{"uv":[15.46154,14.61538,15.30769,15],"rotation":270,"texture":"#5"}}},{"from":[7.40273,-9.59359,5.62618],"to":[8.02773,-9.34359,5.87618],"rotation":{"angle":45,"axis":"z","origin":[8,-6.5,8]},"faces":{"north":{"uv":[15.69231,14,15.30769,14.15385],"texture":"#5"},"east":{"uv":[15.15385,15.53846,15,15.69231],"texture":"#5"},"south":{"uv":[13.84615,15.23077,13.46154,15.38462],"texture":"#5"},"west":{"uv":[13,15.53846,12.84615,15.69231],"texture":"#5"},"up":{"uv":[14.53846,15.23077,14.38462,15.61538],"rotation":90,"texture":"#5"},"down":{"uv":[15.46154,15,15.30769,14.61538],"rotation":270,"texture":"#5"}}},{"from":[7.6679,-9.32842,5.62618],"to":[8.2929,-9.07842,5.87618],"rotation":{"angle":45,"axis":"z","origin":[8,-6.5,8]},"faces":{"north":{"uv":[15.69231,14,15.30769,14.15385],"texture":"#5"},"east":{"uv":[15.15385,15.53846,15,15.69231],"texture":"#5"},"south":{"uv":[13.84615,15.23077,13.46154,15.38462],"texture":"#5"},"west":{"uv":[13,15.53846,12.84615,15.69231],"texture":"#5"},"up":{"uv":[14.53846,15.23077,14.38462,15.61538],"rotation":90,"texture":"#5"},"down":{"uv":[15.46154,15,15.30769,14.61538],"rotation":270,"texture":"#5"}}},{"from":[7.93306,-9.06326,5.62618],"to":[8.55806,-8.81326,5.87618],"rotation":{"angle":45,"axis":"z","origin":[8,-6.5,8]},"faces":{"north":{"uv":[15.69231,14,15.30769,14.15385],"texture":"#5"},"east":{"uv":[15.15385,15.53846,15,15.69231],"texture":"#5"},"south":{"uv":[13.84615,15.23077,13.46154,15.38462],"texture":"#5"},"west":{"uv":[13,15.53846,12.84615,15.69231],"texture":"#5"},"up":{"uv":[14.53846,15.23077,14.38462,15.61538],"rotation":90,"texture":"#5"},"down":{"uv":[15.46154,15,15.30769,14.61538],"rotation":270,"texture":"#5"}}},{"from":[10.0625,-9.5,5.56368],"to":[10.4375,-8.875,5.93868],"rotation":{"angle":0,"axis":"y","origin":[8,-6.5,8]},"faces":{"north":{"uv":[15,2,15.23077,2.38462],"texture":"#5"},"east":{"uv":[12.84615,14.61538,13.07692,15],"texture":"#5"},"south":{"uv":[14.69231,14.30769,14.92308,14.69231],"texture":"#5"},"west":{"uv":[15,1.07692,15.23077,1.46154],"texture":"#5"},"up":{"uv":[1.38462,15.76923,1.15385,15.53846],"rotation":90,"texture":"#5"},"down":{"uv":[15.84615,1.07692,15.61538,1.30769],"rotation":270,"texture":"#5"}}},{"from":[7.97227,-9.59359,5.62618],"to":[8.59727,-9.34359,5.87618],"rotation":{"angle":-45,"axis":"z","origin":[8,-6.5,8]},"faces":{"north":{"uv":[15.30769,14,15.69231,14.15385],"texture":"#5"},"east":{"uv":[12.84615,15.53846,13,15.69231],"texture":"#5"},"south":{"uv":[13.46154,15.23077,13.84615,15.38462],"texture":"#5"},"west":{"uv":[15,15.53846,15.15385,15.69231],"texture":"#5"},"up":{"uv":[14.53846,15.61538,14.38462,15.23077],"rotation":90,"texture":"#5"},"down":{"uv":[15.46154,14.61538,15.30769,15],"rotation":270,"texture":"#5"}}},{"from":[7.70711,-9.32842,5.62618],"to":[8.33211,-9.07842,5.87618],"rotation":{"angle":-45,"axis":"z","origin":[8,-6.5,8]},"faces":{"north":{"uv":[15.30769,14,15.69231,14.15385],"texture":"#5"},"east":{"uv":[12.84615,15.53846,13,15.69231],"texture":"#5"},"south":{"uv":[13.46154,15.23077,13.84615,15.38462],"texture":"#5"},"west":{"uv":[15,15.53846,15.15385,15.69231],"texture":"#5"},"up":{"uv":[14.53846,15.61538,14.38462,15.23077],"rotation":90,"texture":"#5"},"down":{"uv":[15.46154,14.61538,15.30769,15],"rotation":270,"texture":"#5"}}},{"from":[7.44194,-9.06326,5.62618],"to":[8.06694,-8.81326,5.87618],"rotation":{"angle":-45,"axis":"z","origin":[8,-6.5,8]},"faces":{"north":{"uv":[15.30769,14,15.69231,14.15385],"texture":"#5"},"east":{"uv":[12.84615,15.53846,13,15.69231],"texture":"#5"},"south":{"uv":[13.46154,15.23077,13.84615,15.38462],"texture":"#5"},"west":{"uv":[15,15.53846,15.15385,15.69231],"texture":"#5"},"up":{"uv":[14.53846,15.61538,14.38462,15.23077],"rotation":90,"texture":"#5"},"down":{"uv":[15.46154,14.61538,15.30769,15],"rotation":270,"texture":"#5"}}},{"from":[5.625,-8.875,5.75118],"to":[5.875,-6.75,5.76118],"rotation":{"angle":0,"axis":"y","origin":[8,-6.5,8]},"faces":{"north":{"uv":[10.84615,13.38462,10.69231,14.69231],"texture":"#5"},"south":{"uv":[6.53846,13.07692,6.38462,14.38462],"texture":"#5"}}},{"from":[5.5625,-9.5,5.56368],"to":[5.9375,-8.875,5.93868],"rotation":{"angle":0,"axis":"y","origin":[8,-6.5,8]},"faces":{"north":{"uv":[15.23077,2,15,2.38462],"texture":"#5"},"east":{"uv":[15.23077,1.07692,15,1.46154],"texture":"#5"},"south":{"uv":[14.92308,14.30769,14.69231,14.69231],"texture":"#5"},"west":{"uv":[13.07692,14.61538,12.84615,15],"texture":"#5"},"up":{"uv":[1.38462,15.53846,1.15385,15.76923],"rotation":90,"texture":"#5"},"down":{"uv":[15.84615,1.30769,15.61538,1.07692],"rotation":270,"texture":"#5"}}},{"from":[6.92418,-9.10616,5.68868],"to":[7.17418,-8.85616,5.81368],"rotation":{"angle":-45,"axis":"z","origin":[8,-6.5,8]},"faces":{"north":{"uv":[11.46154,15.53846,11.30769,15.69231],"texture":"#5"},"south":{"uv":[9,15.53846,8.84615,15.69231],"texture":"#5"},"up":{"uv":[16,2.61538,15.92308,2.76923],"rotation":90,"texture":"#5"},"down":{"uv":[3.07692,16,3,15.84615],"rotation":270,"texture":"#5"}}},{"from":[7.17418,-9.10616,5.68868],"to":[7.42418,-8.35616,5.81368],"rotation":{"angle":-45,"axis":"z","origin":[8,-6.5,8]},"faces":{"north":{"uv":[15.46154,10.61538,15.30769,11.07692],"texture":"#5"},"east":{"uv":[4.30769,15.53846,4.23077,16],"texture":"#5"},"south":{"uv":[10.84615,15.23077,10.69231,15.69231],"texture":"#5"},"west":{"uv":[3.69231,15.53846,3.61538,16],"texture":"#5"},"up":{"uv":[4.92308,15.84615,4.84615,16],"rotation":90,"texture":"#5"},"down":{"uv":[9.53846,16,9.46154,15.84615],"rotation":270,"texture":"#5"}}},{"from":[6.92418,-8.60616,5.68868],"to":[7.17418,-8.35616,5.81368],"rotation":{"angle":-45,"axis":"z","origin":[8,-6.5,8]},"faces":{"north":{"uv":[8.38462,15.53846,8.23077,15.69231],"texture":"#5"},"south":{"uv":[7.76923,15.53846,7.61538,15.69231],"texture":"#5"},"up":{"uv":[15.69231,15.53846,15.61538,15.69231],"rotation":90,"texture":"#5"},"down":{"uv":[2.46154,16,2.38462,15.84615],"rotation":270,"texture":"#5"}}},{"from":[6.67418,-9.10616,5.68868],"to":[6.92418,-8.35616,5.81368],"rotation":{"angle":-45,"axis":"z","origin":[8,-6.5,8]},"faces":{"north":{"uv":[15.46154,9.69231,15.30769,10.15385],"texture":"#5"},"east":{"uv":[15.69231,1.69231,15.61538,2.15385],"texture":"#5"},"south":{"uv":[5.92308,15.23077,5.76923,15.69231],"texture":"#5"},"west":{"uv":[1.84615,15.53846,1.76923,16],"texture":"#5"},"up":{"uv":[16,3.23077,15.92308,3.38462],"rotation":90,"texture":"#5"},"down":{"uv":[16,4,15.92308,3.84615],"rotation":270,"texture":"#5"}}},{"from":[4.75108,-5.88128,5.62618],"to":[5.37608,-5.63128,5.87618],"rotation":{"angle":45,"axis":"z","origin":[8,-6.5,8]},"faces":{"north":{"uv":[15.69231,14,15.30769,14.15385],"texture":"#5"},"east":{"uv":[15.15385,15.53846,15,15.69231],"texture":"#5"},"south":{"uv":[13.84615,15.23077,13.46154,15.38462],"texture":"#5"},"west":{"uv":[13,15.53846,12.84615,15.69231],"texture":"#5"},"up":{"uv":[14.53846,15.23077,14.38462,15.61538],"rotation":90,"texture":"#5"},"down":{"uv":[15.46154,15,15.30769,14.61538],"rotation":270,"texture":"#5"}}},{"from":[4.48592,-6.14644,5.62618],"to":[5.11092,-5.89644,5.87618],"rotation":{"angle":45,"axis":"z","origin":[8,-6.5,8]},"faces":{"north":{"uv":[15.69231,14,15.30769,14.15385],"texture":"#5"},"east":{"uv":[15.15385,15.53846,15,15.69231],"texture":"#5"},"south":{"uv":[13.84615,15.23077,13.46154,15.38462],"texture":"#5"},"west":{"uv":[13,15.53846,12.84615,15.69231],"texture":"#5"},"up":{"uv":[14.53846,15.23077,14.38462,15.61538],"rotation":90,"texture":"#5"},"down":{"uv":[15.46154,15,15.30769,14.61538],"rotation":270,"texture":"#5"}}},{"from":[4.22075,-6.41161,5.62618],"to":[4.84575,-6.16161,5.87618],"rotation":{"angle":45,"axis":"z","origin":[8,-6.5,8]},"faces":{"north":{"uv":[15.69231,14,15.30769,14.15385],"texture":"#5"},"east":{"uv":[15.15385,15.53846,15,15.69231],"texture":"#5"},"south":{"uv":[13.84615,15.23077,13.46154,15.38462],"texture":"#5"},"west":{"uv":[13,15.53846,12.84615,15.69231],"texture":"#5"},"up":{"uv":[14.53846,15.23077,14.38462,15.61538],"rotation":90,"texture":"#5"},"down":{"uv":[15.46154,15,15.30769,14.61538],"rotation":270,"texture":"#5"}}},{"from":[9.375,-6.5,5.50118],"to":[10.875,-6,6.00118],"rotation":{"angle":0,"axis":"y","origin":[8,-6.5,8]},"faces":{"north":{"uv":[12.84615,9.07692,13.76923,9.38462],"texture":"#5"},"east":{"uv":[5.76923,14.61538,6.07692,14.92308],"texture":"#5"},"south":{"uv":[12.84615,8.46154,13.76923,8.76923],"texture":"#5"},"west":{"uv":[14.69231,8.15385,15,8.46154],"texture":"#5"},"up":{"uv":[4.53846,14,4.23077,13.07692],"rotation":90,"texture":"#5"},"down":{"uv":[5.15385,13.07692,4.84615,14],"rotation":270,"texture":"#5"}}},{"from":[10.385,-7.13827,5.50293],"to":[10.8475,-6.63827,5.99943],"rotation":{"angle":22.5,"axis":"z","origin":[8,-6.5,8]},"faces":{"north":{"uv":[12.23077,14.61538,12.53846,14.92308],"texture":"#5"},"east":{"uv":[14.69231,10.30769,15,10.61538],"texture":"#5"},"south":{"uv":[14.69231,10.92308,15,11.23077],"texture":"#5"},"west":{"uv":[14.69231,11.53846,15,11.84615],"texture":"#5"}}},{"from":[10.125,-5.75,5.37618],"to":[11.375,-5.25,6.12618],"rotation":{"angle":0,"axis":"y","origin":[8,-6.5,8]},"faces":{"north":{"uv":[12.23077,13.38462,13,13.69231],"texture":"#5"},"east":{"uv":[14.38462,12.15385,14.84615,12.46154],"texture":"#5"},"south":{"uv":[13.46154,11.53846,14.23077,11.84615],"texture":"#5"},"west":{"uv":[14.38462,12.76923,14.84615,13.07692],"texture":"#5"},"up":{"uv":[12.69231,12.92308,12.23077,12.15385],"rotation":90,"texture":"#5"},"down":{"uv":[11.76923,12.46154,11.30769,13.23077],"rotation":270,"texture":"#5"}}},{"from":[10.125,-5.25,5.37618],"to":[11,-5,6.12618],"rotation":{"angle":0,"axis":"y","origin":[8,-6.5,8]},"faces":{"north":{"uv":[15,3.53846,15.53846,3.69231],"texture":"#5"},"east":{"uv":[15.30769,11.53846,15.76923,11.69231],"texture":"#5"},"south":{"uv":[15,2.92308,15.53846,3.07692],"texture":"#5"},"west":{"uv":[15.30769,12.15385,15.76923,12.30769],"texture":"#5"},"up":{"uv":[5.92308,13.61538,5.46154,13.07692],"rotation":90,"texture":"#5"}}},{"from":[10.7717,-4.40533,5.56368],"to":[11.2717,-4.40033,5.93868],"rotation":{"angle":-22.5,"axis":"z","origin":[8,-6.5,8]},"faces":{"up":{"uv":[12.46154,15.53846,12.23077,15.23077],"rotation":90,"texture":"#5"},"down":{"uv":[15.53846,12.76923,15.30769,13.07692],"rotation":270,"texture":"#5"}}},{"from":[6.68847,-6.03884,5.56368],"to":[7.81347,-4.66384,5.93868],"rotation":{"angle":22.5,"axis":"z","origin":[8,-6.5,8]},"faces":{"north":{"uv":[1.84615,12.15385,1.15385,13],"texture":"#5"},"south":{"uv":[12.30769,4.76923,11.61538,5.61538],"texture":"#5"},"west":{"uv":[14,6.92308,13.76923,7.76923],"texture":"#5"},"up":{"uv":[10,14,9.76923,14.69231],"rotation":90,"texture":"#5"},"down":{"uv":[2.30769,15,2.07692,14.30769],"rotation":270,"texture":"#5"}}},{"from":[6.16333,-6.43925,5.37618],"to":[6.91333,-6.18925,6.12618],"rotation":{"angle":-22.5,"axis":"z","origin":[8,-6.5,8]},"faces":{"north":{"uv":[10.23077,15.23077,9.76923,15.38462],"texture":"#5"},"east":{"uv":[15.76923,9.07692,15.30769,9.23077],"texture":"#5"},"south":{"uv":[15.76923,8.46154,15.30769,8.61538],"texture":"#5"},"west":{"uv":[15.76923,7.84615,15.30769,8],"texture":"#5"},"up":{"uv":[14.23077,5.07692,13.76923,5.53846],"rotation":90,"texture":"#5"},"down":{"uv":[14.23077,6.46154,13.76923,6],"rotation":270,"texture":"#5"}}},{"from":[6.16333,-6.68925,5.37618],"to":[6.41333,-6.43925,6.12618],"rotation":{"angle":-22.5,"axis":"z","origin":[8,-6.5,8]},"faces":{"north":{"uv":[7.15385,15.53846,7,15.69231],"texture":"#5"},"east":{"uv":[15.76923,7.23077,15.30769,7.38462],"texture":"#5"},"south":{"uv":[6.53846,15.53846,6.38462,15.69231],"texture":"#5"},"west":{"uv":[15.76923,6.61538,15.30769,6.76923],"texture":"#5"}}},{"from":[6.16333,-6.93925,5.37618],"to":[6.91333,-6.68925,6.12618],"rotation":{"angle":-22.5,"axis":"z","origin":[8,-6.5,8]},"faces":{"north":{"uv":[3.15385,15.23077,2.69231,15.38462],"texture":"#5"},"east":{"uv":[15.46154,13.38462,15,13.53846],"texture":"#5"},"south":{"uv":[11.76923,14.92308,11.30769,15.07692],"texture":"#5"},"west":{"uv":[9.30769,14.92308,8.84615,15.07692],"texture":"#5"},"up":{"uv":[13.92308,13.38462,13.46154,13.84615],"rotation":90,"texture":"#5"},"down":{"uv":[3.46154,14.15385,3,13.69231],"rotation":270,"texture":"#5"}}},{"from":[6.66333,-6.68925,5.37618],"to":[6.91333,-6.43925,6.12618],"rotation":{"angle":-22.5,"axis":"z","origin":[8,-6.5,8]},"faces":{"north":{"uv":[15.76923,6,15.61538,6.15385],"texture":"#5"},"east":{"uv":[15.76923,4.76923,15.30769,4.92308],"texture":"#5"},"south":{"uv":[15.76923,5.38462,15.61538,5.53846],"texture":"#5"},"west":{"uv":[5.30769,15.23077,4.84615,15.38462],"texture":"#5"}}},{"from":[5.125,-6.5,5.50118],"to":[6.625,-6,6.00118],"rotation":{"angle":0,"axis":"y","origin":[8,-6.5,8]},"faces":{"north":{"uv":[13.76923,9.07692,12.84615,9.38462],"texture":"#5"},"east":{"uv":[15,8.15385,14.69231,8.46154],"texture":"#5"},"south":{"uv":[13.76923,8.46154,12.84615,8.76923],"texture":"#5"},"west":{"uv":[6.07692,14.61538,5.76923,14.92308],"texture":"#5"},"up":{"uv":[4.53846,13.07692,4.23077,14],"rotation":90,"texture":"#5"},"down":{"uv":[5.15385,14,4.84615,13.07692],"rotation":270,"texture":"#5"}}},{"from":[5.1525,-7.13827,5.50293],"to":[5.61501,-6.63827,5.99943],"rotation":{"angle":-22.5,"axis":"z","origin":[8,-6.5,8]},"faces":{"north":{"uv":[12.53846,14.61538,12.23077,14.92308],"texture":"#5"},"east":{"uv":[15,11.53846,14.69231,11.84615],"texture":"#5"},"south":{"uv":[15,10.92308,14.69231,11.23077],"texture":"#5"},"west":{"uv":[15,10.30769,14.69231,10.61538],"texture":"#5"}}},{"from":[4.625,-5.75,5.37618],"to":[5.875,-5.25,6.12618],"rotation":{"angle":0,"axis":"y","origin":[8,-6.5,8]},"faces":{"north":{"uv":[13,13.38462,12.23077,13.69231],"texture":"#5"},"east":{"uv":[14.84615,12.76923,14.38462,13.07692],"texture":"#5"},"south":{"uv":[14.23077,11.53846,13.46154,11.84615],"texture":"#5"},"west":{"uv":[14.84615,12.15385,14.38462,12.46154],"texture":"#5"},"up":{"uv":[12.69231,12.15385,12.23077,12.92308],"rotation":90,"texture":"#5"},"down":{"uv":[11.76923,13.23077,11.30769,12.46154],"rotation":270,"texture":"#5"}}},{"from":[5,-5.25,5.37618],"to":[5.875,-5,6.12618],"rotation":{"angle":0,"axis":"y","origin":[8,-6.5,8]},"faces":{"north":{"uv":[15.53846,3.53846,15,3.69231],"texture":"#5"},"east":{"uv":[15.76923,12.15385,15.30769,12.30769],"texture":"#5"},"south":{"uv":[15.53846,2.92308,15,3.07692],"texture":"#5"},"west":{"uv":[15.76923,11.53846,15.30769,11.69231],"texture":"#5"},"up":{"uv":[5.92308,13.07692,5.46154,13.61538],"rotation":90,"texture":"#5"}}},{"from":[4.7283,-4.40533,5.56368],"to":[5.2283,-4.40033,5.93868],"rotation":{"angle":22.5,"axis":"z","origin":[8,-6.5,8]},"faces":{"up":{"uv":[12.46154,15.23077,12.23077,15.53846],"rotation":90,"texture":"#5"},"down":{"uv":[15.53846,13.07692,15.30769,12.76923],"rotation":270,"texture":"#5"}}},{"from":[6,-8.875,9.12383],"to":[10,-4.875,9.12383],"rotation":{"angle":0,"axis":"y","origin":[8,-7,6]},"faces":{"south":{"uv":[16,0,0,16],"texture":"#4"}}},{"from":[7.12476,-9.375,6.85178],"to":[10.62476,-0.875,6.86678],"rotation":{"angle":-45,"axis":"y","origin":[8,-6.5,8]},"faces":{"north":{"uv":[6.07692,1.23077,8.23077,6.46154],"texture":"#5"},"south":{"uv":[8.23077,1.23077,6.07692,6.46154],"texture":"#5"}}},{"from":[10.85862,-9.375,7.9425],"to":[14.35862,-0.875,7.9575],"rotation":{"angle":-22.5,"axis":"y","origin":[8,-6.5,8]},"faces":{"north":{"uv":[3.92308,1.23077,6.07692,6.46154],"texture":"#5"},"south":{"uv":[6.07692,1.23077,3.92308,6.46154],"texture":"#5"}}},{"from":[13.89087,-9.375,10.37907],"to":[16.89086,-0.875,10.39407],"rotation":{"angle":0,"axis":"y","origin":[8,-6.5,8]},"faces":{"north":{"uv":[2.07692,1.23077,3.92308,6.46154],"texture":"#5"},"south":{"uv":[3.92308,1.23077,2.07692,6.46154],"texture":"#5"}}},{"from":[8.71087,-6.875,6.75198],"to":[8.72587,1.625,9.25198],"rotation":{"angle":22.5,"axis":"y","origin":[8,-6.5,8]},"faces":{"east":{"uv":[3.92308,6.69231,5.46154,11.92308],"texture":"#5"},"west":{"uv":[5.46154,6.69231,3.92308,11.92308],"texture":"#5"}}},{"from":[9.42871,-6.875,7.80735],"to":[11.92871,1.625,7.82235],"rotation":{"angle":-45,"axis":"y","origin":[8,-6.5,8]},"faces":{"north":{"uv":[2.38462,6.69231,3.92308,11.92308],"texture":"#5"},"south":{"uv":[3.92308,6.69231,2.38462,11.92308],"texture":"#5"}}},{"from":[11.69764,-6.875,9.32433],"to":[14.19764,1.625,9.33932],"rotation":{"angle":-22.5,"axis":"y","origin":[8,-6.5,8]},"faces":{"north":{"uv":[0.84615,6.69231,2.38462,11.92308],"texture":"#5"},"south":{"uv":[2.38462,6.69231,0.84615,11.92308],"texture":"#5"}}},{"from":[1.80236,-6.875,9.32433],"to":[4.30236,1.625,9.33932],"rotation":{"angle":22.5,"axis":"y","origin":[8,-6.5,8]},"faces":{"north":{"uv":[2.38462,6.69231,0.84615,11.92308],"texture":"#5"},"south":{"uv":[0.84615,6.69231,2.38462,11.92308],"texture":"#5"}}},{"from":[4.07129,-6.875,7.80735],"to":[6.57129,1.625,7.82235],"rotation":{"angle":45,"axis":"y","origin":[8,-6.5,8]},"faces":{"north":{"uv":[3.92308,6.69231,2.38462,11.92308],"texture":"#5"},"south":{"uv":[2.38462,6.69231,3.92308,11.92308],"texture":"#5"}}},{"from":[7.27413,-6.875,6.75198],"to":[7.28913,1.625,9.25198],"rotation":{"angle":-22.5,"axis":"y","origin":[8,-6.5,8]},"faces":{"east":{"uv":[3.92308,6.69231,5.46154,11.92308],"texture":"#5"},"west":{"uv":[5.46154,6.69231,3.92308,11.92308],"texture":"#5"}}},{"from":[12.79273,-14.625,9.47206],"to":[15.29273,-6.125,9.48706],"rotation":{"angle":22.5,"axis":"y","origin":[8,-6.5,8]},"faces":{"north":{"uv":[5.61538,6.69231,7.15385,11.92308],"texture":"#5"},"south":{"uv":[7.15385,6.69231,5.61538,11.92308],"texture":"#5"}}},{"from":[10.49698,-14.625,7.52476],"to":[12.99698,-6.125,7.53976],"rotation":{"angle":0,"axis":"y","origin":[8,-6.5,8]},"faces":{"north":{"uv":[7.15385,6.69231,8.69231,11.92308],"texture":"#5"},"south":{"uv":[8.69231,6.69231,7.15385,11.92308],"texture":"#5"}}},{"from":[7.63078,-14.625,6.60424],"to":[10.13078,-6.125,6.61924],"rotation":{"angle":-22.5,"axis":"y","origin":[8,-6.5,8]},"faces":{"north":{"uv":[8.69231,6.69231,10.23077,11.92308],"texture":"#5"},"south":{"uv":[10.23077,6.69231,8.69231,11.92308],"texture":"#5"}}},{"from":[5.86922,-14.625,6.60424],"to":[8.36922,-6.125,6.61924],"rotation":{"angle":22.5,"axis":"y","origin":[8,-6.5,8]},"faces":{"north":{"uv":[10.23077,6.69231,8.69231,11.92308],"texture":"#5"},"south":{"uv":[8.69231,6.69231,10.23077,11.92308],"texture":"#5"}}},{"from":[3.00302,-14.625,7.52476],"to":[5.50302,-6.125,7.53976],"rotation":{"angle":0,"axis":"y","origin":[8,-6.5,8]},"faces":{"north":{"uv":[8.69231,6.69231,7.15385,11.92308],"texture":"#5"},"south":{"uv":[7.15385,6.69231,8.69231,11.92308],"texture":"#5"}}},{"from":[0.70727,-14.625,9.47206],"to":[3.20727,-6.125,9.48706],"rotation":{"angle":-22.5,"axis":"y","origin":[8,-6.5,8]},"faces":{"north":{"uv":[7.15385,6.69231,5.61538,11.92308],"texture":"#5"},"south":{"uv":[5.61538,6.69231,7.15385,11.92308],"texture":"#5"}}},{"from":[15.29792,-9.375,13.59922],"to":[17.29792,-0.875,13.61422],"rotation":{"angle":22.5,"axis":"y","origin":[8,-6.5,8]},"faces":{"north":{"uv":[0.84615,1.23077,2.07692,6.46154],"texture":"#5"},"south":{"uv":[2.07692,1.23077,0.84615,6.46154],"texture":"#5"}}},{"from":[8.11683,-8.125,10.78495],"to":[11.61683,0.375,10.79995],"rotation":{"angle":-45,"axis":"y","origin":[13.72562,-3.875,8.88847]},"faces":{"north":{"uv":[7.55556,0,10.66667,7.55556],"texture":"#3"},"south":{"uv":[10.66667,0,7.55556,7.55556],"texture":"#3"}}},{"from":[11.04586,-8.125,9.83245],"to":[14.54586,0.375,9.84745],"rotation":{"angle":-22.5,"axis":"y","origin":[13.72562,-3.875,8.88847]},"faces":{"north":{"uv":[4.44444,0,7.55556,7.55556],"texture":"#3"},"south":{"uv":[7.55556,0,4.44444,7.55556],"texture":"#3"}}},{"from":[14.11644,-8.125,10.07334],"to":[17.11644,0.375,10.08834],"rotation":{"angle":0,"axis":"y","origin":[13.72562,-3.875,8.88847]},"faces":{"north":{"uv":[1.77778,0,4.44444,7.55556],"texture":"#3"},"south":{"uv":[4.44444,0,1.77778,7.55556],"texture":"#3"}}},{"from":[16.43451,-8.125,11.24426],"to":[18.43451,0.375,11.25926],"rotation":{"angle":22.5,"axis":"y","origin":[13.72562,-3.875,8.88847]},"faces":{"north":{"uv":[0,0,1.77778,7.55556],"texture":"#3"},"south":{"uv":[1.77778,0,0,7.55556],"texture":"#3"}}},{"from":[-2.43451,-8.125,11.24426],"to":[-0.43451,0.375,11.25926],"rotation":{"angle":-22.5,"axis":"y","origin":[2.27438,-3.875,8.88847]},"faces":{"north":{"uv":[1.77778,0,0,7.55556],"texture":"#3"},"south":{"uv":[0,0,1.77778,7.55556],"texture":"#3"}}},{"from":[-1.11643,-8.125,10.07334],"to":[1.88357,0.375,10.08834],"rotation":{"angle":0,"axis":"y","origin":[2.27438,-3.875,8.88847]},"faces":{"north":{"uv":[4.44444,0,1.77778,7.55556],"texture":"#3"},"south":{"uv":[1.77778,0,4.44444,7.55556],"texture":"#3"}}},{"from":[1.45414,-8.125,9.83245],"to":[4.95414,0.375,9.84745],"rotation":{"angle":22.5,"axis":"y","origin":[2.27438,-3.875,8.88847]},"faces":{"north":{"uv":[7.55556,0,4.44444,7.55556],"texture":"#3"},"south":{"uv":[4.44444,0,7.55556,7.55556],"texture":"#3"}}},{"from":[4.38317,-8.125,10.78495],"to":[7.88317,0.375,10.79995],"rotation":{"angle":45,"axis":"y","origin":[2.27438,-3.875,8.88847]},"faces":{"north":{"uv":[10.66667,0,7.55556,7.55556],"texture":"#3"},"south":{"uv":[7.55556,0,10.66667,7.55556],"texture":"#3"}}},{"from":[5.37525,-9.375,6.85178],"to":[8.87525,-0.875,6.86678],"rotation":{"angle":45,"axis":"y","origin":[8,-6.5,8]},"faces":{"north":{"uv":[8.23077,1.23077,6.07692,6.46154],"texture":"#5"},"south":{"uv":[6.07692,1.23077,8.23077,6.46154],"texture":"#5"}}},{"from":[1.64138,-9.375,7.9425],"to":[5.14138,-0.875,7.9575],"rotation":{"angle":22.5,"axis":"y","origin":[8,-6.5,8]},"faces":{"north":{"uv":[6.07692,1.23077,3.92308,6.46154],"texture":"#5"},"south":{"uv":[3.92308,1.23077,6.07692,6.46154],"texture":"#5"}}},{"from":[-0.89086,-9.375,10.37907],"to":[2.10914,-0.875,10.39407],"rotation":{"angle":0,"axis":"y","origin":[8,-6.5,8]},"faces":{"north":{"uv":[3.92308,1.23077,2.07692,6.46154],"texture":"#5"},"south":{"uv":[2.07692,1.23077,3.92308,6.46154],"texture":"#5"}}},{"from":[-1.29792,-9.375,13.59922],"to":[0.70208,-0.875,13.61422],"rotation":{"angle":-22.5,"axis":"y","origin":[8,-6.5,8]},"faces":{"north":{"uv":[2.07692,1.23077,0.84615,6.46154],"texture":"#5"},"south":{"uv":[0.84615,1.23077,2.07692,6.46154],"texture":"#5"}}},{"from":[7.5,-7,6.25118],"to":[8.5,-6,6.75118],"rotation":{"angle":-45,"axis":"z","origin":[8,-6.5,8]},"faces":{"north":{"uv":[9.15385,12.15385,9.76923,12.76923],"texture":"#5"},"east":{"uv":[7,14,7.30769,14.61538],"texture":"#5"},"south":{"uv":[8.23077,12.15385,8.84615,12.76923],"texture":"#5"},"west":{"uv":[7.61538,14,7.92308,14.61538],"texture":"#5"},"up":{"uv":[14.38462,8.76923,14.07692,8.15385],"rotation":90,"texture":"#5"},"down":{"uv":[9.46154,14,9.15385,14.61538],"rotation":270,"texture":"#5"}}}],"gui_light":"front","display":{"thirdperson_righthand":{"rotation":[-115.75,0,-180],"translation":[0,2.5,0.25],"scale":[0.5,0.5,0.5]},"thirdperson_lefthand":{"rotation":[66.75,0,0],"translation":[-5.5,-11,10.5]},"firstperson_righthand":{"rotation":[169,0,180],"translation":[1.25,2.25,1.25],"scale":[0.5,0.5,0.5]},"firstperson_lefthand":{"rotation":[8,0,0],"translation":[2.5,0.75,0],"scale":[0,0,0]},"ground":{"rotation":[-45,0,0],"translation":[0,5,0],"scale":[0.7,0.7,0.7]},"gui":{"rotation":[0,180,0],"translation":[0.25,15.25,0],"scale":[1.1,1.1,1.1]},"head":{"translation":[0,-61,13.5],"scale":[3.2,3.2,3.2]},"fixed":{"rotation":[0,180,0],"translation":[0,0,-11.5],"scale":[2,2,2]}},"groups":[{"name":"wings","origin":[4.12735,9,4.5],"color":0,"children":[0,1,2,3,4,5,6,7,8,9,10,11,12,13,14,15,16,17,18,19,20,21,22,23,24,25,26,27,28,29,30,31,32,33,34,35,36,37,38,39,40,41,42,43,44,45,46,47,48,49,50,51,52,53,54,55,56,57,58,59,60,61,62,63,64,65,66,67,68,69,70,71,72,73,74,75,76,77,78,79,80,81,82,83,84,85,86,87]}],"mcmodels":"2238fb43fad87426eb3c95ab6631a4ea"}