{"textures":{"0":"modelengine:entity/ice_spider"},"elements":[{"from":[6.0,6.0,6.0],"to":[10.0,10.0,10.0],"faces":{"east":{"uv":[5.0,6.0,6.0,7.0],"tintindex":0,"rotation":0,"texture":"#0"},"south":{"uv":[8.0,6.0,9.0,7.0],"tintindex":0,"rotation":0,"texture":"#0"},"north":{"uv":[6.0,6.0,7.0,7.0],"tintindex":0,"rotation":0,"texture":"#0"},"west":{"uv":[7.0,6.0,8.0,7.0],"tintindex":0,"rotation":0,"texture":"#0"},"up":{"uv":[7.0,6.0,6.0,5.0],"tintindex":0,"rotation":0,"texture":"#0"},"down":{"uv":[8.0,5.0,7.0,6.0],"tintindex":0,"rotation":0,"texture":"#0"}}}],"display":{"gui":{"rotation":[30,225,0]}}}