{"textures":{"0":"modelengine:entity/ice_spider"},"elements":[{"from":[8.0,4.0,4.0],"to":[8.0,7.0,7.0],"faces":{"east":{"uv":[1.5,0.75,0.75,1.5],"tintindex":0,"rotation":0,"texture":"#0"},"west":{"uv":[0.75,0.75,0.0,1.5],"tintindex":0,"rotation":0,"texture":"#0"}},"rotation":{"origin":[8.0,7.0,6.0],"angle":22.5,"axis":"z"}},{"from":[7.0,6.0,5.0],"to":[9.0,9.0,7.0],"faces":{"east":{"uv":[5.0,7.5,5.5,8.25],"tintindex":0,"rotation":0,"texture":"#0"},"south":{"uv":[6.5,7.5,7.0,8.25],"tintindex":0,"rotation":0,"texture":"#0"},"north":{"uv":[5.5,7.5,6.0,8.25],"tintindex":0,"rotation":0,"texture":"#0"},"west":{"uv":[6.0,7.5,6.5,8.25],"tintindex":0,"rotation":0,"texture":"#0"},"up":{"uv":[6.0,7.5,5.5,7.0],"tintindex":0,"rotation":0,"texture":"#0"},"down":{"uv":[6.5,7.0,6.0,7.5],"tintindex":0,"rotation":0,"texture":"#0"}},"rotation":{"origin":[8.0,7.0,6.0],"angle":22.5,"axis":"z"}}],"display":{"gui":{"rotation":[30,225,0]}}}