{"textures":{"0":"modelengine:entity/ice_spider"},"elements":[{"from":[1.0,10.0,8.0],"to":[9.0,13.0,8.0],"faces":{"south":{"uv":[9.75,0.0,11.75,0.75],"tintindex":0,"rotation":0,"texture":"#0"},"north":{"uv":[7.75,0.0,9.75,0.75],"tintindex":0,"rotation":0,"texture":"#0"}}},{"from":[0.75,5.75,6.75],"to":[9.25,10.25,9.25],"faces":{"east":{"uv":[3.0,5.5,2.5,6.5],"tintindex":0,"rotation":0,"texture":"#0"},"south":{"uv":[5.0,5.5,3.0,6.5],"tintindex":0,"rotation":0,"texture":"#0"},"north":{"uv":[2.5,5.5,0.5,6.5],"tintindex":0,"rotation":0,"texture":"#0"},"west":{"uv":[0.5,5.5,0.0,6.5],"tintindex":0,"rotation":0,"texture":"#0"},"up":{"uv":[0.5,5.5,2.5,5.0],"tintindex":0,"rotation":0,"texture":"#0"},"down":{"uv":[2.5,5.0,4.5,5.5],"tintindex":0,"rotation":0,"texture":"#0"}}}],"display":{"gui":{"rotation":[30,225,0]}}}