{"textures":{"0":"modelengine:entity/ice_spider"},"elements":[{"from":[8.0,6.0,7.0],"to":[16.0,8.0,9.0],"faces":{"east":{"uv":[0.0,7.0,0.5,7.5],"tintindex":0,"rotation":0,"texture":"#0"},"south":{"uv":[3.0,7.0,5.0,7.5],"tintindex":0,"rotation":0,"texture":"#0"},"north":{"uv":[0.5,7.0,2.5,7.5],"tintindex":0,"rotation":0,"texture":"#0"},"west":{"uv":[2.5,7.0,3.0,7.5],"tintindex":0,"rotation":0,"texture":"#0"},"up":{"uv":[2.5,7.0,0.5,6.5],"tintindex":0,"rotation":0,"texture":"#0"},"down":{"uv":[4.5,6.5,2.5,7.0],"tintindex":0,"rotation":0,"texture":"#0"}}}],"display":{"gui":{"rotation":[30,225,0]}}}