{"textures":{"0":"modelengine:entity/ice_spider"},"elements":[{"from":[12.0,12.5,7.5],"to":[12.0,14.5,18.5],"faces":{"east":{"uv":[9.0,7.75,11.75,8.25],"tintindex":0,"rotation":0,"texture":"#0"},"west":{"uv":[11.75,7.75,14.5,8.25],"tintindex":0,"rotation":0,"texture":"#0"}}},{"from":[4.0,12.5,7.5],"to":[4.0,14.5,18.5],"faces":{"east":{"uv":[14.5,7.75,11.75,8.25],"tintindex":0,"rotation":0,"texture":"#0"},"west":{"uv":[11.75,7.75,9.0,8.25],"tintindex":0,"rotation":0,"texture":"#0"}}},{"from":[8.0,12.5,7.5],"to":[8.0,15.5,18.5],"faces":{"east":{"uv":[0.0,13.0,2.75,13.75],"tintindex":0,"rotation":0,"texture":"#0"},"west":{"uv":[2.75,13.0,5.5,13.75],"tintindex":0,"rotation":0,"texture":"#0"}}},{"from":[3.0,2.5,7.5],"to":[13.0,12.5,18.5],"faces":{"east":{"uv":[5.5,13.0,8.25,15.5],"tintindex":0,"rotation":0,"texture":"#0"},"south":{"uv":[13.5,13.0,16.0,15.5],"tintindex":0,"rotation":0,"texture":"#0"},"north":{"uv":[8.25,13.0,10.75,15.5],"tintindex":0,"rotation":0,"texture":"#0"},"west":{"uv":[10.75,13.0,13.5,15.5],"tintindex":0,"rotation":0,"texture":"#0"},"up":{"uv":[10.75,13.0,8.25,10.25],"tintindex":0,"rotation":0,"texture":"#0"},"down":{"uv":[13.25,10.25,10.75,13.0],"tintindex":0,"rotation":0,"texture":"#0"}}}],"display":{"gui":{"rotation":[30,225,0]}}}