{"credit":"MadewithBlockbench","textures":{"0":"elitecreatures:steampunk_v2/key","1":"elitecreatures:steampunk_v2/eff_1","2":"elitecreatures:steampunk_v2/eff_2","particle":"elitecreatures:steampunk_v2/key"},"elements":[{"from":[7,0,9],"to":[10,1,12],"rotation":{"angle":0,"axis":"y","origin":[7.5,0.5,9.5]},"faces":{"north":{"uv":[3,6,6,7],"texture":"#0"},"east":{"uv":[6,3,9,4],"texture":"#0"},"south":{"uv":[6,4,9,5],"texture":"#0"},"west":{"uv":[6,5,9,6],"texture":"#0"},"up":{"uv":[3,9,0,6],"texture":"#0"},"down":{"uv":[9,0,6,3],"texture":"#0"}}},{"from":[7.5,0.5,3],"to":[10.5,0.5,9],"rotation":{"angle":0,"axis":"y","origin":[8,1,6.5]},"faces":{"north":{"uv":[0,0,3,0],"texture":"#0"},"east":{"uv":[0,0,6,0],"texture":"#0"},"south":{"uv":[0,0,3,0],"texture":"#0"},"west":{"uv":[0,0,6,0],"texture":"#0"},"up":{"uv":[3,6,0,0],"texture":"#0"},"down":{"uv":[6,0,3,6],"texture":"#0"}}},{"from":[8,-0.25,10],"to":[9,1.25,11],"rotation":{"angle":45,"axis":"y","origin":[8.5,0.5,10.5]},"faces":{"north":{"uv":[6,6,7,7.5],"texture":"#0"},"east":{"uv":[3,7,4,8.5],"texture":"#0"},"south":{"uv":[4,7,5,8.5],"texture":"#0"},"west":{"uv":[5,7,6,8.5],"texture":"#0"},"up":{"uv":[8,7,7,6],"texture":"#0"},"down":{"uv":[8,7,7,8],"texture":"#0"}}},{"from":[5.3,0.6,3],"to":[11.3,0.6,9],"rotation":{"angle":0,"axis":"y","origin":[8.8,1.1,6.5]},"faces":{"north":{"uv":[0,0,3,0],"texture":"#1"},"east":{"uv":[0,0,6,0],"texture":"#1"},"south":{"uv":[0,0,3,0],"texture":"#1"},"west":{"uv":[0,0,6,0],"texture":"#1"},"up":{"uv":[16,16,0,0],"texture":"#1"},"down":{"uv":[16,0,0,16],"texture":"#1"}}},{"from":[5.3,0.4,3],"to":[11.3,0.4,9],"rotation":{"angle":0,"axis":"y","origin":[8.8,0.9,6.5]},"faces":{"north":{"uv":[0,0,3,0],"texture":"#1"},"east":{"uv":[0,0,6,0],"texture":"#1"},"south":{"uv":[0,0,3,0],"texture":"#1"},"west":{"uv":[0,0,6,0],"texture":"#1"},"up":{"uv":[16,16,0,0],"texture":"#1"},"down":{"uv":[16,0,0,16],"texture":"#1"}}},{"from":[8.8,0.6,10.75],"to":[10.8,0.6,12.75],"rotation":{"angle":0,"axis":"y","origin":[9.3,1.1,10.25]},"faces":{"north":{"uv":[0,0,3,0],"texture":"#2"},"east":{"uv":[0,0,6,0],"texture":"#2"},"south":{"uv":[0,0,3,0],"texture":"#2"},"west":{"uv":[0,0,6,0],"texture":"#2"},"up":{"uv":[16,16,0,0],"texture":"#2"},"down":{"uv":[16,0,0,16],"texture":"#2"}}},{"from":[6.05,0.6,9.5],"to":[8.05,0.6,11.5],"rotation":{"angle":0,"axis":"y","origin":[6.55,1.1,9]},"faces":{"north":{"uv":[0,0,3,0],"texture":"#2"},"east":{"uv":[0,0,6,0],"texture":"#2"},"south":{"uv":[0,0,3,0],"texture":"#2"},"west":{"uv":[0,0,6,0],"texture":"#2"},"up":{"uv":[16,16,0,0],"texture":"#2"},"down":{"uv":[16,0,0,16],"texture":"#2"}}},{"from":[8.05,0.45,8],"to":[10.05,0.45,10],"rotation":{"angle":0,"axis":"y","origin":[8.55,0.95,7.5]},"faces":{"north":{"uv":[0,0,3,0],"texture":"#2"},"east":{"uv":[0,0,6,0],"texture":"#2"},"south":{"uv":[0,0,3,0],"texture":"#2"},"west":{"uv":[0,0,6,0],"texture":"#2"},"up":{"uv":[16,16,0,0],"texture":"#2"},"down":{"uv":[16,0,0,16],"texture":"#2"}}}],"gui_light":"front","display":{"thirdperson_righthand":{"translation":[0,8.25,0]},"thirdperson_lefthand":{"translation":[0,8.25,0]},"firstperson_righthand":{"rotation":[0,0,54.75],"translation":[-5.75,7.25,-3.75],"scale":[1.38086,1.38086,1.38086]},"firstperson_lefthand":{"rotation":[0,0,54.75],"translation":[-5.75,7.25,-3.75],"scale":[1.38086,1.38086,1.38086]},"ground":{"translation":[0,5.5,0]},"gui":{"rotation":[-90,-28.25,0],"translation":[-0.75,-0.25,-21.25],"scale":[1.36914,1.36914,1.36914]},"fixed":{"rotation":[-90,0,0],"translation":[-1.25,0.75,-21.25],"scale":[2.56641,2.56641,2.56641]}},"groups":[{"name":"key","origin":[8.55,0.95,7.5],"color":0,"nbt":"{}","armAnimationEnabled":false,"children":[0,1,2,3,4,5,6,7]}],"mcmodels":"407c67e31bd2a722f90d34ac8da338a4"}