{
	"credit": "Made with Blockbench",
	"textures": {
		"0": "leonemc:item/model/hats/sombrero_cap",
		"2": "leonemc:item/model/hats/sombrero_cap_2",
		"particle": "leonemc:item/model/hats/sombrero_cap"
	},
	"elements": [
		{
			"from": [-0.975, -1, 2.775],
			"to": [-0.825, 0.4, 2.925],
			"rotation": {"angle": 0, "axis": "y", "origin": [-0.975, -1, 1.025]},
			"faces": {
				"north": {"uv": [0, 0, 1, 1], "texture": "#2"},
				"east": {"uv": [0, 1, 1, 2], "texture": "#2"},
				"south": {"uv": [1, 0, 2, 1], "texture": "#2"},
				"west": {"uv": [1, 1, 2, 2], "texture": "#2"},
				"up": {"uv": [1, 3, 0, 2], "texture": "#2"},
				"down": {"uv": [3, 0, 2, 1], "texture": "#2"}
			}
		},
		{
			"from": [-1.125, -1, 2.625],
			"to": [-0.625, -0.5, 3.125],
			"rotation": {"angle": 0, "axis": "y", "origin": [-2.625, -1, 2.375]},
			"faces": {
				"north": {"uv": [1, 2, 2, 3], "texture": "#2"},
				"east": {"uv": [2, 1, 3, 2], "texture": "#2"},
				"south": {"uv": [2, 2, 3, 3], "texture": "#2"},
				"west": {"uv": [0, 3, 1, 4], "texture": "#2"},
				"up": {"uv": [4, 1, 3, 0], "texture": "#2"},
				"down": {"uv": [2, 3, 1, 4], "texture": "#2"}
			}
		},
		{
			"from": [0.025, -1, 0.775],
			"to": [0.175, 0.4, 0.925],
			"rotation": {"angle": 0, "axis": "y", "origin": [0.025, -1, -0.975]},
			"faces": {
				"north": {"uv": [0, 0, 1, 1], "texture": "#2"},
				"east": {"uv": [0, 1, 1, 2], "texture": "#2"},
				"south": {"uv": [1, 0, 2, 1], "texture": "#2"},
				"west": {"uv": [1, 1, 2, 2], "texture": "#2"},
				"up": {"uv": [1, 3, 0, 2], "texture": "#2"},
				"down": {"uv": [3, 0, 2, 1], "texture": "#2"}
			}
		},
		{
			"from": [-0.125, -1, 0.625],
			"to": [0.375, -0.5, 1.125],
			"rotation": {"angle": 0, "axis": "y", "origin": [-1.625, -1, 0.375]},
			"faces": {
				"north": {"uv": [1, 2, 2, 3], "texture": "#2"},
				"east": {"uv": [2, 1, 3, 2], "texture": "#2"},
				"south": {"uv": [2, 2, 3, 3], "texture": "#2"},
				"west": {"uv": [0, 3, 1, 4], "texture": "#2"},
				"up": {"uv": [4, 1, 3, 0], "texture": "#2"},
				"down": {"uv": [2, 3, 1, 4], "texture": "#2"}
			}
		},
		{
			"from": [1.025, -1, -0.225],
			"to": [1.175, 0.4, -0.075],
			"rotation": {"angle": 0, "axis": "y", "origin": [1.025, -1, -1.975]},
			"faces": {
				"north": {"uv": [0, 0, 1, 1], "texture": "#2"},
				"east": {"uv": [0, 1, 1, 2], "texture": "#2"},
				"south": {"uv": [1, 0, 2, 1], "texture": "#2"},
				"west": {"uv": [1, 1, 2, 2], "texture": "#2"},
				"up": {"uv": [1, 3, 0, 2], "texture": "#2"},
				"down": {"uv": [3, 0, 2, 1], "texture": "#2"}
			}
		},
		{
			"from": [0.875, -1, -0.375],
			"to": [1.375, -0.5, 0.125],
			"rotation": {"angle": 0, "axis": "y", "origin": [-0.625, -1, -0.625]},
			"faces": {
				"north": {"uv": [1, 2, 2, 3], "texture": "#2"},
				"east": {"uv": [2, 1, 3, 2], "texture": "#2"},
				"south": {"uv": [2, 2, 3, 3], "texture": "#2"},
				"west": {"uv": [0, 3, 1, 4], "texture": "#2"},
				"up": {"uv": [4, 1, 3, 0], "texture": "#2"},
				"down": {"uv": [2, 3, 1, 4], "texture": "#2"}
			}
		},
		{
			"from": [3.001, 0, -0.48089],
			"to": [13.001, 1, 15.51911],
			"rotation": {"angle": 0, "axis": "y", "origin": [7.501, -0.05042, 13.01911]},
			"faces": {
				"north": {"uv": [10.25, 8.75, 12.75, 9], "texture": "#0"},
				"east": {"uv": [10.25, 6.5, 14.25, 6.75], "texture": "#0"},
				"south": {"uv": [10.25, 9, 12.75, 9.25], "texture": "#0"},
				"west": {"uv": [10.25, 6.75, 14.25, 7], "texture": "#0"},
				"up": {"uv": [6, 9.5, 3.5, 5.5], "texture": "#0"},
				"down": {"uv": [8.5, 5.5, 6, 9.5], "texture": "#0"}
			}
		},
		{
			"from": [0.001, 0, 2.51911],
			"to": [16.001, 0.99, 12.51911],
			"rotation": {"angle": 0, "axis": "y", "origin": [7.501, -0.05042, 13.01911]},
			"faces": {
				"north": {"uv": [10.25, 7, 14.25, 7.25], "texture": "#0"},
				"east": {"uv": [10.25, 8.25, 13, 8.5], "texture": "#0"},
				"south": {"uv": [10.25, 7.25, 14.25, 7.5], "texture": "#0"},
				"west": {"uv": [10.25, 8.5, 13, 8.75], "texture": "#0"},
				"up": {"uv": [7.5, 2.75, 3.5, 0], "texture": "#0"},
				"down": {"uv": [7.5, 2.75, 3.5, 5.5], "texture": "#0"}
			}
		},
		{
			"from": [1.001, -0.0503, 0.51911],
			"to": [15.001, 0.9297, 14.51911],
			"rotation": {"angle": 0, "axis": "y", "origin": [7.501, -0.05042, 13.01911]},
			"faces": {
				"north": {"uv": [10.25, 7.5, 13.75, 7.75], "texture": "#0"},
				"east": {"uv": [10.25, 7.75, 13.75, 8], "texture": "#0"},
				"south": {"uv": [10.25, 8, 13.75, 8.25], "texture": "#0"},
				"west": {"uv": [8.25, 10.25, 11.75, 10.5], "texture": "#0"},
				"up": {"uv": [3.5, 3.5, 0, 0], "texture": "#0"},
				"down": {"uv": [3.5, 3.5, 0, 7], "texture": "#0"}
			}
		},
		{
			"from": [4.501, -0.0505, 4.01911],
			"to": [11.501, 7.9495, 11.01911],
			"rotation": {"angle": 0, "axis": "y", "origin": [7.501, -0.05042, 12.01911]},
			"faces": {
				"north": {"uv": [7.5, 2.25, 9.25, 4.25], "texture": "#0"},
				"east": {"uv": [8.5, 4.25, 10.25, 6.25], "texture": "#0"},
				"south": {"uv": [8.5, 6.25, 10.25, 8.25], "texture": "#0"},
				"west": {"uv": [8.5, 8.25, 10.25, 10.25], "texture": "#0"},
				"up": {"uv": [1.75, 11, 0, 9.25], "texture": "#0"},
				"down": {"uv": [3.5, 9.25, 1.75, 11], "texture": "#0"}
			}
		},
		{
			"from": [5.501, 6.94958, 5.01911],
			"to": [10.501, 8.94958, 10.01911],
			"rotation": {"angle": 0, "axis": "y", "origin": [8.001, 6.94958, 12.51911]},
			"faces": {
				"north": {"uv": [2.25, 8.25, 3.5, 8.75], "texture": "#0"},
				"east": {"uv": [2.25, 8.75, 3.5, 9.25], "texture": "#0"},
				"south": {"uv": [10.25, 9.25, 11.5, 9.75], "texture": "#0"},
				"west": {"uv": [10.25, 9.75, 11.5, 10.25], "texture": "#0"},
				"up": {"uv": [3.5, 8.25, 2.25, 7], "texture": "#0"},
				"down": {"uv": [11.5, 3.75, 10.25, 5], "texture": "#0"}
			}
		},
		{
			"from": [3.501, 0.94958, 3.01911],
			"to": [12.501, 2.94958, 12.01911],
			"rotation": {"angle": 0, "axis": "y", "origin": [8.001, 0.94958, 12.51911]},
			"faces": {
				"north": {"uv": [10.25, 5, 12.5, 5.5], "texture": "#0"},
				"east": {"uv": [10.25, 5.5, 12.5, 6], "texture": "#0"},
				"south": {"uv": [6, 10.25, 8.25, 10.75], "texture": "#0"},
				"west": {"uv": [10.25, 6, 12.5, 6.5], "texture": "#0"},
				"up": {"uv": [2.25, 9.25, 0, 7], "texture": "#0"},
				"down": {"uv": [9.75, 0, 7.5, 2.25], "texture": "#0"}
			}
		},
		{
			"from": [16.001, -0.05042, 2.51911],
			"to": [17.001, 2.44958, 12.51911],
			"rotation": {"angle": 0, "axis": "y", "origin": [7.501, -0.05042, 7.01911]},
			"faces": {
				"north": {"uv": [8, 10.75, 8.25, 11.5], "texture": "#0"},
				"east": {"uv": [9.25, 2.25, 11.75, 3], "texture": "#0"},
				"south": {"uv": [2, 11.25, 2.25, 12], "texture": "#0"},
				"west": {"uv": [9.25, 3, 11.75, 3.75], "texture": "#0"},
				"up": {"uv": [8.5, 13, 8.25, 10.5], "texture": "#0"},
				"down": {"uv": [8.75, 10.5, 8.5, 13], "texture": "#0"}
			}
		},
		{
			"from": [15.001, -0.05042, 0.51911],
			"to": [16.001, 2.44958, 2.51911],
			"rotation": {"angle": 0, "axis": "y", "origin": [6.501, -0.05042, 1.01911]},
			"faces": {
				"north": {"uv": [2.25, 11.25, 2.5, 12], "texture": "#0"},
				"east": {"uv": [7.5, 4.25, 8, 5], "texture": "#0"},
				"south": {"uv": [2.5, 11.25, 2.75, 12], "texture": "#0"},
				"west": {"uv": [8, 4.25, 8.5, 5], "texture": "#0"},
				"up": {"uv": [7.75, 5.5, 7.5, 5], "texture": "#0"},
				"down": {"uv": [8, 5, 7.75, 5.5], "texture": "#0"}
			}
		},
		{
			"from": [15.001, -0.05042, 12.51911],
			"to": [16.001, 2.44958, 14.51911],
			"rotation": {"angle": 0, "axis": "y", "origin": [6.501, -0.05042, 14.01911]},
			"faces": {
				"north": {"uv": [2.75, 11.25, 3, 12], "texture": "#0"},
				"east": {"uv": [6.5, 10.75, 7, 11.5], "texture": "#0"},
				"south": {"uv": [3, 11.25, 3.25, 12], "texture": "#0"},
				"west": {"uv": [7, 10.75, 7.5, 11.5], "texture": "#0"},
				"up": {"uv": [8.25, 5.5, 8, 5], "texture": "#0"},
				"down": {"uv": [8.5, 5, 8.25, 5.5], "texture": "#0"}
			}
		},
		{
			"from": [3.001, -0.05042, -1.48089],
			"to": [13.001, 2.44958, -0.48089],
			"rotation": {"angle": 0, "axis": "y", "origin": [7.501, -0.05042, 8.01911]},
			"faces": {
				"north": {"uv": [3.5, 9.5, 6, 10.25], "texture": "#0"},
				"east": {"uv": [3.25, 11.25, 3.5, 12], "texture": "#0"},
				"south": {"uv": [6, 9.5, 8.5, 10.25], "texture": "#0"},
				"west": {"uv": [3.5, 11.25, 3.75, 12], "texture": "#0"},
				"up": {"uv": [11.25, 10.75, 8.75, 10.5], "texture": "#0"},
				"down": {"uv": [11.25, 10.75, 8.75, 11], "texture": "#0"}
			}
		},
		{
			"from": [1.001, -0.05042, -0.48089],
			"to": [3.001, 2.44958, 0.51911],
			"rotation": {"angle": 0, "axis": "y", "origin": [1.501, -0.05042, 9.01911]},
			"faces": {
				"north": {"uv": [7.5, 10.75, 8, 11.5], "texture": "#0"},
				"east": {"uv": [3.75, 11.25, 4, 12], "texture": "#0"},
				"south": {"uv": [5, 11, 5.5, 11.75], "texture": "#0"},
				"west": {"uv": [4, 11.25, 4.25, 12], "texture": "#0"},
				"up": {"uv": [9.75, 4, 9.25, 3.75], "texture": "#0"},
				"down": {"uv": [9.75, 4, 9.25, 4.25], "texture": "#0"}
			}
		},
		{
			"from": [13.001, -0.05042, -0.48089],
			"to": [15.001, 2.44958, 0.51911],
			"rotation": {"angle": 0, "axis": "y", "origin": [14.501, -0.05042, 9.01911]},
			"faces": {
				"north": {"uv": [5.5, 11, 6, 11.75], "texture": "#0"},
				"east": {"uv": [4.25, 11.25, 4.5, 12], "texture": "#0"},
				"south": {"uv": [8.75, 11, 9.25, 11.75], "texture": "#0"},
				"west": {"uv": [4.5, 11.25, 4.75, 12], "texture": "#0"},
				"up": {"uv": [10.25, 4, 9.75, 3.75], "texture": "#0"},
				"down": {"uv": [10.25, 4, 9.75, 4.25], "texture": "#0"}
			}
		},
		{
			"from": [3.001, -0.05042, 15.48089],
			"to": [13.001, 2.44958, 16.48089],
			"rotation": {"angle": 0, "axis": "y", "origin": [7.501, -0.05042, 6.98089]},
			"faces": {
				"north": {"uv": [9.75, 0, 12.25, 0.75], "texture": "#0"},
				"east": {"uv": [4.75, 11.25, 5, 12], "texture": "#0"},
				"south": {"uv": [9.75, 0.75, 12.25, 1.5], "texture": "#0"},
				"west": {"uv": [11.25, 10.5, 11.5, 11.25], "texture": "#0"},
				"up": {"uv": [2.5, 11.25, 0, 11], "texture": "#0"},
				"down": {"uv": [5, 11, 2.5, 11.25], "texture": "#0"}
			}
		},
		{
			"from": [1.001, -0.05042, 14.48089],
			"to": [3.001, 2.44958, 15.48089],
			"rotation": {"angle": 0, "axis": "y", "origin": [1.501, -0.05042, 5.98089]},
			"faces": {
				"north": {"uv": [9.25, 11, 9.75, 11.75], "texture": "#0"},
				"east": {"uv": [11.25, 11.25, 11.5, 12], "texture": "#0"},
				"south": {"uv": [9.75, 11, 10.25, 11.75], "texture": "#0"},
				"west": {"uv": [11.5, 3.75, 11.75, 4.5], "texture": "#0"},
				"up": {"uv": [12, 4.75, 11.5, 4.5], "texture": "#0"},
				"down": {"uv": [12, 4.75, 11.5, 5], "texture": "#0"}
			}
		},
		{
			"from": [13.001, -0.05042, 14.48089],
			"to": [15.001, 2.44958, 15.48089],
			"rotation": {"angle": 0, "axis": "y", "origin": [14.501, -0.05042, 5.98089]},
			"faces": {
				"north": {"uv": [10.25, 11, 10.75, 11.75], "texture": "#0"},
				"east": {"uv": [6.5, 11.5, 6.75, 12.25], "texture": "#0"},
				"south": {"uv": [10.75, 11, 11.25, 11.75], "texture": "#0"},
				"west": {"uv": [6.75, 11.5, 7, 12.25], "texture": "#0"},
				"up": {"uv": [12, 10.25, 11.5, 10], "texture": "#0"},
				"down": {"uv": [12, 10.5, 11.5, 10.75], "texture": "#0"}
			}
		},
		{
			"from": [-0.999, -0.05042, 2.51911],
			"to": [0.001, 2.44958, 12.51911],
			"rotation": {"angle": 0, "axis": "y", "origin": [8.501, -0.05042, 8.01911]},
			"faces": {
				"north": {"uv": [7, 11.5, 7.25, 12.25], "texture": "#0"},
				"east": {"uv": [9.75, 1.5, 12.25, 2.25], "texture": "#0"},
				"south": {"uv": [7.25, 11.5, 7.5, 12.25], "texture": "#0"},
				"west": {"uv": [3.5, 10.25, 6, 11], "texture": "#0"},
				"up": {"uv": [6.25, 13.25, 6, 10.75], "texture": "#0"},
				"down": {"uv": [6.5, 10.75, 6.25, 13.25], "texture": "#0"}
			}
		},
		{
			"from": [0.001, -0.05042, 12.51911],
			"to": [1.001, 2.44958, 14.51911],
			"rotation": {"angle": 0, "axis": "y", "origin": [9.501, -0.05042, 14.01911]},
			"faces": {
				"north": {"uv": [7.5, 11.5, 7.75, 12.25], "texture": "#0"},
				"east": {"uv": [0, 11.25, 0.5, 12], "texture": "#0"},
				"south": {"uv": [7.75, 11.5, 8, 12.25], "texture": "#0"},
				"west": {"uv": [0.5, 11.25, 1, 12], "texture": "#0"},
				"up": {"uv": [11.75, 11.25, 11.5, 10.75], "texture": "#0"},
				"down": {"uv": [11.75, 11.25, 11.5, 11.75], "texture": "#0"}
			}
		},
		{
			"from": [0.001, -0.05042, 0.51911],
			"to": [1.001, 2.44958, 2.51911],
			"rotation": {"angle": 0, "axis": "y", "origin": [9.501, -0.05042, 1.01911]},
			"faces": {
				"north": {"uv": [8, 11.5, 8.25, 12.25], "texture": "#0"},
				"east": {"uv": [1, 11.25, 1.5, 12], "texture": "#0"},
				"south": {"uv": [11.5, 9.25, 11.75, 10], "texture": "#0"},
				"west": {"uv": [1.5, 11.25, 2, 12], "texture": "#0"},
				"up": {"uv": [12, 2.75, 11.75, 2.25], "texture": "#0"},
				"down": {"uv": [12, 2.75, 11.75, 3.25], "texture": "#0"}
			}
		},
		{
			"from": [16.825, -1, 2.775],
			"to": [16.975, 0.4, 2.925],
			"rotation": {"angle": 0, "axis": "y", "origin": [16.975, -1, 1.025]},
			"faces": {
				"north": {"uv": [1, 0, 0, 1], "texture": "#2"},
				"east": {"uv": [2, 1, 1, 2], "texture": "#2"},
				"south": {"uv": [2, 0, 1, 1], "texture": "#2"},
				"west": {"uv": [1, 1, 0, 2], "texture": "#2"},
				"up": {"uv": [0, 3, 1, 2], "texture": "#2"},
				"down": {"uv": [2, 0, 3, 1], "texture": "#2"}
			}
		},
		{
			"from": [16.625, -1, 2.625],
			"to": [17.125, -0.5, 3.125],
			"rotation": {"angle": 0, "axis": "y", "origin": [18.625, -1, 2.375]},
			"faces": {
				"north": {"uv": [2, 2, 1, 3], "texture": "#2"},
				"east": {"uv": [1, 3, 0, 4], "texture": "#2"},
				"south": {"uv": [3, 2, 2, 3], "texture": "#2"},
				"west": {"uv": [3, 1, 2, 2], "texture": "#2"},
				"up": {"uv": [3, 1, 4, 0], "texture": "#2"},
				"down": {"uv": [1, 3, 2, 4], "texture": "#2"}
			}
		},
		{
			"from": [15.825, -1, 0.775],
			"to": [15.975, 0.4, 0.925],
			"rotation": {"angle": 0, "axis": "y", "origin": [15.975, -1, -0.975]},
			"faces": {
				"north": {"uv": [1, 0, 0, 1], "texture": "#2"},
				"east": {"uv": [2, 1, 1, 2], "texture": "#2"},
				"south": {"uv": [2, 0, 1, 1], "texture": "#2"},
				"west": {"uv": [1, 1, 0, 2], "texture": "#2"},
				"up": {"uv": [0, 3, 1, 2], "texture": "#2"},
				"down": {"uv": [2, 0, 3, 1], "texture": "#2"}
			}
		},
		{
			"from": [15.625, -1, 0.625],
			"to": [16.125, -0.5, 1.125],
			"rotation": {"angle": 0, "axis": "y", "origin": [17.625, -1, 0.375]},
			"faces": {
				"north": {"uv": [2, 2, 1, 3], "texture": "#2"},
				"east": {"uv": [1, 3, 0, 4], "texture": "#2"},
				"south": {"uv": [3, 2, 2, 3], "texture": "#2"},
				"west": {"uv": [3, 1, 2, 2], "texture": "#2"},
				"up": {"uv": [3, 1, 4, 0], "texture": "#2"},
				"down": {"uv": [1, 3, 2, 4], "texture": "#2"}
			}
		},
		{
			"from": [14.825, -1, -0.225],
			"to": [14.975, 0.4, -0.075],
			"rotation": {"angle": 0, "axis": "y", "origin": [14.975, -1, -1.975]},
			"faces": {
				"north": {"uv": [1, 0, 0, 1], "texture": "#2"},
				"east": {"uv": [2, 1, 1, 2], "texture": "#2"},
				"south": {"uv": [2, 0, 1, 1], "texture": "#2"},
				"west": {"uv": [1, 1, 0, 2], "texture": "#2"},
				"up": {"uv": [0, 3, 1, 2], "texture": "#2"},
				"down": {"uv": [2, 0, 3, 1], "texture": "#2"}
			}
		},
		{
			"from": [14.625, -1, -0.375],
			"to": [15.125, -0.5, 0.125],
			"rotation": {"angle": 0, "axis": "y", "origin": [16.625, -1, -0.625]},
			"faces": {
				"north": {"uv": [2, 2, 1, 3], "texture": "#2"},
				"east": {"uv": [1, 3, 0, 4], "texture": "#2"},
				"south": {"uv": [3, 2, 2, 3], "texture": "#2"},
				"west": {"uv": [3, 1, 2, 2], "texture": "#2"},
				"up": {"uv": [3, 1, 4, 0], "texture": "#2"},
				"down": {"uv": [1, 3, 2, 4], "texture": "#2"}
			}
		},
		{
			"from": [16.825, -1, 12.075],
			"to": [16.975, 0.4, 12.225],
			"rotation": {"angle": 0, "axis": "y", "origin": [16.975, -1, 13.975]},
			"faces": {
				"north": {"uv": [1, 0, 2, 1], "texture": "#2"},
				"east": {"uv": [1, 1, 2, 2], "texture": "#2"},
				"south": {"uv": [0, 0, 1, 1], "texture": "#2"},
				"west": {"uv": [0, 1, 1, 2], "texture": "#2"},
				"up": {"uv": [0, 2, 1, 3], "texture": "#2"},
				"down": {"uv": [2, 1, 3, 0], "texture": "#2"}
			}
		},
		{
			"from": [16.625, -1, 11.875],
			"to": [17.125, -0.5, 12.375],
			"rotation": {"angle": 0, "axis": "y", "origin": [18.625, -1, 12.625]},
			"faces": {
				"north": {"uv": [2, 2, 3, 3], "texture": "#2"},
				"east": {"uv": [0, 3, 1, 4], "texture": "#2"},
				"south": {"uv": [1, 2, 2, 3], "texture": "#2"},
				"west": {"uv": [2, 1, 3, 2], "texture": "#2"},
				"up": {"uv": [3, 0, 4, 1], "texture": "#2"},
				"down": {"uv": [1, 4, 2, 3], "texture": "#2"}
			}
		},
		{
			"from": [15.825, -1, 14.075],
			"to": [15.975, 0.4, 14.225],
			"rotation": {"angle": 0, "axis": "y", "origin": [15.975, -1, 15.975]},
			"faces": {
				"north": {"uv": [1, 0, 2, 1], "texture": "#2"},
				"east": {"uv": [1, 1, 2, 2], "texture": "#2"},
				"south": {"uv": [0, 0, 1, 1], "texture": "#2"},
				"west": {"uv": [0, 1, 1, 2], "texture": "#2"},
				"up": {"uv": [0, 2, 1, 3], "texture": "#2"},
				"down": {"uv": [2, 1, 3, 0], "texture": "#2"}
			}
		},
		{
			"from": [15.625, -1, 13.875],
			"to": [16.125, -0.5, 14.375],
			"rotation": {"angle": 0, "axis": "y", "origin": [17.625, -1, 14.625]},
			"faces": {
				"north": {"uv": [2, 2, 3, 3], "texture": "#2"},
				"east": {"uv": [0, 3, 1, 4], "texture": "#2"},
				"south": {"uv": [1, 2, 2, 3], "texture": "#2"},
				"west": {"uv": [2, 1, 3, 2], "texture": "#2"},
				"up": {"uv": [3, 0, 4, 1], "texture": "#2"},
				"down": {"uv": [1, 4, 2, 3], "texture": "#2"}
			}
		},
		{
			"from": [14.825, -1, 15.075],
			"to": [14.975, 0.4, 15.225],
			"rotation": {"angle": 0, "axis": "y", "origin": [14.975, -1, 16.975]},
			"faces": {
				"north": {"uv": [1, 0, 2, 1], "texture": "#2"},
				"east": {"uv": [1, 1, 2, 2], "texture": "#2"},
				"south": {"uv": [0, 0, 1, 1], "texture": "#2"},
				"west": {"uv": [0, 1, 1, 2], "texture": "#2"},
				"up": {"uv": [0, 2, 1, 3], "texture": "#2"},
				"down": {"uv": [2, 1, 3, 0], "texture": "#2"}
			}
		},
		{
			"from": [14.625, -1, 14.875],
			"to": [15.125, -0.5, 15.375],
			"rotation": {"angle": 0, "axis": "y", "origin": [16.625, -1, 15.625]},
			"faces": {
				"north": {"uv": [2, 2, 3, 3], "texture": "#2"},
				"east": {"uv": [0, 3, 1, 4], "texture": "#2"},
				"south": {"uv": [1, 2, 2, 3], "texture": "#2"},
				"west": {"uv": [2, 1, 3, 2], "texture": "#2"},
				"up": {"uv": [3, 0, 4, 1], "texture": "#2"},
				"down": {"uv": [1, 4, 2, 3], "texture": "#2"}
			}
		},
		{
			"from": [-0.975, -1, 12.075],
			"to": [-0.825, 0.4, 12.225],
			"rotation": {"angle": 0, "axis": "y", "origin": [-0.975, -1, 13.975]},
			"faces": {
				"north": {"uv": [2, 0, 1, 1], "texture": "#2"},
				"east": {"uv": [1, 1, 0, 2], "texture": "#2"},
				"south": {"uv": [1, 0, 0, 1], "texture": "#2"},
				"west": {"uv": [2, 1, 1, 2], "texture": "#2"},
				"up": {"uv": [1, 2, 0, 3], "texture": "#2"},
				"down": {"uv": [3, 1, 2, 0], "texture": "#2"}
			}
		},
		{
			"from": [-1.125, -1, 11.875],
			"to": [-0.625, -0.5, 12.375],
			"rotation": {"angle": 0, "axis": "y", "origin": [-2.625, -1, 12.625]},
			"faces": {
				"north": {"uv": [3, 2, 2, 3], "texture": "#2"},
				"east": {"uv": [3, 1, 2, 2], "texture": "#2"},
				"south": {"uv": [2, 2, 1, 3], "texture": "#2"},
				"west": {"uv": [1, 3, 0, 4], "texture": "#2"},
				"up": {"uv": [4, 0, 3, 1], "texture": "#2"},
				"down": {"uv": [2, 4, 1, 3], "texture": "#2"}
			}
		},
		{
			"from": [0.025, -1, 14.075],
			"to": [0.175, 0.4, 14.225],
			"rotation": {"angle": 0, "axis": "y", "origin": [0.025, -1, 15.975]},
			"faces": {
				"north": {"uv": [2, 0, 1, 1], "texture": "#2"},
				"east": {"uv": [1, 1, 0, 2], "texture": "#2"},
				"south": {"uv": [1, 0, 0, 1], "texture": "#2"},
				"west": {"uv": [2, 1, 1, 2], "texture": "#2"},
				"up": {"uv": [1, 2, 0, 3], "texture": "#2"},
				"down": {"uv": [3, 1, 2, 0], "texture": "#2"}
			}
		},
		{
			"from": [-0.125, -1, 13.875],
			"to": [0.375, -0.5, 14.375],
			"rotation": {"angle": 0, "axis": "y", "origin": [-1.625, -1, 14.625]},
			"faces": {
				"north": {"uv": [3, 2, 2, 3], "texture": "#2"},
				"east": {"uv": [3, 1, 2, 2], "texture": "#2"},
				"south": {"uv": [2, 2, 1, 3], "texture": "#2"},
				"west": {"uv": [1, 3, 0, 4], "texture": "#2"},
				"up": {"uv": [4, 0, 3, 1], "texture": "#2"},
				"down": {"uv": [2, 4, 1, 3], "texture": "#2"}
			}
		},
		{
			"from": [1.025, -1, 15.075],
			"to": [1.175, 0.4, 15.225],
			"rotation": {"angle": 0, "axis": "y", "origin": [1.025, -1, 16.975]},
			"faces": {
				"north": {"uv": [2, 0, 1, 1], "texture": "#2"},
				"east": {"uv": [1, 1, 0, 2], "texture": "#2"},
				"south": {"uv": [1, 0, 0, 1], "texture": "#2"},
				"west": {"uv": [2, 1, 1, 2], "texture": "#2"},
				"up": {"uv": [1, 2, 0, 3], "texture": "#2"},
				"down": {"uv": [3, 1, 2, 0], "texture": "#2"}
			}
		},
		{
			"from": [0.875, -1, 14.875],
			"to": [1.375, -0.5, 15.375],
			"rotation": {"angle": 0, "axis": "y", "origin": [-0.625, -1, 15.625]},
			"faces": {
				"north": {"uv": [3, 2, 2, 3], "texture": "#2"},
				"east": {"uv": [3, 1, 2, 2], "texture": "#2"},
				"south": {"uv": [2, 2, 1, 3], "texture": "#2"},
				"west": {"uv": [1, 3, 0, 4], "texture": "#2"},
				"up": {"uv": [4, 0, 3, 1], "texture": "#2"},
				"down": {"uv": [2, 4, 1, 3], "texture": "#2"}
			}
		}
	],
	"display": {
		"thirdperson_righthand": {
			"rotation": [-9, 0, 0],
			"translation": [0, 4.25, 0.75],
			"scale": [0.56, 0.56, 0.56]
		},
		"thirdperson_lefthand": {
			"rotation": [-9, 0, 0],
			"translation": [0, 4.5, 0],
			"scale": [0.56, 0.56, 0.56]
		},
		"ground": {
			"translation": [0, 1.75, -0.25],
			"scale": [0.56, 0.56, 0.56]
		},
		"gui": {
			"rotation": [19, -1, 0],
			"translation": [0, 3.75, 0],
			"scale": [0.81, 0.81, 0.81]
		},
		"head": {
			"translation": [0, 16, 0.75],
			"scale": [1.2, 1.2, 1.2]
		},
		"fixed": {
			"translation": [0, 4.75, -0.75]
		}
	},
	"groups": [
		{
			"name": "group",
			"origin": [8, 8, 8],
			"color": 0,
			"children": [
				{
					"name": "group",
					"origin": [8, 8, 8],
					"color": 0,
					"children": [
						0,
						1,
						{
							"name": "group",
							"origin": [8, 8, 8],
							"color": 0,
							"children": [
								2,
								3,
								{
									"name": "group",
									"origin": [8, 8, 8],
									"color": 0,
									"children": [4, 5]
								}
							]
						}
					]
				},
				{
					"name": "group",
					"origin": [8, 8, 8],
					"color": 0,
					"children": [6, 7, 8]
				},
				{
					"name": "group",
					"origin": [8, 8, 8],
					"color": 0,
					"children": [
						9,
						10,
						11,
						{
							"name": "group",
							"origin": [7.501, 0.94958, 8.01911],
							"color": 0,
							"children": [
								{
									"name": "group",
									"origin": [7.501, 0.94958, 8.01911],
									"color": 0,
									"children": [12, 13, 14]
								},
								15,
								16,
								17,
								{
									"name": "group",
									"origin": [7.501, 0.94958, 8.01911],
									"color": 0,
									"children": [18, 19, 20]
								},
								{
									"name": "group",
									"origin": [7.501, 0.94958, 8.01911],
									"color": 0,
									"children": [21, 22, 23]
								}
							]
						}
					]
				}
			]
		},
		{
			"name": "group",
			"origin": [8, 8, 8],
			"color": 0,
			"children": [
				24,
				25,
				{
					"name": "group",
					"origin": [8, 8, 8],
					"color": 0,
					"children": [
						26,
						27,
						{
							"name": "group",
							"origin": [8, 8, 8],
							"color": 0,
							"children": [28, 29]
						}
					]
				}
			]
		},
		{
			"name": "group",
			"origin": [8, 8, 8],
			"color": 0,
			"children": [
				30,
				31,
				{
					"name": "group",
					"origin": [8, 8, 8],
					"color": 0,
					"children": [
						32,
						33,
						{
							"name": "group",
							"origin": [8, 8, 8],
							"color": 0,
							"children": [34, 35]
						}
					]
				}
			]
		},
		{
			"name": "group",
			"origin": [8, 8, 8],
			"color": 0,
			"children": [
				36,
				37,
				{
					"name": "group",
					"origin": [8, 8, 8],
					"color": 0,
					"children": [
						38,
						39,
						{
							"name": "group",
							"origin": [8, 8, 8],
							"color": 0,
							"children": [40, 41]
						}
					]
				}
			]
		}
	]
}