{"textures":{"0":"modelengine:entity/ticksbolatengugmxx1"},"elements":[{"from":[2.0,-13.0,8.0],"to":[14.0,-1.0,8.0],"faces":{"south":{"uv":[0.0,6.0,1.5,7.5],"tintindex":0,"rotation":0,"texture":"#0"},"north":{"uv":[6.0,0.0,7.5,1.5],"tintindex":0,"rotation":0,"texture":"#0"}}},{"from":[2.0,-13.0,8.0],"to":[14.0,-1.0,8.0],"faces":{"south":{"uv":[6.0,1.5,7.5,3.0],"tintindex":0,"rotation":0,"texture":"#0"},"north":{"uv":[1.5,6.0,3.0,7.5],"tintindex":0,"rotation":0,"texture":"#0"}}},{"from":[8.0,-13.0,2.0],"to":[8.0,-1.0,14.0],"faces":{"east":{"uv":[1.5,6.0,3.0,7.5],"tintindex":0,"rotation":0,"texture":"#0"},"west":{"uv":[6.0,1.5,7.5,3.0],"tintindex":0,"rotation":0,"texture":"#0"}}},{"from":[2.0,-7.0,2.0],"to":[14.0,-7.0,14.0],"faces":{"up":{"uv":[1.5,7.5,0.0,6.0],"tintindex":0,"rotation":0,"texture":"#0"},"down":{"uv":[7.5,0.0,6.0,1.5],"tintindex":0,"rotation":0,"texture":"#0"}}}],"display":{"gui":{"rotation":[30,225,0]}}}