{
    "providers": [
      {
        "type":"bitmap",
        "file":"minecraft:custom/misc/orange_alert.png",
        "ascent":7,
        "height":7,
        "chars": [
          "\uE318"
        ]
      },
      {
        "type":"bitmap",
        "file":"minecraft:custom/misc/yellow_alert.png",
        "ascent":7,
        "height":7,
        "chars": [
          "\uE13B"
        ]
      },
      {
        "type":"bitmap",
        "file":"minecraft:custom/misc/red_alert.png",
        "ascent":7,
        "height":7,
        "chars": [
          "\uE13C"
        ]
      },
      {
        "type":"bitmap",
        "file":"minecraft:custom/misc/green_alert.png",
        "ascent":7,
        "height":7,
        "chars": [
          "\uE13D"
        ]
      },

      {
        "type":"bitmap",
        "file":"minecraft:custom/misc/common.png",
        "ascent":7,
        "height":7,
        "chars": [
          "\uE13E"
        ]
      },
      {
        "type":"bitmap",
        "file":"minecraft:custom/misc/rare.png",
        "ascent":7,
        "height":7,
        "chars": [
          "\uE13F"
        ]
      },
      {
        "type":"bitmap",
        "file":"minecraft:custom/misc/epic.png",
        "ascent":7,
        "height":7,
        "chars": [
          "\uE140"
        ]
      },
      {
        "type":"bitmap",
        "file":"minecraft:custom/misc/legendary.png",
        "ascent":7,
        "height":7,
        "chars": [
          "\uE141"
        ]
      },

      {
        "type":"bitmap",
        "file":"minecraft:custom/titles/crates.png",
        "ascent":6,
        "height":8,
        "chars": [
          "\uE142"
        ]
      },
      {
        "type":"bitmap",
        "file":"minecraft:custom/titles/npc.png",
        "ascent":7,
        "height":8,
        "chars": [
          "\uE143"
        ]
      },
      {
        "type":"bitmap",
        "file":"minecraft:custom/titles/information.png",
        "ascent":6,
        "height":8,
        "chars": [
          "\uE144"
        ]
      }

      ]
}