{"credit":"Made with Blockbench","texture_size":[128,128],"textures":{"0":"cook_props:cook","particle":"cook_props:cook"},"elements":[{"from":[6.5,0,1],"to":[8.5,1,5],"rotation":{"angle":0,"axis":"y","origin":[8,0.5,6.25]},"faces":{"north":{"uv":[0.5,1.5,0.75,1.625],"texture":"#0"},"east":{"uv":[0.5,1.625,0.625,1.125],"rotation":90,"texture":"#0"},"south":{"uv":[0.5,1.125,0.75,1.25],"texture":"#0"},"west":{"uv":[0.625,1.125,0.75,1.625],"rotation":90,"texture":"#0"},"up":{"uv":[0.75,1.625,0.5,1.125],"texture":"#0"},"down":{"uv":[0.75,1.125,0.5,1.625],"texture":"#0"}}},{"from":[6.5,0.5,5],"to":[10.5,0.5,14],"rotation":{"angle":0,"axis":"y","origin":[8,0.5,6.25]},"faces":{"up":{"uv":[0.75,1.125,0.25,0],"texture":"#0"},"down":{"uv":[0.75,0,0.25,1.125],"texture":"#0"}}}],"gui_light":"front","display":{"thirdperson_righthand":{"rotation":[-73.5,0,90],"translation":[-7.75,6.5,3.25],"scale":[1.07,1.07,1.07]},"thirdperson_lefthand":{"rotation":[-73.5,0,-90],"translation":[8.25,6.5,3.25],"scale":[1.07,1.07,1.07]},"firstperson_righthand":{"rotation":[-147.5,3.91,158.16],"translation":[8,2.75,-2.75],"scale":[0.56016,0.56016,0.56016]},"firstperson_lefthand":{"rotation":[-157.65,-1.47,-25.63],"translation":[8,-2.25,-3.75],"scale":[0.56016,0.56016,0.56016]},"ground":{"translation":[0,4,0],"scale":[0.55664,0.55664,0.55664]},"gui":{"rotation":[30,225,0],"translation":[0,7,0],"scale":[1.23438,1.23438,1.23438]},"head":{"translation":[0,12.75,0],"scale":[0.79492,0.79492,0.79492]},"fixed":{"rotation":[-90,0,0],"translation":[0,0,-16],"scale":[2.00195,2.00195,2.00195]}},"groups":[{"name":"group","origin":[8,8,8],"color":0,"children":[0,1]}],"mcmodels":"2db3ac16f1bebb66462b51c9481be7b7"}