{
	"credit": "Made with Blockbench",
	"texture_size": [64, 64],
	"textures": {
		"2": "item/baseball_cap"
	},
	"elements": [
		{
			"from": [13.73302, 0.95, 1.8],
			"to": [19.05802, 1.45, 12.4],
			"rotation": {"angle": 0, "axis": "y", "origin": [12.05802, 0.94958, 12.55112]},
			"faces": {
				"north": {"uv": [1, 8.25, 2.25, 8.5], "texture": "#2"},
				"east": {"uv": [1, 8.5, 3.75, 8.75], "texture": "#2"},
				"south": {"uv": [1, 8.75, 2.25, 9], "texture": "#2"},
				"west": {"uv": [3.75, 8.5, 6.5, 8.75], "texture": "#2"},
				"up": {"uv": [1.25, 8.25, 0, 5.5], "texture": "#2"},
				"down": {"uv": [2.5, 5.5, 1.25, 8.25], "texture": "#2"}
			}
		},
		{
			"from": [19.001, 0.9495, 3.31911],
			"to": [20.601, 1.4495, 10.89411],
			"rotation": {"angle": 0, "axis": "y", "origin": [19.101, 0.94958, 2.59411]},
			"faces": {
				"north": {"uv": [7.25, 3.75, 7.75, 4], "texture": "#2"},
				"east": {"uv": [6.5, 8.5, 8.5, 8.75], "texture": "#2"},
				"south": {"uv": [4.75, 8.75, 5.25, 9], "texture": "#2"},
				"west": {"uv": [8.5, 8.5, 10.5, 8.75], "texture": "#2"},
				"up": {"uv": [0.5, 10.25, 0, 8.25], "texture": "#2"},
				"down": {"uv": [1, 8.25, 0.5, 10.25], "texture": "#2"}
			}
		},
		{
			"from": [19.50988, 0.9497, 9.38978],
			"to": [21.70988, 1.4397, 11.03978],
			"rotation": {"angle": 45, "axis": "y", "origin": [20.98488, 0.94958, 12.28978]},
			"faces": {
				"north": {"uv": [5.25, 8.75, 5.75, 9], "texture": "#2"},
				"east": {"uv": [5.75, 8.75, 6.25, 9], "texture": "#2"},
				"south": {"uv": [6.25, 8.75, 6.75, 9], "texture": "#2"},
				"west": {"uv": [6.75, 8.75, 7.25, 9], "texture": "#2"},
				"up": {"uv": [2.75, 9.25, 2.25, 8.75], "texture": "#2"},
				"down": {"uv": [3.25, 8.75, 2.75, 9.25], "texture": "#2"}
			}
		},
		{
			"from": [19.50988, 0.9497, 3.21022],
			"to": [21.70988, 1.4397, 4.86022],
			"rotation": {"angle": -45, "axis": "y", "origin": [20.98488, 0.94958, 1.96022]},
			"faces": {
				"north": {"uv": [7.25, 8.75, 7.75, 9], "texture": "#2"},
				"east": {"uv": [7.75, 8.75, 8.25, 9], "texture": "#2"},
				"south": {"uv": [8.25, 8.75, 8.75, 9], "texture": "#2"},
				"west": {"uv": [8.75, 8.75, 9.25, 9], "texture": "#2"},
				"up": {"uv": [3.75, 9.25, 3.25, 8.75], "texture": "#2"},
				"down": {"uv": [4.25, 8.75, 3.75, 9.25], "texture": "#2"}
			}
		},
		{
			"from": [4.251, 0.9495, 2.04411],
			"to": [14.251, 4.6745, 12.04411],
			"rotation": {"angle": 0, "axis": "y", "origin": [7.501, -0.05042, 12.04411]},
			"faces": {
				"north": {"uv": [5.25, 4, 7.75, 5], "texture": "#2"},
				"east": {"uv": [7.25, 0, 9.75, 1], "texture": "#2"},
				"south": {"uv": [7.25, 1, 9.75, 2], "texture": "#2"},
				"west": {"uv": [7.25, 2, 9.75, 3], "texture": "#2"},
				"up": {"uv": [5.25, 2.5, 2.75, 0], "texture": "#2"},
				"down": {"uv": [5.25, 2.5, 2.75, 5], "texture": "#2"}
			}
		},
		{
			"from": [5.251, 2.94958, 3.04411],
			"to": [13.251, 6.12458, 11.04411],
			"rotation": {"angle": 0, "axis": "y", "origin": [8.001, 2.94958, 12.54411]},
			"faces": {
				"north": {"uv": [7.25, 5.75, 9.25, 6.5], "texture": "#2"},
				"east": {"uv": [7.25, 6.5, 9.25, 7.25], "texture": "#2"},
				"south": {"uv": [7, 7.25, 9, 8], "texture": "#2"},
				"west": {"uv": [7.75, 3.75, 9.75, 4.5], "texture": "#2"},
				"up": {"uv": [7.25, 2, 5.25, 0], "texture": "#2"},
				"down": {"uv": [7.25, 2, 5.25, 4], "texture": "#2"}
			}
		},
		{
			"from": [9.001, 2.94958, 6.79411],
			"to": [9.501, 6.27458, 7.29411],
			"rotation": {"angle": 0, "axis": "y", "origin": [8.001, 2.94958, 12.29411]},
			"faces": {
				"north": {"uv": [2.5, 5.5, 2.75, 6.25], "texture": "#2"},
				"east": {"uv": [2.5, 6.25, 2.75, 7], "texture": "#2"},
				"south": {"uv": [4.25, 8.75, 4.5, 9.5], "texture": "#2"},
				"west": {"uv": [4.5, 8.75, 4.75, 9.5], "texture": "#2"},
				"up": {"uv": [2.75, 7.25, 2.5, 7], "texture": "#2"},
				"down": {"uv": [2.5, 8.25, 2.25, 8.5], "texture": "#2"}
			}
		},
		{
			"from": [4.751, 2.94958, 2.56911],
			"to": [13.751, 5.62458, 11.54411],
			"rotation": {"angle": 0, "axis": "y", "origin": [8.001, 2.94958, 12.54411]},
			"faces": {
				"north": {"uv": [2.5, 7.25, 4.75, 8], "texture": "#2"},
				"east": {"uv": [7.25, 3, 9.5, 3.75], "texture": "#2"},
				"south": {"uv": [4.75, 7.25, 7, 8], "texture": "#2"},
				"west": {"uv": [7.25, 5, 9.5, 5.75], "texture": "#2"},
				"up": {"uv": [5, 7.25, 2.75, 5], "texture": "#2"},
				"down": {"uv": [7.25, 5, 5, 7.25], "texture": "#2"}
			}
		},
		{
			"from": [4.001, 0.94958, 1.79411],
			"to": [14.501, 2.87458, 12.44411],
			"rotation": {"angle": 0, "axis": "y", "origin": [8.001, 0.94958, 12.54411]},
			"faces": {
				"north": {"uv": [7.75, 4.5, 10.5, 5], "texture": "#2"},
				"east": {"uv": [2.5, 8, 5.25, 8.5], "texture": "#2"},
				"south": {"uv": [5.25, 8, 8, 8.5], "texture": "#2"},
				"west": {"uv": [8, 8, 10.75, 8.5], "texture": "#2"},
				"up": {"uv": [2.75, 2.75, 0, 0], "texture": "#2"},
				"down": {"uv": [2.75, 2.75, 0, 5.5], "texture": "#2"}
			}
		}
	],
	"display": {
		"thirdperson_righthand": {
			"rotation": [-8, 90, 0],
			"translation": [0, 3.5, 0.75],
			"scale": [0.5, 0.5, 0.5]
		},
		"thirdperson_lefthand": {
			"rotation": [-8, -90, 0],
			"translation": [0, 3.5, 0],
			"scale": [0.5, 0.5, 0.5]
		},
		"ground": {
			"translation": [0, 1.25, 0],
			"scale": [0.6, 0.6, 0.6]
		},
		"gui": {
			"rotation": [16, -75, 0],
			"translation": [-1.5, 4.75, 0]
		},
		"head": {
			"rotation": [-180, 89.25, -180],
			"translation": [1.25, 14.75, 1.75],
			"scale": [1.4, 1.4, 1.4]
		},
		"fixed": {
			"rotation": [-19, 91, 0],
			"translation": [1, 5.5, 0]
		}
	},
	"groups": [
		{
			"name": "group",
			"origin": [8, 8, 8],
			"color": 0,
			"children": [
				{
					"name": "group",
					"origin": [8, 8, 8],
					"color": 0,
					"children": [0, 1, 2, 3]
				},
				{
					"name": "group",
					"origin": [8, 8, 8],
					"color": 0,
					"children": [4, 5, 6, 7, 8]
				}
			]
		}
	]
}