{
	"credit": "Made with Blockbench",
	"texture_size": [64, 64],
	"textures": {
		"2": "item/propeller_cap"
	},
	"elements": [
		{
			"from": [13.73302, 1.45, 3.375],
			"to": [19.05802, 1.95, 11.025],
			"rotation": {"angle": 0, "axis": "y", "origin": [12.05802, 1.44958, 12.55112]},
			"faces": {
				"north": {"uv": [4, 8.5, 5.25, 8.75], "texture": "#2"},
				"east": {"uv": [7.75, 4.75, 9.75, 5], "texture": "#2"},
				"south": {"uv": [5.25, 8.5, 6.5, 8.75], "texture": "#2"},
				"west": {"uv": [0, 8.25, 2, 8.5], "texture": "#2"},
				"up": {"uv": [1.25, 7.5, 0, 5.5], "texture": "#2"},
				"down": {"uv": [2.5, 5.5, 1.25, 7.5], "texture": "#2"}
			}
		},
		{
			"from": [13.73302, 0.95, 10.85],
			"to": [19.05802, 1.45, 12.4],
			"rotation": {"angle": 0, "axis": "y", "origin": [12.05802, 0.94958, 12.55112]},
			"faces": {
				"north": {"uv": [4, 8.5, 5.25, 8.75], "texture": "#2"},
				"east": {"uv": [7.75, 4.75, 9.75, 5], "texture": "#2"},
				"south": {"uv": [5.25, 8.5, 6.5, 8.75], "texture": "#2"},
				"west": {"uv": [0, 8.25, 2, 8.5], "texture": "#2"},
				"up": {"uv": [1.25, 7.5, 0, 5.5], "texture": "#2"},
				"down": {"uv": [2.5, 5.5, 1.25, 7.5], "texture": "#2"}
			}
		},
		{
			"from": [13.73302, 0.95, 1.85],
			"to": [19.05802, 1.45, 3.4],
			"rotation": {"angle": 0, "axis": "y", "origin": [12.05802, 0.94958, 3.55112]},
			"faces": {
				"north": {"uv": [4, 8.5, 5.25, 8.75], "texture": "#2"},
				"east": {"uv": [7.75, 4.75, 9.75, 5], "texture": "#2"},
				"south": {"uv": [5.25, 8.5, 6.5, 8.75], "texture": "#2"},
				"west": {"uv": [0, 8.25, 2, 8.5], "texture": "#2"},
				"up": {"uv": [1.25, 7.5, 0, 5.5], "texture": "#2"},
				"down": {"uv": [2.5, 5.5, 1.25, 7.5], "texture": "#2"}
			}
		},
		{
			"from": [19.001, 1.1995, 3.31911],
			"to": [20.601, 1.6995, 10.89411],
			"rotation": {"angle": 0, "axis": "y", "origin": [19.101, 1.19958, 2.59411]},
			"faces": {
				"north": {"uv": [7.25, 3.75, 7.75, 4], "texture": "#2"},
				"east": {"uv": [0, 8.5, 2, 8.75], "texture": "#2"},
				"south": {"uv": [1.75, 8.75, 2.25, 9], "texture": "#2"},
				"west": {"uv": [2, 8.5, 4, 8.75], "texture": "#2"},
				"up": {"uv": [8, 10, 7.5, 8], "texture": "#2"},
				"down": {"uv": [8.5, 8, 8, 10], "texture": "#2"}
			}
		},
		{
			"from": [19.001, 1.6995, 4.06911],
			"to": [20.601, 1.9495, 10.14411],
			"rotation": {"angle": 0, "axis": "y", "origin": [19.101, 1.69958, 2.59411]},
			"faces": {
				"north": {"uv": [7.25, 3.75, 7.75, 4], "texture": "#2"},
				"east": {"uv": [0, 8.5, 2, 8.75], "texture": "#2"},
				"south": {"uv": [1.75, 8.75, 2.25, 9], "texture": "#2"},
				"west": {"uv": [2, 8.5, 4, 8.75], "texture": "#2"},
				"up": {"uv": [8, 10, 7.5, 8], "texture": "#2"},
				"down": {"uv": [8.5, 8, 8, 10], "texture": "#2"}
			}
		},
		{
			"from": [19.50988, 0.9497, 9.38978],
			"to": [21.70988, 1.4397, 11.03978],
			"rotation": {"angle": 45, "axis": "y", "origin": [20.98488, 0.94958, 12.28978]},
			"faces": {
				"north": {"uv": [2.25, 8.75, 2.75, 9], "texture": "#2"},
				"east": {"uv": [2.75, 8.75, 3.25, 9], "texture": "#2"},
				"south": {"uv": [3.25, 8.75, 3.75, 9], "texture": "#2"},
				"west": {"uv": [3.75, 8.75, 4.25, 9], "texture": "#2"},
				"up": {"uv": [2.5, 8, 2, 7.5], "texture": "#2"},
				"down": {"uv": [7, 8.5, 6.5, 9], "texture": "#2"}
			}
		},
		{
			"from": [19.50988, 0.9497, 3.21022],
			"to": [21.70988, 1.4397, 4.86022],
			"rotation": {"angle": -45, "axis": "y", "origin": [20.98488, 0.94958, 1.96022]},
			"faces": {
				"north": {"uv": [4.25, 8.75, 4.75, 9], "texture": "#2"},
				"east": {"uv": [4.75, 8.75, 5.25, 9], "texture": "#2"},
				"south": {"uv": [5.25, 8.75, 5.75, 9], "texture": "#2"},
				"west": {"uv": [5.75, 8.75, 6.25, 9], "texture": "#2"},
				"up": {"uv": [7.5, 9, 7, 8.5], "texture": "#2"},
				"down": {"uv": [9, 8, 8.5, 8.5], "texture": "#2"}
			}
		},
		{
			"from": [4.251, 0.9495, 2.04411],
			"to": [14.251, 4.6745, 12.04411],
			"rotation": {"angle": 0, "axis": "y", "origin": [7.501, -0.05042, 12.04411]},
			"faces": {
				"north": {"uv": [5.25, 4, 7.75, 5], "texture": "#2"},
				"east": {"uv": [7.25, 0, 9.75, 1], "texture": "#2"},
				"south": {"uv": [7.25, 1, 9.75, 2], "texture": "#2"},
				"west": {"uv": [7.25, 2, 9.75, 3], "texture": "#2"},
				"up": {"uv": [5.25, 2.5, 2.75, 0], "texture": "#2"},
				"down": {"uv": [5.25, 2.5, 2.75, 5], "texture": "#2"}
			}
		},
		{
			"from": [5.251, 2.94958, 3.04411],
			"to": [13.251, 6.12458, 11.04411],
			"rotation": {"angle": 0, "axis": "y", "origin": [8.001, 2.94958, 12.54411]},
			"faces": {
				"north": {"uv": [7.25, 5.75, 9.25, 6.5], "texture": "#2"},
				"east": {"uv": [7.25, 6.5, 9.25, 7.25], "texture": "#2"},
				"south": {"uv": [7, 7.25, 9, 8], "texture": "#2"},
				"west": {"uv": [0, 7.5, 2, 8.25], "texture": "#2"},
				"up": {"uv": [7.25, 2, 5.25, 0], "texture": "#2"},
				"down": {"uv": [7.25, 2, 5.25, 4], "texture": "#2"}
			}
		},
		{
			"from": [9.001, 3.69958, 6.79411],
			"to": [9.501, 7.02458, 7.29411],
			"rotation": {"angle": 0, "axis": "y", "origin": [8.001, 3.69958, 12.29411]},
			"faces": {
				"north": {"uv": [2.5, 5.5, 2.75, 6.25], "texture": "#2"},
				"east": {"uv": [2.5, 6.25, 2.75, 7], "texture": "#2"},
				"south": {"uv": [8.5, 8.5, 8.75, 9.25], "texture": "#2"},
				"west": {"uv": [0, 8.75, 0.25, 9.5], "texture": "#2"},
				"up": {"uv": [2.75, 7.25, 2.5, 7], "texture": "#2"},
				"down": {"uv": [6.5, 8.75, 6.25, 9], "texture": "#2"}
			}
		},
		{
			"from": [5.451, 6.94958, 6.96911],
			"to": [8.776, 7.44958, 7.46911],
			"rotation": {"angle": -22.5, "axis": "y", "origin": [8.776, 5.94958, 12.46911]},
			"faces": {
				"north": {"uv": [2.5, 5.5, 2.75, 6.25], "texture": "#2"},
				"east": {"uv": [8.75, 8.5, 9, 8.75], "texture": "#2"},
				"south": {"uv": [8.5, 8.5, 8.75, 9.25], "texture": "#2"},
				"west": {"uv": [8.75, 8.75, 9, 9], "texture": "#2"},
				"up": {"uv": [1, 9, 0.25, 8.75], "texture": "#2"},
				"down": {"uv": [1.75, 8.75, 1, 9], "texture": "#2"}
			}
		},
		{
			"from": [4.751, 2.94958, 2.56911],
			"to": [13.751, 5.62458, 11.54411],
			"rotation": {"angle": 0, "axis": "y", "origin": [8.001, 2.94958, 12.54411]},
			"faces": {
				"north": {"uv": [2.5, 7.25, 4.75, 8], "texture": "#2"},
				"east": {"uv": [7.25, 3, 9.5, 3.75], "texture": "#2"},
				"south": {"uv": [4.75, 7.25, 7, 8], "texture": "#2"},
				"west": {"uv": [7.25, 5, 9.5, 5.75], "texture": "#2"},
				"up": {"uv": [5, 7.25, 2.75, 5], "texture": "#2"},
				"down": {"uv": [7.25, 5, 5, 7.25], "texture": "#2"}
			}
		},
		{
			"from": [4.001, 0.94958, 1.79411],
			"to": [14.501, 2.87458, 12.44411],
			"rotation": {"angle": 0, "axis": "y", "origin": [8.001, 0.94958, 12.54411]},
			"faces": {
				"north": {"uv": [7.75, 3.75, 10.5, 4.25], "texture": "#2"},
				"east": {"uv": [7.75, 4.25, 10.5, 4.75], "texture": "#2"},
				"south": {"uv": [2, 8, 4.75, 8.5], "texture": "#2"},
				"west": {"uv": [4.75, 8, 7.5, 8.5], "texture": "#2"},
				"up": {"uv": [2.75, 2.75, 0, 0], "texture": "#2"},
				"down": {"uv": [2.75, 2.75, 0, 5.5], "texture": "#2"}
			}
		}
	],
	"display": {
		"thirdperson_righthand": {
			"rotation": [-9, 90, 0],
			"translation": [0, 3.5, 0.75],
			"scale": [0.5, 0.5, 0.5]
		},
		"thirdperson_lefthand": {
			"rotation": [-5, -90, 0],
			"translation": [0, 3.5, 0],
			"scale": [0.5, 0.5, 0.5]
		},
		"gui": {
			"rotation": [20, -71, 0],
			"translation": [-1.5, 5, 0]
		},
		"head": {
			"rotation": [-180, 89.25, -180],
			"translation": [1.25, 15, 1.75],
			"scale": [1.4, 1.36, 1.45]
		},
		"fixed": {
			"rotation": [-21, 90, 0],
			"translation": [1.5, 5.5, 0]
		}
	},
	"groups": [
		{
			"name": "group",
			"origin": [8, 8, 8],
			"color": 0,
			"children": [
				{
					"name": "group",
					"origin": [8, 8, 8],
					"color": 0,
					"children": [0, 1, 2, 3, 4, 5, 6]
				},
				{
					"name": "group",
					"origin": [8, 8, 8],
					"color": 0,
					"children": [7, 8, 9, 10, 11, 12]
				}
			]
		}
	]
}