{"overrides":[{"predicate":{"custom_model_data":1},"model":"modelengine:ice_skeleton/bone"},{"predicate":{"custom_model_data":2},"model":"modelengine:ice_creeper/charge_vfx_cube_9"},{"predicate":{"custom_model_data":3},"model":"modelengine:ice_spider/leg6_1"},{"predicate":{"custom_model_data":4},"model":"modelengine:ice_spider/tail"},{"predicate":{"custom_model_data":5},"model":"modelengine:ice_spider/leg_7_0"},{"predicate":{"custom_model_data":6},"model":"modelengine:ice_spider/leg5_1"},{"predicate":{"custom_model_data":7},"model":"modelengine:ice_spider/leg6_0"},{"predicate":{"custom_model_data":8},"model":"modelengine:ice_skeleton/right_arm"},{"predicate":{"custom_model_data":9},"model":"modelengine:ice_spider/leg4_1"},{"predicate":{"custom_model_data":10},"model":"modelengine:ice_creeper/leg0"},{"predicate":{"custom_model_data":11},"model":"modelengine:ice_creeper/charge_vfx_cube_4"},{"predicate":{"custom_model_data":12},"model":"modelengine:ice_creeper/charge_vfx_cube_1"},{"predicate":{"custom_model_data":13},"model":"modelengine:ice_skeleton/right_foot"},{"predicate":{"custom_model_data":14},"model":"modelengine:ice_creeper/leg1"},{"predicate":{"custom_model_data":15},"model":"modelengine:ice_spider/fang_right"},{"predicate":{"custom_model_data":16},"model":"modelengine:ice_creeper/cubes_4"},{"predicate":{"custom_model_data":17},"model":"modelengine:ice_creeper/charge_vfx_cube_7"},{"predicate":{"custom_model_data":18},"model":"modelengine:ice_spider/leg3"},{"predicate":{"custom_model_data":19},"model":"modelengine:ice_spider/leg5_0"},{"predicate":{"custom_model_data":20},"model":"modelengine:ice_spider/body0"},{"predicate":{"custom_model_data":21},"model":"modelengine:ice_creeper/charge_vfx_cube_8"},{"predicate":{"custom_model_data":22},"model":"modelengine:ice_creeper/leg2"},{"predicate":{"custom_model_data":23},"model":"modelengine:ice_spider/leg4"},{"predicate":{"custom_model_data":24},"model":"modelengine:ice_spider/leg7"},{"predicate":{"custom_model_data":25},"model":"modelengine:ice_spider/leg_7_1"},{"predicate":{"custom_model_data":26},"model":"modelengine:ice_skeleton/torso"},{"predicate":{"custom_model_data":27},"model":"modelengine:ice_skeleton/string_1"},{"predicate":{"custom_model_data":28},"model":"modelengine:ice_skeleton/left_arm"},{"predicate":{"custom_model_data":29},"model":"modelengine:ice_skeleton/left_leg"},{"predicate":{"custom_model_data":30},"model":"modelengine:ice_skeleton/string_0"},{"predicate":{"custom_model_data":31},"model":"modelengine:ice_skeleton/right_leg"},{"predicate":{"custom_model_data":32},"model":"modelengine:ice_skeleton/left_foot"},{"predicate":{"custom_model_data":33},"model":"modelengine:ice_skeleton/head"},{"predicate":{"custom_model_data":34},"model":"modelengine:ice_skeleton/bow"},{"predicate":{"custom_model_data":35},"model":"modelengine:ice_creeper/torso"},{"predicate":{"custom_model_data":36},"model":"modelengine:ice_creeper/leg3"},{"predicate":{"custom_model_data":37},"model":"modelengine:ice_creeper/upper_body"},{"predicate":{"custom_model_data":38},"model":"modelengine:ice_creeper/head"},{"predicate":{"custom_model_data":39},"model":"modelengine:ice_spider/leg8"},{"predicate":{"custom_model_data":40},"model":"modelengine:ice_spider/leg9"},{"predicate":{"custom_model_data":41},"model":"modelengine:ice_spider/leg4_0"},{"predicate":{"custom_model_data":42},"model":"modelengine:ice_spider/fang_left"},{"predicate":{"custom_model_data":43},"model":"modelengine:ice_spider/leg5"},{"predicate":{"custom_model_data":44},"model":"modelengine:ice_spider/leg6"},{"predicate":{"custom_model_data":45},"model":"modelengine:ice_spider/leg2"},{"predicate":{"custom_model_data":46},"model":"modelengine:ice_spider/head"},{"predicate":{"custom_model_data":47},"model":"modelengine:ice_zombie/left_leg"},{"predicate":{"custom_model_data":48},"model":"modelengine:ice_zombie/right_leg"},{"predicate":{"custom_model_data":49},"model":"modelengine:ice_zombie/torso"},{"predicate":{"custom_model_data":50},"model":"modelengine:ice_zombie/left_foot"},{"predicate":{"custom_model_data":51},"model":"modelengine:ice_zombie/right_foot"},{"predicate":{"custom_model_data":52},"model":"modelengine:ice_zombie/head"},{"predicate":{"custom_model_data":53},"model":"modelengine:ice_zombie/right_arm"},{"predicate":{"custom_model_data":54},"model":"modelengine:ice_zombie/left_arm"},{"predicate":{"custom_model_data":55},"model":"modelengine:ice_zombie/right_hand"},{"predicate":{"custom_model_data":56},"model":"modelengine:ice_zombie/ice_right_arm"},{"predicate":{"custom_model_data":57},"model":"modelengine:ice_zombie/ice_left_arm"},{"predicate":{"custom_model_data":58},"model":"modelengine:ice_zombie/left_hand"}],"parent":"minecraft:item/generated","textures":{"layer0":"minecraft:item/leather_horse_armor"}}