{
    "parent": "item/generated",
    "textures": {
        "layer0": "item/leather_chestplate",
        "layer1": "item/leather_chestplate_overlay"
    },
    "overrides": [
        {
            "predicate": {
                "custom_model_data": 1
            },
            "model": "littledragonset:littledragonchestplate"
        },
        {
            "predicate": {
                "custom_model_data": 2
            },
            "model": "plny_lunar_new_year_2025:plny_lunar_new_year_2025chestplate"
        },
        {
            "predicate": {
                "custom_model_data": 3
            },
            "model": "valentineset:valentinechestplate"
        }
    ]
}