{
    "parent": "item/generated",
    "textures": {
        "layer0": "item/leather_helmet",
        "layer1": "item/leather_helmet_overlay"
    },
    "overrides": [
        {
            "predicate": {
                "custom_model_data": 1
            },
            "model": "littledragonset:littledragonhelmet"
        },
        {
            "predicate": {
                "custom_model_data": 2
            },
            "model": "plny_lunar_new_year_2025:plny_lunar_new_year_2025helmet"
        },
        {
            "predicate": {
                "custom_model_data": 3
            },
            "model": "valentineset:valentinehelmet"
        },
        {
            "predicate": {
                "custom_model_data": 4
            },
            "model": "nanoedge_set:nanoedgehelmet"
        }
    ]
}