{
    "parent": "item/generated",
    "textures": {
        "layer0": "item/leather_boots",
        "layer1": "item/leather_boots_overlay"
    },
    "overrides": [
        {
            "predicate": {
                "custom_model_data": 1
            },
            "model": "littledragonset:littledragonboots"
        },
        {
            "predicate": {
                "custom_model_data": 2
            },
            "model": "plny_lunar_new_year_2025:plny_lunar_new_year_2025boots"
        },
        {
            "predicate": {
                "custom_model_data": 3
            },
            "model": "valentineset:valentineboots"
        }
    ]
}