{
    "parent": "item/generated",
    "textures": {
        "layer0": "item/leather_leggings",
        "layer1": "item/leather_leggings_overlay"
    },
    "overrides": [
        {
            "predicate": {
                "custom_model_data": 1
            },
            "model": "littledragonset:littledragonleggings"
        },
        {
            "predicate": {
                "custom_model_data": 2
            },
            "model": "plny_lunar_new_year_2025:plny_lunar_new_year_2025leggings"
        },
        {
            "predicate": {
                "custom_model_data": 3
            },
            "model": "valentineset:valentineleggings"
        }
    ]
}