{
    "parent": "minecraft:item/handheld",
    "textures": {
        "layer0": "minecraft:item/mace"
    },
    "overrides": [
        {
            "predicate": {
                "custom_model_data": 1
            },
            "model": "leonemc:tools/new_years/new_years_mace"
        },
        {
            "predicate": {
                "custom_model_data": 2
            },
            "model": "plny_lunar_new_year_2025:mace"
        },
        {
            "predicate": {
                "custom_model_data": 3
            },
            "model": "valentineset:hammer"
        }
    ]
}