{
    "parent": "minecraft:item/handheld",
    "textures": {
        "layer0": "minecraft:item/netherite_axe"
    },
    "overrides": [
        {
            "predicate": {
                "custom_model_data": 1
            },
            "model": "leonemc:tools/candycane/netherite_axe"
        },
        {
            "predicate": {
                "custom_model_data": 2
            },
            "model": "leonemc:tools/new_years/new_years_axe"
        },
        {
            "predicate": {
                "custom_model_data": 3
            },
            "model": "plny_lunar_new_year_2025:axe"
        },
        {
            "predicate": {
                "custom_model_data": 4
            },
            "model": "valentineset:axe"
        }
    ]
}