{
    "parent": "minecraft:item/handheld",
    "textures": {
        "layer0": "minecraft:item/netherite_sword"
    },
    "overrides": [
        {
            "predicate": {
                "custom_model_data": 1
            },
            "model": "leonemc:tools/candycane/netherite_sword"
        },
        {
            "predicate": {
                "custom_model_data": 2
            },
            "model": "leonemc:tools/new_years/new_years_sword"
        },
        {
            "predicate": {
                "custom_model_data": 3
            },
            "model": "plny_lunar_new_year_2025:hammer"
        },
        {
            "predicate": {
                "custom_model_data": 4
            },
            "model": "plny_lunar_new_year_2025:scythe"
        },
        {
            "predicate": {
                "custom_model_data": 5
            },
            "model": "plny_lunar_new_year_2025:spear"
        },
        {
            "predicate": {
                "custom_model_data": 6
            },
            "model": "plny_lunar_new_year_2025:staff"
        },
        {
            "predicate": {
                "custom_model_data": 7
            },
            "model": "plny_lunar_new_year_2025:sword"
        },
        {
            "predicate": {
                "custom_model_data": 8
            },
            "model": "valentineset:scythe"
        },
        {
            "predicate": {
                "custom_model_data": 9
            },
            "model": "valentineset:spear"
        },
        {
            "predicate": {
                "custom_model_data": 10
            },
            "model": "valentineset:staff"
        },
        {
            "predicate": {
                "custom_model_data": 11
            },
            "model": "valentineset:sword"
        },
        {
            "predicate": {
                "custom_model_data": 12
            },
            "model": "valentineset:greatsword"
        }
    ]
}