{
   "parent": "minecraft:item/generated",
   "textures": {
      "layer0": "minecraft:item/paper"
   },
   "overrides": [
      {
         "predicate": {
            "custom_model_data": 10209
         },
         "model": "littledragonset:key"
      },
      {
         "predicate": {
            "custom_model_data": 10214
         },
         "model": "item/paper"
      },
      {
         "predicate": {
            "custom_model_data": 2
         },
         "model": "leonemc:character/wumpus/wumpus"
      },
      {
         "predicate": {
            "custom_model_data": 3
         },
         "model": "leonemc:dollar"
      },
      {
         "predicate": {
            "custom_model_data": 4
         },
         "model": "leonemc:board/event/board_event"
      },
      {
         "predicate": {
            "custom_model_data": 5
         },
         "model": "leonemc:board/blank/board_blank"
      },
      {
         "predicate": {
            "custom_model_data": 6
         },
         "model": "leonemc:board/wide/board_wide"
      },
      {
         "predicate": {
            "custom_model_data": 7
         },
         "model": "leonemc:horns"
      },
      {
         "predicate": {
            "custom_model_data": 8
         },
         "model": "leonemc:crown/crown_1"
      },
      {
         "predicate": {
            "custom_model_data": 9
         },
         "model": "leonemc:crown/crown_2"
      },
      {
         "predicate": {
            "custom_model_data": 10
         },
         "model": "leonemc:crown/crown_3"
      },
      {
         "predicate": {
            "custom_model_data": 11
         },
         "model": "leonemc:crown/crown_4"
      },
      {
         "predicate": {
            "custom_model_data": 12
         },
         "model": "leonemc:crown/crown_5"
      },
      {
         "predicate": {
            "custom_model_data": 13
         },
         "model": "leonemc:crown/sceptre"
      },
      {
         "predicate": {
            "custom_model_data": 14
         },
         "model": "leonemc:hats/sombrero_cap"
      }
   ]
}