{
	"credit": "Made with Blockbench",
	"texture_size": [256, 256],
	"textures": {
		"1": "leonemc:item/model/board/blank/board_blank",
		"4": "leonemc:item/model/board/board_blade",
		"particle": "leonemc:item/model/board/board_blade"
	},
	"elements": [
		{
			"from": [-16, -11.2, 6.6],
			"to": [32, 11.4, 9.4],
			"rotation": {"angle": 0, "axis": "y", "origin": [7.3, 0, 10.1]},
			"faces": {
				"north": {"uv": [0, 0, 6, 4.25], "texture": "#1"},
				"east": {"uv": [6, 0.75, 6.375, 5], "texture": "#1"},
				"south": {"uv": [0, 4.25, 6, 8.5], "texture": "#1"},
				"west": {"uv": [6, 5, 6.375, 9.25], "texture": "#1"},
				"up": {"uv": [12, 0.375, 6, 0], "texture": "#1"},
				"down": {"uv": [12, 0.375, 6, 0.75], "texture": "#1"}
			}
		},
		{
			"from": [20.54, 10.66, 7.34],
			"to": [21.86, 13.3, 8.66],
			"rotation": {"angle": 0, "axis": "y", "origin": [20.54, -16.4, 8.66]},
			"faces": {
				"north": {"uv": [6.375, 0.75, 6.5, 1.125], "texture": "#missing"},
				"east": {"uv": [6.375, 1.125, 6.5, 1.5], "texture": "#missing"},
				"south": {"uv": [6.375, 1.5, 6.5, 1.875], "texture": "#missing"},
				"west": {"uv": [6.375, 1.875, 6.5, 2.25], "texture": "#missing"},
				"up": {"uv": [6.5, 3.875, 6.375, 3.75], "texture": "#missing"},
				"down": {"uv": [6.5, 3.875, 6.375, 4], "texture": "#missing"}
			}
		},
		{
			"from": [-5.86, 10.66, 7.34],
			"to": [-4.54, 13.3, 8.66],
			"rotation": {"angle": 0, "axis": "y", "origin": [-5.86, -16.4, 7.34]},
			"faces": {
				"north": {"uv": [6.375, 2.25, 6.5, 2.625], "texture": "#missing"},
				"east": {"uv": [6.375, 2.625, 6.5, 3], "texture": "#missing"},
				"south": {"uv": [6.375, 3, 6.5, 3.375], "texture": "#missing"},
				"west": {"uv": [6.375, 3.375, 6.5, 3.75], "texture": "#missing"},
				"up": {"uv": [6.5, 4.125, 6.375, 4], "texture": "#missing"},
				"down": {"uv": [6.5, 4.125, 6.375, 4.25], "texture": "#missing"}
			}
		},
		{
			"from": [22.52, 13.795, 7.01],
			"to": [31.1, 14.125, 8.99],
			"rotation": {"angle": 0, "axis": "y", "origin": [20.54, 0.76, 8.66]},
			"faces": {
				"north": {"uv": [3.5, 0, 0, 1], "texture": "#4"},
				"east": {"uv": [2, 0, 0, 0.5], "texture": "#4"},
				"south": {"uv": [6.5, 0, 0, 0.5], "texture": "#4"},
				"west": {"uv": [2, 0, 0, 0.5], "texture": "#4"},
				"up": {"uv": [6.5, 0, 0, 1.5], "texture": "#4"},
				"down": {"uv": [6.5, 1.5, 0, 0], "texture": "#4"}
			}
		},
		{
			"from": [11.3, 13.795, 7.01],
			"to": [19.88, 14.125, 8.99],
			"rotation": {"angle": 0, "axis": "y", "origin": [20.54, 0.76, 8.66]},
			"faces": {
				"north": {"uv": [3.5, 0, 0, 1], "texture": "#4"},
				"east": {"uv": [2, 0, 0, 0.5], "texture": "#4"},
				"south": {"uv": [6.5, 0, 0, 0.5], "texture": "#4"},
				"west": {"uv": [2, 0, 0, 0.5], "texture": "#4"},
				"up": {"uv": [0, 0, 6.5, 1.5], "texture": "#4"},
				"down": {"uv": [0, 1.5, 6.5, 0], "texture": "#4"}
			}
		},
		{
			"from": [19.88, 13.3, 6.68],
			"to": [22.52, 14.62, 9.32],
			"rotation": {"angle": 0, "axis": "y", "origin": [20.54, 0.76, 8.66]},
			"faces": {
				"north": {"uv": [8.5, 0, 6.5, 1], "texture": "#4"},
				"east": {"uv": [8.5, 0, 6.5, 1], "texture": "#4"},
				"south": {"uv": [8.5, 0, 6.5, 1], "texture": "#4"},
				"west": {"uv": [8.5, 0, 6.5, 1], "texture": "#4"},
				"up": {"uv": [10.5, 0, 8.5, 2], "texture": "#4"},
				"down": {"uv": [12.5, 2, 10.5, 0], "texture": "#4"}
			}
		},
		{
			"from": [-6.52, 13.3, 6.68],
			"to": [-3.88, 14.62, 9.32],
			"rotation": {"angle": 0, "axis": "y", "origin": [-5.86, 0.76, 7.34]},
			"faces": {
				"north": {"uv": [6.5, 0, 8.5, 1], "texture": "#4"},
				"east": {"uv": [6.5, 0, 8.5, 1], "texture": "#4"},
				"south": {"uv": [6.5, 0, 8.5, 1], "texture": "#4"},
				"west": {"uv": [6.5, 0, 8.5, 1], "texture": "#4"},
				"up": {"uv": [10.5, 2, 8.5, 0], "texture": "#4"},
				"down": {"uv": [12.5, 0, 10.5, 2], "texture": "#4"}
			}
		},
		{
			"from": [-3.88, 13.795, 7.01],
			"to": [4.7, 14.125, 8.99],
			"rotation": {"angle": 0, "axis": "y", "origin": [-5.86, 0.76, 7.34]},
			"faces": {
				"north": {"uv": [0, 0, 3.5, 1], "texture": "#4"},
				"east": {"uv": [0, 0, 2, 0.5], "texture": "#4"},
				"south": {"uv": [0, 0, 6.5, 0.5], "texture": "#4"},
				"west": {"uv": [0, 0, 2, 0.5], "texture": "#4"},
				"up": {"uv": [6.5, 1.5, 0, 0], "texture": "#4"},
				"down": {"uv": [6.5, 0, 0, 1.5], "texture": "#4"}
			}
		},
		{
			"from": [-15.1, 13.795, 7.01],
			"to": [-6.52, 14.125, 8.99],
			"rotation": {"angle": 0, "axis": "y", "origin": [-5.86, 0.76, 7.34]},
			"faces": {
				"north": {"uv": [0, 0, 3.5, 1], "texture": "#4"},
				"east": {"uv": [0, 0, 2, 0.5], "texture": "#4"},
				"south": {"uv": [0, 0, 6.5, 0.5], "texture": "#4"},
				"west": {"uv": [0, 0, 2, 0.5], "texture": "#4"},
				"up": {"uv": [0, 1.5, 6.5, 0], "texture": "#4"},
				"down": {"uv": [0, 0, 6.5, 1.5], "texture": "#4"}
			}
		},
		{
			"from": [11.3, 13.795, 7.01],
			"to": [19.88, 14.125, 8.99],
			"rotation": {"angle": 22.5, "axis": "y", "origin": [21.2, 13.96, 8]},
			"faces": {
				"north": {"uv": [5.5, 1.5, 0, 2], "texture": "#4"},
				"east": {"uv": [3, 1.5, 0, 2], "texture": "#4"},
				"south": {"uv": [4.5, 1.5, 0, 2], "texture": "#4"},
				"west": {"uv": [3, 1.5, 0, 2], "texture": "#4"},
				"up": {"uv": [0, 3, 6.5, 1.5], "texture": "#4"},
				"down": {"uv": [0, 3, 6.5, 1.5], "texture": "#4"}
			}
		},
		{
			"from": [19.88, 13.3, 6.68],
			"to": [22.52, 14.62, 9.32],
			"rotation": {"angle": 22.5, "axis": "y", "origin": [21.2, 13.96, 8]},
			"faces": {
				"north": {"uv": [8.5, 2, 6.5, 3], "texture": "#4"},
				"east": {"uv": [8.5, 2, 6.5, 3], "texture": "#4"},
				"south": {"uv": [8.5, 2, 6.5, 3], "texture": "#4"},
				"west": {"uv": [8.5, 2, 6.5, 3], "texture": "#4"},
				"up": {"uv": [8.5, 4, 10.5, 2], "texture": "#4"},
				"down": {"uv": [10.5, 4, 12.5, 2], "texture": "#4"}
			}
		},
		{
			"from": [22.52, 13.795, 7.01],
			"to": [31.1, 14.125, 8.99],
			"rotation": {"angle": 22.5, "axis": "y", "origin": [21.2, 13.96, 8]},
			"faces": {
				"north": {"uv": [5.5, 1.5, 0, 2], "texture": "#4"},
				"east": {"uv": [3, 1.5, 0, 2], "texture": "#4"},
				"south": {"uv": [4.5, 1.5, 0, 2], "texture": "#4"},
				"west": {"uv": [3, 1.5, 0, 2], "texture": "#4"},
				"up": {"uv": [6.5, 3, 0, 1.5], "texture": "#4"},
				"down": {"uv": [6.5, 3, 0, 1.5], "texture": "#4"}
			}
		},
		{
			"from": [-3.88, 13.795, 7.01],
			"to": [4.7, 14.125, 8.99],
			"rotation": {"angle": -22.5, "axis": "y", "origin": [-5.2, 13.96, 8]},
			"faces": {
				"north": {"uv": [0, 1.5, 4.5, 2], "texture": "#4"},
				"east": {"uv": [0, 1.5, 3, 2], "texture": "#4"},
				"south": {"uv": [0, 1.5, 5.5, 2], "texture": "#4"},
				"west": {"uv": [0, 1.5, 3, 2], "texture": "#4"},
				"up": {"uv": [6.5, 1.5, 0, 3], "texture": "#4"},
				"down": {"uv": [6.5, 1.5, 0, 3], "texture": "#4"}
			}
		},
		{
			"from": [-6.52, 13.3, 6.68],
			"to": [-3.88, 14.62, 9.32],
			"rotation": {"angle": -22.5, "axis": "y", "origin": [-5.2, 13.96, 8]},
			"faces": {
				"north": {"uv": [6.5, 2, 8.5, 3], "texture": "#4"},
				"east": {"uv": [6.5, 2, 8.5, 3], "texture": "#4"},
				"south": {"uv": [6.5, 2, 8.5, 3], "texture": "#4"},
				"west": {"uv": [6.5, 2, 8.5, 3], "texture": "#4"},
				"up": {"uv": [8.5, 2, 10.5, 4], "texture": "#4"},
				"down": {"uv": [10.5, 2, 12.5, 4], "texture": "#4"}
			}
		},
		{
			"from": [-15.1, 13.795, 7.01],
			"to": [-6.52, 14.125, 8.99],
			"rotation": {"angle": -22.5, "axis": "y", "origin": [-5.2, 13.96, 8]},
			"faces": {
				"north": {"uv": [0, 1.5, 4.5, 2], "texture": "#4"},
				"east": {"uv": [0, 1.5, 3, 2], "texture": "#4"},
				"south": {"uv": [0, 1.5, 5.5, 2], "texture": "#4"},
				"west": {"uv": [0, 1.5, 3, 2], "texture": "#4"},
				"up": {"uv": [0, 1.5, 6.5, 3], "texture": "#4"},
				"down": {"uv": [0, 1.5, 6.5, 3], "texture": "#4"}
			}
		},
		{
			"from": [22.52, 13.795, 7.01],
			"to": [31.1, 14.125, 8.99],
			"rotation": {"angle": 45, "axis": "y", "origin": [21.2, 13.96, 8]},
			"faces": {
				"north": {"uv": [3.5, 3, 0, 3.5], "texture": "#4"},
				"east": {"uv": [1, 3, 0, 3.5], "texture": "#4"},
				"south": {"uv": [3.5, 3, 0, 3.5], "texture": "#4"},
				"west": {"uv": [1, 3, 0, 3.5], "texture": "#4"},
				"up": {"uv": [6.5, 4.5, 0, 3], "texture": "#4"},
				"down": {"uv": [6.5, 4.5, 0, 3], "texture": "#4"}
			}
		},
		{
			"from": [11.3, 13.795, 7.01],
			"to": [19.88, 14.125, 8.99],
			"rotation": {"angle": 45, "axis": "y", "origin": [21.2, 13.96, 8]},
			"faces": {
				"north": {"uv": [3.5, 3, 0, 3.5], "texture": "#4"},
				"east": {"uv": [1, 3, 0, 3.5], "texture": "#4"},
				"south": {"uv": [3.5, 3, 0, 3.5], "texture": "#4"},
				"west": {"uv": [1, 3, 0, 3.5], "texture": "#4"},
				"up": {"uv": [0, 4.5, 6.5, 3], "texture": "#4"},
				"down": {"uv": [0, 4.5, 6.5, 3], "texture": "#4"}
			}
		},
		{
			"from": [19.88, 13.3, 6.68],
			"to": [22.52, 14.62, 9.32],
			"rotation": {"angle": 45, "axis": "y", "origin": [21.2, 13.96, 8]},
			"faces": {
				"north": {"uv": [8.5, 4, 6.5, 5], "texture": "#4"},
				"east": {"uv": [8.5, 4, 6.5, 5], "texture": "#4"},
				"south": {"uv": [8.5, 4, 6.5, 5], "texture": "#4"},
				"west": {"uv": [8.5, 4, 6.5, 5], "texture": "#4"},
				"up": {"uv": [8.5, 6, 10.5, 4], "texture": "#4"},
				"down": {"uv": [10.5, 6, 12.5, 4], "texture": "#4"}
			}
		},
		{
			"from": [-3.88, 13.795, 7.01],
			"to": [4.7, 14.125, 8.99],
			"rotation": {"angle": -45, "axis": "y", "origin": [-5.2, 13.96, 8]},
			"faces": {
				"north": {"uv": [0, 3, 3.5, 3.5], "texture": "#4"},
				"east": {"uv": [0, 3, 1, 3.5], "texture": "#4"},
				"south": {"uv": [0, 3, 3.5, 3.5], "texture": "#4"},
				"west": {"uv": [0, 3, 1, 3.5], "texture": "#4"},
				"up": {"uv": [6.5, 3, 0, 4.5], "texture": "#4"},
				"down": {"uv": [6.5, 3, 0, 4.5], "texture": "#4"}
			}
		},
		{
			"from": [-6.52, 13.3, 6.68],
			"to": [-3.88, 14.62, 9.32],
			"rotation": {"angle": -45, "axis": "y", "origin": [-5.2, 13.96, 8]},
			"faces": {
				"north": {"uv": [6.5, 4, 8.5, 5], "texture": "#4"},
				"east": {"uv": [6.5, 4, 8.5, 5], "texture": "#4"},
				"south": {"uv": [6.5, 4, 8.5, 5], "texture": "#4"},
				"west": {"uv": [6.5, 4, 8.5, 5], "texture": "#4"},
				"up": {"uv": [8.5, 4, 10.5, 6], "texture": "#4"},
				"down": {"uv": [10.5, 4, 12.5, 6], "texture": "#4"}
			}
		},
		{
			"from": [-15.1, 13.795, 7.01],
			"to": [-6.52, 14.125, 8.99],
			"rotation": {"angle": -45, "axis": "y", "origin": [-5.2, 13.96, 8]},
			"faces": {
				"north": {"uv": [0, 3, 3.5, 3.5], "texture": "#4"},
				"east": {"uv": [0, 3, 1, 3.5], "texture": "#4"},
				"south": {"uv": [0, 3, 3.5, 3.5], "texture": "#4"},
				"west": {"uv": [0, 3, 1, 3.5], "texture": "#4"},
				"up": {"uv": [0, 3, 6.5, 4.5], "texture": "#4"},
				"down": {"uv": [0, 3, 6.5, 4.5], "texture": "#4"}
			}
		},
		{
			"from": [20.21, 13.795, 9.32],
			"to": [22.19, 14.125, 17.9],
			"rotation": {"angle": -22.5, "axis": "y", "origin": [21.2, 13.96, 8]},
			"faces": {
				"north": {"uv": [0.5, 5, 0, 4.5], "texture": "#4"},
				"east": {"uv": [4, 5, 0, 4.5], "texture": "#4"},
				"south": {"uv": [0.5, 5, 0, 4.5], "texture": "#4"},
				"west": {"uv": [4, 5, 0, 4.5], "texture": "#4"},
				"up": {"uv": [6.5, 4.5, 0, 6], "rotation": 90, "texture": "#4"},
				"down": {"uv": [6.5, 4.5, 0, 6], "rotation": 270, "texture": "#4"}
			}
		},
		{
			"from": [19.88, 13.3, 6.68],
			"to": [22.52, 14.62, 9.32],
			"rotation": {"angle": -22.5, "axis": "y", "origin": [21.2, 13.96, 8]},
			"faces": {
				"north": {"uv": [8.5, 6, 6.5, 7], "texture": "#4"},
				"east": {"uv": [8.5, 6, 6.5, 7], "texture": "#4"},
				"south": {"uv": [8.5, 6, 6.5, 7], "texture": "#4"},
				"west": {"uv": [8.5, 6, 6.5, 7], "texture": "#4"},
				"up": {"uv": [8.5, 8, 10.5, 6], "texture": "#4"},
				"down": {"uv": [10.5, 8, 12.5, 6], "texture": "#4"}
			}
		},
		{
			"from": [20.21, 13.795, -1.9],
			"to": [22.19, 14.125, 6.68],
			"rotation": {"angle": -22.5, "axis": "y", "origin": [21.2, 13.96, 8]},
			"faces": {
				"north": {"uv": [0.5, 5, 0, 4.5], "texture": "#4"},
				"east": {"uv": [4, 5, 0, 4.5], "texture": "#4"},
				"south": {"uv": [0.5, 5, 0, 4.5], "texture": "#4"},
				"west": {"uv": [4, 5, 0, 4.5], "texture": "#4"},
				"up": {"uv": [0, 4.5, 6.5, 6], "rotation": 90, "texture": "#4"},
				"down": {"uv": [0, 4.5, 6.5, 6], "rotation": 270, "texture": "#4"}
			}
		},
		{
			"from": [-6.19, 13.795, 9.32],
			"to": [-4.21, 14.125, 17.9],
			"rotation": {"angle": 22.5, "axis": "y", "origin": [-5.2, 13.96, 8]},
			"faces": {
				"north": {"uv": [0, 5, 0.5, 4.5], "texture": "#4"},
				"east": {"uv": [0, 5, 4, 4.5], "texture": "#4"},
				"south": {"uv": [0, 5, 0.5, 4.5], "texture": "#4"},
				"west": {"uv": [0, 5, 4, 4.5], "texture": "#4"},
				"up": {"uv": [6.5, 4.5, 0, 6], "rotation": 90, "texture": "#4"},
				"down": {"uv": [6.5, 4.5, 0, 6], "rotation": 270, "texture": "#4"}
			}
		},
		{
			"from": [-6.52, 13.3, 6.68],
			"to": [-3.88, 14.62, 9.32],
			"rotation": {"angle": 22.5, "axis": "y", "origin": [-5.2, 13.96, 8]},
			"faces": {
				"north": {"uv": [6.5, 6, 8.5, 7], "texture": "#4"},
				"east": {"uv": [6.5, 6, 8.5, 7], "texture": "#4"},
				"south": {"uv": [6.5, 6, 8.5, 7], "texture": "#4"},
				"west": {"uv": [6.5, 6, 8.5, 7], "texture": "#4"},
				"up": {"uv": [8.5, 6, 10.5, 8], "texture": "#4"},
				"down": {"uv": [10.5, 6, 12.5, 8], "texture": "#4"}
			}
		},
		{
			"from": [-6.19, 13.795, -1.9],
			"to": [-4.21, 14.125, 6.68],
			"rotation": {"angle": 22.5, "axis": "y", "origin": [-5.2, 13.96, 8]},
			"faces": {
				"north": {"uv": [0, 5, 0.5, 4.5], "texture": "#4"},
				"east": {"uv": [0, 5, 4, 4.5], "texture": "#4"},
				"south": {"uv": [0, 5, 0.5, 4.5], "texture": "#4"},
				"west": {"uv": [0, 5, 4, 4.5], "texture": "#4"},
				"up": {"uv": [0, 4.5, 6.5, 6], "rotation": 90, "texture": "#4"},
				"down": {"uv": [0, 4.5, 6.5, 6], "rotation": 270, "texture": "#4"}
			}
		},
		{
			"from": [20.21, 13.795, 9.32],
			"to": [22.19, 14.125, 17.9],
			"rotation": {"angle": 0, "axis": "y", "origin": [21.2, 13.96, 8]},
			"faces": {
				"north": {"uv": [0, 6, 0.5, 6.5], "texture": "#4"},
				"east": {"uv": [5, 6, 0, 6.5], "texture": "#4"},
				"south": {"uv": [0, 6, 0.5, 6.5], "texture": "#4"},
				"west": {"uv": [5, 6, 0, 6.5], "texture": "#4"},
				"up": {"uv": [6.5, 6, 0, 7.5], "rotation": 90, "texture": "#4"},
				"down": {"uv": [6.5, 6, 0, 7.5], "rotation": 270, "texture": "#4"}
			}
		},
		{
			"from": [19.88, 13.3, 6.68],
			"to": [22.52, 14.62, 9.32],
			"rotation": {"angle": 0, "axis": "y", "origin": [21.2, 13.96, 8]},
			"faces": {
				"north": {"uv": [8.5, 8, 6.5, 9], "texture": "#4"},
				"east": {"uv": [8.5, 8, 6.5, 9], "texture": "#4"},
				"south": {"uv": [8.5, 8, 6.5, 9], "texture": "#4"},
				"west": {"uv": [8.5, 8, 6.5, 9], "texture": "#4"},
				"up": {"uv": [8.5, 10, 10.5, 8], "texture": "#4"},
				"down": {"uv": [12.5, 10, 10.5, 8], "texture": "#4"}
			}
		},
		{
			"from": [20.21, 13.795, -1.9],
			"to": [22.19, 14.125, 6.68],
			"rotation": {"angle": 0, "axis": "y", "origin": [21.2, 13.96, 8]},
			"faces": {
				"north": {"uv": [0, 6, 0.5, 6.5], "texture": "#4"},
				"east": {"uv": [5, 6, 0, 6.5], "texture": "#4"},
				"south": {"uv": [0, 6, 0.5, 6.5], "texture": "#4"},
				"west": {"uv": [5, 6, 0, 6.5], "texture": "#4"},
				"up": {"uv": [0, 6, 6.5, 7.5], "rotation": 90, "texture": "#4"},
				"down": {"uv": [0, 6, 6.5, 7.5], "rotation": 270, "texture": "#4"}
			}
		},
		{
			"from": [-6.19, 13.795, 9.32],
			"to": [-4.21, 14.125, 17.9],
			"rotation": {"angle": 0, "axis": "y", "origin": [-5.2, 13.96, 8]},
			"faces": {
				"north": {"uv": [0, 6, 0.5, 6.5], "texture": "#4"},
				"east": {"uv": [0, 6, 5, 6.5], "texture": "#4"},
				"south": {"uv": [0, 6, 0.5, 6.5], "texture": "#4"},
				"west": {"uv": [0, 6, 5, 6.5], "texture": "#4"},
				"up": {"uv": [6.5, 6, 0, 7.5], "rotation": 90, "texture": "#4"},
				"down": {"uv": [6.5, 6, 0, 7.5], "rotation": 270, "texture": "#4"}
			}
		},
		{
			"from": [-6.52, 13.3, 6.68],
			"to": [-3.88, 14.62, 9.32],
			"rotation": {"angle": 0, "axis": "y", "origin": [-5.2, 13.96, 8]},
			"faces": {
				"north": {"uv": [6.5, 8, 8.5, 9], "texture": "#4"},
				"east": {"uv": [6.5, 8, 8.5, 9], "texture": "#4"},
				"south": {"uv": [6.5, 8, 8.5, 9], "texture": "#4"},
				"west": {"uv": [6.5, 8, 8.5, 9], "texture": "#4"},
				"up": {"uv": [8.5, 8, 10.5, 10], "texture": "#4"},
				"down": {"uv": [12.5, 8, 10.5, 10], "texture": "#4"}
			}
		},
		{
			"from": [-6.19, 13.795, -1.9],
			"to": [-4.21, 14.125, 6.68],
			"rotation": {"angle": 0, "axis": "y", "origin": [-5.2, 13.96, 8]},
			"faces": {
				"north": {"uv": [0, 6, 0.5, 6.5], "texture": "#4"},
				"east": {"uv": [0, 6, 5, 6.5], "texture": "#4"},
				"south": {"uv": [0, 6, 0.5, 6.5], "texture": "#4"},
				"west": {"uv": [0, 6, 5, 6.5], "texture": "#4"},
				"up": {"uv": [0, 6, 6.5, 7.5], "rotation": 90, "texture": "#4"},
				"down": {"uv": [0, 6, 6.5, 7.5], "rotation": 270, "texture": "#4"}
			}
		},
		{
			"from": [20.21, 13.795, 9.32],
			"to": [22.19, 14.125, 17.9],
			"rotation": {"angle": 22.5, "axis": "y", "origin": [21.2, 13.96, 8]},
			"faces": {
				"north": {"uv": [0, 7.5, 0, 8], "texture": "#4"},
				"east": {"uv": [5, 7.5, 0, 8], "texture": "#4"},
				"south": {"uv": [1, 7.5, 0, 8], "texture": "#4"},
				"west": {"uv": [5, 7.5, 0, 8], "texture": "#4"},
				"up": {"uv": [6.5, 7.5, 0, 9], "rotation": 90, "texture": "#4"},
				"down": {"uv": [6.5, 7.5, 0, 9], "rotation": 270, "texture": "#4"}
			}
		},
		{
			"from": [19.88, 13.3, 6.68],
			"to": [22.52, 14.62, 9.32],
			"rotation": {"angle": 22.5, "axis": "y", "origin": [21.2, 13.96, 8]},
			"faces": {
				"north": {"uv": [8.5, 10, 6.5, 11], "texture": "#4"},
				"east": {"uv": [8.5, 10, 6.5, 11], "texture": "#4"},
				"south": {"uv": [8.5, 10, 6.5, 11], "texture": "#4"},
				"west": {"uv": [8.5, 10, 6.5, 11], "texture": "#4"},
				"up": {"uv": [10.5, 10, 8.5, 12], "rotation": 90, "texture": "#4"},
				"down": {"uv": [12.5, 10, 10.5, 12], "rotation": 90, "texture": "#4"}
			}
		},
		{
			"from": [20.21, 13.795, -1.9],
			"to": [22.19, 14.125, 6.68],
			"rotation": {"angle": 22.5, "axis": "y", "origin": [21.2, 13.96, 8]},
			"faces": {
				"north": {"uv": [1, 7.5, 0, 8], "texture": "#4"},
				"east": {"uv": [5, 7.5, 0, 8], "texture": "#4"},
				"south": {"uv": [0, 7.5, 0, 8], "texture": "#4"},
				"west": {"uv": [5, 7.5, 0, 8], "texture": "#4"},
				"up": {"uv": [0, 7.5, 6.5, 9], "rotation": 90, "texture": "#4"},
				"down": {"uv": [0, 7.5, 6.5, 9], "rotation": 270, "texture": "#4"}
			}
		},
		{
			"from": [-6.19, 13.795, 9.32],
			"to": [-4.21, 14.125, 17.9],
			"rotation": {"angle": -22.5, "axis": "y", "origin": [-5.2, 13.96, 8]},
			"faces": {
				"north": {"uv": [0, 7.5, 0, 8], "texture": "#4"},
				"east": {"uv": [0, 7.5, 5, 8], "texture": "#4"},
				"south": {"uv": [0, 7.5, 1, 8], "texture": "#4"},
				"west": {"uv": [0, 7.5, 5, 8], "texture": "#4"},
				"up": {"uv": [6.5, 7.5, 0, 9], "rotation": 90, "texture": "#4"},
				"down": {"uv": [6.5, 7.5, 0, 9], "rotation": 270, "texture": "#4"}
			}
		},
		{
			"from": [-6.52, 13.3, 6.68],
			"to": [-3.88, 14.62, 9.32],
			"rotation": {"angle": -22.5, "axis": "y", "origin": [-5.2, 13.96, 8]},
			"faces": {
				"north": {"uv": [6.5, 10, 8.5, 11], "texture": "#4"},
				"east": {"uv": [6.5, 10, 8.5, 11], "texture": "#4"},
				"south": {"uv": [6.5, 10, 8.5, 11], "texture": "#4"},
				"west": {"uv": [6.5, 10, 8.5, 11], "texture": "#4"},
				"up": {"uv": [8.5, 10, 10.5, 12], "rotation": 90, "texture": "#4"},
				"down": {"uv": [10.5, 10, 12.5, 12], "rotation": 90, "texture": "#4"}
			}
		},
		{
			"from": [-6.19, 13.795, -1.9],
			"to": [-4.21, 14.125, 6.68],
			"rotation": {"angle": -22.5, "axis": "y", "origin": [-5.2, 13.96, 8]},
			"faces": {
				"north": {"uv": [0, 7.5, 1, 8], "texture": "#4"},
				"east": {"uv": [0, 7.5, 5, 8], "texture": "#4"},
				"south": {"uv": [0, 7.5, 0, 8], "texture": "#4"},
				"west": {"uv": [0, 7.5, 5, 8], "texture": "#4"},
				"up": {"uv": [0, 7.5, 6.5, 9], "rotation": 90, "texture": "#4"},
				"down": {"uv": [0, 7.5, 6.5, 9], "rotation": 270, "texture": "#4"}
			}
		},
		{
			"from": [19.88, 13.3, 6.68],
			"to": [22.52, 14.62, 9.32],
			"rotation": {"angle": 45, "axis": "y", "origin": [21.2, 13.96, 8]},
			"faces": {
				"north": {"uv": [8.5, 12, 6.5, 13], "texture": "#4"},
				"east": {"uv": [8.5, 12, 6.5, 13], "texture": "#4"},
				"south": {"uv": [8.5, 12, 6.5, 13], "texture": "#4"},
				"west": {"uv": [8.5, 12, 6.5, 13], "texture": "#4"},
				"up": {"uv": [10.5, 12, 8.5, 14], "rotation": 90, "texture": "#4"},
				"down": {"uv": [12.5, 12, 10.5, 14], "rotation": 90, "texture": "#4"}
			}
		},
		{
			"from": [20.21, 13.795, 9.32],
			"to": [22.19, 14.125, 17.9],
			"rotation": {"angle": 45, "axis": "y", "origin": [21.2, 13.96, 8]},
			"faces": {
				"north": {"uv": [2, 9, 0, 9.5], "texture": "#4"},
				"east": {"uv": [3.5, 9, 0, 9.5], "texture": "#4"},
				"south": {"uv": [2, 9, 0, 9.5], "texture": "#4"},
				"west": {"uv": [3.5, 9, 0, 9.5], "texture": "#4"},
				"up": {"uv": [6.5, 9, 0, 10.5], "rotation": 90, "texture": "#4"},
				"down": {"uv": [6.5, 9, 0, 10.5], "rotation": 270, "texture": "#4"}
			}
		},
		{
			"from": [20.21, 13.795, -1.9],
			"to": [22.19, 14.125, 6.68],
			"rotation": {"angle": 45, "axis": "y", "origin": [21.2, 13.96, 8]},
			"faces": {
				"north": {"uv": [2, 9, 0, 9.5], "texture": "#4"},
				"east": {"uv": [3.5, 9, 0, 9.5], "texture": "#4"},
				"south": {"uv": [2, 9, 0, 9.5], "texture": "#4"},
				"west": {"uv": [3.5, 9, 0, 9.5], "texture": "#4"},
				"up": {"uv": [0, 9, 6.5, 10.5], "rotation": 90, "texture": "#4"},
				"down": {"uv": [0, 9, 6.5, 10.5], "rotation": 270, "texture": "#4"}
			}
		},
		{
			"from": [-6.19, 13.795, 9.32],
			"to": [-4.21, 14.125, 17.9],
			"rotation": {"angle": -45, "axis": "y", "origin": [-5.2, 13.96, 8]},
			"faces": {
				"north": {"uv": [0, 9, 2, 9.5], "texture": "#4"},
				"east": {"uv": [0, 9, 3.5, 9.5], "texture": "#4"},
				"south": {"uv": [0, 9, 2, 9.5], "texture": "#4"},
				"west": {"uv": [0, 9, 3.5, 9.5], "texture": "#4"},
				"up": {"uv": [6.5, 9, 0, 10.5], "rotation": 90, "texture": "#4"},
				"down": {"uv": [6.5, 9, 0, 10.5], "rotation": 270, "texture": "#4"}
			}
		},
		{
			"from": [-6.52, 13.3, 6.68],
			"to": [-3.88, 14.62, 9.32],
			"rotation": {"angle": -45, "axis": "y", "origin": [-5.2, 13.96, 8]},
			"faces": {
				"north": {"uv": [6.5, 12, 8.5, 13], "texture": "#4"},
				"east": {"uv": [6.5, 12, 8.5, 13], "texture": "#4"},
				"south": {"uv": [6.5, 12, 8.5, 13], "texture": "#4"},
				"west": {"uv": [6.5, 12, 8.5, 13], "texture": "#4"},
				"up": {"uv": [8.5, 12, 10.5, 14], "rotation": 90, "texture": "#4"},
				"down": {"uv": [10.5, 12, 12.5, 14], "rotation": 90, "texture": "#4"}
			}
		},
		{
			"from": [-6.19, 13.795, -1.9],
			"to": [-4.21, 14.125, 6.68],
			"rotation": {"angle": -45, "axis": "y", "origin": [-5.2, 13.96, 8]},
			"faces": {
				"north": {"uv": [0, 9, 2, 9.5], "texture": "#4"},
				"east": {"uv": [0, 9, 3.5, 9.5], "texture": "#4"},
				"south": {"uv": [0, 9, 2, 9.5], "texture": "#4"},
				"west": {"uv": [0, 9, 3.5, 9.5], "texture": "#4"},
				"up": {"uv": [0, 9, 6.5, 10.5], "rotation": 90, "texture": "#4"},
				"down": {"uv": [0, 9, 6.5, 10.5], "rotation": 270, "texture": "#4"}
			}
		},
		{
			"from": [22.52, 13.795, 7.01],
			"to": [31.1, 14.125, 8.99],
			"rotation": {"angle": -22.5, "axis": "y", "origin": [21.2, 13.96, 8]},
			"faces": {
				"north": {"uv": [3.5, 10.5, 0, 11], "texture": "#4"},
				"east": {"uv": [1.5, 10.5, 0, 11], "texture": "#4"},
				"south": {"uv": [3.5, 10.5, 0, 11], "texture": "#4"},
				"west": {"uv": [1.5, 10.5, 0, 11], "texture": "#4"},
				"up": {"uv": [0, 12, 6.5, 10.5], "rotation": 180, "texture": "#4"},
				"down": {"uv": [0, 12, 6.5, 10.5], "rotation": 180, "texture": "#4"}
			}
		},
		{
			"from": [19.88, 13.3, 6.68],
			"to": [22.52, 14.62, 9.32],
			"rotation": {"angle": -22.5, "axis": "y", "origin": [21.2, 13.96, 8]},
			"faces": {
				"north": {"uv": [8.5, 14, 6.5, 15], "texture": "#4"},
				"east": {"uv": [8.5, 14, 6.5, 15], "texture": "#4"},
				"south": {"uv": [8.5, 14, 6.5, 15], "texture": "#4"},
				"west": {"uv": [8.5, 14, 6.5, 15], "texture": "#4"},
				"up": {"uv": [8.5, 16, 10.5, 14], "texture": "#4"},
				"down": {"uv": [10.5, 16, 12.5, 14], "texture": "#4"}
			}
		},
		{
			"from": [11.3, 13.795, 7.01],
			"to": [19.88, 14.125, 8.99],
			"rotation": {"angle": -22.5, "axis": "y", "origin": [21.2, 13.96, 8]},
			"faces": {
				"north": {"uv": [3.5, 10.5, 0, 11], "texture": "#4"},
				"east": {"uv": [1.5, 10.5, 0, 11], "texture": "#4"},
				"south": {"uv": [3.5, 10.5, 0, 11], "texture": "#4"},
				"west": {"uv": [1.5, 10.5, 0, 11], "texture": "#4"},
				"up": {"uv": [6.5, 12, 0, 10.5], "rotation": 180, "texture": "#4"},
				"down": {"uv": [6.5, 12, 0, 10.5], "rotation": 180, "texture": "#4"}
			}
		},
		{
			"from": [-15.1, 13.795, 7.01],
			"to": [-6.52, 14.125, 8.99],
			"rotation": {"angle": 22.5, "axis": "y", "origin": [-5.2, 13.96, 8]},
			"faces": {
				"north": {"uv": [0, 10.5, 3.5, 11], "texture": "#4"},
				"east": {"uv": [0, 10.5, 1.5, 11], "texture": "#4"},
				"south": {"uv": [0, 10.5, 3.5, 11], "texture": "#4"},
				"west": {"uv": [0, 10.5, 1.5, 11], "texture": "#4"},
				"up": {"uv": [6.5, 10.5, 0, 12], "rotation": 180, "texture": "#4"},
				"down": {"uv": [6.5, 10.5, 0, 12], "rotation": 180, "texture": "#4"}
			}
		},
		{
			"from": [-6.52, 13.3, 6.68],
			"to": [-3.88, 14.62, 9.32],
			"rotation": {"angle": 22.5, "axis": "y", "origin": [-5.2, 13.96, 8]},
			"faces": {
				"north": {"uv": [6.5, 14, 8.5, 15], "texture": "#4"},
				"east": {"uv": [6.5, 14, 8.5, 15], "texture": "#4"},
				"south": {"uv": [6.5, 14, 8.5, 15], "texture": "#4"},
				"west": {"uv": [6.5, 14, 8.5, 15], "texture": "#4"},
				"up": {"uv": [8.5, 14, 10.5, 16], "texture": "#4"},
				"down": {"uv": [10.5, 14, 12.5, 16], "texture": "#4"}
			}
		},
		{
			"from": [-3.88, 13.795, 7.01],
			"to": [4.7, 14.125, 8.99],
			"rotation": {"angle": 22.5, "axis": "y", "origin": [-5.2, 13.96, 8]},
			"faces": {
				"north": {"uv": [0, 10.5, 3.5, 11], "texture": "#4"},
				"east": {"uv": [0, 10.5, 1.5, 11], "texture": "#4"},
				"south": {"uv": [0, 10.5, 3.5, 11], "texture": "#4"},
				"west": {"uv": [0, 10.5, 1.5, 11], "texture": "#4"},
				"up": {"uv": [0, 10.5, 6.5, 12], "rotation": 180, "texture": "#4"},
				"down": {"uv": [0, 10.5, 6.5, 12], "rotation": 180, "texture": "#4"}
			}
		}
	],
	"display": {
		"thirdperson_righthand": {
			"scale": [0.7, 0.7, 0.7]
		},
		"thirdperson_lefthand": {
			"scale": [0.7, 0.7, 0.7]
		},
		"firstperson_righthand": {
			"rotation": [0, -90, 25],
			"translation": [-0.37, 6.7, 1.38],
			"scale": [0.68, 0.68, 0.68]
		},
		"firstperson_lefthand": {
			"rotation": [0, -90, 25],
			"translation": [-0.37, 6.7, 1.38],
			"scale": [0.68, 0.68, 0.68]
		},
		"ground": {
			"translation": [0, 6.75, 0]
		},
		"gui": {
			"rotation": [30, 225, 0],
			"translation": [0, 1.75, 0],
			"scale": [0.5, 0.5, 0.5]
		},
		"head": {
			"translation": [0, 20, 0],
			"scale": [4, 4, 4]
		},
		"fixed": {
			"rotation": [-90, 0, 0],
			"translation": [0, 0, -16],
			"scale": [2, 2, 2]
		}
	},
	"groups": [
		0,
		{
			"name": "group",
			"origin": [8, 25.5, 8],
			"color": 0,
			"children": []
		},
		{
			"name": "blade_animations",
			"origin": [7, 0, 7],
			"color": 0,
			"children": [
				{
					"name": "1",
					"origin": [7, -15, 7],
					"color": 0,
					"children": []
				},
				{
					"name": "2",
					"origin": [8, 5, 8],
					"color": 0,
					"children": []
				},
				{
					"name": "3",
					"origin": [8, 5, 8],
					"color": 0,
					"children": []
				},
				{
					"name": "4",
					"origin": [8, 5, 8],
					"color": 0,
					"children": []
				},
				{
					"name": "5",
					"origin": [8, 5, 8],
					"color": 0,
					"children": []
				},
				{
					"name": "6",
					"origin": [8, 5, 8],
					"color": 0,
					"children": []
				},
				{
					"name": "7",
					"origin": [8, 5, 8],
					"color": 0,
					"children": []
				}
			]
		},
		{
			"name": "8",
			"origin": [8, 5, 8],
			"color": 0,
			"children": []
		},
		1,
		2,
		{
			"name": "blade_animations",
			"origin": [7, 0, 7],
			"color": 0,
			"children": [
				{
					"name": "1",
					"origin": [7, -15, 7],
					"color": 0,
					"children": [3, 4, 5, 6, 7, 8]
				},
				{
					"name": "2",
					"origin": [8, 5, 8],
					"color": 0,
					"children": [9, 10, 11, 12, 13, 14]
				},
				{
					"name": "3",
					"origin": [8, 5, 8],
					"color": 0,
					"children": [15, 16, 17, 18, 19, 20]
				},
				{
					"name": "4",
					"origin": [8, 5, 8],
					"color": 0,
					"children": [21, 22, 23, 24, 25, 26]
				},
				{
					"name": "5",
					"origin": [8, 5, 8],
					"color": 0,
					"children": [27, 28, 29, 30, 31, 32]
				},
				{
					"name": "6",
					"origin": [8, 5, 8],
					"color": 0,
					"children": [33, 34, 35, 36, 37, 38]
				},
				{
					"name": "7",
					"origin": [8, 5, 8],
					"color": 0,
					"children": [39, 40, 41, 42, 43, 44]
				},
				{
					"name": "8",
					"origin": [8, 5, 8],
					"color": 0,
					"children": [45, 46, 47, 48, 49, 50]
				}
			]
		}
	]
}