{
  "parent": "item/generated",
  "textures": {
   "layer0": "item/paper"
  },
  "overrides": [
   {
    "predicate": {
     "custom_model_data": 0
    },
    "model": "item/paper/paper"
   },
   {
    "predicate": {
     "custom_model_data": 1
    },
    "model": "item/paper/paper"
   },
   {
    "predicate": {
     "custom_model_data": 2
    },
    "model": "item/paper/crate_lvl1"
   },
   {
    "predicate": {
     "custom_model_data": 3
    },
    "model": "item/paper/crate_lvl2"
   },
   {
    "predicate": {
     "custom_model_data": 4
    },
    "model": "item/paper/crate_lvl3"
   },
   {
    "predicate": {
     "custom_model_data": 5
    },
    "model": "item/paper/crate_lvl4"
   },
   {
    "predicate": {
     "custom_model_data": 6
    },
    "model": "item/paper/key_lvl1"
   },
   {
    "predicate": {
     "custom_model_data": 7
    },
    "model": "item/paper/key_lvl2"
   },
   {
    "predicate": {
     "custom_model_data": 8
    },
    "model": "item/paper/key_lvl3"
   },
   {
    "predicate": {
     "custom_model_data": 9
    },
    "model": "item/paper/key_lvl4"
   }
  ]
}