{
	"credit": "Made with Blockbench",
	"textures": {
		"1": "item/crate_lvl4"
	},
	"elements": [
		{
			"from": [-6, 4, -1],
			"to": [20, 13, 16],
			"rotation": {"angle": 0, "axis": "y", "origin": [7, 0, 7]},
			"faces": {
				"north": {"uv": [0, 7.875, 3.25, 9], "texture": "#1"},
				"east": {"uv": [4.5, 9, 6.625, 10.125], "texture": "#1"},
				"south": {"uv": [3.25, 7.875, 6.5, 9], "texture": "#1"},
				"west": {"uv": [6.625, 9.5, 8.75, 10.625], "texture": "#1"},
				"up": {"uv": [10.25, 7.375, 7, 5.25], "texture": "#1"},
				"down": {"uv": [10.5, 0, 7.25, 2.125], "texture": "#1"}
			}
		},
		{
			"from": [-4, 6, -3],
			"to": [1, 8, -1],
			"rotation": {"angle": 0, "axis": "y", "origin": [-1, -5, 5]},
			"faces": {
				"north": {"uv": [10.25, 9.25, 10.875, 9.5], "texture": "#1"},
				"east": {"uv": [10.875, 9.25, 11.125, 9.5], "texture": "#1"},
				"south": {"uv": [13.25, 11.375, 13.875, 11.625], "texture": "#1"},
				"west": {"uv": [10.625, 13.125, 10.875, 13.375], "texture": "#1"},
				"up": {"uv": [14.375, 2.5, 13.75, 2.25], "texture": "#1"},
				"down": {"uv": [14.375, 5.25, 13.75, 5.5], "texture": "#1"}
			}
		},
		{
			"from": [-8, 0, -3],
			"to": [22, 4, 18],
			"rotation": {"angle": 0, "axis": "y", "origin": [7, 0, 7]},
			"faces": {
				"north": {"uv": [10.25, 8.25, 14, 8.75], "texture": "#1"},
				"east": {"uv": [11.125, 9.25, 13.75, 9.75], "texture": "#1"},
				"south": {"uv": [10.25, 8.75, 14, 9.25], "texture": "#1"},
				"west": {"uv": [11.125, 9.75, 13.75, 10.25], "texture": "#1"},
				"up": {"uv": [3.75, 2.625, 0, 0], "texture": "#1"},
				"down": {"uv": [3.75, 2.625, 0, 5.25], "texture": "#1"}
			}
		},
		{
			"from": [-4, 7.05025, -8.67846],
			"to": [0, 9.05025, -4.67846],
			"rotation": {"angle": -45, "axis": "x", "origin": [-3, 12, 0.3718]},
			"faces": {
				"north": {"uv": [1.875, 14, 2.375, 14.25], "texture": "#1"},
				"east": {"uv": [2.375, 14, 2.875, 14.25], "texture": "#1"},
				"south": {"uv": [2.875, 14, 3.375, 14.25], "texture": "#1"},
				"west": {"uv": [3.375, 14, 3.875, 14.25], "texture": "#1"},
				"up": {"uv": [12.375, 13.75, 11.875, 13.25], "texture": "#1"},
				"down": {"uv": [6.25, 13.625, 5.75, 14.125], "texture": "#1"}
			}
		},
		{
			"from": [-6.05025, 6.77157, -6.82059],
			"to": [-2.05025, 8.77157, -2.82059],
			"rotation": {"angle": -45, "axis": "z", "origin": [-9, 2.82183, -11.82059]},
			"faces": {
				"north": {"uv": [3.875, 14, 4.375, 14.25], "texture": "#1"},
				"east": {"uv": [4.875, 14, 5.375, 14.25], "texture": "#1"},
				"south": {"uv": [14, 5.5, 14.5, 5.75], "texture": "#1"},
				"west": {"uv": [14, 5.75, 14.5, 6], "texture": "#1"},
				"up": {"uv": [6.75, 14.125, 6.25, 13.625], "texture": "#1"},
				"down": {"uv": [7.25, 13.625, 6.75, 14.125], "texture": "#1"}
			}
		},
		{
			"from": [-4, -1.95696, -9.53284],
			"to": [0, 0.04304, -5.53284],
			"rotation": {"angle": -22.5, "axis": "x", "origin": [-9, 1.72183, -14.82059]},
			"faces": {
				"north": {"uv": [14, 6, 14.5, 6.25], "texture": "#1"},
				"east": {"uv": [14, 6.25, 14.5, 6.5], "texture": "#1"},
				"south": {"uv": [14, 6.5, 14.5, 6.75], "texture": "#1"},
				"west": {"uv": [14, 6.75, 14.5, 7], "texture": "#1"},
				"up": {"uv": [7.75, 14.125, 7.25, 13.625], "texture": "#1"},
				"down": {"uv": [11.125, 13.625, 10.625, 14.125], "texture": "#1"}
			}
		},
		{
			"from": [-6.05025, -4.42792, -9],
			"to": [-2.05025, -2.42792, -5],
			"rotation": {"angle": 45, "axis": "z", "origin": [-9, 1.52183, -17.32059]},
			"faces": {
				"north": {"uv": [14, 7, 14.5, 7.25], "texture": "#1"},
				"east": {"uv": [14, 7.25, 14.5, 7.5], "texture": "#1"},
				"south": {"uv": [14, 7.5, 14.5, 7.75], "texture": "#1"},
				"west": {"uv": [14, 7.75, 14.5, 8], "texture": "#1"},
				"up": {"uv": [11.625, 14.125, 11.125, 13.625], "texture": "#1"},
				"down": {"uv": [14.25, 1.25, 13.75, 1.75], "texture": "#1"}
			}
		},
		{
			"from": [-0.40051, -0.17817, -16],
			"to": [3.59949, 1.82183, -12],
			"rotation": {"angle": -45, "axis": "y", "origin": [-8.3, 0.82183, -19.12059]},
			"faces": {
				"north": {"uv": [14, 8, 14.5, 8.25], "texture": "#1"},
				"east": {"uv": [14, 8.25, 14.5, 8.5], "texture": "#1"},
				"south": {"uv": [14, 8.5, 14.5, 8.75], "texture": "#1"},
				"west": {"uv": [14, 8.75, 14.5, 9], "texture": "#1"},
				"up": {"uv": [14.25, 2.25, 13.75, 1.75], "texture": "#1"},
				"down": {"uv": [14.25, 3.625, 13.75, 4.125], "texture": "#1"}
			}
		},
		{
			"from": [-9, 5, -3],
			"to": [-6, 13, 1],
			"rotation": {"angle": 0, "axis": "y", "origin": [-21, 0, 7]},
			"faces": {
				"north": {"uv": [13.125, 2.5, 13.5, 3.5], "texture": "#1"},
				"east": {"uv": [6.5, 7.875, 7, 8.875], "texture": "#1"},
				"south": {"uv": [9.5, 13.125, 9.875, 14.125], "texture": "#1"},
				"west": {"uv": [8.25, 12.5, 8.75, 13.5], "texture": "#1"},
				"up": {"uv": [7, 9.375, 6.625, 8.875], "texture": "#1"},
				"down": {"uv": [6.625, 10.125, 6.25, 10.625], "texture": "#1"}
			}
		},
		{
			"from": [-10.2717, 11.33835, -3.9],
			"to": [-4.2717, 14.33835, 2.1],
			"rotation": {"angle": 22.5, "axis": "z", "origin": [-7.27165, 11.83835, -1]},
			"faces": {
				"north": {"uv": [12.25, 2, 13, 2.375], "texture": "#1"},
				"east": {"uv": [12.5, 7.875, 13.25, 8.25], "texture": "#1"},
				"south": {"uv": [5, 13.25, 5.75, 13.625], "texture": "#1"},
				"west": {"uv": [13.25, 5.5, 14, 5.875], "texture": "#1"},
				"up": {"uv": [7, 12.5, 6.25, 11.75], "texture": "#1"},
				"down": {"uv": [7.75, 11.75, 7, 12.5], "texture": "#1"}
			}
		},
		{
			"from": [-11, 13, -4],
			"to": [-5, 16, 2],
			"rotation": {"angle": 0, "axis": "y", "origin": [-21, 18, 7]},
			"faces": {
				"north": {"uv": [5.75, 13.25, 6.5, 13.625], "texture": "#1"},
				"east": {"uv": [13.25, 5.875, 14, 6.25], "texture": "#1"},
				"south": {"uv": [13.25, 6.25, 14, 6.625], "texture": "#1"},
				"west": {"uv": [6.5, 13.25, 7.25, 13.625], "texture": "#1"},
				"up": {"uv": [8.5, 12.5, 7.75, 11.75], "texture": "#1"},
				"down": {"uv": [12.5, 11.875, 11.75, 12.625], "texture": "#1"}
			}
		},
		{
			"from": [-10.7, 16, -4],
			"to": [-4.7, 19, 2],
			"rotation": {"angle": 0, "axis": "y", "origin": [-21, 18, 7]},
			"faces": {
				"north": {"uv": [13.25, 6.625, 14, 7], "texture": "#1"},
				"east": {"uv": [13.25, 7, 14, 7.375], "texture": "#1"},
				"south": {"uv": [7.25, 13.25, 8, 13.625], "texture": "#1"},
				"west": {"uv": [13.25, 7.375, 14, 7.75], "texture": "#1"},
				"up": {"uv": [0.75, 13, 0, 12.25], "texture": "#1"},
				"down": {"uv": [1.5, 12.25, 0.75, 13], "texture": "#1"}
			}
		},
		{
			"from": [19, 16, -4],
			"to": [25, 19, 2],
			"rotation": {"angle": 0, "axis": "y", "origin": [35, 18, 7]},
			"faces": {
				"north": {"uv": [13.25, 7.75, 14, 8.125], "texture": "#1"},
				"east": {"uv": [13.25, 11, 14, 11.375], "texture": "#1"},
				"south": {"uv": [13.375, 11.875, 14.125, 12.25], "texture": "#1"},
				"west": {"uv": [13.375, 12.25, 14.125, 12.625], "texture": "#1"},
				"up": {"uv": [13, 2, 12.25, 1.25], "texture": "#1"},
				"down": {"uv": [2.25, 12.25, 1.5, 13], "texture": "#1"}
			}
		},
		{
			"from": [-7, 13, -3],
			"to": [21, 15, 18],
			"rotation": {"angle": 0, "axis": "y", "origin": [7, 2, 7]},
			"faces": {
				"north": {"uv": [11.125, 10.25, 14.625, 10.5], "texture": "#1"},
				"east": {"uv": [11.75, 11.625, 14.375, 11.875], "texture": "#1"},
				"south": {"uv": [11.375, 0.5, 14.875, 0.75], "texture": "#1"},
				"west": {"uv": [11.875, 4.125, 14.5, 4.375], "texture": "#1"},
				"up": {"uv": [7.25, 2.625, 3.75, 0], "texture": "#1"},
				"down": {"uv": [7.25, 2.625, 3.75, 5.25], "texture": "#1"}
			}
		},
		{
			"from": [3.5, 8, -2],
			"to": [10.5, 13, 17],
			"rotation": {"angle": 0, "axis": "y", "origin": [7.5, 2, 7]},
			"faces": {
				"north": {"uv": [12.5, 11.875, 13.375, 12.5], "texture": "#1"},
				"east": {"uv": [6.25, 10.625, 8.625, 11.25], "texture": "#1"},
				"south": {"uv": [12.5, 12.5, 13.375, 13.125], "texture": "#1"},
				"west": {"uv": [10.875, 11, 13.25, 11.625], "texture": "#1"},
				"up": {"uv": [5.375, 12.5, 4.5, 10.125], "texture": "#1"},
				"down": {"uv": [6.25, 10.125, 5.375, 12.5], "texture": "#1"}
			}
		},
		{
			"from": [5.80971, 4.52969, -1.9],
			"to": [9.80971, 9.52969, -0.9],
			"rotation": {"angle": -22.5, "axis": "z", "origin": [6.30971, 7.02969, 7.6]},
			"faces": {
				"north": {"uv": [12.5, 13.125, 13, 13.75], "texture": "#1"},
				"east": {"uv": [8.625, 10.625, 8.75, 11.25], "texture": "#1"},
				"south": {"uv": [13, 13.125, 13.5, 13.75], "texture": "#1"},
				"west": {"uv": [8.5, 11.75, 8.625, 12.375], "texture": "#1"},
				"up": {"uv": [11, 4.25, 10.5, 4.125], "texture": "#1"},
				"down": {"uv": [11.5, 4.125, 11, 4.25], "texture": "#1"}
			}
		},
		{
			"from": [4.19029, 4.52969, -1.9],
			"to": [8.19029, 9.52969, -0.9],
			"rotation": {"angle": 22.5, "axis": "z", "origin": [7.69029, 7.02969, 7.6]},
			"faces": {
				"north": {"uv": [4.5, 13.25, 5, 13.875], "texture": "#1"},
				"east": {"uv": [8.625, 11.75, 8.75, 12.375], "texture": "#1"},
				"south": {"uv": [13.25, 4.875, 13.75, 5.5], "texture": "#1"},
				"west": {"uv": [9.375, 13.875, 9.5, 14.5], "texture": "#1"},
				"up": {"uv": [11.875, 2.375, 11.375, 2.25], "texture": "#1"},
				"down": {"uv": [13.75, 8.125, 13.25, 8.25], "texture": "#1"}
			}
		},
		{
			"from": [-10.278, 3.66165, -4.1],
			"to": [-4.278, 6.66165, 1.9],
			"rotation": {"angle": -22.5, "axis": "z", "origin": [-7.27165, 6.16165, 15]},
			"faces": {
				"north": {"uv": [13.375, 12.625, 14.125, 13], "texture": "#1"},
				"east": {"uv": [13.5, 0, 14.25, 0.375], "texture": "#1"},
				"south": {"uv": [13.5, 2.5, 14.25, 2.875], "texture": "#1"},
				"west": {"uv": [13.5, 2.875, 14.25, 3.25], "texture": "#1"},
				"up": {"uv": [3, 13, 2.25, 12.25], "texture": "#1"},
				"down": {"uv": [3.75, 12.25, 3, 13], "texture": "#1"}
			}
		},
		{
			"from": [-11, 0, -4],
			"to": [-5, 5, 2],
			"rotation": {"angle": 0, "axis": "y", "origin": [-21, 0, 7]},
			"faces": {
				"north": {"uv": [8.75, 12.875, 9.5, 13.5], "texture": "#1"},
				"east": {"uv": [0, 13, 0.75, 13.625], "texture": "#1"},
				"south": {"uv": [0.75, 13, 1.5, 13.625], "texture": "#1"},
				"west": {"uv": [13, 1.25, 13.75, 1.875], "texture": "#1"},
				"up": {"uv": [4.5, 13, 3.75, 12.25], "texture": "#1"},
				"down": {"uv": [5.25, 12.5, 4.5, 13.25], "texture": "#1"}
			}
		},
		{
			"from": [19, 0, -4],
			"to": [25, 5, 2],
			"rotation": {"angle": 0, "axis": "y", "origin": [35, 0, 7]},
			"faces": {
				"north": {"uv": [1.5, 13, 2.25, 13.625], "texture": "#1"},
				"east": {"uv": [2.25, 13, 3, 13.625], "texture": "#1"},
				"south": {"uv": [3, 13, 3.75, 13.625], "texture": "#1"},
				"west": {"uv": [3.75, 13, 4.5, 13.625], "texture": "#1"},
				"up": {"uv": [13.25, 5.625, 12.5, 4.875], "texture": "#1"},
				"down": {"uv": [6, 12.5, 5.25, 13.25], "texture": "#1"}
			}
		},
		{
			"from": [18.27165, 3.66165, -4.1],
			"to": [24.27165, 6.66165, 1.9],
			"rotation": {"angle": 22.5, "axis": "z", "origin": [21.27165, 6.16165, 15]},
			"faces": {
				"north": {"uv": [13.5, 3.25, 14.25, 3.625], "texture": "#1"},
				"east": {"uv": [8, 13.5, 8.75, 13.875], "texture": "#1"},
				"south": {"uv": [8.75, 13.5, 9.5, 13.875], "texture": "#1"},
				"west": {"uv": [13.5, 13, 14.25, 13.375], "texture": "#1"},
				"up": {"uv": [13.25, 6.375, 12.5, 5.625], "texture": "#1"},
				"down": {"uv": [6.75, 12.5, 6, 13.25], "texture": "#1"}
			}
		},
		{
			"from": [20, 5, -3],
			"to": [23, 13, 1],
			"rotation": {"angle": 0, "axis": "y", "origin": [35, 0, 7]},
			"faces": {
				"north": {"uv": [9.875, 13.125, 10.25, 14.125], "texture": "#1"},
				"east": {"uv": [10.875, 12.625, 11.375, 13.625], "texture": "#1"},
				"south": {"uv": [10.25, 13.125, 10.625, 14.125], "texture": "#1"},
				"west": {"uv": [11.375, 12.625, 11.875, 13.625], "texture": "#1"},
				"up": {"uv": [8.75, 11.75, 8.375, 11.25], "texture": "#1"},
				"down": {"uv": [12, 13.75, 11.625, 14.25], "texture": "#1"}
			}
		},
		{
			"from": [18.27165, 11.33835, -3.9],
			"to": [24.27165, 14.33835, 2.1],
			"rotation": {"angle": -22.5, "axis": "z", "origin": [21.27165, 11.83835, -1]},
			"faces": {
				"north": {"uv": [13.5, 13.375, 14.25, 13.75], "texture": "#1"},
				"east": {"uv": [0, 13.625, 0.75, 14], "texture": "#1"},
				"south": {"uv": [0.75, 13.625, 1.5, 14], "texture": "#1"},
				"west": {"uv": [1.5, 13.625, 2.25, 14], "texture": "#1"},
				"up": {"uv": [13.25, 7.125, 12.5, 6.375], "texture": "#1"},
				"down": {"uv": [7.5, 12.5, 6.75, 13.25], "texture": "#1"}
			}
		},
		{
			"from": [19, 13, -4],
			"to": [25, 16, 2],
			"rotation": {"angle": 0, "axis": "y", "origin": [35, 18, 7]},
			"faces": {
				"north": {"uv": [2.25, 13.625, 3, 14], "texture": "#1"},
				"east": {"uv": [3, 13.625, 3.75, 14], "texture": "#1"},
				"south": {"uv": [3.75, 13.625, 4.5, 14], "texture": "#1"},
				"west": {"uv": [5, 13.625, 5.75, 14], "texture": "#1"},
				"up": {"uv": [13.25, 7.875, 12.5, 7.125], "texture": "#1"},
				"down": {"uv": [8.25, 12.5, 7.5, 13.25], "texture": "#1"}
			}
		},
		{
			"from": [19, 16, 13],
			"to": [25, 19, 19],
			"rotation": {"angle": 0, "axis": "y", "origin": [35, 18, 8]},
			"faces": {
				"north": {"uv": [14.125, 11.875, 13.375, 12.25], "texture": "#1"},
				"east": {"uv": [14, 11, 13.25, 11.375], "texture": "#1"},
				"south": {"uv": [14, 7.75, 13.25, 8.125], "texture": "#1"},
				"west": {"uv": [14.125, 12.25, 13.375, 12.625], "texture": "#1"},
				"up": {"uv": [13, 1.25, 12.25, 2], "texture": "#1"},
				"down": {"uv": [2.25, 13, 1.5, 12.25], "texture": "#1"}
			}
		},
		{
			"from": [19, 13, 13],
			"to": [25, 16, 19],
			"rotation": {"angle": 0, "axis": "y", "origin": [35, 18, 8]},
			"faces": {
				"north": {"uv": [4.5, 13.625, 3.75, 14], "texture": "#1"},
				"east": {"uv": [3.75, 13.625, 3, 14], "texture": "#1"},
				"south": {"uv": [3, 13.625, 2.25, 14], "texture": "#1"},
				"west": {"uv": [5.75, 13.625, 5, 14], "texture": "#1"},
				"up": {"uv": [13.25, 7.125, 12.5, 7.875], "texture": "#1"},
				"down": {"uv": [8.25, 13.25, 7.5, 12.5], "texture": "#1"}
			}
		},
		{
			"from": [18.27165, 11.33835, 12.9],
			"to": [24.27165, 14.33835, 18.9],
			"rotation": {"angle": -22.5, "axis": "z", "origin": [21.27165, 11.83835, 16]},
			"faces": {
				"north": {"uv": [1.5, 13.625, 0.75, 14], "texture": "#1"},
				"east": {"uv": [0.75, 13.625, 0, 14], "texture": "#1"},
				"south": {"uv": [14.25, 13.375, 13.5, 13.75], "texture": "#1"},
				"west": {"uv": [2.25, 13.625, 1.5, 14], "texture": "#1"},
				"up": {"uv": [13.25, 6.375, 12.5, 7.125], "texture": "#1"},
				"down": {"uv": [7.5, 13.25, 6.75, 12.5], "texture": "#1"}
			}
		},
		{
			"from": [20, 5, 14],
			"to": [23, 13, 18],
			"rotation": {"angle": 0, "axis": "y", "origin": [35, 0, 8]},
			"faces": {
				"north": {"uv": [10.625, 13.125, 10.25, 14.125], "texture": "#1"},
				"east": {"uv": [11.375, 12.625, 10.875, 13.625], "texture": "#1"},
				"south": {"uv": [10.25, 13.125, 9.875, 14.125], "texture": "#1"},
				"west": {"uv": [11.875, 12.625, 11.375, 13.625], "texture": "#1"},
				"up": {"uv": [8.75, 11.25, 8.375, 11.75], "texture": "#1"},
				"down": {"uv": [12, 14.25, 11.625, 13.75], "texture": "#1"}
			}
		},
		{
			"from": [18.27165, 3.66165, 13.1],
			"to": [24.27165, 6.66165, 19.1],
			"rotation": {"angle": 22.5, "axis": "z", "origin": [21.27165, 6.16165, 0]},
			"faces": {
				"north": {"uv": [9.5, 13.5, 8.75, 13.875], "texture": "#1"},
				"east": {"uv": [8.75, 13.5, 8, 13.875], "texture": "#1"},
				"south": {"uv": [14.25, 3.25, 13.5, 3.625], "texture": "#1"},
				"west": {"uv": [14.25, 13, 13.5, 13.375], "texture": "#1"},
				"up": {"uv": [13.25, 5.625, 12.5, 6.375], "texture": "#1"},
				"down": {"uv": [6.75, 13.25, 6, 12.5], "texture": "#1"}
			}
		},
		{
			"from": [19, 0, 13],
			"to": [25, 5, 19],
			"rotation": {"angle": 0, "axis": "y", "origin": [35, 0, 8]},
			"faces": {
				"north": {"uv": [3.75, 13, 3, 13.625], "texture": "#1"},
				"east": {"uv": [3, 13, 2.25, 13.625], "texture": "#1"},
				"south": {"uv": [2.25, 13, 1.5, 13.625], "texture": "#1"},
				"west": {"uv": [4.5, 13, 3.75, 13.625], "texture": "#1"},
				"up": {"uv": [13.25, 4.875, 12.5, 5.625], "texture": "#1"},
				"down": {"uv": [6, 13.25, 5.25, 12.5], "texture": "#1"}
			}
		},
		{
			"from": [-11, 16, 13],
			"to": [-5, 19, 19],
			"rotation": {"angle": 0, "axis": "y", "origin": [-21, 18, 8]},
			"faces": {
				"north": {"uv": [8, 13.25, 7.25, 13.625], "texture": "#1"},
				"east": {"uv": [14, 7, 13.25, 7.375], "texture": "#1"},
				"south": {"uv": [14, 6.625, 13.25, 7], "texture": "#1"},
				"west": {"uv": [14, 7.375, 13.25, 7.75], "texture": "#1"},
				"up": {"uv": [0.75, 12.25, 0, 13], "texture": "#1"},
				"down": {"uv": [1.5, 13, 0.75, 12.25], "texture": "#1"}
			}
		},
		{
			"from": [-11, 13, 13],
			"to": [-5, 16, 19],
			"rotation": {"angle": 0, "axis": "y", "origin": [-21, 18, 8]},
			"faces": {
				"north": {"uv": [14, 6.25, 13.25, 6.625], "texture": "#1"},
				"east": {"uv": [14, 5.875, 13.25, 6.25], "texture": "#1"},
				"south": {"uv": [6.5, 13.25, 5.75, 13.625], "texture": "#1"},
				"west": {"uv": [7.25, 13.25, 6.5, 13.625], "texture": "#1"},
				"up": {"uv": [8.5, 11.75, 7.75, 12.5], "texture": "#1"},
				"down": {"uv": [12.5, 12.625, 11.75, 11.875], "texture": "#1"}
			}
		},
		{
			"from": [-10.2717, 11.33835, 12.9],
			"to": [-4.2717, 14.33835, 18.9],
			"rotation": {"angle": 22.5, "axis": "z", "origin": [-7.27165, 11.83835, 16]},
			"faces": {
				"north": {"uv": [5.75, 13.25, 5, 13.625], "texture": "#1"},
				"east": {"uv": [13.25, 7.875, 12.5, 8.25], "texture": "#1"},
				"south": {"uv": [13, 2, 12.25, 2.375], "texture": "#1"},
				"west": {"uv": [14, 5.5, 13.25, 5.875], "texture": "#1"},
				"up": {"uv": [7, 11.75, 6.25, 12.5], "texture": "#1"},
				"down": {"uv": [7.75, 12.5, 7, 11.75], "texture": "#1"}
			}
		},
		{
			"from": [-9, 5, 14],
			"to": [-6, 13, 18],
			"rotation": {"angle": 0, "axis": "y", "origin": [-21, 0, 8]},
			"faces": {
				"north": {"uv": [9.875, 13.125, 9.5, 14.125], "texture": "#1"},
				"east": {"uv": [7, 7.875, 6.5, 8.875], "texture": "#1"},
				"south": {"uv": [13.5, 2.5, 13.125, 3.5], "texture": "#1"},
				"west": {"uv": [8.75, 12.5, 8.25, 13.5], "texture": "#1"},
				"up": {"uv": [7, 8.875, 6.625, 9.375], "texture": "#1"},
				"down": {"uv": [6.625, 10.625, 6.25, 10.125], "texture": "#1"}
			}
		},
		{
			"from": [-10.278, 3.66165, 13.1],
			"to": [-4.278, 6.66165, 19.1],
			"rotation": {"angle": -22.5, "axis": "z", "origin": [-7.27165, 6.16165, 0]},
			"faces": {
				"north": {"uv": [14.25, 2.5, 13.5, 2.875], "texture": "#1"},
				"east": {"uv": [14.25, 0, 13.5, 0.375], "texture": "#1"},
				"south": {"uv": [14.125, 12.625, 13.375, 13], "texture": "#1"},
				"west": {"uv": [14.25, 2.875, 13.5, 3.25], "texture": "#1"},
				"up": {"uv": [3, 12.25, 2.25, 13], "texture": "#1"},
				"down": {"uv": [3.75, 13, 3, 12.25], "texture": "#1"}
			}
		},
		{
			"from": [-11, 0, 13],
			"to": [-5, 5, 19],
			"rotation": {"angle": 0, "axis": "y", "origin": [-21, 0, 8]},
			"faces": {
				"north": {"uv": [1.5, 13, 0.75, 13.625], "texture": "#1"},
				"east": {"uv": [0.75, 13, 0, 13.625], "texture": "#1"},
				"south": {"uv": [9.5, 12.875, 8.75, 13.5], "texture": "#1"},
				"west": {"uv": [13.75, 1.25, 13, 1.875], "texture": "#1"},
				"up": {"uv": [4.5, 12.25, 3.75, 13], "texture": "#1"},
				"down": {"uv": [5.25, 13.25, 4.5, 12.5], "texture": "#1"}
			}
		},
		{
			"from": [-7, 15, -3],
			"to": [21, 17, 18],
			"rotation": {"angle": 0, "axis": "y", "origin": [7, 2, 7]},
			"faces": {
				"north": {"uv": [11.375, 0.75, 14.875, 1], "texture": "#1"},
				"east": {"uv": [11.875, 4.375, 14.5, 4.625], "texture": "#1"},
				"south": {"uv": [11.375, 1, 14.875, 1.25], "texture": "#1"},
				"west": {"uv": [11.875, 4.625, 14.5, 4.875], "texture": "#1"},
				"up": {"uv": [3.5, 7.875, 0, 5.25], "texture": "#1"},
				"down": {"uv": [7, 5.25, 3.5, 7.875], "texture": "#1"}
			}
		},
		{
			"from": [-5.5, 17, -1],
			"to": [19.5, 21, 16],
			"rotation": {"angle": 0, "axis": "y", "origin": [7, 2, 7]},
			"faces": {
				"north": {"uv": [10.5, 3.625, 13.75, 4.125], "texture": "#1"},
				"east": {"uv": [6.25, 11.25, 8.375, 11.75], "texture": "#1"},
				"south": {"uv": [10.875, 10.5, 14.125, 11], "texture": "#1"},
				"west": {"uv": [11.375, 0, 13.5, 0.5], "texture": "#1"},
				"up": {"uv": [10.5, 4.25, 7.25, 2.125], "texture": "#1"},
				"down": {"uv": [10.25, 7.375, 7, 9.5], "texture": "#1"}
			}
		},
		{
			"from": [-3, 20, -3],
			"to": [2, 22, -1],
			"rotation": {"angle": 0, "axis": "y", "origin": [7, 2, 7]},
			"faces": {
				"north": {"uv": [13.75, 10, 14.375, 10.25], "texture": "#1"},
				"east": {"uv": [8, 13.25, 8.25, 13.5], "texture": "#1"},
				"south": {"uv": [13.5, 13.75, 14.125, 14], "texture": "#1"},
				"west": {"uv": [10.625, 13.375, 10.875, 13.625], "texture": "#1"},
				"up": {"uv": [8.375, 14.125, 7.75, 13.875], "texture": "#1"},
				"down": {"uv": [9, 13.875, 8.375, 14.125], "texture": "#1"}
			}
		},
		{
			"from": [-3, 17, -3],
			"to": [2, 20, -3],
			"rotation": {"angle": 0, "axis": "y", "origin": [7, 2, 7]},
			"faces": {
				"north": {"uv": [11.875, 4.875, 12.5, 5.25], "texture": "#1"},
				"east": {"uv": [0, 0, 0, 0.375], "texture": "#1"},
				"south": {"uv": [13.75, 4.875, 14.375, 5.25], "texture": "#1"},
				"west": {"uv": [0, 0, 0, 0.375], "texture": "#1"},
				"up": {"uv": [0.625, 0, 0, 0], "texture": "#1"},
				"down": {"uv": [0.625, 0, 0, 0], "texture": "#1"}
			}
		},
		{
			"from": [12, 17, -3],
			"to": [17, 20, -3],
			"rotation": {"angle": 0, "axis": "y", "origin": [7, 2, 7]},
			"faces": {
				"north": {"uv": [13.75, 9.25, 14.375, 9.625], "texture": "#1"},
				"east": {"uv": [0, 0, 0, 0.375], "texture": "#1"},
				"south": {"uv": [13.75, 9.625, 14.375, 10], "texture": "#1"},
				"west": {"uv": [0, 0, 0, 0.375], "texture": "#1"},
				"up": {"uv": [0.625, 0, 0, 0], "texture": "#1"},
				"down": {"uv": [0.625, 0, 0, 0], "texture": "#1"}
			}
		},
		{
			"from": [12, 20, -3],
			"to": [17, 22, -1],
			"rotation": {"angle": 0, "axis": "y", "origin": [7, 2, 7]},
			"faces": {
				"north": {"uv": [13.875, 11.375, 14.5, 11.625], "texture": "#1"},
				"east": {"uv": [7.75, 13.625, 8, 13.875], "texture": "#1"},
				"south": {"uv": [0, 14, 0.625, 14.25], "texture": "#1"},
				"west": {"uv": [8.375, 14.125, 8.625, 14.375], "texture": "#1"},
				"up": {"uv": [1.25, 14.25, 0.625, 14], "texture": "#1"},
				"down": {"uv": [1.875, 14, 1.25, 14.25], "texture": "#1"}
			}
		},
		{
			"from": [-3, 20, 15],
			"to": [2, 22, 17],
			"rotation": {"angle": 0, "axis": "y", "origin": [7, 2, 7]},
			"faces": {
				"north": {"uv": [14.125, 13.75, 13.5, 14], "texture": "#1"},
				"east": {"uv": [8.25, 13.25, 8, 13.5], "texture": "#1"},
				"south": {"uv": [14.375, 10, 13.75, 10.25], "texture": "#1"},
				"west": {"uv": [10.875, 13.375, 10.625, 13.625], "texture": "#1"},
				"up": {"uv": [8.375, 13.875, 7.75, 14.125], "texture": "#1"},
				"down": {"uv": [9, 14.125, 8.375, 13.875], "texture": "#1"}
			}
		},
		{
			"from": [-3, 17, 17],
			"to": [2, 20, 17],
			"rotation": {"angle": 0, "axis": "y", "origin": [7, 2, 7]},
			"faces": {
				"north": {"uv": [14.375, 4.875, 13.75, 5.25], "texture": "#1"},
				"east": {"uv": [0, 0, 0, 0.375], "texture": "#1"},
				"south": {"uv": [12.5, 4.875, 11.875, 5.25], "texture": "#1"},
				"west": {"uv": [0, 0, 0, 0.375], "texture": "#1"},
				"up": {"uv": [0.625, 0, 0, 0], "texture": "#1"},
				"down": {"uv": [0.625, 0, 0, 0], "texture": "#1"}
			}
		},
		{
			"from": [12, 20, 15],
			"to": [17, 22, 17],
			"rotation": {"angle": 0, "axis": "y", "origin": [7, 2, 7]},
			"faces": {
				"north": {"uv": [0.625, 14, 0, 14.25], "texture": "#1"},
				"east": {"uv": [8, 13.625, 7.75, 13.875], "texture": "#1"},
				"south": {"uv": [14.5, 11.375, 13.875, 11.625], "texture": "#1"},
				"west": {"uv": [8.625, 14.125, 8.375, 14.375], "texture": "#1"},
				"up": {"uv": [1.25, 14, 0.625, 14.25], "texture": "#1"},
				"down": {"uv": [1.875, 14.25, 1.25, 14], "texture": "#1"}
			}
		},
		{
			"from": [12, 17, 17],
			"to": [17, 20, 17],
			"rotation": {"angle": 0, "axis": "y", "origin": [7, 2, 7]},
			"faces": {
				"north": {"uv": [14.375, 9.625, 13.75, 10], "texture": "#1"},
				"east": {"uv": [0, 0, 0, 0.375], "texture": "#1"},
				"south": {"uv": [14.375, 9.25, 13.75, 9.625], "texture": "#1"},
				"west": {"uv": [0, 0, 0, 0.375], "texture": "#1"},
				"up": {"uv": [0.625, 0, 0, 0], "texture": "#1"},
				"down": {"uv": [0.625, 0, 0, 0], "texture": "#1"}
			}
		},
		{
			"from": [-4.9, 14.5, -1.5],
			"to": [4.1, 22.5, 16.5],
			"rotation": {"angle": 22.5, "axis": "z", "origin": [-2.5, 19.5, 7]},
			"faces": {
				"north": {"uv": [0, 11.25, 1.125, 12.25], "texture": "#1"},
				"east": {"uv": [9.625, 4.25, 11.875, 5.25], "texture": "#1"},
				"south": {"uv": [1.125, 11.25, 2.25, 12.25], "texture": "#1"},
				"west": {"uv": [10.25, 5.25, 12.5, 6.25], "texture": "#1"},
				"up": {"uv": [1.125, 11.25, 0, 9], "texture": "#1"},
				"down": {"uv": [2.25, 9, 1.125, 11.25], "texture": "#1"}
			}
		},
		{
			"from": [9.9, 14.5, -1.5],
			"to": [18.9, 22.5, 16.5],
			"rotation": {"angle": -22.5, "axis": "z", "origin": [16.5, 19.5, 7]},
			"faces": {
				"north": {"uv": [2.25, 11.25, 3.375, 12.25], "texture": "#1"},
				"east": {"uv": [10.25, 6.25, 12.5, 7.25], "texture": "#1"},
				"south": {"uv": [3.375, 11.25, 4.5, 12.25], "texture": "#1"},
				"west": {"uv": [10.25, 7.25, 12.5, 8.25], "texture": "#1"},
				"up": {"uv": [3.375, 11.25, 2.25, 9], "texture": "#1"},
				"down": {"uv": [4.5, 9, 3.375, 11.25], "texture": "#1"}
			}
		},
		{
			"from": [3.5, 17, -2],
			"to": [10.5, 25, 17],
			"rotation": {"angle": 0, "axis": "y", "origin": [7.5, 2, 7]},
			"faces": {
				"north": {"uv": [11.375, 1.25, 12.25, 2.25], "texture": "#1"},
				"east": {"uv": [7.25, 4.25, 9.625, 5.25], "texture": "#1"},
				"south": {"uv": [10.875, 11.625, 11.75, 12.625], "texture": "#1"},
				"west": {"uv": [8.75, 9.5, 11.125, 10.5], "texture": "#1"},
				"up": {"uv": [11.375, 2.375, 10.5, 0], "texture": "#1"},
				"down": {"uv": [9.625, 10.5, 8.75, 12.875], "texture": "#1"}
			}
		},
		{
			"from": [5.5, 24, -1],
			"to": [8.5, 26, 2],
			"rotation": {"angle": 0, "axis": "y", "origin": [7.5, 2, 7]},
			"faces": {
				"north": {"uv": [5.375, 14, 5.75, 14.25], "texture": "#1"},
				"east": {"uv": [5.75, 14.125, 6.125, 14.375], "texture": "#1"},
				"south": {"uv": [6.125, 14.125, 6.5, 14.375], "texture": "#1"},
				"west": {"uv": [6.5, 14.125, 6.875, 14.375], "texture": "#1"},
				"up": {"uv": [4.875, 14.25, 4.5, 13.875], "texture": "#1"},
				"down": {"uv": [9.375, 13.875, 9, 14.25], "texture": "#1"}
			}
		},
		{
			"from": [5.5, 24, 5.5],
			"to": [8.5, 26, 9.5],
			"rotation": {"angle": 0, "axis": "y", "origin": [7.5, 2, 7]},
			"faces": {
				"north": {"uv": [6.875, 14.125, 7.25, 14.375], "texture": "#1"},
				"east": {"uv": [14, 9, 14.5, 9.25], "texture": "#1"},
				"south": {"uv": [7.25, 14.125, 7.625, 14.375], "texture": "#1"},
				"west": {"uv": [14, 11, 14.5, 11.25], "texture": "#1"},
				"up": {"uv": [12.375, 14.25, 12, 13.75], "texture": "#1"},
				"down": {"uv": [12.75, 13.75, 12.375, 14.25], "texture": "#1"}
			}
		},
		{
			"from": [5.5, 24, 12],
			"to": [8.5, 26, 16],
			"rotation": {"angle": 0, "axis": "y", "origin": [7.5, 2, 7]},
			"faces": {
				"north": {"uv": [7.625, 14.125, 8, 14.375], "texture": "#1"},
				"east": {"uv": [13.5, 14, 14, 14.25], "texture": "#1"},
				"south": {"uv": [8, 14.125, 8.375, 14.375], "texture": "#1"},
				"west": {"uv": [14, 14, 14.5, 14.25], "texture": "#1"},
				"up": {"uv": [13.125, 14.25, 12.75, 13.75], "texture": "#1"},
				"down": {"uv": [13.5, 13.75, 13.125, 14.25], "texture": "#1"}
			}
		},
		{
			"from": [3.5, 18, -3],
			"to": [8.5, 23, 18],
			"rotation": {"angle": -45, "axis": "z", "origin": [7, 19.5, 7]},
			"faces": {
				"north": {"uv": [11.875, 12.625, 12.5, 13.25], "texture": "#1"},
				"east": {"uv": [10.5, 2.375, 13.125, 3], "texture": "#1"},
				"south": {"uv": [13.125, 1.875, 13.75, 2.5], "texture": "#1"},
				"west": {"uv": [10.5, 3, 13.125, 3.625], "texture": "#1"},
				"up": {"uv": [10.25, 13.125, 9.625, 10.5], "texture": "#1"},
				"down": {"uv": [10.875, 10.5, 10.25, 13.125], "texture": "#1"}
			}
		}
	],
	"display": {
		"thirdperson_righthand": {
			"scale": [0.2, 0.2, 0.2]
		},
		"thirdperson_lefthand": {
			"scale": [0.2, 0.2, 0.2]
		},
		"firstperson_righthand": {
			"translation": [1.75, 1.5, 0],
			"scale": [0.3, 0.3, 0.3]
		},
		"firstperson_lefthand": {
			"translation": [1.75, 1.5, 0],
			"scale": [0.3, 0.3, 0.3]
		},
		"ground": {
			"translation": [0, 4.75, 0],
			"scale": [0.15, 0.15, 0.15]
		},
		"gui": {
			"rotation": [35, 135, 0],
			"translation": [0.25, -0.25, 0],
			"scale": [0.3, 0.3, 0.3]
		},
		"head": {
			"translation": [0, 9.75, 0],
			"scale": [0.4, 0.4, 0.4]
		},
		"fixed": {
			"rotation": [-90, 0, 0],
			"translation": [1.75, 1, -13.75],
			"scale": [1.7, 1.7, 1.7]
		}
	},
	"groups": [
		{
			"name": "chest",
			"origin": [0, 0.45, 0],
			"color": 0,
			"children": [
				0,
				1,
				2,
				{
					"name": "bone",
					"origin": [-4.86, 3.22183, -7.45239],
					"rotation": [0, -30, 0],
					"color": 0,
					"children": [3, 4, 5, 6, 7]
				},
				8,
				9,
				10,
				11,
				12,
				13,
				14,
				15,
				16,
				17,
				18,
				19,
				20,
				21,
				22,
				23,
				24,
				25,
				26,
				27,
				28,
				29,
				30,
				31,
				32,
				33,
				34,
				35,
				{
					"name": "lid",
					"origin": [0, 15, 11],
					"color": 0,
					"children": [36, 37, 38, 39, 40, 41, 42, 43, 44, 45, 46, 47, 48, 49, 50, 51, 52]
				}
			]
		}
	]
}