{
	"credit": "Made with Blockbench",
	"textures": {
		"0": "item/crate_lvl3"
	},
	"elements": [
		{
			"from": [-4, 4, 0],
			"to": [22, 13, 16],
			"rotation": {"angle": 0, "axis": "y", "origin": [9, 0, 8]},
			"faces": {
				"north": {"uv": [3.25, 7, 6.5, 8.125], "texture": "#0"},
				"east": {"uv": [3.25, 8.125, 5.25, 9.25], "texture": "#0"},
				"south": {"uv": [6.5, 7, 9.75, 8.125], "texture": "#0"},
				"west": {"uv": [5.25, 8.125, 7.25, 9.25], "texture": "#0"},
				"up": {"uv": [3.25, 7, 0, 5], "texture": "#0"},
				"down": {"uv": [6.5, 5, 3.25, 7], "texture": "#0"}
			}
		},
		{
			"from": [-1, 0, -2],
			"to": [19, 4, 18],
			"rotation": {"angle": 0, "axis": "y", "origin": [9, 0, 8]},
			"faces": {
				"north": {"uv": [9.5, 10.125, 12, 10.625], "texture": "#0"},
				"east": {"uv": [9.5, 10.625, 12, 11.125], "texture": "#0"},
				"south": {"uv": [7.25, 11.125, 9.75, 11.625], "texture": "#0"},
				"west": {"uv": [9.75, 11.125, 12.25, 11.625], "texture": "#0"},
				"up": {"uv": [9.5, 2.5, 7, 0], "texture": "#0"},
				"down": {"uv": [9.5, 2.5, 7, 5], "texture": "#0"}
			}
		},
		{
			"from": [-6, 5, -2],
			"to": [-3, 13, 2],
			"rotation": {"angle": 0, "axis": "y", "origin": [9, 0, 8]},
			"faces": {
				"north": {"uv": [10, 12.75, 10.375, 13.75], "texture": "#0"},
				"east": {"uv": [2.25, 12.125, 2.75, 13.125], "texture": "#0"},
				"south": {"uv": [10.375, 12.75, 10.75, 13.75], "texture": "#0"},
				"west": {"uv": [12.25, 11.625, 12.75, 12.625], "texture": "#0"},
				"up": {"uv": [12.625, 9.25, 12.25, 8.75], "texture": "#0"},
				"down": {"uv": [2.625, 13.125, 2.25, 13.625], "texture": "#0"}
			}
		},
		{
			"from": [-7.7, 11.33835, -2.9],
			"to": [-1.7, 14.33835, 3.1],
			"rotation": {"angle": -22.5, "axis": "z", "origin": [-4.72835, 11.83835, 0]},
			"faces": {
				"north": {"uv": [12.25, 4.25, 13, 4.625], "texture": "#0"},
				"east": {"uv": [12.75, 10.375, 13.5, 10.75], "texture": "#0"},
				"south": {"uv": [1.5, 12.875, 2.25, 13.25], "texture": "#0"},
				"west": {"uv": [12.875, 4.625, 13.625, 5], "texture": "#0"},
				"up": {"uv": [12.75, 7, 12, 6.25], "texture": "#0"},
				"down": {"uv": [9.25, 12, 8.5, 12.75], "texture": "#0"}
			}
		},
		{
			"from": [-7, 13, -3],
			"to": [-1, 16, 3],
			"rotation": {"angle": 0, "axis": "y", "origin": [9, 18, 8]},
			"faces": {
				"north": {"uv": [12.875, 5, 13.625, 5.375], "texture": "#0"},
				"east": {"uv": [13, 3.375, 13.75, 3.75], "texture": "#0"},
				"south": {"uv": [13, 3.75, 13.75, 4.125], "texture": "#0"},
				"west": {"uv": [13, 4.125, 13.75, 4.5], "texture": "#0"},
				"up": {"uv": [10, 12.75, 9.25, 12], "texture": "#0"},
				"down": {"uv": [10.75, 12, 10, 12.75], "texture": "#0"}
			}
		},
		{
			"from": [19, 13, -3],
			"to": [25, 16, 3],
			"rotation": {"angle": 0, "axis": "y", "origin": [9, 18, 8]},
			"faces": {
				"north": {"uv": [6, 13, 6.75, 13.375], "texture": "#0"},
				"east": {"uv": [6.75, 13, 7.5, 13.375], "texture": "#0"},
				"south": {"uv": [13, 6.875, 13.75, 7.25], "texture": "#0"},
				"west": {"uv": [13, 7.25, 13.75, 7.625], "texture": "#0"},
				"up": {"uv": [12.75, 10.875, 12, 10.125], "texture": "#0"},
				"down": {"uv": [11.5, 12, 10.75, 12.75], "texture": "#0"}
			}
		},
		{
			"from": [19.72835, 11.33835, -2.9],
			"to": [25.72835, 14.33835, 3.1],
			"rotation": {"angle": 22.5, "axis": "z", "origin": [22.72835, 11.83835, 0]},
			"faces": {
				"north": {"uv": [7.5, 13, 8.25, 13.375], "texture": "#0"},
				"east": {"uv": [13, 7.625, 13.75, 8], "texture": "#0"},
				"south": {"uv": [13, 8, 13.75, 8.375], "texture": "#0"},
				"west": {"uv": [13, 8.375, 13.75, 8.75], "texture": "#0"},
				"up": {"uv": [12.25, 12.75, 11.5, 12], "texture": "#0"},
				"down": {"uv": [0.75, 12.125, 0, 12.875], "texture": "#0"}
			}
		},
		{
			"from": [21, 5, -2],
			"to": [24, 13, 2],
			"rotation": {"angle": 0, "axis": "y", "origin": [9, 0, 8]},
			"faces": {
				"north": {"uv": [10.75, 12.75, 11.125, 13.75], "texture": "#0"},
				"east": {"uv": [12.625, 8.75, 13.125, 9.75], "texture": "#0"},
				"south": {"uv": [11.125, 12.75, 11.5, 13.75], "texture": "#0"},
				"west": {"uv": [12.25, 12.625, 12.75, 13.625], "texture": "#0"},
				"up": {"uv": [1.875, 14.125, 1.5, 13.625], "texture": "#0"},
				"down": {"uv": [2.25, 13.625, 1.875, 14.125], "texture": "#0"}
			}
		},
		{
			"from": [19, 13, 13],
			"to": [25, 16, 19],
			"rotation": {"angle": 0, "axis": "y", "origin": [9, 18, 8]},
			"faces": {
				"north": {"uv": [13.75, 6.875, 13, 7.25], "texture": "#0"},
				"east": {"uv": [7.5, 13, 6.75, 13.375], "texture": "#0"},
				"south": {"uv": [6.75, 13, 6, 13.375], "texture": "#0"},
				"west": {"uv": [13.75, 7.25, 13, 7.625], "texture": "#0"},
				"up": {"uv": [12.75, 10.125, 12, 10.875], "texture": "#0"},
				"down": {"uv": [11.5, 12.75, 10.75, 12], "texture": "#0"}
			}
		},
		{
			"from": [19.72835, 11.33835, 12.9],
			"to": [25.72835, 14.33835, 18.9],
			"rotation": {"angle": 22.5, "axis": "z", "origin": [22.72835, 11.83835, 16]},
			"faces": {
				"north": {"uv": [13.75, 8, 13, 8.375], "texture": "#0"},
				"east": {"uv": [13.75, 7.625, 13, 8], "texture": "#0"},
				"south": {"uv": [8.25, 13, 7.5, 13.375], "texture": "#0"},
				"west": {"uv": [13.75, 8.375, 13, 8.75], "texture": "#0"},
				"up": {"uv": [12.25, 12, 11.5, 12.75], "texture": "#0"},
				"down": {"uv": [0.75, 12.875, 0, 12.125], "texture": "#0"}
			}
		},
		{
			"from": [21, 5, 14],
			"to": [24, 13, 18],
			"rotation": {"angle": 0, "axis": "y", "origin": [9, 0, 8]},
			"faces": {
				"north": {"uv": [11.5, 12.75, 11.125, 13.75], "texture": "#0"},
				"east": {"uv": [13.125, 8.75, 12.625, 9.75], "texture": "#0"},
				"south": {"uv": [11.125, 12.75, 10.75, 13.75], "texture": "#0"},
				"west": {"uv": [12.75, 12.625, 12.25, 13.625], "texture": "#0"},
				"up": {"uv": [1.875, 13.625, 1.5, 14.125], "texture": "#0"},
				"down": {"uv": [2.25, 14.125, 1.875, 13.625], "texture": "#0"}
			}
		},
		{
			"from": [-7, 13, 13],
			"to": [-1, 16, 19],
			"rotation": {"angle": 0, "axis": "y", "origin": [9, 18, 8]},
			"faces": {
				"north": {"uv": [13.75, 3.75, 13, 4.125], "texture": "#0"},
				"east": {"uv": [13.75, 3.375, 13, 3.75], "texture": "#0"},
				"south": {"uv": [13.625, 5, 12.875, 5.375], "texture": "#0"},
				"west": {"uv": [13.75, 4.125, 13, 4.5], "texture": "#0"},
				"up": {"uv": [10, 12, 9.25, 12.75], "texture": "#0"},
				"down": {"uv": [10.75, 12.75, 10, 12], "texture": "#0"}
			}
		},
		{
			"from": [-7.7, 11.33835, 12.9],
			"to": [-1.7, 14.33835, 18.9],
			"rotation": {"angle": -22.5, "axis": "z", "origin": [-4.72835, 11.83835, 16]},
			"faces": {
				"north": {"uv": [2.25, 12.875, 1.5, 13.25], "texture": "#0"},
				"east": {"uv": [13.5, 10.375, 12.75, 10.75], "texture": "#0"},
				"south": {"uv": [13, 4.25, 12.25, 4.625], "texture": "#0"},
				"west": {"uv": [13.625, 4.625, 12.875, 5], "texture": "#0"},
				"up": {"uv": [12.75, 6.25, 12, 7], "texture": "#0"},
				"down": {"uv": [9.25, 12.75, 8.5, 12], "texture": "#0"}
			}
		},
		{
			"from": [-6, 5, 14],
			"to": [-3, 13, 18],
			"rotation": {"angle": 0, "axis": "y", "origin": [9, 0, 8]},
			"faces": {
				"north": {"uv": [10.75, 12.75, 10.375, 13.75], "texture": "#0"},
				"east": {"uv": [2.75, 12.125, 2.25, 13.125], "texture": "#0"},
				"south": {"uv": [10.375, 12.75, 10, 13.75], "texture": "#0"},
				"west": {"uv": [12.75, 11.625, 12.25, 12.625], "texture": "#0"},
				"up": {"uv": [12.625, 8.75, 12.25, 9.25], "texture": "#0"},
				"down": {"uv": [2.625, 13.625, 2.25, 13.125], "texture": "#0"}
			}
		},
		{
			"from": [19.72835, 3.66165, -3.1],
			"to": [25.72835, 6.66165, 18.9],
			"rotation": {"angle": -22.5, "axis": "z", "origin": [22.72835, 6.16165, 16]},
			"faces": {
				"north": {"uv": [13.125, 13, 13.875, 13.375], "texture": "#0"},
				"east": {"uv": [3.75, 11.5, 6.5, 11.875], "texture": "#0"},
				"south": {"uv": [1.5, 13.25, 2.25, 13.625], "texture": "#0"},
				"west": {"uv": [6.5, 11.625, 9.25, 12], "texture": "#0"},
				"up": {"uv": [8, 10.875, 7.25, 8.125], "texture": "#0"},
				"down": {"uv": [8.75, 8.125, 8, 10.875], "texture": "#0"}
			}
		},
		{
			"from": [19, 0, -3],
			"to": [25, 5, 19],
			"rotation": {"angle": 0, "axis": "y", "origin": [9, 0, 8]},
			"faces": {
				"north": {"uv": [12.625, 2.75, 13.375, 3.375], "texture": "#0"},
				"east": {"uv": [9.5, 3.5, 12.25, 4.125], "texture": "#0"},
				"south": {"uv": [12.75, 6.25, 13.5, 6.875], "texture": "#0"},
				"west": {"uv": [9.5, 4.125, 12.25, 4.75], "texture": "#0"},
				"up": {"uv": [9.5, 10.875, 8.75, 8.125], "texture": "#0"},
				"down": {"uv": [0.75, 9, 0, 11.75], "texture": "#0"}
			}
		},
		{
			"from": [-5, 13, -2],
			"to": [23, 15, 18],
			"rotation": {"angle": 0, "axis": "y", "origin": [9, 2, 8]},
			"faces": {
				"north": {"uv": [11.75, 1.75, 15.25, 2], "texture": "#0"},
				"east": {"uv": [12, 5.5, 14.5, 5.75], "texture": "#0"},
				"south": {"uv": [11.75, 2, 15.25, 2.25], "texture": "#0"},
				"west": {"uv": [12, 5.75, 14.5, 6], "texture": "#0"},
				"up": {"uv": [3.5, 2.5, 0, 0], "texture": "#0"},
				"down": {"uv": [3.5, 2.5, 0, 5], "texture": "#0"}
			}
		},
		{
			"from": [5.5, 7, -1],
			"to": [12.5, 13, 17],
			"rotation": {"angle": 0, "axis": "y", "origin": [9.5, 2, 8]},
			"faces": {
				"north": {"uv": [11.75, 2.75, 12.625, 3.5], "texture": "#0"},
				"east": {"uv": [9.5, 9.375, 11.75, 10.125], "texture": "#0"},
				"south": {"uv": [11.75, 9.375, 12.625, 10.125], "texture": "#0"},
				"west": {"uv": [9.75, 4.75, 12, 5.5], "texture": "#0"},
				"up": {"uv": [4.625, 11.5, 3.75, 9.25], "texture": "#0"},
				"down": {"uv": [5.5, 9.25, 4.625, 11.5], "texture": "#0"}
			}
		},
		{
			"from": [-7.7, 3.66165, -3.1],
			"to": [-1.7, 6.66165, 18.9],
			"rotation": {"angle": 22.5, "axis": "z", "origin": [-4.72835, 6.16165, 16]},
			"faces": {
				"north": {"uv": [13.5, 9.875, 14.25, 10.25], "texture": "#0"},
				"east": {"uv": [9.25, 11.625, 12, 12], "texture": "#0"},
				"south": {"uv": [13.5, 10.25, 14.25, 10.625], "texture": "#0"},
				"west": {"uv": [0, 11.75, 2.75, 12.125], "texture": "#0"},
				"up": {"uv": [1.5, 11.75, 0.75, 9], "texture": "#0"},
				"down": {"uv": [2.25, 9, 1.5, 11.75], "texture": "#0"}
			}
		},
		{
			"from": [-7, 0, -3],
			"to": [-1, 5, 19],
			"rotation": {"angle": 0, "axis": "y", "origin": [9, 0, 8]},
			"faces": {
				"north": {"uv": [9.25, 12.75, 10, 13.375], "texture": "#0"},
				"east": {"uv": [9.5, 8.125, 12.25, 8.75], "texture": "#0"},
				"south": {"uv": [12.75, 9.75, 13.5, 10.375], "texture": "#0"},
				"west": {"uv": [9.5, 8.75, 12.25, 9.375], "texture": "#0"},
				"up": {"uv": [3, 11.75, 2.25, 9], "texture": "#0"},
				"down": {"uv": [3.75, 9.25, 3, 12], "texture": "#0"}
			}
		},
		{
			"from": [-5, 15, -2],
			"to": [23, 17, 18],
			"rotation": {"angle": 0, "axis": "y", "origin": [9, 2, 8]},
			"faces": {
				"north": {"uv": [11.75, 2.25, 15.25, 2.5], "texture": "#0"},
				"east": {"uv": [6, 12, 8.5, 12.25], "texture": "#0"},
				"south": {"uv": [11.75, 2.5, 15.25, 2.75], "texture": "#0"},
				"west": {"uv": [12, 6, 14.5, 6.25], "texture": "#0"},
				"up": {"uv": [7, 2.5, 3.5, 0], "texture": "#0"},
				"down": {"uv": [7, 2.5, 3.5, 5], "texture": "#0"}
			}
		},
		{
			"from": [-4, 17, 0],
			"to": [22, 21, 16],
			"rotation": {"angle": 0, "axis": "y", "origin": [9, 2, 8]},
			"faces": {
				"north": {"uv": [9.75, 7, 13, 7.5], "texture": "#0"},
				"east": {"uv": [11.75, 0, 13.75, 0.5], "texture": "#0"},
				"south": {"uv": [9.75, 7.5, 13, 8], "texture": "#0"},
				"west": {"uv": [11.75, 0.5, 13.75, 1], "texture": "#0"},
				"up": {"uv": [9.75, 7, 6.5, 5], "texture": "#0"},
				"down": {"uv": [3.25, 7, 0, 9], "texture": "#0"}
			}
		},
		{
			"from": [-2, 16, -1],
			"to": [1, 23, 17],
			"rotation": {"angle": 22.5, "axis": "z", "origin": [-0.5, 19.5, 8]},
			"faces": {
				"north": {"uv": [0, 12.875, 0.375, 13.75], "texture": "#0"},
				"east": {"uv": [9.5, 0, 11.75, 0.875], "texture": "#0"},
				"south": {"uv": [0.375, 12.875, 0.75, 13.75], "texture": "#0"},
				"west": {"uv": [9.5, 0.875, 11.75, 1.75], "texture": "#0"},
				"up": {"uv": [4.875, 14.125, 4.5, 11.875], "texture": "#0"},
				"down": {"uv": [5.25, 11.875, 4.875, 14.125], "texture": "#0"}
			}
		},
		{
			"from": [17, 16, -1],
			"to": [20, 23, 17],
			"rotation": {"angle": -22.5, "axis": "z", "origin": [18.5, 19.5, 8]},
			"faces": {
				"north": {"uv": [0.75, 12.875, 1.125, 13.75], "texture": "#0"},
				"east": {"uv": [9.5, 1.75, 11.75, 2.625], "texture": "#0"},
				"south": {"uv": [1.125, 12.875, 1.5, 13.75], "texture": "#0"},
				"west": {"uv": [9.5, 2.625, 11.75, 3.5], "texture": "#0"},
				"up": {"uv": [5.625, 14.125, 5.25, 11.875], "texture": "#0"},
				"down": {"uv": [6, 11.875, 5.625, 14.125], "texture": "#0"}
			}
		},
		{
			"from": [5.5, 17, -1],
			"to": [12.5, 23, 17],
			"rotation": {"angle": 0, "axis": "y", "origin": [9.5, 2, 8]},
			"faces": {
				"north": {"uv": [2.75, 12, 3.625, 12.75], "texture": "#0"},
				"east": {"uv": [9.75, 5.5, 12, 6.25], "texture": "#0"},
				"south": {"uv": [12, 4.75, 12.875, 5.5], "texture": "#0"},
				"west": {"uv": [9.75, 6.25, 12, 7], "texture": "#0"},
				"up": {"uv": [6.375, 11.5, 5.5, 9.25], "texture": "#0"},
				"down": {"uv": [7.25, 9.25, 6.375, 11.5], "texture": "#0"}
			}
		},
		{
			"from": [7.5, 18, -2],
			"to": [10.5, 21, 18],
			"rotation": {"angle": -45, "axis": "z", "origin": [9, 19.5, 8]},
			"faces": {
				"north": {"uv": [12.625, 13.625, 13, 14], "texture": "#0"},
				"east": {"uv": [11.75, 1, 14.25, 1.375], "texture": "#0"},
				"south": {"uv": [0, 13.75, 0.375, 14.125], "texture": "#0"},
				"west": {"uv": [11.75, 1.375, 14.25, 1.75], "texture": "#0"},
				"up": {"uv": [4.125, 14.375, 3.75, 11.875], "texture": "#0"},
				"down": {"uv": [4.5, 11.875, 4.125, 14.375], "texture": "#0"}
			}
		}
	],
	"display": {
		"thirdperson_righthand": {
			"scale": [0.2, 0.2, 0.2]
		},
		"thirdperson_lefthand": {
			"scale": [0.2, 0.2, 0.2]
		},
		"firstperson_righthand": {
			"translation": [1.75, 1.5, 0],
			"scale": [0.4, 0.4, 0.4]
		},
		"firstperson_lefthand": {
			"translation": [1.75, 1.5, 0],
			"scale": [0.4, 0.4, 0.4]
		},
		"ground": {
			"translation": [0, 4.75, 0],
			"scale": [0.15, 0.15, 0.15]
		},
		"gui": {
			"rotation": [35, 135, 0],
			"translation": [0.25, -0.25, 0],
			"scale": [0.3, 0.3, 0.3]
		},
		"head": {
			"translation": [-0.5, 9.75, 0],
			"scale": [0.4, 0.4, 0.4]
		},
		"fixed": {
			"rotation": [-90, 0, 0],
			"translation": [-1.75, 0, -13.75],
			"scale": [1.7, 1.7, 1.7]
		}
	},
	"groups": [
		{
			"name": "chest",
			"origin": [0, 0.45, 0],
			"color": 0,
			"children": [
				0,
				1,
				2,
				3,
				4,
				5,
				6,
				7,
				8,
				9,
				10,
				11,
				12,
				13,
				14,
				15,
				16,
				17,
				18,
				19,
				{
					"name": "lid",
					"origin": [0, 15, 10],
					"color": 0,
					"children": [20, 21, 22, 23, 24, 25]
				}
			]
		}
	]
}