{
	"credit": "Made with Blockbench",
	"textures": {
		"0": "item/crate_lvl1"
	},
	"elements": [
		{
			"from": [-2, 3, 0],
			"to": [18, 11, 16],
			"rotation": {"angle": 0, "axis": "y", "origin": [8, 0, 8]},
			"faces": {
				"north": {"uv": [5, 4.5, 7.5, 5.5], "texture": "#0"},
				"east": {"uv": [5.5, 1, 7.5, 2], "texture": "#0"},
				"south": {"uv": [5.5, 0, 8, 1], "texture": "#0"},
				"west": {"uv": [5.5, 2, 7.5, 3], "texture": "#0"},
				"up": {"uv": [2.5, 6.5, 0, 4.5], "texture": "#0"},
				"down": {"uv": [5, 4.5, 2.5, 6.5], "texture": "#0"}
			}
		},
		{
			"from": [-4, 0, -2],
			"to": [0, 4, 2],
			"rotation": {"angle": -22.5, "axis": "x", "origin": [-2, 2, 0]},
			"faces": {
				"north": {"uv": [1.25, 8.25, 1.75, 8.75], "texture": "#0"},
				"east": {"uv": [8.25, 2.875, 8.75, 3.375], "texture": "#0"},
				"south": {"uv": [8.25, 3.375, 8.75, 3.875], "texture": "#0"},
				"west": {"uv": [4, 8.25, 4.5, 8.75], "texture": "#0"},
				"up": {"uv": [5, 8.75, 4.5, 8.25], "texture": "#0"},
				"down": {"uv": [5.5, 8.25, 5, 8.75], "texture": "#0"}
			}
		},
		{
			"from": [16, 0, -2],
			"to": [20, 4, 2],
			"rotation": {"angle": -22.5, "axis": "x", "origin": [18, 2, 0]},
			"faces": {
				"north": {"uv": [5.5, 8.25, 6, 8.75], "texture": "#0"},
				"east": {"uv": [8.5, 7.75, 9, 8.25], "texture": "#0"},
				"south": {"uv": [8.5, 8.25, 9, 8.75], "texture": "#0"},
				"west": {"uv": [6.75, 8.625, 7.25, 9.125], "texture": "#0"},
				"up": {"uv": [7.75, 9.125, 7.25, 8.625], "texture": "#0"},
				"down": {"uv": [0.5, 8.75, 0, 9.25], "texture": "#0"}
			}
		},
		{
			"from": [-4, 0, 14],
			"to": [0, 4, 18],
			"rotation": {"angle": 22.5, "axis": "x", "origin": [-2, 2, 16]},
			"faces": {
				"north": {"uv": [0.5, 8.75, 1, 9.25], "texture": "#0"},
				"east": {"uv": [1, 8.75, 1.5, 9.25], "texture": "#0"},
				"south": {"uv": [1.5, 8.75, 2, 9.25], "texture": "#0"},
				"west": {"uv": [2, 8.75, 2.5, 9.25], "texture": "#0"},
				"up": {"uv": [3, 9.25, 2.5, 8.75], "texture": "#0"},
				"down": {"uv": [9.25, 2.875, 8.75, 3.375], "texture": "#0"}
			}
		},
		{
			"from": [16, 0, 14],
			"to": [20, 4, 18],
			"rotation": {"angle": 22.5, "axis": "x", "origin": [18, 2, 16]},
			"faces": {
				"north": {"uv": [3, 8.75, 3.5, 9.25], "texture": "#0"},
				"east": {"uv": [8.75, 3.375, 9.25, 3.875], "texture": "#0"},
				"south": {"uv": [3.5, 8.75, 4, 9.25], "texture": "#0"},
				"west": {"uv": [4, 8.75, 4.5, 9.25], "texture": "#0"},
				"up": {"uv": [5, 9.25, 4.5, 8.75], "texture": "#0"},
				"down": {"uv": [5.5, 8.75, 5, 9.25], "texture": "#0"}
			}
		},
		{
			"from": [-3, 0, -1],
			"to": [19, 3, 17],
			"rotation": {"angle": 0, "axis": "y", "origin": [8, 0, 8]},
			"faces": {
				"north": {"uv": [6.25, 7.375, 9, 7.75], "texture": "#0"},
				"east": {"uv": [7.75, 4, 10, 4.375], "texture": "#0"},
				"south": {"uv": [7.5, 1, 10.25, 1.375], "texture": "#0"},
				"west": {"uv": [6.25, 7.75, 8.5, 8.125], "texture": "#0"},
				"up": {"uv": [2.75, 2.25, 0, 0], "texture": "#0"},
				"down": {"uv": [2.75, 2.25, 0, 4.5], "texture": "#0"}
			}
		},
		{
			"from": [-2.5, 3, -0.5],
			"to": [-0.5, 11, 1.5],
			"rotation": {"angle": 0, "axis": "y", "origin": [8, 0, 8]},
			"faces": {
				"north": {"uv": [7.75, 8.625, 8, 9.625], "texture": "#0"},
				"east": {"uv": [5.5, 8.75, 5.75, 9.75], "texture": "#0"},
				"south": {"uv": [5.75, 8.75, 6, 9.75], "texture": "#0"},
				"west": {"uv": [6, 8.75, 6.25, 9.75], "texture": "#0"},
				"up": {"uv": [7.875, 9.875, 7.625, 9.625], "texture": "#0"},
				"down": {"uv": [9.875, 9.25, 9.625, 9.5], "texture": "#0"}
			}
		},
		{
			"from": [16.5, 3, -0.5],
			"to": [18.5, 11, 1.5],
			"rotation": {"angle": 0, "axis": "y", "origin": [8, 0, 8]},
			"faces": {
				"north": {"uv": [6.25, 8.75, 6.5, 9.75], "texture": "#0"},
				"east": {"uv": [6.5, 8.75, 6.75, 9.75], "texture": "#0"},
				"south": {"uv": [8, 8.75, 8.25, 9.75], "texture": "#0"},
				"west": {"uv": [8.25, 8.75, 8.5, 9.75], "texture": "#0"},
				"up": {"uv": [10, 1, 9.75, 0.75], "texture": "#0"},
				"down": {"uv": [1.375, 9.75, 1.125, 10], "texture": "#0"}
			}
		},
		{
			"from": [-2.5, 3, 14.5],
			"to": [-0.5, 11, 16.5],
			"rotation": {"angle": 0, "axis": "y", "origin": [8, 0, 8]},
			"faces": {
				"north": {"uv": [8.5, 8.75, 8.75, 9.75], "texture": "#0"},
				"east": {"uv": [8.75, 8.75, 9, 9.75], "texture": "#0"},
				"south": {"uv": [9, 5.5, 9.25, 6.5], "texture": "#0"},
				"west": {"uv": [9, 6.5, 9.25, 7.5], "texture": "#0"},
				"up": {"uv": [1.625, 10, 1.375, 9.75], "texture": "#0"},
				"down": {"uv": [1.875, 9.75, 1.625, 10], "texture": "#0"}
			}
		},
		{
			"from": [16.5, 3, 14.5],
			"to": [18.5, 11, 16.5],
			"rotation": {"angle": 0, "axis": "y", "origin": [8, 0, 8]},
			"faces": {
				"north": {"uv": [9, 7.5, 9.25, 8.5], "texture": "#0"},
				"east": {"uv": [9, 8.5, 9.25, 9.5], "texture": "#0"},
				"south": {"uv": [6.75, 9.125, 7, 10.125], "texture": "#0"},
				"west": {"uv": [7, 9.125, 7.25, 10.125], "texture": "#0"},
				"up": {"uv": [10, 1.875, 9.75, 1.625], "texture": "#0"},
				"down": {"uv": [2.125, 9.75, 1.875, 10], "texture": "#0"}
			}
		},
		{
			"from": [5, 0, -2],
			"to": [11, 5, 0],
			"rotation": {"angle": 0, "axis": "y", "origin": [8, 0, 8]},
			"faces": {
				"north": {"uv": [8, 6.75, 8.75, 7.375], "texture": "#0"},
				"east": {"uv": [3.125, 9.25, 3.375, 9.875], "texture": "#0"},
				"south": {"uv": [2, 8.125, 2.75, 8.75], "texture": "#0"},
				"west": {"uv": [3.375, 9.25, 3.625, 9.875], "texture": "#0"},
				"up": {"uv": [4.75, 6.75, 4, 6.5], "texture": "#0"},
				"down": {"uv": [8.75, 0.75, 8, 1], "texture": "#0"}
			}
		},
		{
			"from": [5, 5, -1.2],
			"to": [11, 10, -1.2],
			"rotation": {"angle": 0, "axis": "y", "origin": [8, 0, 8]},
			"faces": {
				"north": {"uv": [2.75, 8.125, 3.5, 8.75], "texture": "#0"},
				"east": {"uv": [0, 0, 0, 0.625], "texture": "#0"},
				"south": {"uv": [6, 8.125, 6.75, 8.75], "texture": "#0"},
				"west": {"uv": [0, 0, 0, 0.625], "texture": "#0"},
				"up": {"uv": [0.75, 0, 0, 0], "texture": "#0"},
				"down": {"uv": [0.75, 0, 0, 0], "texture": "#0"}
			}
		},
		{
			"from": [-3, 11, -1],
			"to": [19, 15, 17],
			"rotation": {"angle": 0, "axis": "y", "origin": [8, 2, 8]},
			"faces": {
				"north": {"uv": [5.5, 3, 8.25, 3.5], "texture": "#0"},
				"east": {"uv": [5.5, 4, 7.75, 4.5], "texture": "#0"},
				"south": {"uv": [5.5, 3.5, 8.25, 4], "texture": "#0"},
				"west": {"uv": [4, 7.375, 6.25, 7.875], "texture": "#0"},
				"up": {"uv": [5.5, 2.25, 2.75, 0], "texture": "#0"},
				"down": {"uv": [5.5, 2.25, 2.75, 4.5], "texture": "#0"}
			}
		},
		{
			"from": [0, 16.6, 0.7],
			"to": [16, 20.6, 5.7],
			"rotation": {"angle": -45, "axis": "x", "origin": [8, 16.5, 7.1]},
			"faces": {
				"north": {"uv": [7.5, 1.375, 9.5, 1.875], "texture": "#0"},
				"east": {"uv": [6.75, 8.125, 7.375, 8.625], "texture": "#0"},
				"south": {"uv": [7.5, 1.875, 9.5, 2.375], "texture": "#0"},
				"west": {"uv": [7.375, 8.125, 8, 8.625], "texture": "#0"},
				"up": {"uv": [7, 6.125, 5, 5.5], "texture": "#0"},
				"down": {"uv": [7, 6.125, 5, 6.75], "texture": "#0"}
			}
		},
		{
			"from": [0, 16.17046, 4.29274],
			"to": [16, 21.17046, 7.29274],
			"rotation": {"angle": -22.5, "axis": "x", "origin": [8, 17.07046, 10.69274]},
			"faces": {
				"north": {"uv": [0, 6.5, 2, 7.125], "texture": "#0"},
				"east": {"uv": [7.25, 9.125, 7.625, 9.75], "texture": "#0"},
				"south": {"uv": [2, 6.5, 4, 7.125], "texture": "#0"},
				"west": {"uv": [0, 9.25, 0.375, 9.875], "texture": "#0"},
				"up": {"uv": [4, 8.125, 2, 7.75], "texture": "#0"},
				"down": {"uv": [6, 7.875, 4, 8.25], "texture": "#0"}
			}
		},
		{
			"from": [0, 14.55724, 5.98255],
			"to": [16, 19.55724, 9.98255],
			"rotation": {"angle": 0, "axis": "y", "origin": [8, 15.45724, 12.38255]},
			"faces": {
				"north": {"uv": [4, 6.75, 6, 7.375], "texture": "#0"},
				"east": {"uv": [3.5, 8.125, 4, 8.75], "texture": "#0"},
				"south": {"uv": [6, 6.75, 8, 7.375], "texture": "#0"},
				"west": {"uv": [8, 8.125, 8.5, 8.75], "texture": "#0"},
				"up": {"uv": [9.5, 2.875, 7.5, 2.375], "texture": "#0"},
				"down": {"uv": [9.5, 4.5, 7.5, 5], "texture": "#0"}
			}
		},
		{
			"from": [0, 16.17046, 8.67236],
			"to": [16, 21.17046, 11.67236],
			"rotation": {"angle": 22.5, "axis": "x", "origin": [8, 17.07046, 5.27236]},
			"faces": {
				"north": {"uv": [7, 5.5, 9, 6.125], "texture": "#0"},
				"east": {"uv": [0.375, 9.25, 0.75, 9.875], "texture": "#0"},
				"south": {"uv": [7, 6.125, 9, 6.75], "texture": "#0"},
				"west": {"uv": [0.75, 9.25, 1.125, 9.875], "texture": "#0"},
				"up": {"uv": [10, 0.375, 8, 0], "texture": "#0"},
				"down": {"uv": [10, 0.375, 8, 0.75], "texture": "#0"}
			}
		},
		{
			"from": [0, 16.6, 10.2651],
			"to": [16, 20.6, 15.2651],
			"rotation": {"angle": 45, "axis": "x", "origin": [8, 16.5, 8.8651]},
			"faces": {
				"north": {"uv": [7.5, 5, 9.5, 5.5], "texture": "#0"},
				"east": {"uv": [0, 8.25, 0.625, 8.75], "texture": "#0"},
				"south": {"uv": [0, 7.75, 2, 8.25], "texture": "#0"},
				"west": {"uv": [0.625, 8.25, 1.25, 8.75], "texture": "#0"},
				"up": {"uv": [2, 7.75, 0, 7.125], "texture": "#0"},
				"down": {"uv": [4, 7.125, 2, 7.75], "texture": "#0"}
			}
		},
		{
			"from": [16, 20.6, 10.2651],
			"to": [18, 21.6, 15.2651],
			"rotation": {"angle": 45, "axis": "x", "origin": [10, 16.5, 8.8651]},
			"faces": {
				"north": {"uv": [5.125, 9.75, 5.375, 9.875], "texture": "#0"},
				"east": {"uv": [9.5, 3.875, 10.125, 4], "texture": "#0"},
				"south": {"uv": [5.375, 9.75, 5.625, 9.875], "texture": "#0"},
				"west": {"uv": [9.5, 5.375, 10.125, 5.5], "texture": "#0"},
				"up": {"uv": [3.875, 9.875, 3.625, 9.25], "texture": "#0"},
				"down": {"uv": [4.125, 9.25, 3.875, 9.875], "texture": "#0"}
			}
		},
		{
			"from": [16, 20.17046, 8.67236],
			"to": [18, 22.17046, 11.67236],
			"rotation": {"angle": 22.5, "axis": "x", "origin": [10, 17.07046, 5.27236]},
			"faces": {
				"north": {"uv": [9.75, 2.125, 10, 2.375], "texture": "#0"},
				"east": {"uv": [9.5, 4.875, 9.875, 5.125], "texture": "#0"},
				"south": {"uv": [2.375, 9.75, 2.625, 10], "texture": "#0"},
				"west": {"uv": [9.5, 5.125, 9.875, 5.375], "texture": "#0"},
				"up": {"uv": [9.75, 6.625, 9.5, 6.25], "texture": "#0"},
				"down": {"uv": [9.75, 6.625, 9.5, 7], "texture": "#0"}
			}
		},
		{
			"from": [16, 18.55724, 5.98255],
			"to": [18, 20.55724, 9.98255],
			"rotation": {"angle": 0, "axis": "y", "origin": [10, 15.45724, 12.38255]},
			"faces": {
				"north": {"uv": [9.75, 2.875, 10, 3.125], "texture": "#0"},
				"east": {"uv": [9.25, 7.75, 9.75, 8], "texture": "#0"},
				"south": {"uv": [9.75, 3.125, 10, 3.375], "texture": "#0"},
				"west": {"uv": [9.25, 8, 9.75, 8.25], "texture": "#0"},
				"up": {"uv": [9.5, 8.75, 9.25, 8.25], "texture": "#0"},
				"down": {"uv": [9.5, 8.75, 9.25, 9.25], "texture": "#0"}
			}
		},
		{
			"from": [16, 20.17046, 4.29274],
			"to": [18, 22.17046, 7.29274],
			"rotation": {"angle": -22.5, "axis": "x", "origin": [10, 17.07046, 10.69274]},
			"faces": {
				"north": {"uv": [9.75, 3.375, 10, 3.625], "texture": "#0"},
				"east": {"uv": [9.5, 7, 9.875, 7.25], "texture": "#0"},
				"south": {"uv": [4.625, 9.75, 4.875, 10], "texture": "#0"},
				"west": {"uv": [9.5, 7.25, 9.875, 7.5], "texture": "#0"},
				"up": {"uv": [9.75, 8.625, 9.5, 8.25], "texture": "#0"},
				"down": {"uv": [9.75, 8.625, 9.5, 9], "texture": "#0"}
			}
		},
		{
			"from": [16, 20.6, 0.7],
			"to": [18, 21.6, 5.7],
			"rotation": {"angle": -45, "axis": "x", "origin": [10, 16.5, 7.1]},
			"faces": {
				"north": {"uv": [9.75, 5.5, 10, 5.625], "texture": "#0"},
				"east": {"uv": [9.5, 7.5, 10.125, 7.625], "texture": "#0"},
				"south": {"uv": [5.625, 9.75, 5.875, 9.875], "texture": "#0"},
				"west": {"uv": [9.5, 7.625, 10.125, 7.75], "texture": "#0"},
				"up": {"uv": [4.375, 9.875, 4.125, 9.25], "texture": "#0"},
				"down": {"uv": [4.625, 9.25, 4.375, 9.875], "texture": "#0"}
			}
		},
		{
			"from": [0, 9, 16],
			"to": [3, 13, 18],
			"rotation": {"angle": 0, "axis": "y", "origin": [8, 0, 8]},
			"faces": {
				"north": {"uv": [1.125, 9.25, 1.5, 9.75], "texture": "#0"},
				"east": {"uv": [5.125, 9.25, 5.375, 9.75], "texture": "#0"},
				"south": {"uv": [1.5, 9.25, 1.875, 9.75], "texture": "#0"},
				"west": {"uv": [9.25, 6.25, 9.5, 6.75], "texture": "#0"},
				"up": {"uv": [9.875, 3.875, 9.5, 3.625], "texture": "#0"},
				"down": {"uv": [9.875, 4.375, 9.5, 4.625], "texture": "#0"}
			}
		},
		{
			"from": [13, 9, 16],
			"to": [16, 13, 18],
			"rotation": {"angle": 0, "axis": "y", "origin": [8, 0, 8]},
			"faces": {
				"north": {"uv": [1.875, 9.25, 2.25, 9.75], "texture": "#0"},
				"east": {"uv": [9.25, 6.75, 9.5, 7.25], "texture": "#0"},
				"south": {"uv": [2.25, 9.25, 2.625, 9.75], "texture": "#0"},
				"west": {"uv": [9.25, 7.25, 9.5, 7.75], "texture": "#0"},
				"up": {"uv": [5, 9.75, 4.625, 9.5], "texture": "#0"},
				"down": {"uv": [9.875, 4.625, 9.5, 4.875], "texture": "#0"}
			}
		},
		{
			"from": [-2, 20.6, 10.2651],
			"to": [0, 21.6, 15.2651],
			"rotation": {"angle": 45, "axis": "x", "origin": [6, 16.5, 8.8651]},
			"faces": {
				"north": {"uv": [9.25, 4.375, 9.5, 4.5], "texture": "#0"},
				"east": {"uv": [8.25, 3.875, 8.875, 4], "texture": "#0"},
				"south": {"uv": [4.875, 9.75, 5.125, 9.875], "texture": "#0"},
				"west": {"uv": [8.375, 4.375, 9, 4.5], "texture": "#0"},
				"up": {"uv": [3.125, 9.875, 2.875, 9.25], "texture": "#0"},
				"down": {"uv": [9.5, 2.875, 9.25, 3.5], "texture": "#0"}
			}
		},
		{
			"from": [-2, 20.17046, 8.67236],
			"to": [0, 22.17046, 11.67236],
			"rotation": {"angle": 22.5, "axis": "x", "origin": [6, 17.07046, 5.27236]},
			"faces": {
				"north": {"uv": [9.25, 9.5, 9.5, 9.75], "texture": "#0"},
				"east": {"uv": [9.5, 2.375, 9.875, 2.625], "texture": "#0"},
				"south": {"uv": [9.5, 9.5, 9.75, 9.75], "texture": "#0"},
				"west": {"uv": [9.5, 2.625, 9.875, 2.875], "texture": "#0"},
				"up": {"uv": [9.75, 3.25, 9.5, 2.875], "texture": "#0"},
				"down": {"uv": [9.75, 3.25, 9.5, 3.625], "texture": "#0"}
			}
		},
		{
			"from": [-2, 18.55724, 5.98255],
			"to": [0, 20.55724, 9.98255],
			"rotation": {"angle": 0, "axis": "y", "origin": [6, 15.45724, 12.38255]},
			"faces": {
				"north": {"uv": [9, 9.5, 9.25, 9.75], "texture": "#0"},
				"east": {"uv": [8.75, 0.75, 9.25, 1], "texture": "#0"},
				"south": {"uv": [9.5, 9, 9.75, 9.25], "texture": "#0"},
				"west": {"uv": [9.25, 0.75, 9.75, 1], "texture": "#0"},
				"up": {"uv": [2, 8.75, 1.75, 8.25], "texture": "#0"},
				"down": {"uv": [9.5, 3.5, 9.25, 4], "texture": "#0"}
			}
		},
		{
			"from": [-2, 20.17046, 4.29274],
			"to": [0, 22.17046, 7.29274],
			"rotation": {"angle": -22.5, "axis": "x", "origin": [6, 17.07046, 10.69274]},
			"faces": {
				"north": {"uv": [4.75, 6.5, 5, 6.75], "texture": "#0"},
				"east": {"uv": [9.25, 9.25, 9.625, 9.5], "texture": "#0"},
				"south": {"uv": [6, 7.875, 6.25, 8.125], "texture": "#0"},
				"west": {"uv": [9.5, 1.375, 9.875, 1.625], "texture": "#0"},
				"up": {"uv": [9.75, 2, 9.5, 1.625], "texture": "#0"},
				"down": {"uv": [9.75, 2, 9.5, 2.375], "texture": "#0"}
			}
		},
		{
			"from": [-2, 20.6, 0.7],
			"to": [0, 21.6, 5.7],
			"rotation": {"angle": -45, "axis": "x", "origin": [6, 16.5, 7.1]},
			"faces": {
				"north": {"uv": [8.875, 3.875, 9.125, 4], "texture": "#0"},
				"east": {"uv": [7.5, 2.875, 8.125, 3], "texture": "#0"},
				"south": {"uv": [9, 4.375, 9.25, 4.5], "texture": "#0"},
				"west": {"uv": [7.75, 4.375, 8.375, 4.5], "texture": "#0"},
				"up": {"uv": [9, 7.375, 8.75, 6.75], "texture": "#0"},
				"down": {"uv": [2.875, 9.25, 2.625, 9.875], "texture": "#0"}
			}
		},
		{
			"from": [6, 9, -2],
			"to": [10, 11, 0],
			"rotation": {"angle": 0, "axis": "y", "origin": [8, 0, 8]},
			"faces": {
				"north": {"uv": [4.625, 9.25, 5.125, 9.5], "texture": "#0"},
				"east": {"uv": [9.75, 1.875, 10, 2.125], "texture": "#0"},
				"south": {"uv": [9.25, 5.5, 9.75, 5.75], "texture": "#0"},
				"west": {"uv": [2.125, 9.75, 2.375, 10], "texture": "#0"},
				"up": {"uv": [9.75, 6, 9.25, 5.75], "texture": "#0"},
				"down": {"uv": [9.75, 6, 9.25, 6.25], "texture": "#0"}
			}
		}
	],
	"display": {
		"thirdperson_righthand": {
			"scale": [0.25, 0.25, 0.25]
		},
		"thirdperson_lefthand": {
			"scale": [0.25, 0.25, 0.25]
		},
		"firstperson_righthand": {
			"translation": [1.75, 1.5, 0],
			"scale": [0.4, 0.4, 0.4]
		},
		"firstperson_lefthand": {
			"translation": [1.75, 1.5, 0],
			"scale": [0.4, 0.4, 0.4]
		},
		"ground": {
			"translation": [0, 4.75, 0],
			"scale": [0.15, 0.15, 0.15]
		},
		"gui": {
			"rotation": [35, 135, 0],
			"translation": [0.25, -0.25, 0],
			"scale": [0.35, 0.35, 0.35]
		},
		"head": {
			"translation": [0, 9.75, 0],
			"scale": [0.4, 0.4, 0.4]
		},
		"fixed": {
			"rotation": [-90, 0, 0],
			"translation": [0, 0, -13.75],
			"scale": [1.7, 1.7, 1.7]
		}
	},
	"groups": [
		{
			"name": "chest",
			"origin": [0, 0.45, 0],
			"color": 0,
			"children": [
				0,
				1,
				2,
				3,
				4,
				5,
				6,
				7,
				8,
				9,
				{
					"name": "lock",
					"origin": [0, 9.4, -9.1],
					"color": 0,
					"children": [
						10,
						{
							"name": "bone",
							"origin": [-2.5, 5, -9.2],
							"color": 0,
							"children": [11]
						}
					]
				},
				{
					"name": "lid",
					"origin": [0, 9, 8],
					"color": 0,
					"children": [12, 13, 14, 15, 16, 17, 18, 19, 20, 21, 22, 23, 24, 25, 26, 27, 28, 29, 30]
				}
			]
		}
	]
}