{
	"credit": "Made with Blockbench",
	"textures": {
		"0": "item/crate_lvl2"
	},
	"elements": [
		{
			"from": [-2, 4, 0],
			"to": [18, 11, 16],
			"rotation": {"angle": 0, "axis": "y", "origin": [8, 0, 8]},
			"faces": {
				"north": {"uv": [0, 7.5, 2.5, 8.375], "texture": "#0"},
				"east": {"uv": [8, 0, 10, 0.875], "texture": "#0"},
				"south": {"uv": [2.5, 7.5, 5, 8.375], "texture": "#0"},
				"west": {"uv": [8, 0.875, 10, 1.75], "texture": "#0"},
				"up": {"uv": [8, 6.5, 5.5, 4.5], "texture": "#0"},
				"down": {"uv": [8, 6.5, 5.5, 8.5], "texture": "#0"}
			}
		},
		{
			"from": [6, 4, -1],
			"to": [10, 11, 0],
			"rotation": {"angle": 0, "axis": "y", "origin": [8, 0, 8]},
			"faces": {
				"north": {"uv": [5, 7.5, 5.5, 8.375], "texture": "#0"},
				"east": {"uv": [10.375, 11.625, 10.5, 12.5], "texture": "#0"},
				"south": {"uv": [2.25, 10.25, 2.75, 11.125], "texture": "#0"},
				"west": {"uv": [10.5, 11.625, 10.625, 12.5], "texture": "#0"},
				"up": {"uv": [4.5, 9.125, 4, 9], "texture": "#0"},
				"down": {"uv": [2.75, 9.5, 2.25, 9.625], "texture": "#0"}
			}
		},
		{
			"from": [5.5, 10.53953, -3.71493],
			"to": [10.5, 15.53953, -0.71493],
			"rotation": {"angle": -22.5, "axis": "x", "origin": [-0.5, 12.53953, -2.51493]},
			"faces": {
				"north": {"uv": [10.25, 4.875, 10.875, 5.5], "texture": "#0"},
				"east": {"uv": [10.625, 10.875, 11, 11.5], "texture": "#0"},
				"south": {"uv": [5, 10.25, 5.625, 10.875], "texture": "#0"},
				"west": {"uv": [11, 1.75, 11.375, 2.375], "texture": "#0"},
				"up": {"uv": [8.125, 9.75, 7.5, 9.375], "texture": "#0"},
				"down": {"uv": [8.75, 9.375, 8.125, 9.75], "texture": "#0"}
			}
		},
		{
			"from": [-4, 0, -3],
			"to": [2, 5, 2],
			"rotation": {"angle": -22.5, "axis": "x", "origin": [-2, 2, 0]},
			"faces": {
				"north": {"uv": [6.75, 9.875, 7.5, 10.5], "texture": "#0"},
				"east": {"uv": [10.25, 5.5, 10.875, 6.125], "texture": "#0"},
				"south": {"uv": [2.75, 10, 3.5, 10.625], "texture": "#0"},
				"west": {"uv": [5.625, 10.25, 6.25, 10.875], "texture": "#0"},
				"up": {"uv": [4.25, 10.625, 3.5, 10], "texture": "#0"},
				"down": {"uv": [8.25, 10.125, 7.5, 10.75], "texture": "#0"}
			}
		},
		{
			"from": [-3, 4, -3],
			"to": [1, 5, 0],
			"rotation": {"angle": 0, "axis": "y", "origin": [-2, 2, 0]},
			"faces": {
				"north": {"uv": [11.5, 9.625, 12, 9.75], "texture": "#0"},
				"east": {"uv": [5.125, 8.375, 5.5, 8.5], "texture": "#0"},
				"south": {"uv": [12, 11.625, 12.5, 11.75], "texture": "#0"},
				"west": {"uv": [10.875, 8.125, 11.25, 8.25], "texture": "#0"},
				"up": {"uv": [11.375, 8.625, 10.875, 8.25], "texture": "#0"},
				"down": {"uv": [11.875, 8.25, 11.375, 8.625], "texture": "#0"}
			}
		},
		{
			"from": [-3, 0, -2],
			"to": [19, 4, 18],
			"rotation": {"angle": 0, "axis": "y", "origin": [8, 0, 8]},
			"faces": {
				"north": {"uv": [0, 9, 2.75, 9.5], "texture": "#0"},
				"east": {"uv": [2.75, 9.125, 5.25, 9.625], "texture": "#0"},
				"south": {"uv": [9, 8.75, 11.75, 9.25], "texture": "#0"},
				"west": {"uv": [9, 9.25, 11.5, 9.75], "texture": "#0"},
				"up": {"uv": [2.75, 2.5, 0, 0], "texture": "#0"},
				"down": {"uv": [2.75, 2.5, 0, 5], "texture": "#0"}
			}
		},
		{
			"from": [-2.5, 7, -0.1],
			"to": [0.5, 12, 2.9],
			"rotation": {"angle": -22.5, "axis": "x", "origin": [-1.5, 7, 1]},
			"faces": {
				"north": {"uv": [11, 2.375, 11.375, 3], "texture": "#0"},
				"east": {"uv": [11, 3, 11.375, 3.625], "texture": "#0"},
				"south": {"uv": [11, 3.625, 11.375, 4.25], "texture": "#0"},
				"west": {"uv": [11, 4.25, 11.375, 4.875], "texture": "#0"},
				"up": {"uv": [12, 6, 11.625, 5.625], "texture": "#0"},
				"down": {"uv": [12, 6, 11.625, 6.375], "texture": "#0"}
			}
		},
		{
			"from": [-2.5, 2.8348, -2.01342],
			"to": [0.5, 8.8348, 0.98658],
			"rotation": {"angle": 22.5, "axis": "x", "origin": [-1.5, 3.8348, -0.91342]},
			"faces": {
				"north": {"uv": [0, 10.875, 0.375, 11.625], "texture": "#0"},
				"east": {"uv": [0.375, 10.875, 0.75, 11.625], "texture": "#0"},
				"south": {"uv": [0.75, 10.875, 1.125, 11.625], "texture": "#0"},
				"west": {"uv": [1.125, 10.875, 1.5, 11.625], "texture": "#0"},
				"up": {"uv": [12, 6.75, 11.625, 6.375], "texture": "#0"},
				"down": {"uv": [12, 6.75, 11.625, 7.125], "texture": "#0"}
			}
		},
		{
			"from": [15.5, 7, -0.1],
			"to": [18.5, 12, 2.9],
			"rotation": {"angle": -22.5, "axis": "x", "origin": [17.5, 7, 1]},
			"faces": {
				"north": {"uv": [11, 10.875, 11.375, 11.5], "texture": "#0"},
				"east": {"uv": [2.25, 11.125, 2.625, 11.75], "texture": "#0"},
				"south": {"uv": [6.25, 11.125, 6.625, 11.75], "texture": "#0"},
				"west": {"uv": [6.625, 11.125, 7, 11.75], "texture": "#0"},
				"up": {"uv": [12, 7.5, 11.625, 7.125], "texture": "#0"},
				"down": {"uv": [12, 7.5, 11.625, 7.875], "texture": "#0"}
			}
		},
		{
			"from": [15.5, 2.8348, -2.01342],
			"to": [18.5, 8.8348, 0.98658],
			"rotation": {"angle": 22.5, "axis": "x", "origin": [17.5, 3.8348, -0.91342]},
			"faces": {
				"north": {"uv": [1.5, 10.875, 1.875, 11.625], "texture": "#0"},
				"east": {"uv": [1.875, 10.875, 2.25, 11.625], "texture": "#0"},
				"south": {"uv": [4, 10.875, 4.375, 11.625], "texture": "#0"},
				"west": {"uv": [4.375, 10.875, 4.75, 11.625], "texture": "#0"},
				"up": {"uv": [12, 8.25, 11.625, 7.875], "texture": "#0"},
				"down": {"uv": [9.25, 11.625, 8.875, 12], "texture": "#0"}
			}
		},
		{
			"from": [15, 4, -3],
			"to": [19, 5, 0],
			"rotation": {"angle": 0, "axis": "y", "origin": [18, 2, 0]},
			"faces": {
				"north": {"uv": [12, 11.75, 12.5, 11.875], "texture": "#0"},
				"east": {"uv": [12.125, 4, 12.5, 4.125], "texture": "#0"},
				"south": {"uv": [0.75, 12.125, 1.25, 12.25], "texture": "#0"},
				"west": {"uv": [4.125, 12.125, 4.5, 12.25], "texture": "#0"},
				"up": {"uv": [12, 9.625, 11.5, 9.25], "texture": "#0"},
				"down": {"uv": [12, 10.125, 11.5, 10.5], "texture": "#0"}
			}
		},
		{
			"from": [14, 0, -3],
			"to": [20, 5, 2],
			"rotation": {"angle": -22.5, "axis": "x", "origin": [18, 2, 0]},
			"faces": {
				"north": {"uv": [8.25, 10.125, 9, 10.75], "texture": "#0"},
				"east": {"uv": [10.25, 6.125, 10.875, 6.75], "texture": "#0"},
				"south": {"uv": [9, 10.125, 9.75, 10.75], "texture": "#0"},
				"west": {"uv": [10.25, 6.75, 10.875, 7.375], "texture": "#0"},
				"up": {"uv": [10.5, 10.75, 9.75, 10.125], "texture": "#0"},
				"down": {"uv": [0.75, 10.25, 0, 10.875], "texture": "#0"}
			}
		},
		{
			"from": [15.5, 7, 13.1],
			"to": [18.5, 12, 16.1],
			"rotation": {"angle": 22.5, "axis": "x", "origin": [17.5, 7, 15]},
			"faces": {
				"north": {"uv": [7, 11.125, 7.375, 11.75], "texture": "#0"},
				"east": {"uv": [11.125, 10.125, 11.5, 10.75], "texture": "#0"},
				"south": {"uv": [2.625, 11.25, 3, 11.875], "texture": "#0"},
				"west": {"uv": [3, 11.25, 3.375, 11.875], "texture": "#0"},
				"up": {"uv": [9.625, 12, 9.25, 11.625], "texture": "#0"},
				"down": {"uv": [10, 11.625, 9.625, 12], "texture": "#0"}
			}
		},
		{
			"from": [15.5, 2.8348, 15.01342],
			"to": [18.5, 8.8348, 18.01342],
			"rotation": {"angle": -22.5, "axis": "x", "origin": [17.5, 3.8348, 16.91342]},
			"faces": {
				"north": {"uv": [4.75, 10.875, 5.125, 11.625], "texture": "#0"},
				"east": {"uv": [5.125, 10.875, 5.5, 11.625], "texture": "#0"},
				"south": {"uv": [10.875, 5.125, 11.25, 5.875], "texture": "#0"},
				"west": {"uv": [5.5, 10.875, 5.875, 11.625], "texture": "#0"},
				"up": {"uv": [10.375, 12, 10, 11.625], "texture": "#0"},
				"down": {"uv": [12, 11.5, 11.625, 11.875], "texture": "#0"}
			}
		},
		{
			"from": [15, 4, 16],
			"to": [19, 5, 19],
			"rotation": {"angle": 0, "axis": "y", "origin": [18, 2, 16]},
			"faces": {
				"north": {"uv": [1.25, 12.125, 1.75, 12.25], "texture": "#0"},
				"east": {"uv": [12.125, 4.125, 12.5, 4.25], "texture": "#0"},
				"south": {"uv": [1.75, 12.125, 2.25, 12.25], "texture": "#0"},
				"west": {"uv": [12.125, 4.25, 12.5, 4.375], "texture": "#0"},
				"up": {"uv": [11.125, 11.875, 10.625, 11.5], "texture": "#0"},
				"down": {"uv": [11.625, 11.5, 11.125, 11.875], "texture": "#0"}
			}
		},
		{
			"from": [14, 0, 14],
			"to": [20, 5, 19],
			"rotation": {"angle": 22.5, "axis": "x", "origin": [18, 2, 16]},
			"faces": {
				"north": {"uv": [0.75, 10.25, 1.5, 10.875], "texture": "#0"},
				"east": {"uv": [10.25, 7.375, 10.875, 8], "texture": "#0"},
				"south": {"uv": [1.5, 10.25, 2.25, 10.875], "texture": "#0"},
				"west": {"uv": [10.25, 8, 10.875, 8.625], "texture": "#0"},
				"up": {"uv": [11, 2.375, 10.25, 1.75], "texture": "#0"},
				"down": {"uv": [11, 2.375, 10.25, 3], "texture": "#0"}
			}
		},
		{
			"from": [-2.5, 7, 13.1],
			"to": [0.5, 12, 16.1],
			"rotation": {"angle": 22.5, "axis": "x", "origin": [-1.5, 7, 15]},
			"faces": {
				"north": {"uv": [3.375, 11.25, 3.75, 11.875], "texture": "#0"},
				"east": {"uv": [11.25, 5.125, 11.625, 5.75], "texture": "#0"},
				"south": {"uv": [11.25, 5.75, 11.625, 6.375], "texture": "#0"},
				"west": {"uv": [11.25, 6.375, 11.625, 7], "texture": "#0"},
				"up": {"uv": [12.125, 2.125, 11.75, 1.75], "texture": "#0"},
				"down": {"uv": [2.5, 11.75, 2.125, 12.125], "texture": "#0"}
			}
		},
		{
			"from": [-2.5, 2.8348, 15.01342],
			"to": [0.5, 8.8348, 18.01342],
			"rotation": {"angle": -22.5, "axis": "x", "origin": [-1.5, 3.8348, 16.91342]},
			"faces": {
				"north": {"uv": [5.875, 10.875, 6.25, 11.625], "texture": "#0"},
				"east": {"uv": [10.875, 5.875, 11.25, 6.625], "texture": "#0"},
				"south": {"uv": [10.875, 6.625, 11.25, 7.375], "texture": "#0"},
				"west": {"uv": [10.875, 7.375, 11.25, 8.125], "texture": "#0"},
				"up": {"uv": [12.125, 2.5, 11.75, 2.125], "texture": "#0"},
				"down": {"uv": [12.125, 2.5, 11.75, 2.875], "texture": "#0"}
			}
		},
		{
			"from": [-3, 4, 16],
			"to": [1, 5, 19],
			"rotation": {"angle": 0, "axis": "y", "origin": [-2, 2, 16]},
			"faces": {
				"north": {"uv": [12.125, 1.75, 12.625, 1.875], "texture": "#0"},
				"east": {"uv": [12.125, 4.375, 12.5, 4.5], "texture": "#0"},
				"south": {"uv": [12.125, 1.875, 12.625, 2], "texture": "#0"},
				"west": {"uv": [4.5, 12.125, 4.875, 12.25], "texture": "#0"},
				"up": {"uv": [0.5, 12, 0, 11.625], "texture": "#0"},
				"down": {"uv": [1, 11.625, 0.5, 12], "texture": "#0"}
			}
		},
		{
			"from": [-4, 0, 14],
			"to": [2, 5, 19],
			"rotation": {"angle": 22.5, "axis": "x", "origin": [-2, 2, 16]},
			"faces": {
				"north": {"uv": [10.25, 3, 11, 3.625], "texture": "#0"},
				"east": {"uv": [6.25, 10.5, 6.875, 11.125], "texture": "#0"},
				"south": {"uv": [10.25, 3.625, 11, 4.25], "texture": "#0"},
				"west": {"uv": [6.875, 10.5, 7.5, 11.125], "texture": "#0"},
				"up": {"uv": [5, 10.875, 4.25, 10.25], "texture": "#0"},
				"down": {"uv": [11, 4.25, 10.25, 4.875], "texture": "#0"}
			}
		},
		{
			"from": [-3, 11, -2],
			"to": [19, 13, 18],
			"rotation": {"angle": 0, "axis": "y", "origin": [8, 2, 8]},
			"faces": {
				"north": {"uv": [0, 10, 2.75, 10.25], "texture": "#0"},
				"east": {"uv": [10, 0.25, 12.5, 0.5], "texture": "#0"},
				"south": {"uv": [10, 0, 12.75, 0.25], "texture": "#0"},
				"west": {"uv": [10, 0.5, 12.5, 0.75], "texture": "#0"},
				"up": {"uv": [5.5, 2.5, 2.75, 0], "texture": "#0"},
				"down": {"uv": [5.5, 2.5, 2.75, 5], "texture": "#0"}
			}
		},
		{
			"from": [-3, 15, -2],
			"to": [19, 16, 18],
			"rotation": {"angle": 0, "axis": "y", "origin": [8, 2, 8]},
			"faces": {
				"north": {"uv": [10.25, 8.625, 13, 8.75], "texture": "#0"},
				"east": {"uv": [10.875, 4.875, 13.375, 5], "texture": "#0"},
				"south": {"uv": [9.125, 10.75, 11.875, 10.875], "texture": "#0"},
				"west": {"uv": [10.875, 5, 13.375, 5.125], "texture": "#0"},
				"up": {"uv": [2.75, 7.5, 0, 5], "texture": "#0"},
				"down": {"uv": [5.5, 5, 2.75, 7.5], "texture": "#0"}
			}
		},
		{
			"from": [-2, 13, -1],
			"to": [18, 15, 17],
			"rotation": {"angle": 0, "axis": "y", "origin": [8, 2, 8]},
			"faces": {
				"north": {"uv": [10, 0.75, 12.5, 1], "texture": "#0"},
				"east": {"uv": [10, 1.25, 12.25, 1.5], "texture": "#0"},
				"south": {"uv": [10, 1, 12.5, 1.25], "texture": "#0"},
				"west": {"uv": [10, 1.5, 12.25, 1.75], "texture": "#0"},
				"up": {"uv": [8, 2.25, 5.5, 0], "texture": "#0"},
				"down": {"uv": [8, 2.25, 5.5, 4.5], "texture": "#0"}
			}
		},
		{
			"from": [-1, 16.6, 0.7],
			"to": [17, 21.6, 5.7],
			"rotation": {"angle": -45, "axis": "x", "origin": [8, 16.5, 7.1]},
			"faces": {
				"north": {"uv": [8, 6.25, 10.25, 6.875], "texture": "#0"},
				"east": {"uv": [10.5, 10.125, 11.125, 10.75], "texture": "#0"},
				"south": {"uv": [8, 6.875, 10.25, 7.5], "texture": "#0"},
				"west": {"uv": [2.75, 10.625, 3.375, 11.25], "texture": "#0"},
				"up": {"uv": [10.25, 8.125, 8, 7.5], "texture": "#0"},
				"down": {"uv": [10.25, 8.125, 8, 8.75], "texture": "#0"}
			}
		},
		{
			"from": [-1, 16.17046, 4.29274],
			"to": [17, 22.17046, 7.29274],
			"rotation": {"angle": -22.5, "axis": "x", "origin": [8, 17.07046, 10.69274]},
			"faces": {
				"north": {"uv": [8, 1.75, 10.25, 2.5], "texture": "#0"},
				"east": {"uv": [9.125, 10.875, 9.5, 11.625], "texture": "#0"},
				"south": {"uv": [8, 2.5, 10.25, 3.25], "texture": "#0"},
				"west": {"uv": [9.5, 10.875, 9.875, 11.625], "texture": "#0"},
				"up": {"uv": [4.5, 10, 2.25, 9.625], "texture": "#0"},
				"down": {"uv": [9.75, 9.75, 7.5, 10.125], "texture": "#0"}
			}
		},
		{
			"from": [-1, 14.55724, 5.98255],
			"to": [17, 20.55724, 9.98255],
			"rotation": {"angle": 0, "axis": "y", "origin": [8, 15.45724, 12.38255]},
			"faces": {
				"north": {"uv": [8, 3.25, 10.25, 4], "texture": "#0"},
				"east": {"uv": [8.125, 10.75, 8.625, 11.5], "texture": "#0"},
				"south": {"uv": [8, 4, 10.25, 4.75], "texture": "#0"},
				"west": {"uv": [8.625, 10.75, 9.125, 11.5], "texture": "#0"},
				"up": {"uv": [7.5, 9.875, 5.25, 9.375], "texture": "#0"},
				"down": {"uv": [2.25, 9.5, 0, 10], "texture": "#0"}
			}
		},
		{
			"from": [-1, 16.17046, 8.67236],
			"to": [17, 22.17046, 11.67236],
			"rotation": {"angle": 22.5, "axis": "x", "origin": [8, 17.07046, 5.27236]},
			"faces": {
				"north": {"uv": [8, 4.75, 10.25, 5.5], "texture": "#0"},
				"east": {"uv": [9.875, 10.875, 10.25, 11.625], "texture": "#0"},
				"south": {"uv": [8, 5.5, 10.25, 6.25], "texture": "#0"},
				"west": {"uv": [10.25, 10.875, 10.625, 11.625], "texture": "#0"},
				"up": {"uv": [12, 10.125, 9.75, 9.75], "texture": "#0"},
				"down": {"uv": [6.75, 9.875, 4.5, 10.25], "texture": "#0"}
			}
		},
		{
			"from": [-1, 16.6, 10.2651],
			"to": [17, 21.6, 15.2651],
			"rotation": {"angle": 45, "axis": "x", "origin": [8, 16.5, 8.8651]},
			"faces": {
				"north": {"uv": [0, 8.375, 2.25, 9], "texture": "#0"},
				"east": {"uv": [3.375, 10.625, 4, 11.25], "texture": "#0"},
				"south": {"uv": [2.25, 8.375, 4.5, 9], "texture": "#0"},
				"west": {"uv": [7.5, 10.75, 8.125, 11.375], "texture": "#0"},
				"up": {"uv": [6.75, 9.125, 4.5, 8.5], "texture": "#0"},
				"down": {"uv": [9, 8.75, 6.75, 9.375], "texture": "#0"}
			}
		},
		{
			"from": [6.5, 9.7, 16.2],
			"to": [9.5, 13.7, 19.2],
			"rotation": {"angle": -22.5, "axis": "x", "origin": [8, 11, 17.5]},
			"faces": {
				"north": {"uv": [1, 11.625, 1.375, 12.125], "texture": "#0"},
				"east": {"uv": [1.375, 11.625, 1.75, 12.125], "texture": "#0"},
				"south": {"uv": [1.75, 11.625, 2.125, 12.125], "texture": "#0"},
				"west": {"uv": [3.75, 11.625, 4.125, 12.125], "texture": "#0"},
				"up": {"uv": [12.125, 3.25, 11.75, 2.875], "texture": "#0"},
				"down": {"uv": [12.125, 3.25, 11.75, 3.625], "texture": "#0"}
			}
		},
		{
			"from": [-3, 21.6, 10.2651],
			"to": [0, 22.6, 15.2651],
			"rotation": {"angle": 45, "axis": "x", "origin": [6, 17.5, 8.8651]},
			"faces": {
				"north": {"uv": [12.125, 4.5, 12.5, 4.625], "texture": "#0"},
				"east": {"uv": [4.5, 8.375, 5.125, 8.5], "texture": "#0"},
				"south": {"uv": [12.125, 4.625, 12.5, 4.75], "texture": "#0"},
				"west": {"uv": [2.75, 9, 3.375, 9.125], "texture": "#0"},
				"up": {"uv": [11.625, 7.625, 11.25, 7], "texture": "#0"},
				"down": {"uv": [11.625, 7.625, 11.25, 8.25], "texture": "#0"}
			}
		},
		{
			"from": [-3, 21.17046, 8.67236],
			"to": [0, 23.17046, 11.67236],
			"rotation": {"angle": 22.5, "axis": "x", "origin": [6, 18.07046, 5.27236]},
			"faces": {
				"north": {"uv": [6.25, 10.25, 6.625, 10.5], "texture": "#0"},
				"east": {"uv": [11.5, 10.5, 11.875, 10.75], "texture": "#0"},
				"south": {"uv": [11.75, 11.25, 12.125, 11.5], "texture": "#0"},
				"west": {"uv": [11.875, 10.5, 12.25, 10.75], "texture": "#0"},
				"up": {"uv": [12.125, 4, 11.75, 3.625], "texture": "#0"},
				"down": {"uv": [12.125, 4, 11.75, 4.375], "texture": "#0"}
			}
		},
		{
			"from": [-2.5, 23.17046, 9.17236],
			"to": [-0.5, 24.17046, 11.17236],
			"rotation": {"angle": 22.5, "axis": "x", "origin": [6, 18.07046, 5.27236]},
			"faces": {
				"north": {"uv": [8.75, 9.625, 9, 9.75], "texture": "#0"},
				"east": {"uv": [3.75, 11.5, 4, 11.625], "texture": "#0"},
				"south": {"uv": [8.875, 11.5, 9.125, 11.625], "texture": "#0"},
				"west": {"uv": [6, 11.625, 6.25, 11.75], "texture": "#0"},
				"up": {"uv": [8, 8.75, 7.75, 8.5], "texture": "#0"},
				"down": {"uv": [9, 9.375, 8.75, 9.625], "texture": "#0"}
			}
		},
		{
			"from": [-2.5, 23.17046, 4.82764],
			"to": [-0.5, 24.17046, 6.82764],
			"rotation": {"angle": -22.5, "axis": "x", "origin": [6, 18.07046, 10.72764]},
			"faces": {
				"north": {"uv": [11.75, 9.125, 12, 9.25], "texture": "#0"},
				"east": {"uv": [0.75, 12, 1, 12.125], "texture": "#0"},
				"south": {"uv": [12.125, 9, 12.375, 9.125], "texture": "#0"},
				"west": {"uv": [10.625, 12.125, 10.875, 12.25], "texture": "#0"},
				"up": {"uv": [5.25, 9.875, 5, 9.625], "texture": "#0"},
				"down": {"uv": [4.5, 10, 4.25, 10.25], "texture": "#0"}
			}
		},
		{
			"from": [-3, 19.55724, 5.98255],
			"to": [0, 21.55724, 9.98255],
			"rotation": {"angle": 0, "axis": "y", "origin": [6, 16.45724, 12.38255]},
			"faces": {
				"north": {"uv": [10.625, 11.875, 11, 12.125], "texture": "#0"},
				"east": {"uv": [6.75, 8.5, 7.25, 8.75], "texture": "#0"},
				"south": {"uv": [11, 11.875, 11.375, 12.125], "texture": "#0"},
				"west": {"uv": [7.25, 8.5, 7.75, 8.75], "texture": "#0"},
				"up": {"uv": [4.5, 12.125, 4.125, 11.625], "texture": "#0"},
				"down": {"uv": [4.875, 11.625, 4.5, 12.125], "texture": "#0"}
			}
		},
		{
			"from": [-2.5, 21.55724, 6.98255],
			"to": [-0.5, 22.55724, 8.98255],
			"rotation": {"angle": 0, "axis": "y", "origin": [6, 16.45724, 12.38255]},
			"faces": {
				"north": {"uv": [10.875, 12.125, 11.125, 12.25], "texture": "#0"},
				"east": {"uv": [12.125, 10.875, 12.375, 11], "texture": "#0"},
				"south": {"uv": [12.125, 11, 12.375, 11.125], "texture": "#0"},
				"west": {"uv": [11.125, 12.125, 11.375, 12.25], "texture": "#0"},
				"up": {"uv": [4.25, 10.875, 4, 10.625], "texture": "#0"},
				"down": {"uv": [4, 11.25, 3.75, 11.5], "texture": "#0"}
			}
		},
		{
			"from": [-3, 21.17046, 4.29274],
			"to": [0, 23.17046, 7.29274],
			"rotation": {"angle": -22.5, "axis": "x", "origin": [6, 18.07046, 10.69274]},
			"faces": {
				"north": {"uv": [11.375, 11.875, 11.75, 12.125], "texture": "#0"},
				"east": {"uv": [11.75, 11.875, 12.125, 12.125], "texture": "#0"},
				"south": {"uv": [0, 12, 0.375, 12.25], "texture": "#0"},
				"west": {"uv": [0.375, 12, 0.75, 12.25], "texture": "#0"},
				"up": {"uv": [12.125, 4.75, 11.75, 4.375], "texture": "#0"},
				"down": {"uv": [6.375, 11.75, 6, 12.125], "texture": "#0"}
			}
		},
		{
			"from": [-3, 21.6, 0.7],
			"to": [0, 22.6, 5.7],
			"rotation": {"angle": -45, "axis": "x", "origin": [6, 17.5, 7.1]},
			"faces": {
				"north": {"uv": [4.875, 12.125, 5.25, 12.25], "texture": "#0"},
				"east": {"uv": [3.375, 9, 4, 9.125], "texture": "#0"},
				"south": {"uv": [5.25, 12.125, 5.625, 12.25], "texture": "#0"},
				"west": {"uv": [11.75, 4.75, 12.375, 4.875], "texture": "#0"},
				"up": {"uv": [11.75, 2.375, 11.375, 1.75], "texture": "#0"},
				"down": {"uv": [11.75, 2.375, 11.375, 3], "texture": "#0"}
			}
		},
		{
			"from": [6.5, 21.6, 0.7],
			"to": [9.5, 22.6, 5.7],
			"rotation": {"angle": -45, "axis": "x", "origin": [15.5, 17.5, 7.1]},
			"faces": {
				"north": {"uv": [5.625, 12.125, 6, 12.25], "texture": "#0"},
				"east": {"uv": [11.875, 10.75, 12.5, 10.875], "texture": "#0"},
				"south": {"uv": [6, 12.125, 6.375, 12.25], "texture": "#0"},
				"west": {"uv": [12, 8.125, 12.625, 8.25], "texture": "#0"},
				"up": {"uv": [11.75, 3.625, 11.375, 3], "texture": "#0"},
				"down": {"uv": [11.75, 3.625, 11.375, 4.25], "texture": "#0"}
			}
		},
		{
			"from": [6.5, 21.17046, 4.29274],
			"to": [9.5, 23.17046, 7.29274],
			"rotation": {"angle": -22.5, "axis": "x", "origin": [15.5, 18.07046, 10.69274]},
			"faces": {
				"north": {"uv": [12, 5.125, 12.375, 5.375], "texture": "#0"},
				"east": {"uv": [12, 5.375, 12.375, 5.625], "texture": "#0"},
				"south": {"uv": [12, 5.625, 12.375, 5.875], "texture": "#0"},
				"west": {"uv": [12, 5.875, 12.375, 6.125], "texture": "#0"},
				"up": {"uv": [6.75, 12.125, 6.375, 11.75], "texture": "#0"},
				"down": {"uv": [7.125, 11.75, 6.75, 12.125], "texture": "#0"}
			}
		},
		{
			"from": [6.5, 19.55724, 5.98255],
			"to": [9.5, 21.55724, 9.98255],
			"rotation": {"angle": 0, "axis": "y", "origin": [15.5, 16.45724, 12.38255]},
			"faces": {
				"north": {"uv": [12, 6.125, 12.375, 6.375], "texture": "#0"},
				"east": {"uv": [5.25, 9.125, 5.75, 9.375], "texture": "#0"},
				"south": {"uv": [12, 6.375, 12.375, 6.625], "texture": "#0"},
				"west": {"uv": [5.75, 9.125, 6.25, 9.375], "texture": "#0"},
				"up": {"uv": [5.25, 12.125, 4.875, 11.625], "texture": "#0"},
				"down": {"uv": [12, 5.125, 11.625, 5.625], "texture": "#0"}
			}
		},
		{
			"from": [6.5, 21.17046, 8.67236],
			"to": [9.5, 23.17046, 11.67236],
			"rotation": {"angle": 22.5, "axis": "x", "origin": [15.5, 18.07046, 5.27236]},
			"faces": {
				"north": {"uv": [12, 6.625, 12.375, 6.875], "texture": "#0"},
				"east": {"uv": [12, 6.875, 12.375, 7.125], "texture": "#0"},
				"south": {"uv": [7.125, 12, 7.5, 12.25], "texture": "#0"},
				"west": {"uv": [12, 7.125, 12.375, 7.375], "texture": "#0"},
				"up": {"uv": [12.125, 9.125, 11.75, 8.75], "texture": "#0"},
				"down": {"uv": [12.125, 10.875, 11.75, 11.25], "texture": "#0"}
			}
		},
		{
			"from": [6.5, 21.6, 10.2651],
			"to": [9.5, 22.6, 15.2651],
			"rotation": {"angle": 45, "axis": "x", "origin": [15.5, 17.5, 8.8651]},
			"faces": {
				"north": {"uv": [6.375, 12.125, 6.75, 12.25], "texture": "#0"},
				"east": {"uv": [12, 9.875, 12.625, 10], "texture": "#0"},
				"south": {"uv": [6.75, 12.125, 7.125, 12.25], "texture": "#0"},
				"west": {"uv": [12, 10, 12.625, 10.125], "texture": "#0"},
				"up": {"uv": [11.75, 4.875, 11.375, 4.25], "texture": "#0"},
				"down": {"uv": [7.75, 11.375, 7.375, 12], "texture": "#0"}
			}
		},
		{
			"from": [-2.5, 22.6, 1.7],
			"to": [-0.5, 23.6, 3.7],
			"rotation": {"angle": -45, "axis": "x", "origin": [6, 17.5, 7.1]},
			"faces": {
				"north": {"uv": [12.125, 11.125, 12.375, 11.25], "texture": "#0"},
				"east": {"uv": [12.125, 11.25, 12.375, 11.375], "texture": "#0"},
				"south": {"uv": [11.375, 12.125, 11.625, 12.25], "texture": "#0"},
				"west": {"uv": [12.125, 11.375, 12.375, 11.5], "texture": "#0"},
				"up": {"uv": [7.375, 12, 7.125, 11.75], "texture": "#0"},
				"down": {"uv": [8.125, 12, 7.875, 12.25], "texture": "#0"}
			}
		},
		{
			"from": [-2.5, 22.6, 12.3],
			"to": [-0.5, 23.6, 14.3],
			"rotation": {"angle": 45, "axis": "x", "origin": [6, 17.5, 8.9]},
			"faces": {
				"north": {"uv": [11.625, 12.125, 11.875, 12.25], "texture": "#0"},
				"east": {"uv": [11.875, 12.125, 12.125, 12.25], "texture": "#0"},
				"south": {"uv": [12.125, 11.875, 12.375, 12], "texture": "#0"},
				"west": {"uv": [12.125, 12, 12.375, 12.125], "texture": "#0"},
				"up": {"uv": [10.25, 12.25, 10, 12], "texture": "#0"},
				"down": {"uv": [12.375, 2, 12.125, 2.25], "texture": "#0"}
			}
		},
		{
			"from": [16.5, 23.17046, 4.82764],
			"to": [18.5, 24.17046, 6.82764],
			"rotation": {"angle": -22.5, "axis": "x", "origin": [10, 18.07046, 10.72764]},
			"faces": {
				"north": {"uv": [12.125, 12.125, 12.375, 12.25], "texture": "#0"},
				"east": {"uv": [0, 12.25, 0.25, 12.375], "texture": "#0"},
				"south": {"uv": [0.25, 12.25, 0.5, 12.375], "texture": "#0"},
				"west": {"uv": [0.5, 12.25, 0.75, 12.375], "texture": "#0"},
				"up": {"uv": [2.5, 12.375, 2.25, 12.125], "texture": "#0"},
				"down": {"uv": [12.375, 2.25, 12.125, 2.5], "texture": "#0"}
			}
		},
		{
			"from": [16.5, 21.55724, 6.98255],
			"to": [18.5, 22.55724, 8.98255],
			"rotation": {"angle": 0, "axis": "y", "origin": [10, 16.45724, 12.38255]},
			"faces": {
				"north": {"uv": [0.75, 12.25, 1, 12.375], "texture": "#0"},
				"east": {"uv": [1, 12.25, 1.25, 12.375], "texture": "#0"},
				"south": {"uv": [1.25, 12.25, 1.5, 12.375], "texture": "#0"},
				"west": {"uv": [12.25, 1.25, 12.5, 1.375], "texture": "#0"},
				"up": {"uv": [12.375, 2.75, 12.125, 2.5], "texture": "#0"},
				"down": {"uv": [12.375, 2.75, 12.125, 3], "texture": "#0"}
			}
		},
		{
			"from": [16, 19.55724, 5.98255],
			"to": [19, 21.55724, 9.98255],
			"rotation": {"angle": 0, "axis": "y", "origin": [10, 16.45724, 12.38255]},
			"faces": {
				"north": {"uv": [12, 7.375, 12.375, 7.625], "texture": "#0"},
				"east": {"uv": [6.25, 9.125, 6.75, 9.375], "texture": "#0"},
				"south": {"uv": [7.5, 12, 7.875, 12.25], "texture": "#0"},
				"west": {"uv": [4.5, 9.625, 5, 9.875], "texture": "#0"},
				"up": {"uv": [5.625, 12.125, 5.25, 11.625], "texture": "#0"},
				"down": {"uv": [6, 11.625, 5.625, 12.125], "texture": "#0"}
			}
		},
		{
			"from": [16.5, 23.17046, 9.17236],
			"to": [18.5, 24.17046, 11.17236],
			"rotation": {"angle": 22.5, "axis": "x", "origin": [10, 18.07046, 5.27236]},
			"faces": {
				"north": {"uv": [12.25, 1.375, 12.5, 1.5], "texture": "#0"},
				"east": {"uv": [1.5, 12.25, 1.75, 12.375], "texture": "#0"},
				"south": {"uv": [12.25, 1.5, 12.5, 1.625], "texture": "#0"},
				"west": {"uv": [12.25, 1.625, 12.5, 1.75], "texture": "#0"},
				"up": {"uv": [12.375, 3.25, 12.125, 3], "texture": "#0"},
				"down": {"uv": [12.375, 3.25, 12.125, 3.5], "texture": "#0"}
			}
		},
		{
			"from": [16, 21.17046, 8.67236],
			"to": [19, 23.17046, 11.67236],
			"rotation": {"angle": 22.5, "axis": "x", "origin": [10, 18.07046, 5.27236]},
			"faces": {
				"north": {"uv": [12, 7.625, 12.375, 7.875], "texture": "#0"},
				"east": {"uv": [12, 7.875, 12.375, 8.125], "texture": "#0"},
				"south": {"uv": [8.875, 12, 9.25, 12.25], "texture": "#0"},
				"west": {"uv": [12, 9.125, 12.375, 9.375], "texture": "#0"},
				"up": {"uv": [2.875, 12.25, 2.5, 11.875], "texture": "#0"},
				"down": {"uv": [3.25, 11.875, 2.875, 12.25], "texture": "#0"}
			}
		},
		{
			"from": [16.5, 22.6, 12.3],
			"to": [18.5, 23.6, 14.3],
			"rotation": {"angle": 45, "axis": "x", "origin": [10, 17.5, 8.9]},
			"faces": {
				"north": {"uv": [1.75, 12.25, 2, 12.375], "texture": "#0"},
				"east": {"uv": [2, 12.25, 2.25, 12.375], "texture": "#0"},
				"south": {"uv": [2.5, 12.25, 2.75, 12.375], "texture": "#0"},
				"west": {"uv": [2.75, 12.25, 3, 12.375], "texture": "#0"},
				"up": {"uv": [12.375, 3.75, 12.125, 3.5], "texture": "#0"},
				"down": {"uv": [3.875, 12.125, 3.625, 12.375], "texture": "#0"}
			}
		},
		{
			"from": [16, 21.6, 10.2651],
			"to": [19, 22.6, 15.2651],
			"rotation": {"angle": 45, "axis": "x", "origin": [10, 17.5, 8.8651]},
			"faces": {
				"north": {"uv": [8.125, 12.125, 8.5, 12.25], "texture": "#0"},
				"east": {"uv": [12, 10.125, 12.625, 10.25], "texture": "#0"},
				"south": {"uv": [8.5, 12.125, 8.875, 12.25], "texture": "#0"},
				"west": {"uv": [12, 10.25, 12.625, 10.375], "texture": "#0"},
				"up": {"uv": [8.125, 12, 7.75, 11.375], "texture": "#0"},
				"down": {"uv": [11.75, 10.875, 11.375, 11.5], "texture": "#0"}
			}
		},
		{
			"from": [16.5, 22.6, 1.7],
			"to": [18.5, 23.6, 3.7],
			"rotation": {"angle": -45, "axis": "x", "origin": [10, 17.5, 7.1]},
			"faces": {
				"north": {"uv": [3, 12.25, 3.25, 12.375], "texture": "#0"},
				"east": {"uv": [3.25, 12.25, 3.5, 12.375], "texture": "#0"},
				"south": {"uv": [4.125, 12.25, 4.375, 12.375], "texture": "#0"},
				"west": {"uv": [4.375, 12.25, 4.625, 12.375], "texture": "#0"},
				"up": {"uv": [12.375, 4, 12.125, 3.75], "texture": "#0"},
				"down": {"uv": [4.125, 12.125, 3.875, 12.375], "texture": "#0"}
			}
		},
		{
			"from": [16, 21.6, 0.7],
			"to": [19, 22.6, 5.7],
			"rotation": {"angle": -45, "axis": "x", "origin": [10, 17.5, 7.1]},
			"faces": {
				"north": {"uv": [12.125, 8.75, 12.5, 8.875], "texture": "#0"},
				"east": {"uv": [12, 10.375, 12.625, 10.5], "texture": "#0"},
				"south": {"uv": [12.125, 8.875, 12.5, 9], "texture": "#0"},
				"west": {"uv": [12, 11.5, 12.625, 11.625], "texture": "#0"},
				"up": {"uv": [8.5, 12.125, 8.125, 11.5], "texture": "#0"},
				"down": {"uv": [8.875, 11.5, 8.5, 12.125], "texture": "#0"}
			}
		},
		{
			"from": [16, 21.17046, 4.29274],
			"to": [19, 23.17046, 7.29274],
			"rotation": {"angle": -22.5, "axis": "x", "origin": [10, 18.07046, 10.69274]},
			"faces": {
				"north": {"uv": [9.25, 12, 9.625, 12.25], "texture": "#0"},
				"east": {"uv": [12, 9.375, 12.375, 9.625], "texture": "#0"},
				"south": {"uv": [9.625, 12, 10, 12.25], "texture": "#0"},
				"west": {"uv": [12, 9.625, 12.375, 9.875], "texture": "#0"},
				"up": {"uv": [3.625, 12.25, 3.25, 11.875], "texture": "#0"},
				"down": {"uv": [12.25, 8.25, 11.875, 8.625], "texture": "#0"}
			}
		}
	],
	"display": {
		"thirdperson_righthand": {
			"scale": [0.25, 0.25, 0.25]
		},
		"thirdperson_lefthand": {
			"scale": [0.25, 0.25, 0.25]
		},
		"firstperson_righthand": {
			"translation": [1.75, 1.5, 0],
			"scale": [0.4, 0.4, 0.4]
		},
		"firstperson_lefthand": {
			"translation": [1.75, 1.5, 0],
			"scale": [0.4, 0.4, 0.4]
		},
		"ground": {
			"translation": [0, 4.75, 0],
			"scale": [0.15, 0.15, 0.15]
		},
		"gui": {
			"rotation": [35, 135, 0],
			"translation": [0.25, -0.25, 0],
			"scale": [0.35, 0.35, 0.35]
		},
		"head": {
			"translation": [0, 9.75, 0],
			"scale": [0.4, 0.4, 0.4]
		},
		"fixed": {
			"rotation": [-90, 0, 0],
			"translation": [0, 0, -13.75],
			"scale": [1.7, 1.7, 1.7]
		}
	},
	"groups": [
		{
			"name": "chest",
			"origin": [0, 0.45, 0],
			"color": 0,
			"children": [
				0,
				1,
				{
					"name": "lock",
					"origin": [0, 12.11628, -8.42911],
					"color": 0,
					"children": [2]
				},
				3,
				4,
				5,
				6,
				7,
				8,
				9,
				10,
				11,
				12,
				13,
				14,
				15,
				16,
				17,
				18,
				19,
				{
					"name": "lid",
					"origin": [0, 11, 8],
					"color": 0,
					"children": [20, 21, 22, 23, 24, 25, 26, 27, 28, 29, 30, 31, 32, 33, 34, 35, 36, 37, 38, 39, 40, 41, 42, 43, 44, 45, 46, 47, 48, 49, 50, 51, 52, 53]
				}
			]
		}
	]
}