{
	"credit": "Made with Blockbench",
	"texture_size": [32, 32],
	"textures": {
		"2": "item/key_lvl4",
		"particle": "item/key_lvl4"
	},
	"elements": [
		{
			"from": [7.5, 2.7, 2.4],
			"to": [8.5, 3.7, 8.4],
			"rotation": {"angle": 0, "axis": "y", "origin": [8, 3.7, 2.4]},
			"faces": {
				"north": {"uv": [7.5, 1.5, 8, 2], "texture": "#2"},
				"east": {"uv": [5, 3, 8, 3.5], "texture": "#2"},
				"south": {"uv": [3, 7.5, 3.5, 8], "texture": "#2"},
				"west": {"uv": [5, 3.5, 8, 4], "texture": "#2"},
				"up": {"uv": [5.5, 7, 5, 4], "texture": "#2"},
				"down": {"uv": [0.5, 5.5, 0, 8.5], "texture": "#2"}
			}
		},
		{
			"from": [7, 2.2, 4.4],
			"to": [9, 4.2, 5.4],
			"rotation": {"angle": 0, "axis": "y", "origin": [8, 3.7, 2.4]},
			"faces": {
				"north": {"uv": [5.5, 5.5, 6.5, 6.5], "texture": "#2"},
				"east": {"uv": [2, 7, 2.5, 8], "texture": "#2"},
				"south": {"uv": [1.5, 6, 2.5, 7], "texture": "#2"},
				"west": {"uv": [2.5, 7, 3, 8], "texture": "#2"},
				"up": {"uv": [4, 7.5, 3, 7], "texture": "#2"},
				"down": {"uv": [8, 5, 7, 5.5], "texture": "#2"}
			}
		},
		{
			"from": [7, 2.2, 6.4],
			"to": [9, 4.2, 7.4],
			"rotation": {"angle": 0, "axis": "y", "origin": [8, 3.7, 2.4]},
			"faces": {
				"north": {"uv": [2.5, 6, 3.5, 7], "texture": "#2"},
				"east": {"uv": [4, 7, 4.5, 8], "texture": "#2"},
				"south": {"uv": [3.5, 6, 4.5, 7], "texture": "#2"},
				"west": {"uv": [5, 7, 5.5, 8], "texture": "#2"},
				"up": {"uv": [8, 6, 7, 5.5], "texture": "#2"},
				"down": {"uv": [8, 6, 7, 6.5], "texture": "#2"}
			}
		},
		{
			"from": [7, 2.2, 8.4],
			"to": [9, 5.2, 10.4],
			"rotation": {"angle": 0, "axis": "y", "origin": [8, 3.7, 2.4]},
			"faces": {
				"north": {"uv": [5.5, 0, 6.5, 1.5], "texture": "#2"},
				"east": {"uv": [0.5, 5.5, 1.5, 7], "texture": "#2"},
				"south": {"uv": [5.5, 1.5, 6.5, 3], "texture": "#2"},
				"west": {"uv": [5.5, 4, 6.5, 5.5], "texture": "#2"},
				"up": {"uv": [7.5, 1, 6.5, 0], "texture": "#2"},
				"down": {"uv": [7.5, 1, 6.5, 2], "texture": "#2"}
			}
		},
		{
			"from": [6, 1.2, 8.5],
			"to": [10, 4.2, 12.5],
			"rotation": {"angle": 0, "axis": "y", "origin": [8, 3.7, 2.4]},
			"faces": {
				"north": {"uv": [2, 0, 4, 1.5], "texture": "#2"},
				"east": {"uv": [2, 1.5, 4, 3], "texture": "#2"},
				"south": {"uv": [2, 3, 4, 4.5], "texture": "#2"},
				"west": {"uv": [0, 4, 2, 5.5], "texture": "#2"},
				"up": {"uv": [2, 2, 0, 0], "texture": "#2"},
				"down": {"uv": [2, 2, 0, 4], "texture": "#2"}
			}
		},
		{
			"from": [6.5, 0.7, 1.4],
			"to": [9.5, 1.7, 2.4],
			"rotation": {"angle": 0, "axis": "y", "origin": [0, 0.2, 2.4]},
			"faces": {
				"north": {"uv": [6.5, 2, 8, 2.5], "texture": "#2"},
				"east": {"uv": [7, 7, 7.5, 7.5], "texture": "#2"},
				"south": {"uv": [6.5, 2.5, 8, 3], "texture": "#2"},
				"west": {"uv": [7.5, 0, 8, 0.5], "texture": "#2"},
				"up": {"uv": [8, 4.5, 6.5, 4], "texture": "#2"},
				"down": {"uv": [8, 4.5, 6.5, 5], "texture": "#2"}
			}
		},
		{
			"from": [8.5, 1.7, 1.4],
			"to": [9.5, 3.7, 2.4],
			"rotation": {"angle": 0, "axis": "y", "origin": [0, 0.2, 2.4]},
			"faces": {
				"north": {"uv": [6.5, 6.5, 7, 7.5], "texture": "#2"},
				"east": {"uv": [0.5, 7, 1, 8], "texture": "#2"},
				"south": {"uv": [1, 7, 1.5, 8], "texture": "#2"},
				"west": {"uv": [1.5, 7, 2, 8], "texture": "#2"},
				"up": {"uv": [2, 6, 1.5, 5.5], "texture": "#2"},
				"down": {"uv": [7.5, 6.5, 7, 7], "texture": "#2"}
			}
		},
		{
			"from": [7.5, 2.7, 1.4],
			"to": [8.5, 5.7, 2.4],
			"rotation": {"angle": 0, "axis": "y", "origin": [0, 0.2, 2.4]},
			"faces": {
				"north": {"uv": [4.5, 6, 5, 7.5], "texture": "#2"},
				"east": {"uv": [6.5, 5, 7, 6.5], "texture": "#2"},
				"south": {"uv": [5.5, 6.5, 6, 8], "texture": "#2"},
				"west": {"uv": [6, 6.5, 6.5, 8], "texture": "#2"},
				"up": {"uv": [8, 1, 7.5, 0.5], "texture": "#2"},
				"down": {"uv": [8, 1, 7.5, 1.5], "texture": "#2"}
			}
		},
		{
			"from": [7, 2, 11],
			"to": [9, 5, 14],
			"faces": {
				"north": {"uv": [4, 3, 5, 4.5], "texture": "#2"},
				"east": {"uv": [4, 0, 5.5, 1.5], "texture": "#2"},
				"south": {"uv": [2, 4.5, 3, 6], "texture": "#2"},
				"west": {"uv": [4, 1.5, 5.5, 3], "texture": "#2"},
				"up": {"uv": [4, 6, 3, 4.5], "texture": "#2"},
				"down": {"uv": [5, 4.5, 4, 6], "texture": "#2"}
			}
		}
	],
	"display": {
		"thirdperson_righthand": {
			"rotation": [0, 0, -180],
			"translation": [0.25, -3.75, -1],
			"scale": [0.7, 0.7, 0.7]
		},
		"thirdperson_lefthand": {
			"rotation": [0, 0, -180],
			"translation": [0.25, -3.75, -1],
			"scale": [0.7, 0.7, 0.7]
		},
		"firstperson_righthand": {
			"rotation": [-17, 0, -180],
			"translation": [0.25, -2, 2]
		},
		"firstperson_lefthand": {
			"rotation": [-17, 0, -180],
			"translation": [0.25, -2, 2]
		},
		"ground": {
			"rotation": [-35, 0, -180],
			"translation": [0, 5.25, 10.75],
			"scale": [0.4, 0.4, 0.4]
		},
		"gui": {
			"rotation": [-157, 43, 7],
			"translation": [0.25, -4.5, 0]
		},
		"head": {
			"translation": [0, 14.25, 0]
		},
		"fixed": {
			"rotation": [90, -45, -90],
			"translation": [6, -8.75, 0],
			"scale": [2, 2, 2]
		}
	},
	"groups": [
		{
			"name": "key",
			"origin": [8, 2, -1.5],
			"color": 0,
			"children": [0, 1, 2, 3, 4, 5, 6, 7]
		},
		8
	]
}