{"textures":{"0":"modelengine:entity/ice_zombie"},"elements":[{"from":[2.0,10.0,5.0],"to":[8.0,20.0,5.0],"faces":{"south":{"uv":[1.5,12.0,3.0,14.5],"tintindex":0,"rotation":0,"texture":"#0"},"north":{"uv":[0.0,12.0,1.5,14.5],"tintindex":0,"rotation":0,"texture":"#0"}},"rotation":{"origin":[4.0,15.0,5.0],"angle":-22.5,"axis":"y"}},{"from":[4.0,8.0,4.0],"to":[12.0,16.0,12.0],"faces":{"east":{"uv":[0.0,2.0,2.0,4.0],"tintindex":0,"rotation":0,"texture":"#0"},"south":{"uv":[6.0,2.0,8.0,4.0],"tintindex":0,"rotation":0,"texture":"#0"},"north":{"uv":[2.0,2.0,4.0,4.0],"tintindex":0,"rotation":0,"texture":"#0"},"west":{"uv":[4.0,2.0,6.0,4.0],"tintindex":0,"rotation":0,"texture":"#0"},"up":{"uv":[4.0,2.0,2.0,0.0],"tintindex":0,"rotation":0,"texture":"#0"},"down":{"uv":[6.0,0.0,4.0,2.0],"tintindex":0,"rotation":0,"texture":"#0"}}}],"display":{"gui":{"rotation":[30,225,0]}}}