{"textures":{"0":"modelengine:entity/ice_zombie"},"elements":[{"from":[8.0,3.0,6.0],"to":[12.0,10.0,10.0],"faces":{"east":{"uv":[10.0,5.0,11.0,6.75],"tintindex":0,"rotation":0,"texture":"#0"},"south":{"uv":[13.0,5.0,14.0,6.75],"tintindex":0,"rotation":0,"texture":"#0"},"north":{"uv":[11.0,5.0,12.0,6.75],"tintindex":0,"rotation":0,"texture":"#0"},"west":{"uv":[12.0,5.0,13.0,6.75],"tintindex":0,"rotation":0,"texture":"#0"},"up":{"uv":[12.0,5.0,11.0,4.0],"tintindex":0,"rotation":0,"texture":"#0"},"down":{"uv":[13.0,4.0,12.0,5.0],"tintindex":0,"rotation":0,"texture":"#0"}}},{"from":[7.99,5.99,5.99],"to":[13.01,10.01,11.01],"faces":{"east":{"uv":[4.0,11.5,5.25,12.5],"tintindex":0,"rotation":0,"texture":"#0"},"south":{"uv":[7.75,11.5,9.0,12.5],"tintindex":0,"rotation":0,"texture":"#0"},"north":{"uv":[5.25,11.5,6.5,12.5],"tintindex":0,"rotation":0,"texture":"#0"},"west":{"uv":[6.5,11.5,7.75,12.5],"tintindex":0,"rotation":0,"texture":"#0"},"up":{"uv":[6.5,11.5,5.25,10.25],"tintindex":0,"rotation":0,"texture":"#0"},"down":{"uv":[7.75,10.25,6.5,11.5],"tintindex":0,"rotation":0,"texture":"#0"}},"rotation":{"origin":[10.0,8.0,8.0],"angle":22.5,"axis":"y"}}],"display":{"gui":{"rotation":[30,225,0]}}}