{
	"credit": "Made with Blockbench",
	"textures": {
		"0": "item/key_lvl2",
		"particle": "item/key_lvl2"
	},
	"elements": [
		{
			"from": [7, 0, 9],
			"to": [9, 4, 13],
			"rotation": {"angle": -45, "axis": "x", "origin": [8, 2, 11]},
			"faces": {
				"north": {"uv": [4, 0, 6, 4], "texture": "#0"},
				"east": {"uv": [0, 0, 4, 4], "texture": "#0"},
				"south": {"uv": [4, 4, 6, 8], "texture": "#0"},
				"west": {"uv": [0, 4, 4, 8], "texture": "#0"},
				"up": {"uv": [8, 4, 6, 0], "texture": "#0"},
				"down": {"uv": [8, 4, 6, 8], "texture": "#0"}
			}
		},
		{
			"from": [7, 1, 3],
			"to": [9, 3, 4],
			"rotation": {"angle": -45, "axis": "z", "origin": [8, 2, 6]},
			"faces": {
				"north": {"uv": [8, 2, 10, 4], "texture": "#0"},
				"east": {"uv": [10, 3, 11, 5], "texture": "#0"},
				"south": {"uv": [3, 8, 5, 10], "texture": "#0"},
				"west": {"uv": [5, 10, 6, 12], "texture": "#0"},
				"up": {"uv": [12, 6, 10, 5], "texture": "#0"},
				"down": {"uv": [8, 10, 6, 11], "texture": "#0"}
			}
		},
		{
			"from": [7, 1, 8],
			"to": [9, 3, 9],
			"rotation": {"angle": -45, "axis": "z", "origin": [8, 2, 6]},
			"faces": {
				"north": {"uv": [8, 4, 10, 6], "texture": "#0"},
				"east": {"uv": [10, 6, 11, 8], "texture": "#0"},
				"south": {"uv": [5, 8, 7, 10], "texture": "#0"},
				"west": {"uv": [8, 10, 9, 12], "texture": "#0"},
				"up": {"uv": [11, 11, 9, 10], "texture": "#0"},
				"down": {"uv": [13, 0, 11, 1], "texture": "#0"}
			}
		},
		{
			"from": [7, 1, 13],
			"to": [9, 3, 14],
			"rotation": {"angle": -45, "axis": "z", "origin": [8, 2, 6]},
			"faces": {
				"north": {"uv": [8, 6, 10, 8], "texture": "#0"},
				"east": {"uv": [2, 11, 3, 13], "texture": "#0"},
				"south": {"uv": [7, 8, 9, 10], "texture": "#0"},
				"west": {"uv": [3, 11, 4, 13], "texture": "#0"},
				"up": {"uv": [13, 2, 11, 1], "texture": "#0"},
				"down": {"uv": [13, 3, 11, 4], "texture": "#0"}
			}
		},
		{
			"from": [7.5, 1.5, 4],
			"to": [8.5, 2.5, 8],
			"rotation": {"angle": -45, "axis": "z", "origin": [8, 2, 6]},
			"faces": {
				"north": {"uv": [11, 4, 12, 5], "texture": "#0"},
				"east": {"uv": [9, 8, 13, 9], "texture": "#0"},
				"south": {"uv": [11, 10, 12, 11], "texture": "#0"},
				"west": {"uv": [9, 9, 13, 10], "texture": "#0"},
				"up": {"uv": [1, 14, 0, 10], "texture": "#0"},
				"down": {"uv": [2, 10, 1, 14], "texture": "#0"}
			}
		},
		{
			"from": [6.5, 0.5, 2],
			"to": [9.5, 2.5, 3],
			"rotation": {"angle": 0, "axis": "y", "origin": [0, 0, 9]},
			"faces": {
				"north": {"uv": [0, 8, 3, 10], "texture": "#0"},
				"east": {"uv": [4, 11, 5, 13], "texture": "#0"},
				"south": {"uv": [8, 0, 11, 2], "texture": "#0"},
				"west": {"uv": [6, 11, 7, 13], "texture": "#0"},
				"up": {"uv": [5, 11, 2, 10], "texture": "#0"},
				"down": {"uv": [13, 2, 10, 3], "texture": "#0"}
			}
		},
		{
			"from": [7.5, 2.5, 2],
			"to": [8.5, 4.5, 3],
			"rotation": {"angle": 0, "axis": "y", "origin": [0, 0, 9]},
			"faces": {
				"north": {"uv": [11, 6, 12, 8], "texture": "#0"},
				"east": {"uv": [7, 11, 8, 13], "texture": "#0"},
				"south": {"uv": [9, 11, 10, 13], "texture": "#0"},
				"west": {"uv": [10, 11, 11, 13], "texture": "#0"},
				"up": {"uv": [12, 12, 11, 11], "texture": "#0"},
				"down": {"uv": [13, 4, 12, 5], "texture": "#0"}
			}
		}
	],
	"display": {
		"thirdperson_righthand": {
			"rotation": [0, 0, -180],
			"translation": [0.25, -3.75, -1],
			"scale": [0.7, 0.7, 0.7]
		},
		"thirdperson_lefthand": {
			"rotation": [0, 0, -180],
			"translation": [0.25, -3.75, -1],
			"scale": [0.7, 0.7, 0.7]
		},
		"firstperson_righthand": {
			"rotation": [-17, 0, -180],
			"translation": [2.5, -3.75, 2]
		},
		"firstperson_lefthand": {
			"rotation": [-17, 0, -180],
			"translation": [2.5, -3.75, 2]
		},
		"ground": {
			"rotation": [-35, 0, -180],
			"translation": [0, 5.25, 10.75],
			"scale": [0.4, 0.4, 0.4]
		},
		"gui": {
			"rotation": [-157, 43, 7],
			"translation": [0, -5, 0]
		},
		"head": {
			"translation": [0, 14.25, 0]
		},
		"fixed": {
			"rotation": [90, -45, -90],
			"translation": [7.75, -8.75, 0],
			"scale": [2, 2, 2]
		}
	},
	"groups": [
		{
			"name": "key",
			"origin": [8, 2, -1.5],
			"color": 0,
			"children": [0, 1, 2, 3, 4, 5, 6]
		}
	]
}