{"sources":[{"type":"single","resource":"minecraft:required/ui/menu_banne11r","sprite":"minecraft:required/ui/menu_banne11r"},{"type":"single","resource":"minecraft:required/particle","sprite":"minecraft:required/particle"},{"type":"single","resource":"minecraft:required/exit_icon","sprite":"minecraft:required/exit_icon"},{"type":"single","resource":"minecraft:required/ascii_offset","sprite":"minecraft:required/ascii_offset"},{"type":"single","resource":"minecraft:required/arrow_previous_icon","sprite":"minecraft:required/arrow_previous_icon"},{"type":"single","resource":"minecraft:required/arrow_next_icon","sprite":"minecraft:required/arrow_next_icon"},{"type":"single","resource":"minecraft:models/armor/leather_layer_2_overlay","sprite":"minecraft:models/armor/leather_layer_2_overlay"},{"type":"single","resource":"minecraft:models/armor/leather_layer_1_overlay","sprite":"minecraft:models/armor/leather_layer_1_overlay"},{"type":"single","resource":"minecraft:gui/icons","sprite":"minecraft:gui/icons"},{"type":"single","resource":"minecraft:default/wumpus","sprite":"minecraft:default/wumpus"},{"type":"single","resource":"minecraft:default/wood_sword","sprite":"minecraft:default/wood_sword"},{"type":"single","resource":"minecraft:default/withooker","sprite":"minecraft:default/withooker"},{"type":"single","resource":"minecraft:default/witch_hat2","sprite":"minecraft:default/witch_hat2"},{"type":"single","resource":"minecraft:default/witch_hat1","sprite":"minecraft:default/witch_hat1"},{"type":"single","resource":"minecraft:default/witch_hat0","sprite":"minecraft:default/witch_hat0"},{"type":"single","resource":"minecraft:default/weed/vegatative","sprite":"minecraft:default/weed/vegatative"},{"type":"single","resource":"minecraft:default/weed/seedling","sprite":"minecraft:default/weed/seedling"},{"type":"single","resource":"minecraft:default/weed/seed","sprite":"minecraft:default/weed/seed"},{"type":"single","resource":"minecraft:default/weed/leaf","sprite":"minecraft:default/weed/leaf"},{"type":"single","resource":"minecraft:default/weed/harvest","sprite":"minecraft:default/weed/harvest"},{"type":"single","resource":"minecraft:default/weed/flowering","sprite":"minecraft:default/weed/flowering"},{"type":"single","resource":"minecraft:default/table","sprite":"minecraft:default/table"},{"type":"single","resource":"minecraft:default/storm_sword4","sprite":"minecraft:default/storm_sword4"},{"type":"single","resource":"minecraft:default/storm_sword3","sprite":"minecraft:default/storm_sword3"},{"type":"single","resource":"minecraft:default/storm_sword2","sprite":"minecraft:default/storm_sword2"},{"type":"single","resource":"minecraft:default/storm_sword1","sprite":"minecraft:default/storm_sword1"},{"type":"single","resource":"minecraft:default/storm_sword0","sprite":"minecraft:default/storm_sword0"},{"type":"single","resource":"minecraft:default/space_helmet","sprite":"minecraft:default/space_helmet"},{"type":"single","resource":"minecraft:default/shelf","sprite":"minecraft:default/shelf"},{"type":"single","resource":"minecraft:default/sandwitch","sprite":"minecraft:default/sandwitch"},{"type":"single","resource":"minecraft:default/ruby_ore","sprite":"minecraft:default/ruby_ore"},{"type":"single","resource":"minecraft:default/ruby","sprite":"minecraft:default/ruby"},{"type":"single","resource":"minecraft:default/race_flag","sprite":"minecraft:default/race_flag"},{"type":"single","resource":"minecraft:default/potato","sprite":"minecraft:default/potato"},{"type":"single","resource":"minecraft:default/pharaoh_head","sprite":"minecraft:default/pharaoh_head"},{"type":"single","resource":"minecraft:default/orax_ore","sprite":"minecraft:default/orax_ore"},{"type":"single","resource":"minecraft:default/orax_hammer","sprite":"minecraft:default/orax_hammer"},{"type":"single","resource":"minecraft:default/orax","sprite":"minecraft:default/orax"},{"type":"single","resource":"minecraft:default/onyx_ore","sprite":"minecraft:default/onyx_ore"},{"type":"single","resource":"minecraft:default/onyx_hammer","sprite":"minecraft:default/onyx_hammer"},{"type":"single","resource":"minecraft:default/onyx","sprite":"minecraft:default/onyx"},{"type":"single","resource":"minecraft:default/octavia_sword","sprite":"minecraft:default/octavia_sword"},{"type":"single","resource":"minecraft:default/obsidian_sword","sprite":"minecraft:default/obsidian_sword"},{"type":"single","resource":"minecraft:default/obsidian_pickaxe","sprite":"minecraft:default/obsidian_pickaxe"},{"type":"single","resource":"minecraft:default/mail_drone","sprite":"minecraft:default/mail_drone"},{"type":"single","resource":"minecraft:default/magical_wand1","sprite":"minecraft:default/magical_wand1"},{"type":"single","resource":"minecraft:default/magical_wand0","sprite":"minecraft:default/magical_wand0"},{"type":"single","resource":"minecraft:default/magical_axe1","sprite":"minecraft:default/magical_axe1"},{"type":"single","resource":"minecraft:default/magical_axe0","sprite":"minecraft:default/magical_axe0"},{"type":"single","resource":"minecraft:default/magic_book","sprite":"minecraft:default/magic_book"},{"type":"single","resource":"minecraft:default/logo1","sprite":"minecraft:default/logo1"},{"type":"single","resource":"minecraft:default/legendary_hammer1","sprite":"minecraft:default/legendary_hammer1"},{"type":"single","resource":"minecraft:default/legendary_hammer0","sprite":"minecraft:default/legendary_hammer0"},{"type":"single","resource":"minecraft:default/katana2","sprite":"minecraft:default/katana2"},{"type":"single","resource":"minecraft:default/katana1","sprite":"minecraft:default/katana1"},{"type":"single","resource":"minecraft:default/katana0","sprite":"minecraft:default/katana0"},{"type":"single","resource":"minecraft:default/iron_serpe","sprite":"minecraft:default/iron_serpe"},{"type":"single","resource":"minecraft:default/iron_cog","sprite":"minecraft:default/iron_cog"},{"type":"single","resource":"minecraft:default/iron_block","sprite":"minecraft:default/iron_block"},{"type":"single","resource":"minecraft:default/ice_staff","sprite":"minecraft:default/ice_staff"},{"type":"single","resource":"minecraft:default/great_sword","sprite":"minecraft:default/great_sword"},{"type":"single","resource":"minecraft:default/grape_seeds","sprite":"minecraft:default/grape_seeds"},{"type":"single","resource":"minecraft:default/grape3","sprite":"minecraft:default/grape3"},{"type":"single","resource":"minecraft:default/grape2","sprite":"minecraft:default/grape2"},{"type":"single","resource":"minecraft:default/grape1","sprite":"minecraft:default/grape1"},{"type":"single","resource":"minecraft:default/grape0","sprite":"minecraft:default/grape0"},{"type":"single","resource":"minecraft:default/grape","sprite":"minecraft:default/grape"},{"type":"single","resource":"minecraft:default/gold_cog","sprite":"minecraft:default/gold_cog"},{"type":"single","resource":"minecraft:default/goblin_beetle4","sprite":"minecraft:default/goblin_beetle4"},{"type":"single","resource":"minecraft:default/goblin_beetle3","sprite":"minecraft:default/goblin_beetle3"},{"type":"single","resource":"minecraft:default/goblin_beetle2","sprite":"minecraft:default/goblin_beetle2"},{"type":"single","resource":"minecraft:default/goblin_beetle1","sprite":"minecraft:default/goblin_beetle1"},{"type":"single","resource":"minecraft:default/goblin_beetle0","sprite":"minecraft:default/goblin_beetle0"},{"type":"single","resource":"minecraft:default/glass_sword","sprite":"minecraft:default/glass_sword"},{"type":"single","resource":"minecraft:default/flowers/dailily","sprite":"minecraft:default/flowers/dailily"},{"type":"single","resource":"minecraft:default/flowers/daffodil","sprite":"minecraft:default/flowers/daffodil"},{"type":"single","resource":"minecraft:default/flowers/brunnera","sprite":"minecraft:default/flowers/brunnera"},{"type":"single","resource":"minecraft:default/fire_hammer","sprite":"minecraft:default/fire_hammer"},{"type":"single","resource":"minecraft:default/energy_crystal_sword","sprite":"minecraft:default/energy_crystal_sword"},{"type":"single","resource":"minecraft:default/emerald_hammer","sprite":"minecraft:default/emerald_hammer"},{"type":"single","resource":"minecraft:default/earth_hammer","sprite":"minecraft:default/earth_hammer"},{"type":"single","resource":"minecraft:default/drone_wheat","sprite":"minecraft:default/drone_wheat"},{"type":"single","resource":"minecraft:default/dollar_board","sprite":"minecraft:default/dollar_board"},{"type":"single","resource":"minecraft:default/dollar","sprite":"minecraft:default/dollar"},{"type":"single","resource":"minecraft:default/divine_shield","sprite":"minecraft:default/divine_shield"},{"type":"single","resource":"minecraft:default/diamond_cog","sprite":"minecraft:default/diamond_cog"},{"type":"single","resource":"minecraft:default/dagger3","sprite":"minecraft:default/dagger3"},{"type":"single","resource":"minecraft:default/dagger2","sprite":"minecraft:default/dagger2"},{"type":"single","resource":"minecraft:default/dagger1","sprite":"minecraft:default/dagger1"},{"type":"single","resource":"minecraft:default/dagger0","sprite":"minecraft:default/dagger0"},{"type":"single","resource":"minecraft:default/crown","sprite":"minecraft:default/crown"},{"type":"single","resource":"minecraft:default/crashed_drone","sprite":"minecraft:default/crashed_drone"},{"type":"single","resource":"minecraft:default/combat_bow","sprite":"minecraft:default/combat_bow"},{"type":"single","resource":"minecraft:default/coach","sprite":"minecraft:default/coach"},{"type":"single","resource":"minecraft:default/clasherlogo","sprite":"minecraft:default/clasherlogo"},{"type":"single","resource":"minecraft:default/clasher_event_npc_texture","sprite":"minecraft:default/clasher_event_npc_texture"},{"type":"single","resource":"minecraft:default/clasher","sprite":"minecraft:default/clasher"},{"type":"single","resource":"minecraft:default/chip","sprite":"minecraft:default/chip"},{"type":"single","resource":"minecraft:default/chestopen","sprite":"minecraft:default/chestopen"},{"type":"single","resource":"minecraft:default/chest1","sprite":"minecraft:default/chest1"},{"type":"single","resource":"minecraft:default/chair","sprite":"minecraft:default/chair"},{"type":"single","resource":"minecraft:default/caveblock","sprite":"minecraft:default/caveblock"},{"type":"single","resource":"minecraft:default/cart","sprite":"minecraft:default/cart"},{"type":"single","resource":"minecraft:default/carrot","sprite":"minecraft:default/carrot"},{"type":"single","resource":"minecraft:default/bone_sword","sprite":"minecraft:default/bone_sword"},{"type":"single","resource":"minecraft:default/blood_sword","sprite":"minecraft:default/blood_sword"},{"type":"single","resource":"minecraft:default/blick","sprite":"minecraft:default/blick"},{"type":"single","resource":"minecraft:default/blade","sprite":"minecraft:default/blade"},{"type":"single","resource":"minecraft:default/beetroot","sprite":"minecraft:default/beetroot"},{"type":"single","resource":"minecraft:default/bedrock_pickaxe2","sprite":"minecraft:default/bedrock_pickaxe2"},{"type":"single","resource":"minecraft:default/bedrock_pickaxe1","sprite":"minecraft:default/bedrock_pickaxe1"},{"type":"single","resource":"minecraft:default/bedrock_pickaxe0","sprite":"minecraft:default/bedrock_pickaxe0"},{"type":"single","resource":"minecraft:default/battle_axe","sprite":"minecraft:default/battle_axe"},{"type":"single","resource":"minecraft:default/armors/ruby_leggings","sprite":"minecraft:default/armors/ruby_leggings"},{"type":"single","resource":"minecraft:default/armors/ruby_helmet","sprite":"minecraft:default/armors/ruby_helmet"},{"type":"single","resource":"minecraft:default/armors/ruby_chestplate","sprite":"minecraft:default/armors/ruby_chestplate"},{"type":"single","resource":"minecraft:default/armors/ruby_boots","sprite":"minecraft:default/armors/ruby_boots"},{"type":"single","resource":"minecraft:default/armors/obsidian_leggings","sprite":"minecraft:default/armors/obsidian_leggings"},{"type":"single","resource":"minecraft:default/armors/obsidian_helmet","sprite":"minecraft:default/armors/obsidian_helmet"},{"type":"single","resource":"minecraft:default/armors/obsidian_chestplate","sprite":"minecraft:default/armors/obsidian_chestplate"},{"type":"single","resource":"minecraft:default/armors/obsidian_boots","sprite":"minecraft:default/armors/obsidian_boots"},{"type":"single","resource":"minecraft:default/armors/emerald_leggings","sprite":"minecraft:default/armors/emerald_leggings"},{"type":"single","resource":"minecraft:default/armors/emerald_helmet","sprite":"minecraft:default/armors/emerald_helmet"},{"type":"single","resource":"minecraft:default/armors/emerald_chestplate","sprite":"minecraft:default/armors/emerald_chestplate"},{"type":"single","resource":"minecraft:default/armors/emerald_boots","sprite":"minecraft:default/armors/emerald_boots"},{"type":"single","resource":"minecraft:default/arm","sprite":"minecraft:default/arm"},{"type":"single","resource":"minecraft:default/anubis_head","sprite":"minecraft:default/anubis_head"},{"type":"single","resource":"minecraft:default/amethyst_ore","sprite":"minecraft:default/amethyst_ore"},{"type":"single","resource":"minecraft:default/amethyst_hammer","sprite":"minecraft:default/amethyst_hammer"},{"type":"single","resource":"minecraft:default/amethyst","sprite":"minecraft:default/amethyst"}]}