{
	"textures": {
		"0": "item/quest_book",
		"particle": "item/quest_book"
	},
	"elements": [
		{
			"name": "quest_book_0",
			"from": [11.75, 7, 7.5],
			"to": [15.75, 16, 8.5],
			"rotation": {"angle": 0, "axis": "y", "origin": [-0.25, 0, 7.5]},
			"faces": {
				"north": {"uv": [16, 0, 12, 9], "texture": "#0"},
				"east": {"uv": [15, 0, 16, 9], "texture": "#0"},
				"south": {"uv": [12, 0, 16, 9], "texture": "#0"},
				"west": {"uv": [12, 0, 13, 9], "texture": "#0"},
				"up": {"uv": [12, 0, 16, 1], "texture": "#0"},
				"down": {"uv": [12, 8, 16, 9], "texture": "#0"}
			}
		},
		{
			"name": "quest_book_1",
			"from": [2.75, 1, 7.5],
			"to": [11.75, 15, 8.5],
			"rotation": {"angle": 0, "axis": "y", "origin": [-0.25, 0, 7.5]},
			"faces": {
				"north": {"uv": [12, 1, 3, 15], "texture": "#0"},
				"east": {"uv": [11, 1, 12, 15], "texture": "#0"},
				"south": {"uv": [3, 1, 12, 15], "texture": "#0"},
				"west": {"uv": [3, 1, 4, 15], "texture": "#0"},
				"up": {"uv": [3, 1, 12, 2], "texture": "#0"},
				"down": {"uv": [3, 14, 12, 15], "texture": "#0"}
			}
		},
		{
			"name": "quest_book_2",
			"from": [1.75, 2, 7.5],
			"to": [2.75, 14, 8.5],
			"rotation": {"angle": 0, "axis": "y", "origin": [-0.25, 0, 7.5]},
			"faces": {
				"north": {"uv": [3, 2, 2, 14], "texture": "#0"},
				"east": {"uv": [2, 2, 3, 14], "texture": "#0"},
				"south": {"uv": [2, 2, 3, 14], "texture": "#0"},
				"west": {"uv": [2, 2, 3, 14], "texture": "#0"},
				"up": {"uv": [2, 2, 3, 3], "texture": "#0"},
				"down": {"uv": [2, 13, 3, 14], "texture": "#0"}
			}
		},
		{
			"name": "quest_book_3",
			"from": [11.75, 2, 7.5],
			"to": [13.75, 7, 8.5],
			"rotation": {"angle": 0, "axis": "y", "origin": [-0.25, 0, 7.5]},
			"faces": {
				"north": {"uv": [14, 9, 12, 14], "texture": "#0"},
				"east": {"uv": [13, 9, 14, 14], "texture": "#0"},
				"south": {"uv": [12, 9, 14, 14], "texture": "#0"},
				"west": {"uv": [12, 9, 13, 14], "texture": "#0"},
				"up": {"uv": [12, 9, 14, 10], "texture": "#0"},
				"down": {"uv": [12, 13, 14, 14], "texture": "#0"}
			}
		},
		{
			"name": "quest_book_4",
			"from": [11.75, 1, 7.5],
			"to": [12.75, 2, 8.5],
			"rotation": {"angle": 0, "axis": "y", "origin": [-0.25, 0, 7.5]},
			"faces": {
				"north": {"uv": [13, 14, 12, 15], "texture": "#0"},
				"east": {"uv": [12, 14, 13, 15], "texture": "#0"},
				"south": {"uv": [12, 14, 13, 15], "texture": "#0"},
				"west": {"uv": [12, 14, 13, 15], "texture": "#0"},
				"up": {"uv": [12, 14, 13, 15], "texture": "#0"},
				"down": {"uv": [12, 14, 13, 15], "texture": "#0"}
			}
		}
	],
	"gui_light": "front",
	"display": {
		"thirdperson_righthand": {
			"translation": [0, 3, 1],
			"scale": [0.55, 0.55, 0.55]
		},
		"thirdperson_lefthand": {
			"translation": [0, 3, 1],
			"scale": [0.55, 0.55, 0.55]
		},
		"firstperson_righthand": {
			"rotation": [0, -90, 25],
			"translation": [1.13, 3.2, 1.13],
			"scale": [0.68, 0.68, 0.68]
		},
		"firstperson_lefthand": {
			"rotation": [0, -90, 25],
			"translation": [1.13, 3.2, 1.13],
			"scale": [0.68, 0.68, 0.68]
		},
		"ground": {
			"translation": [0, 2, 0],
			"scale": [0.5, 0.5, 0.5]
		},
		"head": {
			"rotation": [0, 180, 0],
			"translation": [0, 13, 7]
		},
		"fixed": {
			"rotation": [0, 180, 0]
		}
	},
	"groups": [
		{
			"name": "quest_book",
			"origin": [8, 8, 8],
			"color": 0,
			"nbt": "{}",
			"children": [0, 1, 2, 3, 4]
		}
	]
}