{
	"credit": "Made by PolygonMC",
	"texture_size": [24, 24],
	"textures": {
		"1": "littledragonset:little_dragon",
		"3": "littledragonset:bow",
		"4": "littledragonset:animations/animations_flame_02",
		"particle": "littledragonset:bow"
	},
	"elements": [
		{
			"from": [7.5, 5.1, 7.5],
			"to": [8.5, 7.1, 8.5],
			"rotation": {"angle": 0, "axis": "y", "origin": [6.5, 5.1, 7.5]},
			"faces": {
				"north": {"uv": [9.33333, 5.33333, 10, 6.66667], "texture": "#3"},
				"east": {"uv": [7.33333, 9.33333, 8, 10.66667], "texture": "#3"},
				"south": {"uv": [8, 9.33333, 8.66667, 10.66667], "texture": "#3"},
				"west": {"uv": [10, 2.66667, 10.66667, 4], "texture": "#3"},
				"up": {"uv": [8.66667, 8, 8, 7.33333], "texture": "#3"},
				"down": {"uv": [9.33333, 4, 8.66667, 4.66667], "texture": "#3"}
			}
		},
		{
			"from": [7.6, 7.1, 7.6],
			"to": [8.4, 8.9, 8.4],
			"rotation": {"angle": 0, "axis": "y", "origin": [6.5, 5.1, 7.5]},
			"faces": {
				"north": {"uv": [5, 12.66667, 5.66667, 14], "texture": "#3"},
				"east": {"uv": [5.66667, 12.66667, 6.33333, 14], "texture": "#3"},
				"south": {"uv": [10, 5.33333, 10.66667, 6.66667], "texture": "#3"},
				"west": {"uv": [6.33333, 12.66667, 7, 14], "texture": "#3"}
			}
		},
		{
			"from": [7.75, 4.85, 7.25],
			"to": [8.25, 6.35, 8.75],
			"rotation": {"angle": 0, "axis": "y", "origin": [7.75, 5.1, 7.25]},
			"faces": {
				"north": {"uv": [10, 10.66667, 10.33333, 11.66667], "texture": "#3"},
				"east": {"uv": [8, 6, 9, 7], "texture": "#3"},
				"south": {"uv": [10.66667, 10, 11, 11], "texture": "#3"},
				"west": {"uv": [7.33333, 8, 8.33333, 9], "texture": "#3"},
				"up": {"uv": [11, 12.33333, 10.66667, 11.33333], "texture": "#3"},
				"down": {"uv": [11.66667, 11.33333, 11.33333, 12.33333], "texture": "#3"}
			}
		},
		{
			"from": [7.5, 8.9, 7.5],
			"to": [8.5, 10.9, 8.5],
			"rotation": {"angle": 0, "axis": "y", "origin": [6.5, 10.9, 7.5]},
			"faces": {
				"north": {"uv": [6.66667, 10, 7.33333, 11.33333], "texture": "#3"},
				"east": {"uv": [10, 6.66667, 10.66667, 8], "texture": "#3"},
				"south": {"uv": [10, 8, 10.66667, 9.33333], "texture": "#3"},
				"west": {"uv": [8.66667, 10, 9.33333, 11.33333], "texture": "#3"},
				"up": {"uv": [10, 7.33333, 9.33333, 6.66667], "texture": "#3"},
				"down": {"uv": [8, 10.66667, 7.33333, 11.33333], "texture": "#3"}
			}
		},
		{
			"from": [7.75, 9.65, 7.25],
			"to": [8.25, 11.15, 8.75],
			"rotation": {"angle": 0, "axis": "y", "origin": [7.75, 10.9, 7.25]},
			"faces": {
				"north": {"uv": [9.33333, 12, 9.66667, 13], "texture": "#3"},
				"east": {"uv": [8.66667, 2.66667, 9.66667, 3.66667], "texture": "#3"},
				"south": {"uv": [10, 12, 10.33333, 13], "texture": "#3"},
				"west": {"uv": [6, 14.33333, 7, 15.33333], "texture": "#3"},
				"up": {"uv": [11.66667, 5, 11.33333, 4], "texture": "#3"},
				"down": {"uv": [5, 11.33333, 4.66667, 12.33333], "texture": "#3"}
			}
		},
		{
			"from": [7, 10, 9.25],
			"to": [9, 14.5, 11.25],
			"rotation": {"angle": 0, "axis": "y", "origin": [7, 14, 9.25]},
			"faces": {
				"north": {"uv": [2.66667, 2.66667, 1.33333, 5.66667], "rotation": 180, "texture": "#1"},
				"east": {"uv": [0, 0, 3, 1.33333], "rotation": 270, "texture": "#1"},
				"south": {"uv": [1.33333, 5.66667, 0, 2.66667], "texture": "#1"},
				"west": {"uv": [0, 1.33333, 3, 2.66667], "rotation": 90, "texture": "#1"},
				"up": {"uv": [4.66667, 0, 6, 1.33333], "rotation": 180, "texture": "#1"},
				"down": {"uv": [4.66667, 1.33333, 6, 2.66667], "texture": "#1"}
			}
		},
		{
			"from": [6.575, 12.75, 8.05],
			"to": [7.575, 14.25, 8.55],
			"rotation": {"angle": -22.5, "axis": "y", "origin": [7.075, 13.375, 9.175]},
			"faces": {
				"north": {"uv": [9.33333, 0, 8.66667, 1], "rotation": 180, "texture": "#1"},
				"east": {"uv": [2.66667, 10, 3.66667, 10.33333], "rotation": 270, "texture": "#1"},
				"south": {"uv": [0.66667, 9.66667, 0, 8.66667], "texture": "#1"},
				"west": {"uv": [10, 3.33333, 11, 3.66667], "rotation": 90, "texture": "#1"},
				"up": {"uv": [4, 10, 4.66667, 10.33333], "rotation": 180, "texture": "#1"},
				"down": {"uv": [10, 4, 10.66667, 4.33333], "texture": "#1"}
			}
		},
		{
			"from": [6.575, 12.75, 8.55],
			"to": [7.575, 13.75, 9.55],
			"rotation": {"angle": -22.5, "axis": "y", "origin": [7.075, 13.375, 9.175]},
			"faces": {
				"east": {"uv": [9.33333, 0, 10, 0.66667], "rotation": 270, "texture": "#1"},
				"west": {"uv": [9.33333, 0.66667, 10, 1.33333], "rotation": 90, "texture": "#1"},
				"up": {"uv": [4.66667, 4, 5.33333, 4.66667], "rotation": 180, "texture": "#1"},
				"down": {"uv": [0.66667, 9.33333, 1.33333, 10], "texture": "#1"}
			}
		},
		{
			"from": [6.575, 12.75, 9.55],
			"to": [7.575, 14.25, 10.55],
			"rotation": {"angle": -22.5, "axis": "y", "origin": [7.075, 13.375, 9.175]},
			"faces": {
				"north": {"uv": [9.33333, 2, 8.66667, 3], "rotation": 180, "texture": "#1"},
				"east": {"uv": [0.66667, 8.66667, 1.66667, 9.33333], "rotation": 270, "texture": "#1"},
				"south": {"uv": [2.66667, 9.66667, 2, 8.66667], "texture": "#1"},
				"west": {"uv": [8.66667, 1.33333, 9.66667, 2], "rotation": 90, "texture": "#1"},
				"up": {"uv": [1.33333, 9.33333, 2, 10], "rotation": 180, "texture": "#1"},
				"down": {"uv": [9.33333, 2, 10, 2.66667], "texture": "#1"}
			}
		},
		{
			"from": [8.425, 12.75, 9.55],
			"to": [9.425, 14.25, 10.55],
			"rotation": {"angle": 22.5, "axis": "y", "origin": [8.925, 13.375, 9.175]},
			"faces": {
				"north": {"uv": [8.66667, 2, 9.33333, 3], "rotation": 180, "texture": "#1"},
				"east": {"uv": [8.66667, 2, 9.66667, 1.33333], "rotation": 90, "texture": "#1"},
				"south": {"uv": [2, 9.66667, 2.66667, 8.66667], "texture": "#1"},
				"west": {"uv": [0.66667, 9.33333, 1.66667, 8.66667], "rotation": 270, "texture": "#1"},
				"up": {"uv": [2, 9.33333, 1.33333, 10], "rotation": 180, "texture": "#1"},
				"down": {"uv": [10, 2, 9.33333, 2.66667], "texture": "#1"}
			}
		},
		{
			"from": [8.425, 12.75, 8.55],
			"to": [9.425, 13.75, 9.55],
			"rotation": {"angle": 22.5, "axis": "y", "origin": [8.925, 13.375, 9.175]},
			"faces": {
				"east": {"uv": [9.33333, 1.33333, 10, 0.66667], "rotation": 90, "texture": "#1"},
				"west": {"uv": [9.33333, 0.66667, 10, 0], "rotation": 270, "texture": "#1"},
				"up": {"uv": [5.33333, 4, 4.66667, 4.66667], "rotation": 180, "texture": "#1"},
				"down": {"uv": [1.33333, 9.33333, 0.66667, 10], "texture": "#1"}
			}
		},
		{
			"from": [8.425, 12.75, 8.05],
			"to": [9.425, 14.25, 8.55],
			"rotation": {"angle": 22.5, "axis": "y", "origin": [8.925, 13.375, 9.175]},
			"faces": {
				"north": {"uv": [8.66667, 0, 9.33333, 1], "rotation": 180, "texture": "#1"},
				"east": {"uv": [10, 3.66667, 11, 3.33333], "rotation": 90, "texture": "#1"},
				"south": {"uv": [0, 9.66667, 0.66667, 8.66667], "texture": "#1"},
				"west": {"uv": [2.66667, 10.33333, 3.66667, 10], "rotation": 270, "texture": "#1"},
				"up": {"uv": [4.66667, 10, 4, 10.33333], "rotation": 180, "texture": "#1"},
				"down": {"uv": [10.66667, 4, 10, 4.33333], "texture": "#1"}
			}
		},
		{
			"from": [7.25, 14.23314, 9.63956],
			"to": [8.75, 15.73314, 11.13956],
			"rotation": {"angle": -22.5, "axis": "x", "origin": [8, 14.45814, 10.46456]},
			"faces": {
				"north": {"uv": [8.33333, 0, 7.33333, 1], "rotation": 180, "texture": "#1"},
				"east": {"uv": [5.33333, 6.66667, 6.33333, 7.66667], "rotation": 270, "texture": "#1"},
				"south": {"uv": [1, 8.33333, 0, 7.33333], "texture": "#1"},
				"west": {"uv": [6.66667, 6.66667, 7.66667, 7.66667], "rotation": 90, "texture": "#1"},
				"up": {"uv": [6.66667, 4, 7.66667, 5], "rotation": 180, "texture": "#1"},
				"down": {"uv": [6.66667, 5.33333, 7.66667, 6.33333], "texture": "#1"}
			}
		},
		{
			"from": [7, 15.16348, 9.27057],
			"to": [9, 17.16348, 11.27057],
			"rotation": {"angle": 0, "axis": "y", "origin": [8, 16.61702, 10.45354]},
			"faces": {
				"north": {"uv": [2.66667, 4.66667, 4, 6], "texture": "#1"},
				"east": {"uv": [4.66667, 2.66667, 6, 4], "texture": "#1"},
				"south": {"uv": [4, 4.66667, 5.33333, 6], "texture": "#1"},
				"west": {"uv": [5.33333, 4, 6.66667, 5.33333], "texture": "#1"},
				"up": {"uv": [6.66667, 6.66667, 5.33333, 5.33333], "texture": "#1"},
				"down": {"uv": [1.33333, 6, 0, 7.33333], "texture": "#1"}
			}
		},
		{
			"from": [7, 15.16348, 8.27057],
			"to": [9, 16.16348, 9.27057],
			"rotation": {"angle": 0, "axis": "y", "origin": [8, 16.61702, 10.45354]},
			"faces": {
				"north": {"uv": [3.33333, 2, 4.66667, 2.66667], "texture": "#1"},
				"east": {"uv": [4, 9.33333, 4.66667, 10], "texture": "#1"},
				"west": {"uv": [4.66667, 9.33333, 5.33333, 10], "texture": "#1"},
				"up": {"uv": [8, 8.66667, 6.66667, 8], "texture": "#1"},
				"down": {"uv": [9.33333, 6.66667, 8, 7.33333], "texture": "#1"}
			}
		},
		{
			"from": [7.25, 15.41348, 8.02057],
			"to": [8.75, 16.41348, 9.27057],
			"rotation": {"angle": 0, "axis": "y", "origin": [8, 16.61702, 10.45354]},
			"faces": {
				"north": {"uv": [2.66667, 8.66667, 3.66667, 9.33333], "texture": "#1"},
				"east": {"uv": [8.66667, 3.33333, 9.66667, 4], "texture": "#1"},
				"west": {"uv": [4, 8.66667, 5, 9.33333], "texture": "#1"},
				"up": {"uv": [2.33333, 8.33333, 1.33333, 7.33333], "texture": "#1"},
				"down": {"uv": [8.33333, 1.33333, 7.33333, 2.33333], "texture": "#1"}
			}
		},
		{
			"from": [6.7, 8.92729, 9.66902],
			"to": [8.2, 10.92729, 11.16902],
			"rotation": {"angle": -22.5, "axis": "z", "origin": [7.05225, 8.71654, 10.4172]},
			"faces": {
				"north": {"uv": [5, 6, 4, 7.33333], "rotation": 180, "texture": "#1"},
				"east": {"uv": [6, 1.33333, 7.33333, 2.33333], "rotation": 270, "texture": "#1"},
				"south": {"uv": [7, 4, 6, 2.66667], "texture": "#1"},
				"west": {"uv": [2.66667, 6, 4, 7], "rotation": 90, "texture": "#1"},
				"up": {"uv": [2.66667, 7.33333, 3.66667, 8.33333], "rotation": 180, "texture": "#1"},
				"down": {"uv": [7.33333, 2.66667, 8.33333, 3.66667], "texture": "#1"}
			}
		},
		{
			"from": [6.70048, 7.84981, 9.79178],
			"to": [7.94548, 9.50981, 11.03678],
			"rotation": {"angle": -45, "axis": "z", "origin": [7.05225, 8.71654, 10.4172]},
			"faces": {
				"north": {"uv": [7.33333, 8.66667, 6.66667, 9.66667], "rotation": 180, "texture": "#1"},
				"east": {"uv": [8.66667, 4, 9.66667, 4.66667], "rotation": 270, "texture": "#1"},
				"south": {"uv": [9.33333, 6.33333, 8.66667, 5.33333], "texture": "#1"},
				"west": {"uv": [8.66667, 4.66667, 9.66667, 5.33333], "rotation": 90, "texture": "#1"},
				"up": {"uv": [5.33333, 9.33333, 6, 10], "rotation": 180, "texture": "#1"},
				"down": {"uv": [9.33333, 5.33333, 10, 6], "texture": "#1"}
			}
		},
		{
			"from": [5.22597, 7.62498, 9.90343],
			"to": [6.60377, 8.65833, 10.93678],
			"rotation": {"angle": 22.5, "axis": "z", "origin": [7.05225, 8.71654, 10.4172]},
			"faces": {
				"north": {"uv": [8, 8.66667, 8.66667, 9.66667], "rotation": 90, "texture": "#1"},
				"east": {"uv": [10, 6, 9.33333, 6.66667], "rotation": 90, "texture": "#1"},
				"south": {"uv": [7.33333, 8.66667, 8, 9.66667], "rotation": 270, "texture": "#1"},
				"west": {"uv": [6.66667, 10, 6, 9.33333], "rotation": 90, "texture": "#1"},
				"up": {"uv": [8.66667, 8.66667, 9.33333, 9.66667], "rotation": 270, "texture": "#1"},
				"down": {"uv": [8.66667, 7.33333, 9.33333, 8.33333], "rotation": 270, "texture": "#1"}
			}
		},
		{
			"from": [7.34028, 15.66348, 11.20804],
			"to": [7.34028, 17.16348, 12.70804],
			"rotation": {"angle": -45, "axis": "y", "origin": [8, 16.61702, 10.45354]},
			"faces": {
				"east": {"uv": [5, 7.33333, 4, 8.33333], "texture": "#1"},
				"west": {"uv": [4, 7.33333, 5, 8.33333], "texture": "#1"}
			}
		},
		{
			"from": [6.9, 16.00807, 10.86917],
			"to": [7.9, 17.00807, 11.86917],
			"rotation": {"angle": -22.5, "axis": "x", "origin": [8, 16.61702, 10.45354]},
			"faces": {
				"north": {"uv": [9.33333, 6.66667, 10, 7.33333], "texture": "#1"},
				"east": {"uv": [9.33333, 7.33333, 10, 8], "texture": "#1"},
				"south": {"uv": [9.33333, 8, 10, 8.66667], "texture": "#1"},
				"west": {"uv": [9.33333, 8.66667, 10, 9.33333], "texture": "#1"},
				"up": {"uv": [10, 10, 9.33333, 9.33333], "texture": "#1"},
				"down": {"uv": [0.66667, 10, 0, 10.66667], "texture": "#1"}
			}
		},
		{
			"from": [7.005, 15.56769, 11.50838],
			"to": [7.795, 16.35769, 12.29838],
			"rotation": {"angle": -45, "axis": "x", "origin": [8, 16.61702, 10.45354]},
			"faces": {
				"east": {"uv": [10, 0, 10.66667, 0.66667], "texture": "#1"},
				"south": {"uv": [0.66667, 10, 1.33333, 10.66667], "texture": "#1"},
				"west": {"uv": [10, 0.66667, 10.66667, 1.33333], "texture": "#1"},
				"up": {"uv": [2, 10.66667, 1.33333, 10], "texture": "#1"},
				"down": {"uv": [10.66667, 1.33333, 10, 2], "texture": "#1"}
			}
		},
		{
			"from": [7.10375, 17.89362, 11.46274],
			"to": [7.69625, 18.48612, 12.05524],
			"rotation": {"angle": 22.5, "axis": "x", "origin": [8, 16.61702, 10.45354]},
			"faces": {
				"north": {"uv": [6.66667, 10, 7, 10.33333], "texture": "#1"},
				"east": {"uv": [10, 6.66667, 10.33333, 7], "texture": "#1"},
				"south": {"uv": [7.33333, 10, 7.66667, 10.33333], "texture": "#1"},
				"west": {"uv": [10, 7.33333, 10.33333, 7.66667], "texture": "#1"},
				"up": {"uv": [8.33333, 10.33333, 8, 10], "texture": "#1"}
			}
		},
		{
			"from": [6.8, 17.12532, 9.37015],
			"to": [7.8, 17.62532, 10.37015],
			"rotation": {"angle": -22.5, "axis": "x", "origin": [8, 16.61702, 10.45354]},
			"faces": {
				"north": {"uv": [12, 0, 12.66667, 0.33333], "texture": "#1"},
				"east": {"uv": [10, 5.33333, 10.66667, 5.66667], "texture": "#1"},
				"south": {"uv": [12.66667, 0, 13.33333, 0.33333], "texture": "#1"},
				"west": {"uv": [10, 6, 10.66667, 6.33333], "texture": "#1"},
				"up": {"uv": [11.66667, 0.66667, 11, 0], "texture": "#1"},
				"down": {"uv": [10.66667, 2, 10, 2.66667], "texture": "#1"}
			}
		},
		{
			"from": [5.15186, 11, 12.01444],
			"to": [7.15186, 14, 12.01444],
			"rotation": {"angle": 22.5, "axis": "y", "origin": [5.15186, 14.5, 12.01444]},
			"faces": {
				"north": {"uv": [4.66667, 0, 3.33333, 2], "rotation": 180, "texture": "#1"},
				"south": {"uv": [4.66667, 2, 3.33333, 0], "texture": "#1"}
			}
		},
		{
			"from": [2.15186, 11, 12.01444],
			"to": [5.15186, 14, 12.01444],
			"rotation": {"angle": -22.5, "axis": "y", "origin": [5.15186, 14.5, 12.01444]},
			"faces": {
				"north": {"uv": [4.66667, 2.66667, 2.66667, 4.66667], "rotation": 180, "texture": "#1"},
				"south": {"uv": [4.66667, 4.66667, 2.66667, 2.66667], "texture": "#1"}
			}
		},
		{
			"from": [8.3, 9.75, 8.25],
			"to": [9.3, 11.75, 8.75],
			"rotation": {"angle": 22.5, "axis": "y", "origin": [8.8, 10.625, 9.125]},
			"faces": {
				"north": {"uv": [6, 8, 6.66667, 9.33333], "rotation": 180, "texture": "#1"},
				"east": {"uv": [10.66667, 2.66667, 9.33333, 3], "rotation": 270, "texture": "#1"},
				"south": {"uv": [8, 6.66667, 8.66667, 5.33333], "texture": "#1"},
				"west": {"uv": [4, 9.33333, 2.66667, 9.66667], "rotation": 90, "texture": "#1"},
				"up": {"uv": [5.33333, 10, 4.66667, 10.33333], "rotation": 180, "texture": "#1"},
				"down": {"uv": [10.66667, 4.66667, 10, 5], "texture": "#1"}
			}
		},
		{
			"from": [8.3, 9.75, 8.75],
			"to": [9.3, 11.25, 10.75],
			"rotation": {"angle": 22.5, "axis": "y", "origin": [8.8, 10.625, 9.125]},
			"faces": {
				"east": {"uv": [2.33333, 6, 1.33333, 7.33333], "rotation": 270, "texture": "#1"},
				"south": {"uv": [8, 8.33333, 8.66667, 7.33333], "texture": "#1"},
				"west": {"uv": [7, 0, 6, 1.33333], "rotation": 90, "texture": "#1"},
				"up": {"uv": [8.66667, 4, 8, 5.33333], "rotation": 180, "texture": "#1"},
				"down": {"uv": [6, 8, 5.33333, 9.33333], "texture": "#1"}
			}
		},
		{
			"from": [6.7, 9.75, 8.75],
			"to": [7.7, 11.25, 10.75],
			"rotation": {"angle": -22.5, "axis": "y", "origin": [7.2, 10.625, 9.125]},
			"faces": {
				"east": {"uv": [7, 1.33333, 6, 0], "rotation": 90, "texture": "#1"},
				"south": {"uv": [8.66667, 8.33333, 8, 7.33333], "texture": "#1"},
				"west": {"uv": [2.33333, 7.33333, 1.33333, 6], "rotation": 270, "texture": "#1"},
				"up": {"uv": [8, 4, 8.66667, 5.33333], "rotation": 180, "texture": "#1"},
				"down": {"uv": [5.33333, 8, 6, 9.33333], "texture": "#1"}
			}
		},
		{
			"from": [6.7, 9.75, 8.25],
			"to": [7.7, 11.75, 8.75],
			"rotation": {"angle": -22.5, "axis": "y", "origin": [7.2, 10.625, 9.125]},
			"faces": {
				"north": {"uv": [6.66667, 8, 6, 9.33333], "rotation": 180, "texture": "#1"},
				"east": {"uv": [4, 9.66667, 2.66667, 9.33333], "rotation": 90, "texture": "#1"},
				"south": {"uv": [8.66667, 6.66667, 8, 5.33333], "texture": "#1"},
				"west": {"uv": [10.66667, 3, 9.33333, 2.66667], "rotation": 270, "texture": "#1"},
				"up": {"uv": [4.66667, 10, 5.33333, 10.33333], "rotation": 180, "texture": "#1"},
				"down": {"uv": [10, 4.66667, 10.66667, 5], "texture": "#1"}
			}
		},
		{
			"from": [8.205, 15.56769, 11.50838],
			"to": [8.995, 16.35769, 12.29838],
			"rotation": {"angle": -45, "axis": "x", "origin": [8, 16.61702, 10.45354]},
			"faces": {
				"east": {"uv": [10.66667, 0.66667, 10, 1.33333], "texture": "#1"},
				"south": {"uv": [1.33333, 10, 0.66667, 10.66667], "texture": "#1"},
				"west": {"uv": [10.66667, 0, 10, 0.66667], "texture": "#1"},
				"up": {"uv": [1.33333, 10.66667, 2, 10], "texture": "#1"},
				"down": {"uv": [10, 1.33333, 10.66667, 2], "texture": "#1"}
			}
		},
		{
			"from": [8.30375, 17.89362, 11.46274],
			"to": [8.89625, 18.48612, 12.05524],
			"rotation": {"angle": 22.5, "axis": "x", "origin": [8, 16.61702, 10.45354]},
			"faces": {
				"north": {"uv": [7, 10, 6.66667, 10.33333], "texture": "#1"},
				"east": {"uv": [10.33333, 7.33333, 10, 7.66667], "texture": "#1"},
				"south": {"uv": [7.66667, 10, 7.33333, 10.33333], "texture": "#1"},
				"west": {"uv": [10.33333, 6.66667, 10, 7], "texture": "#1"},
				"up": {"uv": [8, 10.33333, 8.33333, 10], "texture": "#1"}
			}
		},
		{
			"from": [8.1, 16.00807, 10.86917],
			"to": [9.1, 17.00807, 11.86917],
			"rotation": {"angle": -22.5, "axis": "x", "origin": [8, 16.61702, 10.45354]},
			"faces": {
				"north": {"uv": [10, 6.66667, 9.33333, 7.33333], "texture": "#1"},
				"east": {"uv": [10, 8.66667, 9.33333, 9.33333], "texture": "#1"},
				"south": {"uv": [10, 8, 9.33333, 8.66667], "texture": "#1"},
				"west": {"uv": [10, 7.33333, 9.33333, 8], "texture": "#1"},
				"up": {"uv": [9.33333, 10, 10, 9.33333], "texture": "#1"},
				"down": {"uv": [0, 10, 0.66667, 10.66667], "texture": "#1"}
			}
		},
		{
			"from": [8.2, 17.12532, 9.37015],
			"to": [9.2, 17.62532, 10.37015],
			"rotation": {"angle": -22.5, "axis": "x", "origin": [8, 16.61702, 10.45354]},
			"faces": {
				"north": {"uv": [12.66667, 0, 12, 0.33333], "texture": "#1"},
				"east": {"uv": [10.66667, 6, 10, 6.33333], "texture": "#1"},
				"south": {"uv": [13.33333, 0, 12.66667, 0.33333], "texture": "#1"},
				"west": {"uv": [10.66667, 5.33333, 10, 5.66667], "texture": "#1"},
				"up": {"uv": [11, 0.66667, 11.66667, 0], "texture": "#1"},
				"down": {"uv": [10, 2, 10.66667, 2.66667], "texture": "#1"}
			}
		},
		{
			"from": [8.65972, 15.66348, 11.20804],
			"to": [8.65972, 17.16348, 12.70804],
			"rotation": {"angle": 45, "axis": "y", "origin": [8, 16.61702, 10.45354]},
			"faces": {
				"east": {"uv": [5, 7.33333, 4, 8.33333], "texture": "#1"},
				"west": {"uv": [4, 7.33333, 5, 8.33333], "texture": "#1"}
			}
		},
		{
			"from": [10.84814, 11, 12.01444],
			"to": [13.84814, 14, 12.01444],
			"rotation": {"angle": 22.5, "axis": "y", "origin": [10.84814, 14.5, 12.01444]},
			"faces": {
				"north": {"uv": [2.66667, 2.66667, 4.66667, 4.66667], "rotation": 180, "texture": "#1"},
				"south": {"uv": [2.66667, 4.66667, 4.66667, 2.66667], "texture": "#1"}
			}
		},
		{
			"from": [8.84814, 11, 12.01444],
			"to": [10.84814, 14, 12.01444],
			"rotation": {"angle": -22.5, "axis": "y", "origin": [10.84814, 14.5, 12.01444]},
			"faces": {
				"north": {"uv": [3.33333, 0, 4.66667, 2], "rotation": 180, "texture": "#1"},
				"south": {"uv": [3.33333, 2, 4.66667, 0], "texture": "#1"}
			}
		},
		{
			"from": [7.985, -1.25574, 11.77866],
			"to": [8.015, 1.74426, 15.77866],
			"rotation": {"angle": 22.5, "axis": "x", "origin": [8, 0.44131, 11.78734]},
			"faces": {
				"east": {"uv": [6, 0, 0, 8], "rotation": 90, "texture": "#4"},
				"west": {"uv": [0, 0, 6, 8], "rotation": 270, "texture": "#4"}
			}
		},
		{
			"from": [7.75, 15.00574, 11.52866],
			"to": [8.25, 16.50574, 13.02866],
			"rotation": {"angle": -22.5, "axis": "x", "origin": [8, 15.55869, 11.78734]},
			"faces": {
				"north": {"uv": [5.33333, 11.33333, 5.66667, 12.33333], "texture": "#3"},
				"east": {"uv": [8.66667, 8.66667, 9.66667, 9.66667], "texture": "#3"},
				"south": {"uv": [11.33333, 5.33333, 11.66667, 6.33333], "texture": "#3"},
				"west": {"uv": [9.33333, 4, 10.33333, 5], "texture": "#3"},
				"up": {"uv": [6.33333, 12.33333, 6, 11.33333], "texture": "#3"},
				"down": {"uv": [7, 11.33333, 6.66667, 12.33333], "texture": "#3"}
			}
		},
		{
			"from": [7.5, 15.25574, 10.77866],
			"to": [8.5, 16.25574, 12.77866],
			"rotation": {"angle": -22.5, "axis": "x", "origin": [8, 15.55869, 11.78734]},
			"faces": {
				"north": {"uv": [10.66667, 8.66667, 11.33333, 9.33333], "texture": "#3"},
				"east": {"uv": [9.33333, 10, 10.66667, 10.66667], "texture": "#3"},
				"south": {"uv": [9.33333, 10.66667, 10, 11.33333], "texture": "#3"},
				"west": {"uv": [10, 9.33333, 11.33333, 10], "texture": "#3"},
				"up": {"uv": [8.33333, 13, 7.66667, 11.66667], "texture": "#3"},
				"down": {"uv": [9, 11.66667, 8.33333, 13], "texture": "#3"}
			}
		},
		{
			"from": [7.985, 14.25574, 11.77866],
			"to": [8.015, 17.25574, 15.77866],
			"rotation": {"angle": -22.5, "axis": "x", "origin": [8, 15.55869, 11.78734]},
			"faces": {
				"east": {"uv": [0, 0, 6, 8], "rotation": 90, "texture": "#4"},
				"west": {"uv": [6, 0, 0, 8], "rotation": 270, "texture": "#4"}
			}
		},
		{
			"from": [7.55, 10.59458, 8.13544],
			"to": [8.45, 13.59458, 9.03544],
			"rotation": {"angle": 22.5, "axis": "x", "origin": [8, 12.34458, 8.58544]},
			"faces": {
				"north": {"uv": [6.66667, 2.66667, 7.33333, 4.66667], "texture": "#3"},
				"east": {"uv": [6.66667, 4.66667, 7.33333, 6.66667], "texture": "#3"},
				"south": {"uv": [6.66667, 6.66667, 7.33333, 8.66667], "texture": "#3"},
				"west": {"uv": [7.33333, 2.66667, 8, 4.66667], "texture": "#3"}
			}
		},
		{
			"from": [7.55, 15.68869, 8.62219],
			"to": [8.45, 16.58869, 11.12219],
			"rotation": {"angle": -45, "axis": "x", "origin": [8, 15.55869, 11.78734]},
			"faces": {
				"east": {"uv": [7.33333, 4.66667, 9, 5.33333], "texture": "#3"},
				"west": {"uv": [7.33333, 5.33333, 9, 6], "texture": "#3"},
				"up": {"uv": [8, 7.66667, 7.33333, 6], "texture": "#3"},
				"down": {"uv": [8.66667, 2.66667, 8, 4.33333], "texture": "#3"}
			}
		},
		{
			"from": [7.45, 13.03401, 8.58921],
			"to": [8.55, 14.28401, 9.83921],
			"rotation": {"angle": -22.5, "axis": "x", "origin": [8, 13.65901, 9.21421]},
			"faces": {
				"north": {"uv": [5, 14.33333, 5.66667, 15.33333], "texture": "#3"},
				"east": {"uv": [5.33333, 10, 6.33333, 11], "texture": "#3"},
				"south": {"uv": [10.66667, 4, 11.33333, 5], "texture": "#3"},
				"west": {"uv": [8.66667, 7.33333, 9.66667, 8.33333], "texture": "#3"},
				"up": {"uv": [11.33333, 6.33333, 10.66667, 5.33333], "texture": "#3"},
				"down": {"uv": [11.33333, 6.66667, 10.66667, 7.66667], "texture": "#3"}
			}
		},
		{
			"from": [7.25, 13.23401, 8.78921],
			"to": [8.75, 14.08401, 9.63921],
			"rotation": {"angle": -22.5, "axis": "x", "origin": [8, 13.65901, 9.21421]},
			"faces": {
				"north": {"uv": [7.66667, 13.33333, 8.66667, 14], "texture": "#3"},
				"east": {"uv": [8, 10.66667, 8.66667, 11.33333], "texture": "#3"},
				"south": {"uv": [9, 13.33333, 10, 14], "texture": "#3"},
				"west": {"uv": [10.66667, 8, 11.33333, 8.66667], "texture": "#3"},
				"up": {"uv": [11.66667, 3.33333, 10.66667, 2.66667], "texture": "#3"},
				"down": {"uv": [11.66667, 3.33333, 10.66667, 4], "texture": "#3"}
			}
		},
		{
			"from": [7.25, 1.91599, 8.78921],
			"to": [8.75, 2.76599, 9.63921],
			"rotation": {"angle": 22.5, "axis": "x", "origin": [8, 2.34099, 9.21421]},
			"faces": {
				"north": {"uv": [7.66667, 14, 8.66667, 13.33333], "texture": "#3"},
				"east": {"uv": [8, 11.33333, 8.66667, 10.66667], "texture": "#3"},
				"south": {"uv": [9, 14, 10, 13.33333], "texture": "#3"},
				"west": {"uv": [10.66667, 8.66667, 11.33333, 8], "texture": "#3"},
				"up": {"uv": [11.66667, 4, 10.66667, 3.33333], "texture": "#3"},
				"down": {"uv": [11.66667, 2.66667, 10.66667, 3.33333], "texture": "#3"}
			}
		},
		{
			"from": [7.45, 1.71599, 8.58921],
			"to": [8.55, 2.96599, 9.83921],
			"rotation": {"angle": 22.5, "axis": "x", "origin": [8, 2.34099, 9.21421]},
			"faces": {
				"north": {"uv": [5, 15.33333, 5.66667, 14.33333], "texture": "#3"},
				"east": {"uv": [5.33333, 11, 6.33333, 10], "texture": "#3"},
				"south": {"uv": [10.66667, 5, 11.33333, 4], "texture": "#3"},
				"west": {"uv": [8.66667, 8.33333, 9.66667, 7.33333], "texture": "#3"},
				"up": {"uv": [11.33333, 7.66667, 10.66667, 6.66667], "texture": "#3"},
				"down": {"uv": [11.33333, 5.33333, 10.66667, 6.33333], "texture": "#3"}
			}
		},
		{
			"from": [7.55, -0.58869, 8.62219],
			"to": [8.45, 0.31131, 11.12219],
			"rotation": {"angle": 45, "axis": "x", "origin": [8, 0.44131, 11.78734]},
			"faces": {
				"east": {"uv": [7.33333, 5.33333, 9, 4.66667], "texture": "#3"},
				"west": {"uv": [7.33333, 6, 9, 5.33333], "texture": "#3"},
				"up": {"uv": [8.66667, 4.33333, 8, 2.66667], "texture": "#3"},
				"down": {"uv": [8, 6, 7.33333, 7.66667], "texture": "#3"}
			}
		},
		{
			"from": [7.55, 2.40542, 8.13544],
			"to": [8.45, 5.40542, 9.03544],
			"rotation": {"angle": -22.5, "axis": "x", "origin": [8, 3.65542, 8.58544]},
			"faces": {
				"north": {"uv": [6.66667, 4.66667, 7.33333, 2.66667], "texture": "#3"},
				"east": {"uv": [6.66667, 6.66667, 7.33333, 4.66667], "texture": "#3"},
				"south": {"uv": [6.66667, 8.66667, 7.33333, 6.66667], "texture": "#3"},
				"west": {"uv": [7.33333, 4.66667, 8, 2.66667], "texture": "#3"}
			}
		},
		{
			"from": [7.5, -0.25574, 10.77866],
			"to": [8.5, 0.74426, 12.77866],
			"rotation": {"angle": 22.5, "axis": "x", "origin": [8, 0.44131, 11.78734]},
			"faces": {
				"north": {"uv": [10.66667, 9.33333, 11.33333, 8.66667], "texture": "#3"},
				"east": {"uv": [9.33333, 10.66667, 10.66667, 10], "texture": "#3"},
				"south": {"uv": [9.33333, 11.33333, 10, 10.66667], "texture": "#3"},
				"west": {"uv": [10, 10, 11.33333, 9.33333], "texture": "#3"},
				"up": {"uv": [9, 13, 8.33333, 11.66667], "texture": "#3"},
				"down": {"uv": [8.33333, 11.66667, 7.66667, 13], "texture": "#3"}
			}
		},
		{
			"from": [7.75, -0.50574, 11.52866],
			"to": [8.25, 0.99426, 13.02866],
			"rotation": {"angle": 22.5, "axis": "x", "origin": [8, 0.44131, 11.78734]},
			"faces": {
				"north": {"uv": [5.33333, 12.33333, 5.66667, 11.33333], "texture": "#3"},
				"east": {"uv": [8.66667, 9.66667, 9.66667, 8.66667], "texture": "#3"},
				"south": {"uv": [11.33333, 6.33333, 11.66667, 5.33333], "texture": "#3"},
				"west": {"uv": [9.33333, 5, 10.33333, 4], "texture": "#3"},
				"up": {"uv": [7, 12.33333, 6.66667, 11.33333], "texture": "#3"},
				"down": {"uv": [6.33333, 11.33333, 6, 12.33333], "texture": "#3"}
			}
		},
		{
			"from": [7.985, 0, 11.5],
			"to": [8.015, 16, 18.5],
			"rotation": {"angle": 0, "axis": "y", "origin": [7.985, 0, 11.5]},
			"faces": {
				"east": {"uv": [4.66667, 0, 0, 10.66667], "texture": "#3"},
				"west": {"uv": [0, 0, 4.66667, 10.66667], "texture": "#3"}
			}
		},
		{
			"from": [7.985, 9.25, 0],
			"to": [8.015, 13.25, 8],
			"rotation": {"angle": 0, "axis": "y", "origin": [7.985, 9.25, -1]},
			"faces": {
				"east": {"uv": [12, 0, 6.66667, 2.66667], "texture": "#3"},
				"west": {"uv": [6.66667, 0, 12, 2.66667], "texture": "#3"}
			}
		},
		{
			"from": [7.985, 2.75, 0],
			"to": [8.015, 6.75, 8],
			"rotation": {"angle": 0, "axis": "y", "origin": [7.985, 6.75, -1]},
			"faces": {
				"east": {"uv": [12, 2.66667, 6.66667, 0], "texture": "#3"},
				"west": {"uv": [6.66667, 2.66667, 12, 0], "texture": "#3"}
			}
		}
	],
	"gui_light": "front",
	"display": {
		"thirdperson_righthand": {
			"translation": [0, -1.75, 0.75]
		},
		"thirdperson_lefthand": {
			"translation": [0, -1.75, 0.75]
		},
		"firstperson_righthand": {
			"translation": [0, 4.5, 0]
		},
		"firstperson_lefthand": {
			"translation": [0, 4.5, 0]
		},
		"ground": {
			"rotation": [45, 0, 0],
			"translation": [0, 13, 0]
		},
		"gui": {
			"rotation": [-90, 135, 90],
			"translation": [-2, 2, 0],
			"scale": [0.79493, 0.79493, 0.79493]
		},
		"head": {
			"rotation": [90, -45, 90]
		},
		"fixed": {
			"rotation": [90, -90, 90],
			"translation": [0, 0, -2.25],
			"scale": [2.5, 2.5, 2.5]
		}
	},
	"groups": [
		0,
		1,
		2,
		3,
		4,
		{
			"name": "group",
			"origin": [10.84814, 3.76444, 5.5],
			"color": 0,
			"boneType": "",
			"children": [5, 6, 7, 8, 9, 10, 11, 12, 13, 14, 15, 16, 17, 18, 19, 20, 21, 22, 23, 24, 25, 26, 27, 28, 29, 30, 31, 32, 33, 34, 35, 36]
		},
		37,
		{
			"name": "group",
			"origin": [10.84814, 3.76444, 5.5],
			"color": 0,
			"boneType": "",
			"children": []
		},
		38,
		39,
		40,
		41,
		42,
		43,
		44,
		45,
		46,
		47,
		48,
		49,
		50,
		51,
		52,
		53
	]
}