{"credit":"Made with Blockbench","texture_size":[128,128],"textures":{"0":"cook_props:cook","particle":"cook_props:cook"},"elements":[{"from":[1,0,3],"to":[13,1,13],"rotation":{"angle":0,"axis":"y","origin":[10.75,0.5,8]},"faces":{"north":{"uv":[0.875,0,2.375,0.125],"rotation":180,"texture":"#0"},"east":{"uv":[0.875,0,1,1.25],"rotation":90,"texture":"#0"},"south":{"uv":[0.875,0,2.375,0.125],"rotation":180,"texture":"#0"},"west":{"uv":[0.875,1.25,1,0],"rotation":90,"texture":"#0"},"up":{"uv":[2.375,1.25,0.875,0],"rotation":180,"texture":"#0"},"down":{"uv":[0.875,1.25,2.375,0],"texture":"#0"}}},{"from":[14,0,4],"to":[15,1,12],"rotation":{"angle":0,"axis":"y","origin":[10.75,0.5,7.5]},"faces":{"north":{"uv":[2.5,0.125,2.625,0.25],"rotation":90,"texture":"#0"},"east":{"uv":[2.5,0.125,2.625,1.125],"rotation":90,"texture":"#0"},"south":{"uv":[2.5,0.125,2.625,0.25],"rotation":90,"texture":"#0"},"west":{"uv":[2.5,1.125,2.625,0.125],"rotation":90,"texture":"#0"},"up":{"uv":[2.5,0.125,2.625,1.125],"texture":"#0"},"down":{"uv":[2.5,1.125,2.625,0.125],"texture":"#0"}}},{"from":[13,0,10],"to":[14,1,11],"rotation":{"angle":0,"axis":"y","origin":[10.75,0.5,7.5]},"faces":{"north":{"uv":[2.375,0.125,2.5,0.25],"texture":"#0"},"south":{"uv":[2.375,0.125,2.5,0.25],"texture":"#0"},"up":{"uv":[2.375,0.125,2.5,0.25],"rotation":90,"texture":"#0"},"down":{"uv":[2.375,0.125,2.5,0.25],"rotation":270,"texture":"#0"}}},{"from":[13,0,5],"to":[14,1,6],"rotation":{"angle":0,"axis":"y","origin":[10.75,0.5,2.5]},"faces":{"north":{"uv":[2.375,0.125,2.5,0.25],"texture":"#0"},"south":{"uv":[2.375,0.125,2.5,0.25],"texture":"#0"},"up":{"uv":[2.375,0.125,2.5,0.25],"rotation":90,"texture":"#0"},"down":{"uv":[2.375,0.125,2.5,0.25],"rotation":270,"texture":"#0"}}}],"gui_light":"front","display":{"thirdperson_righthand":{"rotation":[-90,-90,-180],"translation":[0,4.5,7.75],"scale":[0.86328,0.86328,0.86328]},"thirdperson_lefthand":{"rotation":[-90,-90,0],"translation":[0,4.5,-5.5],"scale":[0.86328,0.86328,0.86328]},"firstperson_righthand":{"rotation":[180,-78.75,180],"translation":[5.25,4,-0.25],"scale":[0.4625,0.4625,0.4625]},"firstperson_lefthand":{"rotation":[0,90,0],"translation":[5.25,4,-0.25],"scale":[0.4625,0.4625,0.4625]},"ground":{"translation":[0,5.25,0],"scale":[0.46094,0.46094,0.46094]},"gui":{"rotation":[30,225,0],"translation":[-0.5,6.5,0],"scale":[0.89063,0.89063,0.89063]},"head":{"translation":[0,12.75,0],"scale":[0.79492,0.79492,0.79492]},"fixed":{"rotation":[-90,0,0],"translation":[0,0,-16],"scale":[2.00195,2.00195,2.00195]}},"groups":[{"name":"group","origin":[8,8,8],"color":0,"children":[0,1,2,3]}],"mcmodels":"2db3ac16f1bebb66462b51c9481be7b7"}