{"credit":"Made with Blockbench","texture_size":[128,128],"textures":{"0":"cook_props:cook","particle":"cook_props:cook"},"elements":[{"from":[9.83304,0,3.85116],"to":[12.83304,7,6.85116],"rotation":{"angle":0,"axis":"y","origin":[11.33304,3.5,5.35116]},"faces":{"north":{"uv":[11.625,4.5,12,5.375],"texture":"#0"},"east":{"uv":[11.625,4.5,12,5.375],"texture":"#0"},"south":{"uv":[11.625,4.5,12,5.375],"texture":"#0"},"west":{"uv":[11.625,4.5,12,5.375],"texture":"#0"},"up":{"uv":[11.625,6,12,6.375],"texture":"#0"},"down":{"uv":[11.625,5.5,12,5.875],"texture":"#0"}}},{"from":[10.33304,6,4.35116],"to":[12.33304,10,6.35116],"rotation":{"angle":0,"axis":"y","origin":[11.33499,7,5.35116]},"faces":{"north":{"uv":[12.125,4.5,12.375,5],"texture":"#0"},"east":{"uv":[12.125,4.5,12.375,5],"texture":"#0"},"south":{"uv":[12.125,4.5,12.375,5],"texture":"#0"},"west":{"uv":[12.125,4.5,12.375,5],"texture":"#0"}}},{"from":[9.83304,10,3.85116],"to":[12.83304,11,6.85116],"rotation":{"angle":0,"axis":"y","origin":[11.33499,7,5.35116]},"faces":{"north":{"uv":[12.5,5.125,12.125,5.25],"texture":"#0"},"east":{"uv":[12.125,5.125,12.5,5.25],"texture":"#0"},"south":{"uv":[12.125,5.375,12.5,5.5],"texture":"#0"},"west":{"uv":[12.125,5.375,12.5,5.5],"texture":"#0"},"up":{"uv":[12.125,5.125,12.5,5.5],"texture":"#0"},"down":{"uv":[12.125,5.125,12.5,5.5],"rotation":90,"texture":"#0"}}},{"from":[9.72913,2.9,3.75116],"to":[12.92913,5.1,6.95116],"rotation":{"angle":0,"axis":"y","origin":[11.43069,4,5.45663]},"faces":{"north":{"uv":[12.5,4.5,12.875,4.75],"texture":"#0"},"east":{"uv":[12.875,4.5,12.5,4.75],"texture":"#0"},"south":{"uv":[12.5,4.5,12.875,4.75],"texture":"#0"},"west":{"uv":[12.875,4.5,12.5,4.75],"texture":"#0"}}},{"name":"cube inverted","from":[12.92913,5.1,6.95116],"to":[9.72913,2.9,3.75116],"rotation":{"angle":0,"axis":"y","origin":[11.43069,4,5.45663]},"faces":{"north":{"uv":[12.5,4.75,12.875,4.5],"texture":"#0"},"east":{"uv":[12.875,4.75,12.5,4.5],"texture":"#0"},"south":{"uv":[12.5,4.75,12.875,4.5],"texture":"#0"},"west":{"uv":[12.875,4.75,12.5,4.5],"texture":"#0"}}},{"from":[3.83304,0,8.85116],"to":[6.83304,7,11.85116],"rotation":{"angle":45,"axis":"y","origin":[5.33108,7,10.35116]},"faces":{"north":{"uv":[11.625,4.5,12,5.375],"texture":"#0"},"east":{"uv":[11.625,4.5,12,5.375],"texture":"#0"},"south":{"uv":[11.625,4.5,12,5.375],"texture":"#0"},"west":{"uv":[11.625,4.5,12,5.375],"texture":"#0"},"up":{"uv":[11.625,6,12,6.375],"texture":"#0"},"down":{"uv":[11.625,5.5,12,5.875],"texture":"#0"}}},{"from":[4.33304,6,9.35116],"to":[6.33304,10,11.35116],"rotation":{"angle":45,"axis":"y","origin":[5.33108,7,10.35116]},"faces":{"north":{"uv":[12.125,4.5,12.375,5],"texture":"#0"},"east":{"uv":[12.125,4.5,12.375,5],"texture":"#0"},"south":{"uv":[12.125,4.5,12.375,5],"texture":"#0"},"west":{"uv":[12.125,4.5,12.375,5],"texture":"#0"}}},{"from":[3.83304,10,8.85116],"to":[6.83304,11,11.85116],"rotation":{"angle":45,"axis":"y","origin":[5.33108,7,10.35116]},"faces":{"north":{"uv":[12.5,5.125,12.125,5.25],"texture":"#0"},"east":{"uv":[12.125,5.125,12.5,5.25],"texture":"#0"},"south":{"uv":[12.125,5.375,12.5,5.5],"texture":"#0"},"west":{"uv":[12.125,5.375,12.5,5.5],"texture":"#0"},"up":{"uv":[12.125,5.125,12.5,5.5],"texture":"#0"},"down":{"uv":[12.125,5.125,12.5,5.5],"rotation":90,"texture":"#0"}}},{"from":[3.72913,2.9,8.75116],"to":[6.92913,5.1,11.95116],"rotation":{"angle":45,"axis":"y","origin":[5.33108,7,10.35116]},"faces":{"north":{"uv":[12.5,4.5,12.875,4.75],"texture":"#0"},"east":{"uv":[12.875,4.5,12.5,4.75],"texture":"#0"},"south":{"uv":[12.5,4.5,12.875,4.75],"texture":"#0"},"west":{"uv":[12.875,4.5,12.5,4.75],"texture":"#0"}}},{"name":"cube inverted","from":[6.92913,5.1,11.95116],"to":[3.72913,2.9,8.75116],"rotation":{"angle":45,"axis":"y","origin":[5.33108,7,10.35116]},"faces":{"north":{"uv":[12.5,4.75,12.875,4.5],"texture":"#0"},"east":{"uv":[12.875,4.75,12.5,4.5],"texture":"#0"},"south":{"uv":[12.5,4.75,12.875,4.5],"texture":"#0"},"west":{"uv":[12.875,4.75,12.5,4.5],"texture":"#0"}}}],"gui_light":"front","display":{"thirdperson_righthand":{"rotation":[75,45,0],"translation":[0,3.75,3.25],"scale":[0.375,0.375,0.375]},"thirdperson_lefthand":{"rotation":[75,45,0],"translation":[0,4,3.25],"scale":[0.375,0.375,0.375]},"firstperson_righthand":{"rotation":[0,75.75,0],"translation":[5.25,2.75,0.25],"scale":[0.4,0.4,0.4]},"firstperson_lefthand":{"rotation":[0,75.75,0],"translation":[5.25,2.75,-0.25],"scale":[0.4,0.4,0.4]},"ground":{"translation":[0,3,0],"scale":[0.3125,0.3125,0.3125]},"gui":{"rotation":[-152.31,-19.49,-179.64],"translation":[0.25,2.25,0],"scale":[1.02539,1.02539,1.02539]},"head":{"translation":[0,12.75,0],"scale":[0.79492,0.79492,0.79492]},"fixed":{"rotation":[-90,0,0],"translation":[0,0,-16],"scale":[2.00195,2.00195,2.00195]}},"groups":[{"name":"group","origin":[1,0,1],"color":0,"children":[0,1,2,3,4]},{"name":"group","origin":[1,0,1],"color":0,"children":[5,6,7,8,9]}],"mcmodels":"2db3ac16f1bebb66462b51c9481be7b7"}