{"credit":"Made with Blockbench","texture_size":[128,128],"textures":{"0":"cook_props:cook","particle":"cook_props:cook"},"elements":[{"from":[-16,14,0],"to":[16,16,16],"rotation":{"angle":0,"axis":"y","origin":[0,14,0]},"faces":{"north":{"uv":[4.125,4,8.125,4.25],"texture":"#0"},"east":{"uv":[8.375,1.875,8.625,3.875],"rotation":90,"texture":"#0"},"south":{"uv":[4.125,4,8.125,4.25],"texture":"#0"},"west":{"uv":[8.375,1.875,8.625,3.875],"rotation":90,"texture":"#0"},"up":{"uv":[4.125,1.875,8.125,3.875],"texture":"#0"},"down":{"uv":[0,1.875,4,3.875],"texture":"#0"}}},{"from":[8.59428,-5.79537,1],"to":[11.59428,11.20463,4],"rotation":{"angle":22.5,"axis":"z","origin":[0,7.88582,2.5]},"faces":{"north":{"uv":[0,4.625,0.375,6.75],"texture":"#0"},"east":{"uv":[0.375,4.625,0,6.75],"texture":"#0"},"south":{"uv":[0,4.625,0.375,6.75],"texture":"#0"},"west":{"uv":[0.375,4.625,0,6.75],"texture":"#0"},"down":{"uv":[0,6.875,0.375,7.25],"texture":"#0"}}},{"from":[-11.59428,-5.79537,1],"to":[-8.59428,11.20463,4],"rotation":{"angle":-22.5,"axis":"z","origin":[0,7.88582,2.5]},"faces":{"north":{"uv":[0.375,4.625,0,6.75],"texture":"#0"},"east":{"uv":[0,4.625,0.375,6.75],"texture":"#0"},"south":{"uv":[0.375,4.625,0,6.75],"texture":"#0"},"west":{"uv":[0,4.625,0.375,6.75],"texture":"#0"},"down":{"uv":[0.375,6.875,0,7.25],"texture":"#0"}}},{"from":[-11.59428,-5.79537,12],"to":[-8.59428,11.20463,15],"rotation":{"angle":-22.5,"axis":"z","origin":[0,7.88582,13.5]},"faces":{"north":{"uv":[0,4.625,0.375,6.75],"texture":"#0"},"east":{"uv":[0.375,4.625,0,6.75],"texture":"#0"},"south":{"uv":[0,4.625,0.375,6.75],"texture":"#0"},"west":{"uv":[0.375,4.625,0,6.75],"texture":"#0"},"down":{"uv":[0.375,7.25,0,6.875],"texture":"#0"}}},{"from":[8.59428,-5.79537,12],"to":[11.59428,11.20463,15],"rotation":{"angle":22.5,"axis":"z","origin":[0,7.88582,13.5]},"faces":{"north":{"uv":[0.375,4.625,0,6.75],"texture":"#0"},"east":{"uv":[0,4.625,0.375,6.75],"texture":"#0"},"south":{"uv":[0.375,4.625,0,6.75],"texture":"#0"},"west":{"uv":[0,4.625,0.375,6.75],"texture":"#0"},"down":{"uv":[0,7.25,0.375,6.875],"texture":"#0"}}},{"from":[-11.5,4,1.5],"to":[11.5,7,3.5],"rotation":{"angle":0,"axis":"y","origin":[9.5,4,1.5]},"faces":{"north":{"uv":[0.5,4.375,3.375,4.75],"texture":"#0"},"south":{"uv":[0.5,4.375,3.375,4.75],"texture":"#0"},"up":{"uv":[0.5,4.375,3.375,4.5],"texture":"#0"},"down":{"uv":[0.5,4.625,3.375,4.75],"texture":"#0"}}},{"from":[-11.5,4,12.5],"to":[11.5,7,14.5],"rotation":{"angle":0,"axis":"y","origin":[9.5,4,12.5]},"faces":{"north":{"uv":[0.5,4.375,3.375,4.75],"texture":"#0"},"south":{"uv":[0.5,4.375,3.375,4.75],"texture":"#0"},"up":{"uv":[0.5,4.375,3.375,4.5],"texture":"#0"},"down":{"uv":[0.5,4.625,3.375,4.75],"texture":"#0"}}},{"from":[-12.57716,3.45986,4],"to":[-10.57716,6.45986,12],"rotation":{"angle":-22.5,"axis":"z","origin":[-11.71664,6.63375,8]},"faces":{"east":{"uv":[0.5,4.875,1.5,5.25],"texture":"#0"},"west":{"uv":[0.5,4.875,1.5,5.25],"texture":"#0"},"up":{"uv":[0.5,4.875,1.5,5],"rotation":90,"texture":"#0"},"down":{"uv":[0.5,5.125,1.5,5.25],"rotation":270,"texture":"#0"}}},{"from":[10.57716,3.45986,4],"to":[12.57716,6.45986,12],"rotation":{"angle":22.5,"axis":"z","origin":[11.71664,6.63375,8]},"faces":{"east":{"uv":[1.5,4.875,0.5,5.25],"texture":"#0"},"west":{"uv":[1.5,4.875,0.5,5.25],"texture":"#0"},"up":{"uv":[0.5,5,1.5,4.875],"rotation":90,"texture":"#0"},"down":{"uv":[0.5,5.25,1.5,5.125],"rotation":270,"texture":"#0"}}}],"gui_light":"front","display":{"thirdperson_righthand":{"rotation":[75,45,0],"translation":[3.75,6.75,2],"scale":[0.375,0.375,0.375]},"thirdperson_lefthand":{"rotation":[75,45,0],"translation":[0,3.5,3.25],"scale":[0.375,0.375,0.375]},"firstperson_righthand":{"rotation":[0,75.75,0],"translation":[6.75,-0.25,-2.25],"scale":[0.4,0.4,0.4]},"firstperson_lefthand":{"rotation":[0,75.75,0],"translation":[5,0.25,4.75],"scale":[0.4,0.4,0.4]},"ground":{"translation":[2,3,0],"scale":[0.25,0.25,0.25]},"gui":{"rotation":[30,225,0],"translation":[-2.25,-1.75,0],"scale":[0.41797,0.41797,0.41797]},"head":{"translation":[0,12.75,0],"scale":[0.79492,0.79492,0.79492]},"fixed":{"rotation":[-90,0,0],"translation":[0,0,-16],"scale":[2.00195,2.00195,2.00195]}},"groups":[{"name":"group","origin":[8,8,8],"color":0,"children":[0,1,2,3,4,5,6,7,8]}],"mcmodels":"2db3ac16f1bebb66462b51c9481be7b7"}