{"credit":"Made with Blockbench","texture_size":[128,128],"textures":{"0":"cook_props:cook","particle":"cook_props:cook"},"elements":[{"from":[-15,12,9],"to":[-12,15,16],"rotation":{"angle":0,"axis":"y","origin":[-14,12,0]},"faces":{"north":{"uv":[14.625,0,15,0.375],"texture":"#0"},"east":{"uv":[16,0,15.125,0.375],"texture":"#0"},"south":{"uv":[14.125,0,14.5,0.375],"texture":"#0"},"west":{"uv":[15.125,0.375,16,0],"texture":"#0"},"up":{"uv":[15.125,0,16,0.375],"rotation":90,"texture":"#0"},"down":{"uv":[16,0.375,15.125,0],"rotation":90,"texture":"#0"}}},{"from":[-15.1,11.9,9.9],"to":[-11.9,15.1,13.1],"rotation":{"angle":0,"axis":"y","origin":[-14,12,-3]},"faces":{"east":{"uv":[15.375,0.875,15.75,0.5],"rotation":90,"texture":"#0"},"west":{"uv":[15.75,0.5,15.375,0.875],"rotation":90,"texture":"#0"},"up":{"uv":[15.375,0.5,15.75,0.875],"texture":"#0"},"down":{"uv":[15.75,0.875,15.375,0.5],"texture":"#0"}}},{"from":[11.9,11.9,9.9],"to":[15.1,15.1,13.1],"rotation":{"angle":0,"axis":"y","origin":[13,12,-3]},"faces":{"east":{"uv":[15.375,0.875,15.75,0.5],"rotation":90,"texture":"#0"},"west":{"uv":[15.75,0.5,15.375,0.875],"rotation":90,"texture":"#0"},"up":{"uv":[15.375,0.5,15.75,0.875],"texture":"#0"},"down":{"uv":[15.75,0.875,15.375,0.5],"texture":"#0"}}},{"from":[12,12,9],"to":[15,15,16],"rotation":{"angle":0,"axis":"y","origin":[13,12,0]},"faces":{"north":{"uv":[14.625,0,15,0.375],"texture":"#0"},"east":{"uv":[16,0,15.125,0.375],"texture":"#0"},"south":{"uv":[14.125,0,14.5,0.375],"texture":"#0"},"west":{"uv":[15.125,0.375,16,0],"texture":"#0"},"up":{"uv":[15.125,0,16,0.375],"rotation":90,"texture":"#0"},"down":{"uv":[16,0.375,15.125,0],"rotation":90,"texture":"#0"}}},{"from":[-13,11,12],"to":[13,14,12],"rotation":{"angle":0,"axis":"y","origin":[11,11,-1]},"faces":{"north":{"uv":[12,0.5,15.25,0.875],"texture":"#0"},"south":{"uv":[12,0.5,15.25,0.875],"texture":"#0"}}},{"from":[6,4,9.5],"to":[11,9,14.5],"rotation":{"angle":0,"axis":"y","origin":[-31,-13,34]},"faces":{"north":{"uv":[15.375,1.875,16,2.5],"texture":"#0"},"east":{"uv":[15.375,1.875,16,2.5],"texture":"#0"},"south":{"uv":[15.375,1.875,16,2.5],"texture":"#0"},"west":{"uv":[15.375,1.875,16,2.5],"texture":"#0"},"up":{"uv":[15.375,1.125,16,1.75],"texture":"#0"},"down":{"uv":[15.375,2.625,16,3.25],"texture":"#0"}}},{"from":[6,-4,9.5],"to":[11,1,14.5],"rotation":{"angle":0,"axis":"y","origin":[-31,-21,34]},"faces":{"north":{"uv":[15.375,1.875,16,2.5],"texture":"#0"},"east":{"uv":[15.375,1.875,16,2.5],"texture":"#0"},"south":{"uv":[15.375,1.875,16,2.5],"texture":"#0"},"west":{"uv":[15.375,1.875,16,2.5],"texture":"#0"},"up":{"uv":[15.375,1.125,16,1.75],"texture":"#0"},"down":{"uv":[15.375,2.625,16,3.25],"texture":"#0"}}},{"from":[6,-12,9.5],"to":[11,-7,14.5],"rotation":{"angle":0,"axis":"y","origin":[-31,-29,34]},"faces":{"north":{"uv":[15.375,1.875,16,2.5],"texture":"#0"},"east":{"uv":[15.375,1.875,16,2.5],"texture":"#0"},"south":{"uv":[15.375,1.875,16,2.5],"texture":"#0"},"west":{"uv":[15.375,1.875,16,2.5],"texture":"#0"},"up":{"uv":[15.375,1.125,16,1.75],"texture":"#0"},"down":{"uv":[15.375,2.625,16,3.25],"texture":"#0"}}},{"from":[8,-14,12],"to":[9,12,12],"rotation":{"angle":0,"axis":"y","origin":[-31,-21,34]},"faces":{"north":{"uv":[15,4.25,15.125,1],"texture":"#0"},"south":{"uv":[15,1,15.125,4.25],"texture":"#0"}}},{"from":[-0.5,-15,12],"to":[0.5,11,12],"rotation":{"angle":0,"axis":"y","origin":[-39.5,-22,34]},"faces":{"north":{"uv":[15,1,15.125,4.25],"texture":"#0"},"south":{"uv":[15,1,15.125,4.25],"texture":"#0"}}},{"from":[-1,3,9],"to":[1,10,11],"rotation":{"angle":22.5,"axis":"x","origin":[0,6.5,10]},"faces":{"north":{"uv":[14.625,1.125,14.875,2],"texture":"#0"},"east":{"uv":[14.875,1.125,14.625,2],"texture":"#0"},"south":{"uv":[14.625,1.125,14.875,2],"texture":"#0"},"west":{"uv":[14.875,1.125,14.625,2],"texture":"#0"},"up":{"uv":[14.625,2.5,14.875,2.75],"texture":"#0"},"down":{"uv":[14.625,2.125,14.875,2.375],"texture":"#0"}}},{"from":[-1,-8,9],"to":[1,-1,11],"rotation":{"angle":22.5,"axis":"x","origin":[0,-4.5,10]},"faces":{"north":{"uv":[14.625,1.125,14.875,2],"texture":"#0"},"east":{"uv":[14.875,1.125,14.625,2],"texture":"#0"},"south":{"uv":[14.625,1.125,14.875,2],"texture":"#0"},"west":{"uv":[14.875,1.125,14.625,2],"texture":"#0"},"up":{"uv":[14.625,2.5,14.875,2.75],"texture":"#0"},"down":{"uv":[14.625,2.125,14.875,2.375],"texture":"#0"}}},{"from":[1,-1,11],"to":[3,6,13],"rotation":{"angle":22.5,"axis":"z","origin":[2,2.5,12]},"faces":{"north":{"uv":[14.875,1.125,14.625,2],"texture":"#0"},"east":{"uv":[14.625,1.125,14.875,2],"texture":"#0"},"south":{"uv":[14.875,1.125,14.625,2],"texture":"#0"},"west":{"uv":[14.625,1.125,14.875,2],"texture":"#0"},"up":{"uv":[14.625,2.5,14.875,2.75],"rotation":90,"texture":"#0"},"down":{"uv":[14.625,2.125,14.875,2.375],"rotation":270,"texture":"#0"}}},{"from":[1,-14,11],"to":[3,-7,13],"rotation":{"angle":22.5,"axis":"z","origin":[2,-10.5,12]},"faces":{"north":{"uv":[14.875,1.125,14.625,2],"texture":"#0"},"east":{"uv":[14.625,1.125,14.875,2],"texture":"#0"},"south":{"uv":[14.875,1.125,14.625,2],"texture":"#0"},"west":{"uv":[14.625,1.125,14.875,2],"texture":"#0"},"up":{"uv":[14.625,2.5,14.875,2.75],"rotation":90,"texture":"#0"},"down":{"uv":[14.625,2.125,14.875,2.375],"rotation":270,"texture":"#0"}}},{"from":[-3,-4,11],"to":[-1,3,13],"rotation":{"angle":-22.5,"axis":"z","origin":[-2,-0.5,12]},"faces":{"north":{"uv":[14.625,1.125,14.875,2],"texture":"#0"},"east":{"uv":[14.875,1.125,14.625,2],"texture":"#0"},"south":{"uv":[14.625,1.125,14.875,2],"texture":"#0"},"west":{"uv":[14.875,1.125,14.625,2],"texture":"#0"},"up":{"uv":[14.625,2.75,14.875,2.5],"rotation":90,"texture":"#0"},"down":{"uv":[14.625,2.375,14.875,2.125],"rotation":270,"texture":"#0"}}},{"from":[-3,-16,11],"to":[-1,-9,13],"rotation":{"angle":-22.5,"axis":"z","origin":[-2,-12.5,12]},"faces":{"north":{"uv":[14.625,1.125,14.875,2],"texture":"#0"},"east":{"uv":[14.875,1.125,14.625,2],"texture":"#0"},"south":{"uv":[14.625,1.125,14.875,2],"texture":"#0"},"west":{"uv":[14.875,1.125,14.625,2],"texture":"#0"},"up":{"uv":[14.625,2.75,14.875,2.5],"rotation":90,"texture":"#0"},"down":{"uv":[14.625,2.375,14.875,2.125],"rotation":270,"texture":"#0"}}},{"from":[-9,-14,12],"to":[-8,12,12],"rotation":{"angle":0,"axis":"y","origin":[-48,-21,34]},"faces":{"north":{"uv":[15,1,15.125,4.25],"texture":"#0"},"south":{"uv":[15,4.25,15.125,1],"texture":"#0"}}},{"from":[-10,5,12],"to":[-7,10,12],"rotation":{"angle":22.5,"axis":"x","origin":[-8.5,9.5,12]},"faces":{"north":{"uv":[14,1.125,14.375,1.75],"texture":"#0"},"south":{"uv":[14,1.125,14.375,1.75],"texture":"#0"}}},{"from":[-10,-4,12],"to":[-7,1,12],"rotation":{"angle":22.5,"axis":"x","origin":[-8.5,0.5,12]},"faces":{"north":{"uv":[14,1.125,14.375,1.75],"texture":"#0"},"south":{"uv":[14,1.125,14.375,1.75],"texture":"#0"}}},{"from":[-10,-12,12],"to":[-7,-7,12],"rotation":{"angle":22.5,"axis":"x","origin":[-8.5,-7.5,12]},"faces":{"north":{"uv":[14,1.125,14.375,1.75],"texture":"#0"},"south":{"uv":[14,1.125,14.375,1.75],"texture":"#0"}}},{"from":[-7.85547,-10,10.5],"to":[-7.85547,-5,13.5],"rotation":{"angle":22.5,"axis":"z","origin":[-7.85547,-5.5,12]},"faces":{"east":{"uv":[14,1.125,14.375,1.75],"texture":"#0"},"west":{"uv":[14,1.125,14.375,1.75],"texture":"#0"}}},{"from":[-7.85547,-2,10.5],"to":[-7.85547,3,13.5],"rotation":{"angle":22.5,"axis":"z","origin":[-7.85547,2.5,12]},"faces":{"east":{"uv":[14,1.125,14.375,1.75],"texture":"#0"},"west":{"uv":[14,1.125,14.375,1.75],"texture":"#0"}}},{"from":[-7.85547,7,10.5],"to":[-7.85547,12,13.5],"rotation":{"angle":22.5,"axis":"z","origin":[-7.85547,11.5,12]},"faces":{"east":{"uv":[14,1.125,14.375,1.75],"texture":"#0"},"west":{"uv":[14,1.125,14.375,1.75],"texture":"#0"}}},{"from":[-6.65709,-9.20074,10.5],"to":[-6.65709,-4.20074,13.5],"rotation":{"angle":-22.5,"axis":"z","origin":[-9.9099,1.15224,12]},"faces":{"east":{"uv":[14.375,1.125,14,1.75],"texture":"#0"},"west":{"uv":[14.375,1.125,14,1.75],"texture":"#0"}}},{"from":[-9.71856,-1.8097,10.5],"to":[-9.71856,3.1903,13.5],"rotation":{"angle":-22.5,"axis":"z","origin":[-9.9099,1.15224,12]},"faces":{"east":{"uv":[14.375,1.125,14,1.75],"texture":"#0"},"west":{"uv":[14.375,1.125,14,1.75],"texture":"#0"}}},{"from":[-13.16271,6.50522,10.5],"to":[-13.16271,11.50522,13.5],"rotation":{"angle":-22.5,"axis":"z","origin":[-9.9099,1.15224,12]},"faces":{"east":{"uv":[14.375,1.125,14,1.75],"texture":"#0"},"west":{"uv":[14.375,1.125,14,1.75],"texture":"#0"}}}],"gui_light":"front","display":{"thirdperson_righthand":{"rotation":[75,45,0],"translation":[4.75,6,-0.75],"scale":[0.375,0.375,0.375]},"thirdperson_lefthand":{"rotation":[75,45,0],"translation":[0.5,2.25,-0.75],"scale":[0.375,0.375,0.375]},"firstperson_righthand":{"rotation":[0,75.75,0],"translation":[2.75,4.75,-1],"scale":[0.4,0.4,0.4]},"firstperson_lefthand":{"rotation":[0,75.75,0],"translation":[2.75,4.75,2.75],"scale":[0.4,0.4,0.4]},"ground":{"translation":[2.5,6.75,-1.25],"scale":[0.25,0.25,0.25]},"gui":{"rotation":[30,225,0],"translation":[-0.75,0,0],"scale":[0.43555,0.43555,0.43555]},"head":{"translation":[0,12.75,0],"scale":[0.79492,0.79492,0.79492]},"fixed":{"translation":[0,0,-16],"scale":[2.00195,2.00195,2.00195]}},"groups":[{"name":"group","origin":[8,8,8],"color":0,"children":[0,1,2,3,4,{"name":"group","origin":[0,0,0],"color":0,"children":[5,6,7,8,{"name":"group","origin":[-39,-34,34],"color":0,"children":[9,10,11,12,13,14,15]}]},{"name":"group","origin":[-48,-21,34],"color":0,"children":[16,17,18,19,20,21,22,23,24,25]}]}],"mcmodels":"2db3ac16f1bebb66462b51c9481be7b7"}