{
	"credit": "Made with Blockbench",
	"texture_size": [64, 64],
	"textures": {
		"0": "item/frogcap",
		"particle": "item/frogcap"
	},
	"elements": [
		{
			"from": [0.501, -0.05042, 3.01911],
			"to": [15.501, 4.94958, 15.51911],
			"rotation": {"angle": 0, "axis": "y", "origin": [6.501, -0.05042, 12.01911]},
			"faces": {
				"north": {"uv": [3.75, 5, 7.5, 5.75], "texture": "#0"},
				"east": {"uv": [0, 6, 3, 6.75], "texture": "#0"},
				"south": {"uv": [3.75, 5.75, 7.5, 6.5], "texture": "#0"},
				"west": {"uv": [3, 6.5, 6, 7.25], "texture": "#0"},
				"up": {"uv": [3.75, 3, 0, 0], "texture": "#0"},
				"down": {"uv": [3.75, 3, 0, 6], "texture": "#0"}
			}
		},
		{
			"from": [0.001, -0.05042, 2.51911],
			"to": [16.001, 1.94958, 16.01911],
			"rotation": {"angle": 0, "axis": "y", "origin": [6.501, -0.05042, 12.01911]},
			"faces": {
				"north": {"uv": [3.75, 5, 7.5, 5.75], "texture": "#0"},
				"east": {"uv": [0, 6, 3, 6.75], "texture": "#0"},
				"south": {"uv": [3.75, 5.75, 7.5, 6.5], "texture": "#0"},
				"west": {"uv": [3, 6.5, 6, 7.25], "texture": "#0"},
				"up": {"uv": [3.75, 3, 0, 0], "texture": "#0"},
				"down": {"uv": [3.75, 3, 0, 6], "texture": "#0"}
			}
		},
		{
			"from": [1.5, 2.5, 1.5],
			"to": [4.5, 6.5, 5],
			"rotation": {"angle": 0, "axis": "y", "origin": [2.5, 2.5, 1.5]},
			"faces": {
				"north": {"uv": [5.75, 7.25, 6.5, 8.25], "texture": "#0"},
				"east": {"uv": [1.75, 6.75, 2.75, 7.75], "texture": "#0"},
				"south": {"uv": [6.5, 7.25, 7.25, 8.25], "texture": "#0"},
				"west": {"uv": [2.75, 7.25, 3.75, 8.25], "texture": "#0"},
				"up": {"uv": [8, 8.25, 7.25, 7.25], "texture": "#0"},
				"down": {"uv": [0.75, 7.5, 0, 8.5], "texture": "#0"}
			}
		},
		{
			"from": [11.5, 2.5, 1.5],
			"to": [14.5, 6.5, 4.75],
			"rotation": {"angle": 0, "axis": "y", "origin": [12.5, 2.5, 1.5]},
			"faces": {
				"north": {"uv": [7.5, 0, 8.25, 1], "texture": "#0"},
				"east": {"uv": [3.75, 7.25, 4.75, 8.25], "texture": "#0"},
				"south": {"uv": [0.75, 7.5, 1.5, 8.5], "texture": "#0"},
				"west": {"uv": [4.75, 7.25, 5.75, 8.25], "texture": "#0"},
				"up": {"uv": [8.25, 2, 7.5, 1], "texture": "#0"},
				"down": {"uv": [8.25, 2, 7.5, 3], "texture": "#0"}
			}
		},
		{
			"from": [0.502, 1.37836, -0.15195],
			"to": [15.492, 4.37836, 6.84805],
			"rotation": {"angle": -22.5, "axis": "x", "origin": [6.3, 1.37836, 6.84805]},
			"faces": {
				"north": {"uv": [3.75, 3.5, 7.5, 4.25], "texture": "#0"},
				"east": {"uv": [6, 6.5, 7.75, 7.25], "texture": "#0"},
				"south": {"uv": [3.75, 4.25, 7.5, 5], "texture": "#0"},
				"west": {"uv": [0, 6.75, 1.75, 7.5], "texture": "#0"},
				"up": {"uv": [7.5, 1.75, 3.75, 0], "texture": "#0"},
				"down": {"uv": [7.5, 1.75, 3.75, 3.5], "texture": "#0"}
			}
		}
	],
	"display": {
		"thirdperson_righthand": {
			"rotation": [-5, 0, 0],
			"translation": [0, 3.5, 0.75],
			"scale": [0.41, 0.41, 0.41]
		},
		"thirdperson_lefthand": {
			"rotation": [-5, 0, 0],
			"translation": [0, 3.5, 0],
			"scale": [0.41, 0.41, 0.41]
		},
		"ground": {
			"translation": [0, 1.5, 0],
			"scale": [0.56, 0.56, 0.56]
		},
		"gui": {
			"rotation": [19, 171, 0],
			"translation": [-0.25, 4.25, 0],
			"scale": [0.81, 0.81, 0.81]
		},
		"head": {
			"translation": [0, 14, -0.5]
		},
		"fixed": {
			"translation": [0, 5.75, 0]
		}
	},
	"groups": [
		{
			"name": "group",
			"origin": [8, 8, 8],
			"color": 0,
			"children": [
				0,
				1,
				{
					"name": "group",
					"origin": [6.501, -0.05042, 12.01911],
					"color": 0,
					"children": [
						{
							"name": "group",
							"origin": [7, 0, 7],
							"color": 0,
							"children": [2, 3]
						},
						4
					]
				}
			]
		}
	]
}