{"textures":{"0":"modelengine:entity/tengugamitandelsxx1"},"elements":[{"from":[7.0,6.7666664,6.966666],"to":[9.0,8.766666,10.966666],"faces":{"east":{"uv":[11.5,8.75,12.0,9.5],"tintindex":0,"rotation":0,"texture":"#0"},"south":{"uv":[12.5,10.5,12.875,11.0],"tintindex":0,"rotation":0,"texture":"#0"},"north":{"uv":[12.625,1.625,12.875,1.875],"tintindex":0,"rotation":0,"texture":"#0"},"west":{"uv":[11.5,0.5,12.125,1.25],"tintindex":0,"rotation":0,"texture":"#0"},"up":{"uv":[12.0,6.0,11.75,5.5],"tintindex":0,"rotation":0,"texture":"#0"},"down":{"uv":[9.125,12.5,8.75,13.25],"tintindex":0,"rotation":0,"texture":"#0"}},"rotation":{"origin":[11.0,7.7666664,8.966666],"angle":-22.5,"axis":"x"}},{"from":[7.2,8.866665,9.366667],"to":[8.8,10.866665,13.366667],"faces":{"east":{"uv":[11.5,8.75,12.0,9.5],"tintindex":0,"rotation":0,"texture":"#0"},"south":{"uv":[12.5,10.5,12.875,11.0],"tintindex":0,"rotation":0,"texture":"#0"},"north":{"uv":[12.625,1.625,12.875,1.875],"tintindex":0,"rotation":0,"texture":"#0"},"west":{"uv":[11.5,0.5,12.125,1.25],"tintindex":0,"rotation":0,"texture":"#0"},"up":{"uv":[12.0,6.0,11.75,5.5],"tintindex":0,"rotation":0,"texture":"#0"},"down":{"uv":[9.125,12.5,8.75,13.25],"tintindex":0,"rotation":0,"texture":"#0"}},"rotation":{"origin":[11.0,9.866665,11.366667],"angle":-45.0,"axis":"x"}},{"from":[7.4,11.366665,10.666666],"to":[8.6,13.366665,14.666666],"faces":{"east":{"uv":[11.5,8.75,12.0,9.5],"tintindex":0,"rotation":0,"texture":"#0"},"south":{"uv":[12.5,10.5,12.875,11.0],"tintindex":0,"rotation":0,"texture":"#0"},"north":{"uv":[12.625,1.625,12.875,1.875],"tintindex":0,"rotation":0,"texture":"#0"},"west":{"uv":[11.5,0.5,12.125,1.25],"tintindex":0,"rotation":0,"texture":"#0"},"up":{"uv":[12.0,6.0,11.75,5.5],"tintindex":0,"rotation":0,"texture":"#0"},"down":{"uv":[9.125,12.5,8.75,13.25],"tintindex":0,"rotation":0,"texture":"#0"}},"rotation":{"origin":[11.0,12.366665,12.666666],"angle":-45.0,"axis":"x"}}],"display":{"gui":{"rotation":[30,225,0]}}}