{"textures":{"0":"modelengine:entity/tengugamitandelsxx1"},"elements":[{"from":[5.5999994,2.0,3.5],"to":[9.6,8.0,8.5],"faces":{"east":{"uv":[11.5,0.5,12.125,1.25],"tintindex":0,"rotation":0,"texture":"#0"},"south":{"uv":[11.625,11.0,12.125,11.75],"tintindex":0,"rotation":0,"texture":"#0"},"north":{"uv":[11.625,6.5,12.125,7.25],"tintindex":0,"rotation":0,"texture":"#0"},"west":{"uv":[11.5,1.25,12.125,2.0],"tintindex":0,"rotation":0,"texture":"#0"},"up":{"uv":[12.75,2.625,12.25,2.0],"tintindex":0,"rotation":0,"texture":"#0"},"down":{"uv":[12.75,2.625,12.25,3.25],"tintindex":0,"rotation":0,"texture":"#0"}}}],"display":{"gui":{"rotation":[30,225,0]}}}