{"textures":{"0":"modelengine:entity/tengugamitandelsxx1"},"elements":[{"from":[7.995,3.0,6.0],"to":[10.995,9.0,10.0],"faces":{"east":{"uv":[11.5,8.75,12.0,9.5],"tintindex":0,"rotation":0,"texture":"#0"},"south":{"uv":[8.75,12.5,9.125,13.25],"tintindex":0,"rotation":0,"texture":"#0"},"north":{"uv":[11.0,11.75,11.375,12.5],"tintindex":0,"rotation":0,"texture":"#0"},"west":{"uv":[11.5,10.25,12.0,11.0],"tintindex":0,"rotation":0,"texture":"#0"},"up":{"uv":[12.875,11.0,12.5,10.5],"tintindex":0,"rotation":0,"texture":"#0"},"down":{"uv":[11.125,12.5,10.75,13.0],"tintindex":0,"rotation":0,"texture":"#0"}}},{"from":[8.094999,4.8999996,5.0],"to":[12.095,9.9,11.0],"faces":{"east":{"uv":[11.5,2.0,12.25,2.625],"tintindex":0,"rotation":0,"texture":"#0"},"south":{"uv":[12.25,4.625,12.75,5.25],"tintindex":0,"rotation":0,"texture":"#0"},"north":{"uv":[12.25,4.0,12.75,4.625],"tintindex":0,"rotation":0,"texture":"#0"},"west":{"uv":[11.5,2.625,12.25,3.25],"tintindex":0,"rotation":0,"texture":"#0"},"up":{"uv":[12.25,4.75,11.75,4.0],"tintindex":0,"rotation":0,"texture":"#0"},"down":{"uv":[12.25,4.75,11.75,5.5],"tintindex":0,"rotation":0,"texture":"#0"}}}],"display":{"gui":{"rotation":[30,225,0]}}}