{"textures":{"0":"modelengine:entity/tengugamitandelsxx1"},"elements":[{"from":[5.005,1.9999995,5.0],"to":[11.005,8.0,11.0],"faces":{"east":{"uv":[10.75,2.25,11.5,3.0],"tintindex":0,"rotation":0,"texture":"#0"},"south":{"uv":[10.75,3.0,11.5,3.75],"tintindex":0,"rotation":0,"texture":"#0"},"north":{"uv":[10.75,1.5,11.5,2.25],"tintindex":0,"rotation":0,"texture":"#0"},"west":{"uv":[10.75,3.75,11.5,4.5],"tintindex":0,"rotation":0,"texture":"#0"},"up":{"uv":[11.625,7.25,10.875,6.5],"tintindex":0,"rotation":0,"texture":"#0"},"down":{"uv":[11.75,4.5,11.0,5.25],"tintindex":0,"rotation":0,"texture":"#0"}}}],"display":{"gui":{"rotation":[30,225,0]}}}