{"textures":{"0":"modelengine:entity/tengugamitandelsxx1"},"elements":[{"from":[6.0,2.0,8.0],"to":[10.0,8.0,12.0],"faces":{"east":{"uv":[12.125,3.25,12.625,4.0],"tintindex":0,"rotation":0,"texture":"#0"},"south":{"uv":[12.125,6.25,12.625,7.0],"tintindex":0,"rotation":0,"texture":"#0"},"north":{"uv":[12.125,1.25,12.625,2.0],"tintindex":0,"rotation":0,"texture":"#0"},"west":{"uv":[12.125,7.0,12.625,7.75],"tintindex":0,"rotation":0,"texture":"#0"},"up":{"uv":[13.0,0.5,12.5,0.0],"tintindex":0,"rotation":0,"texture":"#0"},"down":{"uv":[10.0,12.5,9.5,13.0],"tintindex":0,"rotation":0,"texture":"#0"}}},{"from":[6.5,2.0,5.0],"to":[9.5,4.0,8.0],"faces":{"east":{"uv":[12.125,3.25,12.625,4.0],"tintindex":0,"rotation":0,"texture":"#0"},"south":{"uv":[12.125,6.25,12.625,7.0],"tintindex":0,"rotation":0,"texture":"#0"},"north":{"uv":[12.125,1.25,12.625,2.0],"tintindex":0,"rotation":0,"texture":"#0"},"west":{"uv":[12.125,7.0,12.625,7.75],"tintindex":0,"rotation":0,"texture":"#0"},"up":{"uv":[13.0,0.5,12.5,0.0],"tintindex":0,"rotation":0,"texture":"#0"},"down":{"uv":[10.0,12.5,9.5,13.0],"tintindex":0,"rotation":0,"texture":"#0"}}}],"display":{"gui":{"rotation":[30,225,0]}}}