{"textures":{"0":"modelengine:entity/tengugamitandelsxx1"},"elements":[{"from":[7.0,8.75,0.012499809],"to":[9.0,10.75,4.0125],"faces":{"east":{"uv":[11.5,8.75,12.0,9.5],"tintindex":0,"rotation":0,"texture":"#0"},"south":{"uv":[12.5,10.5,12.875,11.0],"tintindex":0,"rotation":0,"texture":"#0"},"north":{"uv":[12.625,1.625,12.875,1.875],"tintindex":0,"rotation":0,"texture":"#0"},"west":{"uv":[11.5,0.5,12.125,1.25],"tintindex":0,"rotation":0,"texture":"#0"},"up":{"uv":[12.0,6.0,11.75,5.5],"tintindex":0,"rotation":0,"texture":"#0"},"down":{"uv":[9.125,12.5,8.75,13.25],"tintindex":0,"rotation":0,"texture":"#0"}}},{"from":[4.0,7.75,4.0125],"to":[12.0,15.75,12.0125],"faces":{"east":{"uv":[8.25,9.5,9.25,10.5],"tintindex":0,"rotation":0,"texture":"#0"},"south":{"uv":[9.75,0.0,10.75,1.0],"tintindex":0,"rotation":0,"texture":"#0"},"north":{"uv":[7.25,9.5,8.25,10.5],"tintindex":0,"rotation":0,"texture":"#0"},"west":{"uv":[9.75,1.0,10.75,2.0],"tintindex":0,"rotation":0,"texture":"#0"},"up":{"uv":[10.75,3.0,9.75,2.0],"tintindex":0,"rotation":0,"texture":"#0"},"down":{"uv":[10.75,3.0,9.75,4.0],"tintindex":0,"rotation":0,"texture":"#0"}}}],"display":{"gui":{"rotation":[30,225,0]}}}