{"textures":{"0":"modelengine:entity/tengugamitandelsxx1"},"elements":[{"from":[7.57,8.860001,8.0],"to":[8.43,9.720001,14.02],"faces":{"east":{"uv":[12.5,6.125,13.25,6.25],"tintindex":0,"rotation":0,"texture":"#0"},"south":{"uv":[9.125,10.625,9.25,10.75],"tintindex":0,"rotation":0,"texture":"#0"},"north":{"uv":[9.125,10.5,9.25,10.625],"tintindex":0,"rotation":0,"texture":"#0"},"west":{"uv":[12.625,1.25,13.375,1.375],"tintindex":0,"rotation":0,"texture":"#0"},"up":{"uv":[11.25,13.25,11.125,12.5],"tintindex":0,"rotation":0,"texture":"#0"},"down":{"uv":[11.375,12.5,11.25,13.25],"tintindex":0,"rotation":0,"texture":"#0"}}},{"from":[8.0,2.4099998,7.14],"to":[8.0,8.860001,15.74],"faces":{"east":{"uv":[9.75,6.5,10.875,7.25],"tintindex":0,"rotation":0,"texture":"#0"},"west":{"uv":[9.25,10.25,10.375,11.0],"tintindex":0,"rotation":0,"texture":"#0"}}}],"display":{"gui":{"rotation":[30,225,0]}}}