{"textures":{"0":"modelengine:entity/tengugamitandelsxx1"},"elements":[{"from":[6.0,2.0,8.0],"to":[10.0,8.0,12.0],"faces":{"east":{"uv":[8.25,12.125,8.75,12.875],"tintindex":0,"rotation":0,"texture":"#0"},"south":{"uv":[12.125,11.0,12.625,11.75],"tintindex":0,"rotation":0,"texture":"#0"},"north":{"uv":[12.125,7.75,12.625,8.5],"tintindex":0,"rotation":0,"texture":"#0"},"west":{"uv":[12.125,11.75,12.625,12.5],"tintindex":0,"rotation":0,"texture":"#0"},"up":{"uv":[10.5,13.0,10.0,12.5],"tintindex":0,"rotation":0,"texture":"#0"},"down":{"uv":[13.0,10.0,12.5,10.5],"tintindex":0,"rotation":0,"texture":"#0"}}},{"from":[6.5,2.0,5.0],"to":[9.5,4.0,8.0],"faces":{"east":{"uv":[8.25,12.125,8.75,12.875],"tintindex":0,"rotation":0,"texture":"#0"},"south":{"uv":[12.125,11.0,12.625,11.75],"tintindex":0,"rotation":0,"texture":"#0"},"north":{"uv":[12.125,7.75,12.625,8.5],"tintindex":0,"rotation":0,"texture":"#0"},"west":{"uv":[12.125,11.75,12.625,12.5],"tintindex":0,"rotation":0,"texture":"#0"},"up":{"uv":[10.5,13.0,10.0,12.5],"tintindex":0,"rotation":0,"texture":"#0"},"down":{"uv":[13.0,10.0,12.5,10.5],"tintindex":0,"rotation":0,"texture":"#0"}}}],"display":{"gui":{"rotation":[30,225,0]}}}