{"textures":{"0":"modelengine:entity/tengugamitandelsxx1"},"elements":[{"from":[6.4,2.0,3.5],"to":[10.400001,8.0,8.5],"faces":{"east":{"uv":[11.5,3.25,12.125,4.0],"tintindex":0,"rotation":0,"texture":"#0"},"south":{"uv":[10.5,11.75,11.0,12.5],"tintindex":0,"rotation":0,"texture":"#0"},"north":{"uv":[10.0,11.75,10.5,12.5],"tintindex":0,"rotation":0,"texture":"#0"},"west":{"uv":[11.5,8.0,12.125,8.75],"tintindex":0,"rotation":0,"texture":"#0"},"up":{"uv":[13.0,5.875,12.5,5.25],"tintindex":0,"rotation":0,"texture":"#0"},"down":{"uv":[7.75,12.5,7.25,13.125],"tintindex":0,"rotation":0,"texture":"#0"}}}],"display":{"gui":{"rotation":[30,225,0]}}}