{"textures":{"0":"modelengine:entity/tengugamitandelsxx1"},"elements":[{"from":[3.9049997,4.8999996,5.0],"to":[7.905,9.9,11.0],"faces":{"east":{"uv":[11.5,2.625,12.25,3.25],"tintindex":0,"rotation":0,"texture":"#0"},"south":{"uv":[12.25,4.0,12.75,4.625],"tintindex":0,"rotation":0,"texture":"#0"},"north":{"uv":[12.25,4.625,12.75,5.25],"tintindex":0,"rotation":0,"texture":"#0"},"west":{"uv":[8.25,11.5,9.0,12.125],"tintindex":0,"rotation":0,"texture":"#0"},"up":{"uv":[12.25,4.75,11.75,4.0],"tintindex":0,"rotation":0,"texture":"#0"},"down":{"uv":[12.25,4.75,11.75,5.5],"tintindex":0,"rotation":0,"texture":"#0"}}},{"from":[5.005,3.0,6.0],"to":[8.005,9.0,10.0],"faces":{"east":{"uv":[9.0,11.75,9.5,12.5],"tintindex":0,"rotation":0,"texture":"#0"},"south":{"uv":[12.5,9.25,12.875,10.0],"tintindex":0,"rotation":0,"texture":"#0"},"north":{"uv":[9.125,12.5,9.5,13.25],"tintindex":0,"rotation":0,"texture":"#0"},"west":{"uv":[9.5,11.75,10.0,12.5],"tintindex":0,"rotation":0,"texture":"#0"},"up":{"uv":[12.0,13.0,11.625,12.5],"tintindex":0,"rotation":0,"texture":"#0"},"down":{"uv":[12.375,12.5,12.0,13.0],"tintindex":0,"rotation":0,"texture":"#0"}}}],"display":{"gui":{"rotation":[30,225,0]}}}