{"textures":{"0":"modelengine:entity/tengugamitandelsxx1"},"elements":[{"from":[4.995,1.9999995,5.0],"to":[10.995,8.0,11.0],"faces":{"east":{"uv":[9.125,11.0,9.875,11.75],"tintindex":0,"rotation":0,"texture":"#0"},"south":{"uv":[9.875,11.0,10.625,11.75],"tintindex":0,"rotation":0,"texture":"#0"},"north":{"uv":[11.0,5.25,11.75,6.0],"tintindex":0,"rotation":0,"texture":"#0"},"west":{"uv":[10.625,11.0,11.375,11.75],"tintindex":0,"rotation":0,"texture":"#0"},"up":{"uv":[8.0,12.0,7.25,11.25],"tintindex":0,"rotation":0,"texture":"#0"},"down":{"uv":[12.125,7.25,11.375,8.0],"tintindex":0,"rotation":0,"texture":"#0"}}}],"display":{"gui":{"rotation":[30,225,0]}}}