{"textures":{"0":"modelengine:entity/tengugamitandelsxx1"},"elements":[{"from":[8.440821,5.5017586,2.6241026],"to":[8.440821,13.501759,10.624103],"faces":{"east":{"uv":[7.25,8.25,8.25,9.5],"tintindex":0,"rotation":0,"texture":"#0"},"west":{"uv":[8.25,8.25,9.25,9.5],"tintindex":0,"rotation":0,"texture":"#0"}},"rotation":{"origin":[8.440821,9.501759,6.6241026],"angle":45.0,"axis":"z"}},{"from":[5.6935983,3.0013657,5.3758974],"to":[5.6935983,13.001366,13.375897],"faces":{"east":{"uv":[7.25,8.25,8.25,9.5],"tintindex":0,"rotation":0,"texture":"#0"},"west":{"uv":[8.25,8.25,9.25,9.5],"tintindex":0,"rotation":0,"texture":"#0"}},"rotation":{"origin":[8.440821,9.501759,6.6241026],"angle":45.0,"axis":"z"}}],"display":{"gui":{"rotation":[30,225,0]}}}