{"textures":{"0":"modelengine:entity/tengugamitandelsxx1"},"elements":[{"from":[7.559179,5.5017586,2.6241026],"to":[7.559179,13.501759,10.624103],"faces":{"east":{"uv":[8.25,8.25,9.25,9.5],"tintindex":0,"rotation":0,"texture":"#0"},"west":{"uv":[9.75,4.0,10.75,5.0],"tintindex":0,"rotation":0,"texture":"#0"}},"rotation":{"origin":[7.559179,9.501759,6.6241026],"angle":-45.0,"axis":"z"}},{"from":[10.306402,3.0013657,5.3758974],"to":[10.306402,13.001366,13.375897],"faces":{"east":{"uv":[8.25,8.25,9.25,9.5],"tintindex":0,"rotation":0,"texture":"#0"},"west":{"uv":[7.25,8.25,8.25,9.5],"tintindex":0,"rotation":0,"texture":"#0"}},"rotation":{"origin":[7.559179,9.501759,6.6241026],"angle":-45.0,"axis":"z"}}],"display":{"gui":{"rotation":[30,225,0]}}}