{"textures":{"0":"modelengine:entity/tengugamitandelsxx1"},"elements":[{"from":[4.115221,6.920744,7.35],"to":[10.115221,8.920744,9.45],"faces":{"east":{"uv":[12.625,7.5,12.875,7.75],"tintindex":0,"rotation":0,"texture":"#0"},"south":{"uv":[12.375,12.5,13.125,12.75],"tintindex":0,"rotation":0,"texture":"#0"},"north":{"uv":[12.5,5.875,13.25,6.125],"tintindex":0,"rotation":0,"texture":"#0"},"west":{"uv":[12.625,7.75,12.875,8.0],"tintindex":0,"rotation":0,"texture":"#0"},"up":{"uv":[13.375,0.75,12.625,0.5],"tintindex":0,"rotation":0,"texture":"#0"},"down":{"uv":[13.375,0.75,12.625,1.0],"tintindex":0,"rotation":0,"texture":"#0"}},"rotation":{"origin":[8.115221,7.420744,8.4],"angle":22.5,"axis":"z"}},{"from":[7.115221,6.920744,6.75],"to":[9.115221,8.920744,8.75],"faces":{"east":{"uv":[10.75,4.5,11.0,5.0],"tintindex":0,"rotation":0,"texture":"#0"},"south":{"uv":[12.625,8.0,12.875,8.25],"tintindex":0,"rotation":0,"texture":"#0"},"north":{"uv":[12.625,8.0,12.875,8.25],"tintindex":0,"rotation":0,"texture":"#0"},"west":{"uv":[11.5,4.0,11.75,4.5],"tintindex":0,"rotation":0,"texture":"#0"},"up":{"uv":[12.0,9.75,11.5,9.5],"tintindex":0,"rotation":0,"texture":"#0"},"down":{"uv":[13.125,1.0,12.625,1.25],"tintindex":0,"rotation":0,"texture":"#0"}}},{"from":[6.0,6.0,7.95],"to":[12.0,8.0,10.05],"faces":{"east":{"uv":[12.625,7.5,12.875,7.75],"tintindex":0,"rotation":0,"texture":"#0"},"south":{"uv":[12.375,12.5,13.125,12.75],"tintindex":0,"rotation":0,"texture":"#0"},"north":{"uv":[12.5,5.875,13.25,6.125],"tintindex":0,"rotation":0,"texture":"#0"},"west":{"uv":[12.625,7.75,12.875,8.0],"tintindex":0,"rotation":0,"texture":"#0"},"up":{"uv":[13.375,0.75,12.625,0.5],"tintindex":0,"rotation":0,"texture":"#0"},"down":{"uv":[13.375,0.75,12.625,1.0],"tintindex":0,"rotation":0,"texture":"#0"}},"rotation":{"origin":[9.0,7.0,9.0],"angle":-45.0,"axis":"z"}}],"display":{"gui":{"rotation":[30,225,0]}}}