{"textures":{"0":"modelengine:entity/tengugamitandelsxx1"},"elements":[{"from":[8.0,1.2275009,7.14],"to":[8.0,7.6775017,15.74],"faces":{"east":{"uv":[10.375,10.25,11.5,11.0],"tintindex":0,"rotation":0,"texture":"#0"},"west":{"uv":[7.25,10.5,8.375,11.25],"tintindex":0,"rotation":0,"texture":"#0"}}},{"from":[7.57,7.6775017,8.0],"to":[8.43,8.537502,14.02],"faces":{"east":{"uv":[12.625,1.375,13.375,1.5],"tintindex":0,"rotation":0,"texture":"#0"},"south":{"uv":[9.125,10.875,9.25,11.0],"tintindex":0,"rotation":0,"texture":"#0"},"north":{"uv":[9.125,10.75,9.25,10.875],"tintindex":0,"rotation":0,"texture":"#0"},"west":{"uv":[12.625,1.5,13.375,1.625],"tintindex":0,"rotation":0,"texture":"#0"},"up":{"uv":[12.75,4.0,12.625,3.25],"tintindex":0,"rotation":0,"texture":"#0"},"down":{"uv":[12.75,6.25,12.625,7.0],"tintindex":0,"rotation":0,"texture":"#0"}}}],"display":{"gui":{"rotation":[30,225,0]}}}