{"textures":{"0":"modelengine:entity/tengugamitandelsxx1"},"elements":[{"from":[8.0,7.0,-8.0],"to":[8.0,8.5,5.5],"faces":{"east":{"uv":[7.25,7.5,10.625,7.875],"tintindex":0,"rotation":0,"texture":"#0"},"west":{"uv":[7.25,7.875,10.625,8.25],"tintindex":0,"rotation":0,"texture":"#0"}}},{"from":[7.0,7.0,5.5],"to":[9.0,9.0,6.5],"faces":{"east":{"uv":[10.75,4.5,11.0,5.0],"tintindex":0,"rotation":0,"texture":"#0"},"south":{"uv":[12.0,9.25,12.5,9.75],"tintindex":0,"rotation":0,"texture":"#0"},"north":{"uv":[12.0,9.25,12.5,9.75],"tintindex":0,"rotation":0,"texture":"#0"},"west":{"uv":[11.5,4.0,11.75,4.5],"tintindex":0,"rotation":0,"texture":"#0"},"up":{"uv":[12.0,9.75,11.5,9.5],"tintindex":0,"rotation":0,"texture":"#0"},"down":{"uv":[13.125,1.0,12.625,1.25],"tintindex":0,"rotation":0,"texture":"#0"}}},{"from":[7.5,7.5,6.5],"to":[8.5,8.5,10.0],"faces":{"east":{"uv":[9.75,7.25,10.625,7.5],"tintindex":0,"rotation":0,"texture":"#0"},"south":{"uv":[12.25,5.25,12.5,5.5],"tintindex":0,"rotation":0,"texture":"#0"},"north":{"uv":[8.75,12.125,9.0,12.375],"tintindex":0,"rotation":0,"texture":"#0"},"west":{"uv":[12.125,8.5,13.0,8.75],"tintindex":0,"rotation":0,"texture":"#0"},"up":{"uv":[8.0,13.375,7.75,12.5],"tintindex":0,"rotation":0,"texture":"#0"},"down":{"uv":[10.75,12.5,10.5,13.375],"tintindex":0,"rotation":0,"texture":"#0"}}}],"display":{"gui":{"rotation":[30,225,0]}}}