{"textures":{"0":"modelengine:entity/tengugamitandelsxx1"},"elements":[{"from":[4.0,14.044975,6.313817],"to":[12.0,20.044975,10.313817],"faces":{"east":{"uv":[12.0,10.25,12.5,11.0],"tintindex":0,"rotation":0,"texture":"#0"},"south":{"uv":[10.5,9.0,11.5,9.75],"tintindex":0,"rotation":0,"texture":"#0"},"north":{"uv":[10.5,8.25,11.5,9.0],"tintindex":0,"rotation":0,"texture":"#0"},"west":{"uv":[12.125,0.5,12.625,1.25],"tintindex":0,"rotation":0,"texture":"#0"},"up":{"uv":[12.0,6.5,11.0,6.0],"tintindex":0,"rotation":0,"texture":"#0"},"down":{"uv":[12.5,0.0,11.5,0.5],"tintindex":0,"rotation":0,"texture":"#0"}}},{"from":[4.0,7.0449753,5.9138174],"to":[12.0,10.044975,11.013817],"faces":{"east":{"uv":[12.625,7.5,12.875,7.75],"tintindex":0,"rotation":0,"texture":"#0"},"south":{"uv":[12.375,12.5,13.125,12.75],"tintindex":0,"rotation":0,"texture":"#0"},"north":{"uv":[12.5,5.875,13.25,6.125],"tintindex":0,"rotation":0,"texture":"#0"},"west":{"uv":[12.625,7.75,12.875,8.0],"tintindex":0,"rotation":0,"texture":"#0"},"up":{"uv":[13.375,0.75,12.625,0.5],"tintindex":0,"rotation":0,"texture":"#0"},"down":{"uv":[13.375,0.75,12.625,1.0],"tintindex":0,"rotation":0,"texture":"#0"}}},{"from":[2.0,6.0449753,3.313817],"to":[4.0,8.044975,19.313816],"faces":{"east":{"uv":[10.5,9.75,12.5,10.0],"tintindex":0,"rotation":0,"texture":"#0"},"south":{"uv":[12.625,7.25,12.875,7.5],"tintindex":0,"rotation":0,"texture":"#0"},"north":{"uv":[12.625,7.0,12.875,7.25],"tintindex":0,"rotation":0,"texture":"#0"},"west":{"uv":[10.5,10.0,12.5,10.25],"tintindex":0,"rotation":0,"texture":"#0"},"up":{"uv":[8.25,13.25,8.0,11.25],"tintindex":0,"rotation":0,"texture":"#0"},"down":{"uv":[11.625,11.0,11.375,13.0],"tintindex":0,"rotation":0,"texture":"#0"}},"rotation":{"origin":[3.0,7.0449753,11.313817],"angle":22.5,"axis":"x"}},{"from":[3.0,13.044975,5.313817],"to":[13.0,21.044975,11.313817],"faces":{"east":{"uv":[8.375,10.5,9.125,11.5],"tintindex":0,"rotation":0,"texture":"#0"},"south":{"uv":[9.25,9.25,10.5,10.25],"tintindex":0,"rotation":0,"texture":"#0"},"north":{"uv":[9.25,8.25,10.5,9.25],"tintindex":0,"rotation":0,"texture":"#0"},"west":{"uv":[10.625,7.25,11.375,8.25],"tintindex":0,"rotation":0,"texture":"#0"},"up":{"uv":[11.0,5.75,9.75,5.0],"tintindex":0,"rotation":0,"texture":"#0"},"down":{"uv":[11.0,5.75,9.75,6.5],"tintindex":0,"rotation":0,"texture":"#0"}}},{"from":[5.0,8.044975,6.313817],"to":[11.0,14.044975,10.313817],"faces":{"east":{"uv":[11.625,11.75,12.125,12.5],"tintindex":0,"rotation":0,"texture":"#0"},"south":{"uv":[10.75,0.75,11.5,1.5],"tintindex":0,"rotation":0,"texture":"#0"},"north":{"uv":[10.75,0.0,11.5,0.75],"tintindex":0,"rotation":0,"texture":"#0"},"west":{"uv":[12.0,5.5,12.5,6.25],"tintindex":0,"rotation":0,"texture":"#0"},"up":{"uv":[8.0,12.5,7.25,12.0],"tintindex":0,"rotation":0,"texture":"#0"},"down":{"uv":[12.75,8.75,12.0,9.25],"tintindex":0,"rotation":0,"texture":"#0"}}}],"display":{"gui":{"rotation":[30,225,0]}}}