{"credit":"Made by PolygonMC","textures":{"1":"valentineset:animations/animations_1","3":"valentineset:bow_2"},"elements":[{"from":[7.4,4.7625,7.4],"to":[8.6,7.0125,8.6],"rotation":{"angle":45,"axis":"y","origin":[8,7.7625,8]},"faces":{"north":{"uv":[10,12,10.66667,13.66667],"texture":"#3"},"east":{"uv":[10.66667,12,11.33333,13.66667],"texture":"#3"},"south":{"uv":[12,10.66667,12.66667,12.33333],"texture":"#3"},"west":{"uv":[11.33333,12,12,13.66667],"texture":"#3"},"up":{"uv":[6.66667,10.66667,6,10],"texture":"#3"}}},{"from":[7.4,8.5125,7.4],"to":[8.6,11.2625,8.6],"rotation":{"angle":45,"axis":"y","origin":[8,7.7625,8]},"faces":{"north":{"uv":[12,6.66667,12.66667,8.66667],"texture":"#3"},"east":{"uv":[8.66667,12,9.33333,14],"texture":"#3"},"south":{"uv":[12,8.66667,12.66667,10.66667],"texture":"#3"},"west":{"uv":[9.33333,12,10,14],"texture":"#3"},"down":{"uv":[5.33333,11.33333,4.66667,12],"texture":"#3"}}},{"from":[7.5,7.0125,7.5],"to":[8.5,8.5125,8.5],"rotation":{"angle":45,"axis":"y","origin":[8,7.7625,8]},"faces":{"north":{"uv":[14,2.66667,14.66667,3.66667],"texture":"#3"},"east":{"uv":[14,4,14.66667,5],"texture":"#3"},"south":{"uv":[14,5.33333,14.66667,6.33333],"texture":"#3"},"west":{"uv":[14,6.66667,14.66667,7.66667],"texture":"#3"}}},{"from":[7.25,6.0625,7.25],"to":[8.75,6.5625,8.75],"rotation":{"angle":45,"axis":"y","origin":[8,7.3125,8]},"faces":{"north":{"uv":[14,8,15,8.33333],"texture":"#3"},"east":{"uv":[8.66667,14,9.66667,14.33333],"texture":"#3"},"south":{"uv":[14,8.66667,15,9],"texture":"#3"},"west":{"uv":[14,9.33333,15,9.66667],"texture":"#3"},"up":{"uv":[13.66667,7.66667,12.66667,6.66667],"texture":"#3"},"down":{"uv":[13.66667,8,12.66667,9],"texture":"#3"}}},{"from":[7.25,8.9625,7.25],"to":[8.75,9.4625,8.75],"rotation":{"angle":45,"axis":"y","origin":[8,10.2125,8]},"faces":{"north":{"uv":[10,14,11,14.33333],"texture":"#3"},"east":{"uv":[14,10,15,10.33333],"texture":"#3"},"south":{"uv":[14,10.66667,15,11],"texture":"#3"},"west":{"uv":[11.33333,14,12.33333,14.33333],"texture":"#3"},"up":{"uv":[13.66667,10.33333,12.66667,9.33333],"texture":"#3"},"down":{"uv":[13.66667,10.66667,12.66667,11.66667],"texture":"#3"}}},{"from":[7.25,9.8625,7.25],"to":[8.75,10.3625,8.75],"rotation":{"angle":45,"axis":"y","origin":[8,11.1125,8]},"faces":{"north":{"uv":[14,11.33333,15,11.66667],"texture":"#3"},"east":{"uv":[0,14.66667,1,15],"texture":"#3"},"south":{"uv":[14.66667,0,15.66667,0.33333],"texture":"#3"},"west":{"uv":[14.66667,0.66667,15.66667,1],"texture":"#3"},"up":{"uv":[13,13.66667,12,12.66667],"texture":"#3"},"down":{"uv":[14.33333,0,13.33333,1],"texture":"#3"}}},{"from":[6.85,13,7.08579],"to":[9.15,14.5,8.58579],"rotation":{"angle":45,"axis":"x","origin":[7.5,13,6.58579]},"faces":{"east":{"uv":[13.33333,1.33333,14.33333,2.33333],"texture":"#3"},"south":{"uv":[10,10.66667,11.66667,11.66667],"texture":"#3"},"west":{"uv":[4.66667,13.33333,5.66667,14.33333],"texture":"#3"},"down":{"uv":[13,0,11.33333,1],"texture":"#3"}}},{"from":[6.85,14.64645,6.73223],"to":[9.15,16.14645,8.23223],"rotation":{"angle":45,"axis":"x","origin":[7.5,12.64645,6.23223]},"faces":{"north":{"uv":[11.33333,1.33333,13,2.33333],"texture":"#3"},"east":{"uv":[6,13.33333,7,14.33333],"texture":"#3"},"south":{"uv":[12,2.66667,13.66667,3.66667],"texture":"#3"},"west":{"uv":[7.33333,13.33333,8.33333,14.33333],"texture":"#3"},"up":{"uv":[13.66667,5,12,4],"texture":"#3"}}},{"from":[6.85,12.64645,5.43934],"to":[9.15,14.14645,6.93934],"rotation":{"angle":45,"axis":"x","origin":[7.5,12.64645,6.93934]},"faces":{"north":{"uv":[4.66667,12,6.33333,13],"texture":"#3"},"east":{"uv":[13.33333,12,14.33333,13],"texture":"#3"},"west":{"uv":[13.33333,13.33333,14.33333,14.33333],"texture":"#3"},"up":{"uv":[13.66667,6.33333,12,5.33333],"texture":"#3"},"down":{"uv":[8.33333,12,6.66667,13],"texture":"#3"}}},{"from":[7.085,10.585,7.085],"to":[8.915,12.415,8.915],"rotation":{"angle":45,"axis":"x","origin":[8,11.5,8]},"faces":{"north":{"uv":[9.33333,2.66667,10.66667,4],"texture":"#3"},"east":{"uv":[9.33333,4,10.66667,5.33333],"texture":"#3"},"south":{"uv":[9.33333,5.33333,10.66667,6.66667],"texture":"#3"},"west":{"uv":[9.33333,6.66667,10.66667,8],"texture":"#3"},"up":{"uv":[10.66667,9.33333,9.33333,8],"texture":"#3"},"down":{"uv":[10.66667,9.33333,9.33333,10.66667],"texture":"#3"}}},{"from":[7.085,15.94017,7.58288],"to":[8.915,17.77017,9.41288],"rotation":{"angle":-22.5,"axis":"x","origin":[8,18.35517,8.74788]},"faces":{"north":{"uv":[10,0,11.33333,1.33333],"texture":"#3"},"east":{"uv":[10,1.33333,11.33333,2.66667],"texture":"#3"},"south":{"uv":[4.66667,10,6,11.33333],"texture":"#3"},"west":{"uv":[10.66667,2.66667,12,4],"texture":"#3"},"up":{"uv":[12,5.33333,10.66667,4],"texture":"#3"},"down":{"uv":[12,5.33333,10.66667,6.66667],"texture":"#3"}}},{"from":[7.995,12.5,1],"to":[8.005,16.5,6],"rotation":{"angle":0,"axis":"y","origin":[8,13.75,3.5]},"faces":{"east":{"uv":[10,0,6.66667,2.66667],"texture":"#3"},"west":{"uv":[6.66667,0,10,2.66667],"texture":"#3"}}},{"from":[6.5,9.25,4],"to":[6.5,17.25,12],"rotation":{"angle":22.5,"axis":"x","origin":[8,13.25,8]},"faces":{"west":{"uv":[0,0,16,16],"texture":"#1"}}},{"from":[9.5,9.25,4],"to":[9.5,17.25,12],"rotation":{"angle":22.5,"axis":"x","origin":[8,13.25,8]},"faces":{"east":{"uv":[16,0,0,16],"texture":"#1"}}},{"from":[9.5,-1.25,3.75],"to":[9.5,6.75,11.75],"rotation":{"angle":-22.5,"axis":"x","origin":[9.5,2.75,7.75]},"faces":{"east":{"uv":[16,16,0,0],"rotation":180,"texture":"#1"}}},{"from":[6.5,-1.25,3.75],"to":[6.5,6.75,11.75],"rotation":{"angle":-22.5,"axis":"x","origin":[6.5,2.75,7.75]},"faces":{"west":{"uv":[0,16,16,0],"rotation":180,"texture":"#1"}}},{"from":[7.25,14,7],"to":[8.75,17,8.5],"rotation":{"angle":22.5,"axis":"x","origin":[7.25,14,7]},"faces":{"north":{"uv":[6.66667,2.66667,7.66667,4.66667],"texture":"#3"},"east":{"uv":[6.66667,4.66667,7.66667,6.66667],"texture":"#3"},"south":{"uv":[6.66667,6.66667,7.66667,8.66667],"texture":"#3"},"west":{"uv":[8,2.66667,9,4.66667],"texture":"#3"}}},{"from":[7.25,17.39527,7.47088],"to":[8.75,20.39527,8.97088],"rotation":{"angle":45,"axis":"x","origin":[7.25,16.39104,8.06147]},"faces":{"north":{"uv":[8,4.66667,9,6.66667],"texture":"#3"},"east":{"uv":[8,6.66667,9,8.66667],"texture":"#3"},"south":{"uv":[6.66667,8.66667,7.66667,10.66667],"texture":"#3"},"west":{"uv":[8,8.66667,9,10.66667],"texture":"#3"}}},{"from":[7,18.02039,10.25561],"to":[9,20.02039,12.25561],"rotation":{"angle":-22.5,"axis":"x","origin":[7.5,20.17039,11.00561]},"faces":{"north":{"uv":[6,10.66667,7.33333,12],"texture":"#3"},"east":{"uv":[10.66667,6.66667,12,8],"texture":"#3"},"south":{"uv":[7.33333,10.66667,8.66667,12],"texture":"#3"},"west":{"uv":[10.66667,8,12,9.33333],"texture":"#3"},"up":{"uv":[10,12,8.66667,10.66667],"texture":"#3"},"down":{"uv":[12,9.33333,10.66667,10.66667],"texture":"#3"}}},{"from":[6.85,1.5,7.08579],"to":[9.15,3,8.58579],"rotation":{"angle":-45,"axis":"x","origin":[7.5,3,6.58579]},"faces":{"east":{"uv":[13.33333,2.33333,14.33333,1.33333],"texture":"#3"},"south":{"uv":[10,11.66667,11.66667,10.66667],"texture":"#3"},"west":{"uv":[4.66667,14.33333,5.66667,13.33333],"texture":"#3"},"up":{"uv":[13,1,11.33333,0],"texture":"#3"}}},{"from":[6.85,-0.14645,6.73223],"to":[9.15,1.35355,8.23223],"rotation":{"angle":-45,"axis":"x","origin":[7.5,3.35355,6.23223]},"faces":{"north":{"uv":[11.33333,2.33333,13,1.33333],"texture":"#3"},"east":{"uv":[6,14.33333,7,13.33333],"texture":"#3"},"south":{"uv":[12,3.66667,13.66667,2.66667],"texture":"#3"},"west":{"uv":[7.33333,14.33333,8.33333,13.33333],"texture":"#3"},"down":{"uv":[13.66667,4,12,5],"texture":"#3"}}},{"from":[6.85,1.85355,5.43934],"to":[9.15,3.35355,6.93934],"rotation":{"angle":-45,"axis":"x","origin":[7.5,3.35355,6.93934]},"faces":{"north":{"uv":[4.66667,13,6.33333,12],"texture":"#3"},"east":{"uv":[13.33333,13,14.33333,12],"texture":"#3"},"west":{"uv":[13.33333,14.33333,14.33333,13.33333],"texture":"#3"},"up":{"uv":[8.33333,13,6.66667,12],"texture":"#3"},"down":{"uv":[13.66667,5.33333,12,6.33333],"texture":"#3"}}},{"from":[7.995,-0.5,1],"to":[8.005,3.5,6],"rotation":{"angle":0,"axis":"y","origin":[8,2.25,3.5]},"faces":{"east":{"uv":[10,2.66667,6.66667,0],"texture":"#3"},"west":{"uv":[6.66667,2.66667,10,0],"texture":"#3"}}},{"from":[7.25,-1,7],"to":[8.75,2,8.5],"rotation":{"angle":-22.5,"axis":"x","origin":[7.25,2,7]},"faces":{"north":{"uv":[6.66667,4.66667,7.66667,2.66667],"texture":"#3"},"east":{"uv":[6.66667,6.66667,7.66667,4.66667],"texture":"#3"},"south":{"uv":[6.66667,8.66667,7.66667,6.66667],"texture":"#3"},"west":{"uv":[8,4.66667,9,2.66667],"texture":"#3"}}},{"from":[7.085,-1.77017,7.58288],"to":[8.915,0.05983,9.41288],"rotation":{"angle":22.5,"axis":"x","origin":[8,-2.35517,8.74788]},"faces":{"north":{"uv":[10,1.33333,11.33333,0],"texture":"#3"},"east":{"uv":[10,2.66667,11.33333,1.33333],"texture":"#3"},"south":{"uv":[4.66667,11.33333,6,10],"texture":"#3"},"west":{"uv":[10.66667,4,12,2.66667],"texture":"#3"},"up":{"uv":[12,6.66667,10.66667,5.33333],"texture":"#3"},"down":{"uv":[12,4,10.66667,5.33333],"texture":"#3"}}},{"from":[7.25,-4.39527,7.47088],"to":[8.75,-1.39527,8.97088],"rotation":{"angle":-45,"axis":"x","origin":[7.25,-0.39104,8.06147]},"faces":{"north":{"uv":[8,6.66667,9,4.66667],"texture":"#3"},"east":{"uv":[8,8.66667,9,6.66667],"texture":"#3"},"south":{"uv":[6.66667,10.66667,7.66667,8.66667],"texture":"#3"},"west":{"uv":[8,10.66667,9,8.66667],"texture":"#3"}}},{"from":[7,-4.02039,10.25561],"to":[9,-2.02039,12.25561],"rotation":{"angle":22.5,"axis":"x","origin":[7.5,-4.17039,11.00561]},"faces":{"north":{"uv":[6,12,7.33333,10.66667],"texture":"#3"},"east":{"uv":[10.66667,8,12,6.66667],"texture":"#3"},"south":{"uv":[7.33333,12,8.66667,10.66667],"texture":"#3"},"west":{"uv":[10.66667,9.33333,12,8],"texture":"#3"},"up":{"uv":[12,10.66667,10.66667,9.33333],"texture":"#3"},"down":{"uv":[10,10.66667,8.66667,12],"texture":"#3"}}},{"from":[7.085,3.585,7.085],"to":[8.915,5.415,8.915],"rotation":{"angle":-45,"axis":"x","origin":[8,4.5,8]},"faces":{"north":{"uv":[9.33333,4,10.66667,2.66667],"texture":"#3"},"east":{"uv":[9.33333,5.33333,10.66667,4],"texture":"#3"},"south":{"uv":[9.33333,6.66667,10.66667,5.33333],"texture":"#3"},"west":{"uv":[9.33333,8,10.66667,6.66667],"texture":"#3"},"up":{"uv":[10.66667,10.66667,9.33333,9.33333],"texture":"#3"},"down":{"uv":[10.66667,8,9.33333,9.33333],"texture":"#3"}}},{"from":[7.985,-2.60296,11.63547],"to":[8.015,18.64704,18.63547],"rotation":{"angle":0,"axis":"y","origin":[7.985,6.89704,11.13547]},"faces":{"east":{"uv":[4.66667,0,0,14.33333],"texture":"#3"},"west":{"uv":[0,0,4.66667,14.33333],"texture":"#3"}}},{"from":[6.75,7.985,3.875],"to":[9.25,8.015,18.375],"rotation":{"angle":45,"axis":"z","origin":[8,8,11.125]},"faces":{"up":{"uv":[6.33333,9.66667,4.66667,0],"texture":"#3"},"down":{"uv":[6.33333,0,4.66667,9.66667],"texture":"#3"}}},{"from":[6.75,7.985,3.875],"to":[9.25,8.015,18.375],"rotation":{"angle":-45,"axis":"z","origin":[8,8,11.125]},"faces":{"up":{"uv":[6.33333,9.66667,4.66667,0],"texture":"#3"},"down":{"uv":[6.33333,0,4.66667,9.66667],"texture":"#3"}}}],"gui_light":"front","display":{"thirdperson_righthand":{"translation":[0,-2,1]},"thirdperson_lefthand":{"translation":[0,-2,1]},"firstperson_righthand":{"rotation":[19.47,19,0.19],"translation":[1.75,3.75,-3]},"firstperson_lefthand":{"rotation":[20.75,-19.28,1.01],"translation":[4.5,2.75,-1.5]},"ground":{"rotation":[45,0,0],"translation":[0,5,0],"scale":[0.7,0.7,0.7]},"gui":{"rotation":[90,45,90],"translation":[-0.75,0.75,0],"scale":[0.8,0.8,0.8]},"head":{"rotation":[90,-45,90]},"fixed":{"rotation":[0,-90,0],"translation":[0,0,-2],"scale":[2,2,2]}},"USER":"33672","NONCE":"c5ace68152f025b658faa42c5e26fb51","TIMESTAMP":"1738160247","RESOURCE":"8477","mcmodels":"c5ace68152f025b658faa42c5e26fb51"}