{"credit":"Made by PolygonMC","texture_size":[32,32],"textures":{"1":"valentineset:animations/animations_1","3":"valentineset:hammer"},"elements":[{"from":[7.4,-3.6,7.4],"to":[8.6,-1.35,8.6],"rotation":{"angle":45,"axis":"y","origin":[8,-0.6,8]},"faces":{"north":{"uv":[6.5,10,7,11.25],"texture":"#3"},"east":{"uv":[10,9,10.5,10.25],"texture":"#3"},"south":{"uv":[10.5,1,11,2.25],"texture":"#3"},"west":{"uv":[10.5,2.5,11,3.75],"texture":"#3"},"up":{"uv":[5.5,2,5,1.5],"texture":"#3"}}},{"from":[7.4,0.15,7.4],"to":[8.6,2.9,8.6],"rotation":{"angle":45,"axis":"y","origin":[8,-0.6,8]},"faces":{"north":{"uv":[1.5,9.5,2,11],"texture":"#3"},"east":{"uv":[2,9.5,2.5,11],"texture":"#3"},"south":{"uv":[2.5,10,3,11.5],"texture":"#3"},"west":{"uv":[3,10,3.5,11.5],"texture":"#3"},"down":{"uv":[5,6.5,4.5,7],"texture":"#3"}}},{"from":[7.5,-1.35,7.5],"to":[8.5,0.15,8.5],"rotation":{"angle":45,"axis":"y","origin":[8,-0.6,8]},"faces":{"north":{"uv":[6.5,11.5,7,12.25],"texture":"#3"},"east":{"uv":[12,2,12.5,2.75],"texture":"#3"},"south":{"uv":[12,3,12.5,3.75],"texture":"#3"},"west":{"uv":[12,4,12.5,4.75],"texture":"#3"}}},{"from":[7.5,6.4,7.5],"to":[8.5,7.9,8.5],"rotation":{"angle":45,"axis":"y","origin":[8,7.15,8]},"faces":{"north":{"uv":[7,12,7.5,12.75],"texture":"#3"},"east":{"uv":[12,7,12.5,7.75],"texture":"#3"},"south":{"uv":[7.5,12,8,12.75],"texture":"#3"},"west":{"uv":[8,12,8.5,12.75],"texture":"#3"}}},{"from":[7.25,-2.3,7.25],"to":[8.75,-1.8,8.75],"rotation":{"angle":45,"axis":"y","origin":[8,-1.05,8]},"faces":{"north":{"uv":[6.5,8.5,7.25,8.75],"texture":"#3"},"east":{"uv":[9,7.5,9.75,7.75],"texture":"#3"},"south":{"uv":[12,8,12.75,8.25],"texture":"#3"},"west":{"uv":[8.5,12,9.25,12.25],"texture":"#3"},"up":{"uv":[11.25,11.25,10.5,10.5],"texture":"#3"},"down":{"uv":[0.75,11,0,11.75],"texture":"#3"}}},{"from":[7.25,0.6,7.25],"to":[8.75,1.1,8.75],"rotation":{"angle":45,"axis":"y","origin":[8,1.85,8]},"faces":{"north":{"uv":[12,8.5,12.75,8.75],"texture":"#3"},"east":{"uv":[12,9,12.75,9.25],"texture":"#3"},"south":{"uv":[12,9.5,12.75,9.75],"texture":"#3"},"west":{"uv":[12,10,12.75,10.25],"texture":"#3"},"up":{"uv":[11.75,0.75,11,0],"texture":"#3"},"down":{"uv":[1.75,11,1,11.75],"texture":"#3"}}},{"from":[7.25,1.5,7.25],"to":[8.75,2,8.75],"rotation":{"angle":45,"axis":"y","origin":[8,2.75,8]},"faces":{"north":{"uv":[12,11.5,12.75,11.75],"texture":"#3"},"east":{"uv":[12,12,12.75,12.25],"texture":"#3"},"south":{"uv":[2,12.5,2.75,12.75],"texture":"#3"},"west":{"uv":[12.5,2,13.25,2.25],"texture":"#3"},"up":{"uv":[11.75,1.75,11,1],"texture":"#3"},"down":{"uv":[11.75,2,11,2.75],"texture":"#3"}}},{"from":[7.4,11.4,7.4],"to":[8.6,13.65,8.6],"rotation":{"angle":45,"axis":"y","origin":[8,14.4,8]},"faces":{"north":{"uv":[7,10.5,7.5,11.75],"texture":"#3"},"east":{"uv":[7.5,10.5,8,11.75],"texture":"#3"},"south":{"uv":[8,10.5,8.5,11.75],"texture":"#3"},"west":{"uv":[8.5,10.5,9,11.75],"texture":"#3"},"up":{"uv":[3,8,2.5,7.5],"texture":"#3"}}},{"from":[7.4,15.15,7.4],"to":[8.6,17.9,8.6],"rotation":{"angle":45,"axis":"y","origin":[8,14.4,8]},"faces":{"north":{"uv":[3.5,10,4,11.5],"texture":"#3"},"east":{"uv":[4,10,4.5,11.5],"texture":"#3"},"south":{"uv":[4.5,10,5,11.5],"texture":"#3"},"west":{"uv":[5,10,5.5,11.5],"texture":"#3"},"down":{"uv":[7.5,4,7,4.5],"texture":"#3"}}},{"from":[7.5,13.65,7.5],"to":[8.5,15.15,8.5],"rotation":{"angle":45,"axis":"y","origin":[8,14.4,8]},"faces":{"north":{"uv":[12,5,12.5,5.75],"texture":"#3"},"east":{"uv":[5.5,12,6,12.75],"texture":"#3"},"south":{"uv":[6,12,6.5,12.75],"texture":"#3"},"west":{"uv":[12,6,12.5,6.75],"texture":"#3"}}},{"from":[7.25,12.7,7.25],"to":[8.75,13.2,8.75],"rotation":{"angle":45,"axis":"y","origin":[8,13.95,8]},"faces":{"north":{"uv":[12.5,5.5,13.25,5.75],"texture":"#3"},"east":{"uv":[12.5,6,13.25,6.25],"texture":"#3"},"south":{"uv":[12.5,6.5,13.25,6.75],"texture":"#3"},"west":{"uv":[12.5,7,13.25,7.25],"texture":"#3"},"up":{"uv":[12.25,11.25,11.5,10.5],"texture":"#3"},"down":{"uv":[11.75,11.5,11,12.25],"texture":"#3"}}},{"from":[7.25,15.6,7.25],"to":[8.75,16.1,8.75],"rotation":{"angle":45,"axis":"y","origin":[8,16.85,8]},"faces":{"north":{"uv":[4,12.5,4.75,12.75],"texture":"#3"},"east":{"uv":[12.5,4,13.25,4.25],"texture":"#3"},"south":{"uv":[12.5,4.5,13.25,4.75],"texture":"#3"},"west":{"uv":[12.5,5,13.25,5.25],"texture":"#3"},"up":{"uv":[4.75,12.25,4,11.5],"texture":"#3"},"down":{"uv":[10.75,11.5,10,12.25],"texture":"#3"}}},{"from":[7.25,16.5,7.25],"to":[8.75,17,8.75],"rotation":{"angle":45,"axis":"y","origin":[8,17.75,8]},"faces":{"north":{"uv":[12.5,2.5,13.25,2.75],"texture":"#3"},"east":{"uv":[3,12.5,3.75,12.75],"texture":"#3"},"south":{"uv":[12.5,3,13.25,3.25],"texture":"#3"},"west":{"uv":[12.5,3.5,13.25,3.75],"texture":"#3"},"up":{"uv":[2.75,12.25,2,11.5],"texture":"#3"},"down":{"uv":[3.75,11.5,3,12.25],"texture":"#3"}}},{"from":[6.85,20.75,7.08579],"to":[9.15,22.25,8.58579],"rotation":{"angle":45,"axis":"x","origin":[7.5,20.75,6.58579]},"faces":{"east":{"uv":[11,3,11.75,3.75],"texture":"#3"},"south":{"uv":[8.5,8,9.75,8.75],"texture":"#3"},"west":{"uv":[11,4,11.75,4.75],"texture":"#3"},"down":{"uv":[1.25,9,0,9.75],"texture":"#3"}}},{"from":[6.85,22.39645,6.73223],"to":[9.15,23.89645,8.23223],"rotation":{"angle":45,"axis":"x","origin":[7.5,20.39645,6.23223]},"faces":{"north":{"uv":[9,1,10.25,1.75],"texture":"#3"},"east":{"uv":[11,5,11.75,5.75],"texture":"#3"},"south":{"uv":[9,2,10.25,2.75],"texture":"#3"},"west":{"uv":[5.5,11,6.25,11.75],"texture":"#3"},"up":{"uv":[3.75,9.75,2.5,9],"texture":"#3"}}},{"from":[6.85,20.39645,5.43934],"to":[9.15,21.89645,6.93934],"rotation":{"angle":45,"axis":"x","origin":[7.5,20.39645,6.93934]},"faces":{"north":{"uv":[9,3,10.25,3.75],"texture":"#3"},"east":{"uv":[11,6,11.75,6.75],"texture":"#3"},"west":{"uv":[11,7,11.75,7.75],"texture":"#3"},"up":{"uv":[5.25,9.75,4,9],"texture":"#3"},"down":{"uv":[6.75,9,5.5,9.75],"texture":"#3"}}},{"from":[7.085,-4.665,7.085],"to":[8.915,-2.835,8.915],"rotation":{"angle":-45,"axis":"x","origin":[8,-3.75,8]},"faces":{"north":{"uv":[8,1,9,2],"texture":"#3"},"east":{"uv":[8,2,9,3],"texture":"#3"},"south":{"uv":[2.5,8,3.5,9],"texture":"#3"},"west":{"uv":[8,3,9,4],"texture":"#3"},"up":{"uv":[4.5,9,3.5,8],"texture":"#3"},"down":{"uv":[8.5,8,7.5,9],"texture":"#3"}}},{"from":[12.25,17,4.25],"to":[12.25,25,12.25],"rotation":{"angle":0,"axis":"y","origin":[12.25,17,4.25]},"faces":{"east":{"uv":[16,0,0,16],"texture":"#1"}}},{"from":[3.75,17,4.25],"to":[3.75,25,12.25],"rotation":{"angle":0,"axis":"y","origin":[3.75,17,4.25]},"faces":{"west":{"uv":[0,0,16,16],"texture":"#1"}}},{"from":[3.75,17,0],"to":[11.75,25,0],"rotation":{"angle":0,"axis":"y","origin":[7.75,21,0]},"faces":{"north":{"uv":[0,0,16,16],"texture":"#1"}}},{"from":[3.75,17,16],"to":[11.75,25,16],"rotation":{"angle":0,"axis":"y","origin":[7.75,21,16]},"faces":{"south":{"uv":[16,0,0,16],"texture":"#1"}}},{"from":[6.83579,2.9,8.25],"to":[8.33579,6.4,9.75],"rotation":{"angle":45,"axis":"y","origin":[6.58579,2.9,8]},"faces":{"north":{"uv":[6.5,4.5,7.25,6.25],"texture":"#3"},"east":{"uv":[6.5,6.5,7.25,8.25],"texture":"#3"},"south":{"uv":[7,0,7.75,1.75],"texture":"#3"},"west":{"uv":[7,2,7.75,3.75],"texture":"#3"},"up":{"uv":[11.75,8.75,11,8],"texture":"#3"},"down":{"uv":[9.75,11,9,11.75],"texture":"#3"}}},{"from":[6.83579,7.9,8.25],"to":[8.33579,11.4,9.75],"rotation":{"angle":45,"axis":"y","origin":[6.58579,7.9,8]},"faces":{"north":{"uv":[4.5,7,5.25,8.75],"texture":"#3"},"east":{"uv":[5.5,7,6.25,8.75],"texture":"#3"},"south":{"uv":[1.5,7.5,2.25,9.25],"texture":"#3"},"west":{"uv":[7.5,4,8.25,5.75],"texture":"#3"},"up":{"uv":[1.75,12.75,1,12],"texture":"#3"},"down":{"uv":[12.75,1,12,1.75],"texture":"#3"}}},{"from":[6.83579,17.9,8.25],"to":[8.33579,20.4,9.75],"rotation":{"angle":45,"axis":"y","origin":[6.58579,17.9,8]},"faces":{"north":{"uv":[9,6,9.75,7.25],"texture":"#3"},"east":{"uv":[7,9,7.75,10.25],"texture":"#3"},"south":{"uv":[8,9,8.75,10.25],"texture":"#3"},"west":{"uv":[9,9,9.75,10.25],"texture":"#3"},"up":{"uv":[0.75,12.75,0,12],"texture":"#3"},"down":{"uv":[12.75,0,12,0.75],"texture":"#3"}}},{"from":[4.37868,20.95711,1.5],"to":[6.87868,23.95711,5],"rotation":{"angle":-45,"axis":"z","origin":[5.87868,21.95711,-1]},"faces":{"north":{"uv":[0,6.5,1.25,8],"texture":"#3"},"east":{"uv":[3.5,2,5.25,3.5],"texture":"#3"},"south":{"uv":[3,6.5,4.25,8],"texture":"#3"},"west":{"uv":[3.5,3.5,5.25,5],"texture":"#3"},"up":{"uv":[6.25,6.75,5,5],"texture":"#3"},"down":{"uv":[2.75,5.5,1.5,7.25],"texture":"#3"}}},{"from":[4.87868,21.45711,5],"to":[7.37868,23.45711,6.5],"rotation":{"angle":-45,"axis":"z","origin":[5.87868,21.95711,-0.5]},"faces":{"south":{"uv":[7.5,6,8.75,7],"texture":"#3"},"west":{"uv":[10,7,10.75,8],"texture":"#3"},"up":{"uv":[10.75,0.75,9.5,0],"texture":"#3"},"down":{"uv":[10.75,4,9.5,4.75],"texture":"#3"}}},{"from":[8.62132,21.45711,5],"to":[11.12132,23.45711,6.5],"rotation":{"angle":45,"axis":"z","origin":[10.12132,21.95711,-0.5]},"faces":{"east":{"uv":[10,8,10.75,9],"texture":"#3"},"south":{"uv":[7.5,7,8.75,8],"texture":"#3"},"up":{"uv":[10.75,5.75,9.5,5],"texture":"#3"},"down":{"uv":[1.25,10,0,10.75],"texture":"#3"}}},{"from":[6.87868,23.95711,1.5],"to":[9.87868,26.45711,5],"rotation":{"angle":-45,"axis":"z","origin":[5.87868,21.95711,-1]},"faces":{"north":{"uv":[5.5,1.5,7,2.75],"texture":"#3"},"east":{"uv":[5,0,6.75,1.25],"texture":"#3"},"south":{"uv":[5.5,3,7,4.25],"texture":"#3"},"west":{"uv":[3,5,4.75,6.25],"texture":"#3"},"up":{"uv":[1.5,4.75,0,3],"texture":"#3"},"down":{"uv":[5,0,3.5,1.75],"texture":"#3"}}},{"from":[6.87868,20.95711,1.5],"to":[9.87868,23.95711,5],"rotation":{"angle":-45,"axis":"z","origin":[5.87868,21.95711,-1]},"faces":{"north":{"uv":[1.5,4,3,5.5],"texture":"#3"},"east":{"uv":[0,0,1.75,1.5],"texture":"#3"},"south":{"uv":[0,5,1.5,6.5],"texture":"#3"},"west":{"uv":[0,1.5,1.75,3],"texture":"#3"},"up":{"uv":[3.5,1.75,2,0],"texture":"#3"},"down":{"uv":[3.5,2,2,3.75],"texture":"#3"}}},{"from":[7.37868,21.45711,5],"to":[9.37868,23.45711,6.5],"rotation":{"angle":-45,"axis":"z","origin":[5.87868,21.95711,2.5]},"faces":{"east":{"uv":[5.5,10,6.25,11],"texture":"#3"},"south":{"uv":[8.5,4,9.5,5],"texture":"#3"},"down":{"uv":[11,6,10,6.75],"texture":"#3"}}},{"from":[4.87868,21.45711,0.75],"to":[7.37868,23.45711,1.5],"rotation":{"angle":-45,"axis":"z","origin":[5.87868,21.95711,-5.5]},"faces":{"north":{"uv":[8,0,9.25,1],"texture":"#3"},"west":{"uv":[5,11.5,5.5,12.5],"texture":"#3"},"up":{"uv":[11.75,10,10.5,9.5],"texture":"#3"},"down":{"uv":[11.75,10,10.5,10.5],"texture":"#3"}}},{"from":[7.37868,21.45711,0.75],"to":[9.37868,23.45711,1.5],"rotation":{"angle":-45,"axis":"z","origin":[5.87868,21.95711,-2.5]},"faces":{"north":{"uv":[8.5,5,9.5,6],"texture":"#3"},"east":{"uv":[3,4,3.5,5],"texture":"#3"},"down":{"uv":[6.5,4.5,5.5,5],"texture":"#3"}}},{"from":[8.62132,21.45711,0.75],"to":[11.12132,23.45711,1.5],"rotation":{"angle":45,"axis":"z","origin":[10.12132,21.95711,-5.5]},"faces":{"north":{"uv":[0,8,1.25,9],"texture":"#3"},"east":{"uv":[1.5,3,2,4],"texture":"#3"},"up":{"uv":[10.25,11,9,10.5],"texture":"#3"},"down":{"uv":[11.75,9,10.5,9.5],"texture":"#3"}}},{"from":[6.87868,20.95711,11],"to":[9.87868,23.95711,14.5],"rotation":{"angle":-45,"axis":"z","origin":[5.87868,21.95711,17]},"faces":{"north":{"uv":[1.5,5,0,6.5],"texture":"#3"},"east":{"uv":[1.75,0,0,1.5],"texture":"#3"},"south":{"uv":[3,4,1.5,5.5],"texture":"#3"},"west":{"uv":[1.75,1.5,0,3],"texture":"#3"},"up":{"uv":[3.5,0,2,1.75],"texture":"#3"},"down":{"uv":[3.5,3.75,2,2],"texture":"#3"}}},{"from":[6.87868,23.95711,11],"to":[9.87868,26.45711,14.5],"rotation":{"angle":-45,"axis":"z","origin":[5.87868,21.95711,17]},"faces":{"north":{"uv":[7,3,5.5,4.25],"texture":"#3"},"east":{"uv":[6.75,0,5,1.25],"texture":"#3"},"south":{"uv":[7,1.5,5.5,2.75],"texture":"#3"},"west":{"uv":[4.75,5,3,6.25],"texture":"#3"},"up":{"uv":[1.5,3,0,4.75],"texture":"#3"},"down":{"uv":[5,1.75,3.5,0],"texture":"#3"}}},{"from":[4.37868,20.95711,11],"to":[6.87868,23.95711,14.5],"rotation":{"angle":-45,"axis":"z","origin":[5.87868,21.95711,17]},"faces":{"north":{"uv":[4.25,6.5,3,8],"texture":"#3"},"east":{"uv":[5.25,2,3.5,3.5],"texture":"#3"},"south":{"uv":[1.25,6.5,0,8],"texture":"#3"},"west":{"uv":[5.25,3.5,3.5,5],"texture":"#3"},"up":{"uv":[6.25,5,5,6.75],"texture":"#3"},"down":{"uv":[2.75,7.25,1.5,5.5],"texture":"#3"}}},{"from":[7.37868,21.45711,9.5],"to":[9.37868,23.45711,11],"rotation":{"angle":-45,"axis":"z","origin":[5.87868,21.95711,13.5]},"faces":{"north":{"uv":[9.5,4,8.5,5],"texture":"#3"},"east":{"uv":[6.25,10,5.5,11],"texture":"#3"},"down":{"uv":[11,6.75,10,6],"texture":"#3"}}},{"from":[4.87868,21.45711,9.5],"to":[7.37868,23.45711,11],"rotation":{"angle":-45,"axis":"z","origin":[5.87868,21.95711,16.5]},"faces":{"north":{"uv":[8.75,6,7.5,7],"texture":"#3"},"west":{"uv":[10.75,7,10,8],"texture":"#3"},"up":{"uv":[10.75,0,9.5,0.75],"texture":"#3"},"down":{"uv":[10.75,4.75,9.5,4],"texture":"#3"}}},{"from":[8.62132,21.45711,9.5],"to":[11.12132,23.45711,11],"rotation":{"angle":45,"axis":"z","origin":[10.12132,21.95711,16.5]},"faces":{"north":{"uv":[8.75,7,7.5,8],"texture":"#3"},"east":{"uv":[10.75,8,10,9],"texture":"#3"},"up":{"uv":[10.75,5,9.5,5.75],"texture":"#3"},"down":{"uv":[1.25,10.75,0,10],"texture":"#3"}}},{"from":[8.62132,21.45711,14.5],"to":[11.12132,23.45711,15.25],"rotation":{"angle":45,"axis":"z","origin":[10.12132,21.95711,21.5]},"faces":{"east":{"uv":[2,3,1.5,4],"texture":"#3"},"south":{"uv":[1.25,8,0,9],"texture":"#3"},"up":{"uv":[10.25,10.5,9,11],"texture":"#3"},"down":{"uv":[11.75,9.5,10.5,9],"texture":"#3"}}},{"from":[7.37868,21.45711,14.5],"to":[9.37868,23.45711,15.25],"rotation":{"angle":-45,"axis":"z","origin":[5.87868,21.95711,18.5]},"faces":{"east":{"uv":[3.5,4,3,5],"texture":"#3"},"south":{"uv":[9.5,5,8.5,6],"texture":"#3"},"down":{"uv":[6.5,5,5.5,4.5],"texture":"#3"}}},{"from":[4.87868,21.45711,14.5],"to":[7.37868,23.45711,15.25],"rotation":{"angle":-45,"axis":"z","origin":[5.87868,21.95711,21.5]},"faces":{"south":{"uv":[9.25,0,8,1],"texture":"#3"},"west":{"uv":[5.5,11.5,5,12.5],"texture":"#3"},"up":{"uv":[11.75,9.5,10.5,10],"texture":"#3"},"down":{"uv":[11.75,10.5,10.5,10],"texture":"#3"}}}],"gui_light":"front","display":{"thirdperson_righthand":{"translation":[0,-1.25,1]},"thirdperson_lefthand":{"translation":[0,-1.25,1]},"firstperson_righthand":{"rotation":[-10,0,0],"translation":[1.25,-3.5,-0.5]},"firstperson_lefthand":{"rotation":[-10,0,0],"translation":[1.25,-3.5,-0.5]},"ground":{"rotation":[-45,0,0],"translation":[0,5,0],"scale":[0.7,0.7,0.7]},"gui":{"rotation":[-90,45,90],"translation":[2,-2,0],"scale":[0.7,0.7,0.7]},"head":{"rotation":[0,-90,0]},"fixed":{"rotation":[0,-90,0],"translation":[0,-4,-2],"scale":[2,2,2]}},"USER":"33672","NONCE":"c5ace68152f025b658faa42c5e26fb51","TIMESTAMP":"1738160247","RESOURCE":"8477","mcmodels":"c5ace68152f025b658faa42c5e26fb51"}