{"credit":"Made by PolygonMC","texture_size":[24,24],"textures":{"1":"valentineset:animations/animations_1","2":"valentineset:hoe","particle":"valentineset:hoe"},"elements":[{"from":[7.4,1.4,7.4],"to":[8.6,3.65,8.6],"rotation":{"angle":45,"axis":"y","origin":[8,4.4,8]},"faces":{"north":{"uv":[8.33333,8.33333,9,10],"texture":"#2"},"east":{"uv":[5.66667,9,6.33333,10.66667],"texture":"#2"},"south":{"uv":[6.33333,9,7,10.66667],"texture":"#2"},"west":{"uv":[7,9,7.66667,10.66667],"texture":"#2"},"up":{"uv":[3.66667,7,3,6.33333],"texture":"#2"}}},{"from":[7.4,5.15,7.4],"to":[8.6,7.9,8.6],"rotation":{"angle":45,"axis":"y","origin":[8,4.4,8]},"faces":{"north":{"uv":[3.66667,8.33333,4.33333,10.33333],"texture":"#2"},"east":{"uv":[4.33333,8.33333,5,10.33333],"texture":"#2"},"south":{"uv":[5,8.33333,5.66667,10.33333],"texture":"#2"},"west":{"uv":[7.66667,8.33333,8.33333,10.33333],"texture":"#2"},"down":{"uv":[7.66667,3,7,3.66667],"texture":"#2"}}},{"from":[7.4,12.9,7.4],"to":[8.6,13.9,8.6],"rotation":{"angle":45,"axis":"y","origin":[8,11.4,8]},"faces":{"north":{"uv":[5.66667,7,6.33333,7.66667],"texture":"#2"},"east":{"uv":[3,9.66667,3.66667,10.33333],"texture":"#2"},"south":{"uv":[7,11,7.66667,11.66667],"texture":"#2"},"west":{"uv":[11,7.66667,11.66667,8.33333],"texture":"#2"}}},{"from":[7.5,3.65,7.5],"to":[8.5,5.15,8.5],"rotation":{"angle":45,"axis":"y","origin":[8,4.4,8]},"faces":{"north":{"uv":[11,5,11.66667,6],"texture":"#2"},"east":{"uv":[5.66667,11,6.33333,12],"texture":"#2"},"south":{"uv":[6.33333,11,7,12],"texture":"#2"},"west":{"uv":[11,6.33333,11.66667,7.33333],"texture":"#2"}}},{"from":[7.25,2.7,7.25],"to":[8.75,3.2,8.75],"rotation":{"angle":45,"axis":"y","origin":[8,3.95,8]},"faces":{"north":{"uv":[9.66667,11,10.66667,11.33333],"texture":"#2"},"east":{"uv":[11,9.66667,12,10],"texture":"#2"},"south":{"uv":[11,10.33333,12,10.66667],"texture":"#2"},"west":{"uv":[11,11,12,11.33333],"texture":"#2"},"up":{"uv":[10,9.33333,9,8.33333],"texture":"#2"},"down":{"uv":[1.33333,9.66667,0.33333,10.66667],"texture":"#2"}}},{"from":[7.25,5.6,7.25],"to":[8.75,6.1,8.75],"rotation":{"angle":45,"axis":"y","origin":[8,6.85,8]},"faces":{"north":{"uv":[11.66667,0.33333,12.66667,0.66667],"texture":"#2"},"east":{"uv":[11.66667,1,12.66667,1.33333],"texture":"#2"},"south":{"uv":[11.66667,1.66667,12.66667,2],"texture":"#2"},"west":{"uv":[11.66667,2.33333,12.66667,2.66667],"texture":"#2"},"up":{"uv":[2.66667,10.66667,1.66667,9.66667],"texture":"#2"},"down":{"uv":[10.66667,3,9.66667,4],"texture":"#2"}}},{"from":[7.25,6.5,7.25],"to":[8.75,7,8.75],"rotation":{"angle":45,"axis":"y","origin":[8,7.75,8]},"faces":{"north":{"uv":[3,11.66667,4,12],"texture":"#2"},"east":{"uv":[11.66667,3.66667,12.66667,4],"texture":"#2"},"south":{"uv":[4.33333,11.66667,5.33333,12],"texture":"#2"},"west":{"uv":[11.66667,4.33333,12.66667,4.66667],"texture":"#2"},"up":{"uv":[10.66667,5.33333,9.66667,4.33333],"texture":"#2"},"down":{"uv":[10.66667,5.66667,9.66667,6.66667],"texture":"#2"}}},{"from":[6.85,14.25,7.08579],"to":[9.15,15.75,8.58579],"rotation":{"angle":45,"axis":"x","origin":[7.5,14.25,6.58579]},"faces":{"east":{"uv":[9.66667,7,10.66667,8],"texture":"#2"},"south":{"uv":[7.66667,3,9.33333,4],"texture":"#2"},"west":{"uv":[9,9.66667,10,10.66667],"texture":"#2"},"down":{"uv":[9.33333,4.33333,7.66667,5.33333],"texture":"#2"}}},{"from":[6.85,15.89645,6.73223],"to":[9.15,17.39645,8.23223],"rotation":{"angle":45,"axis":"x","origin":[7.5,13.89645,6.23223]},"faces":{"north":{"uv":[5.66667,7.66667,7.33333,8.66667],"texture":"#2"},"east":{"uv":[10.33333,0.33333,11.33333,1.33333],"texture":"#2"},"south":{"uv":[7.66667,5.66667,9.33333,6.66667],"texture":"#2"},"west":{"uv":[10.33333,1.66667,11.33333,2.66667],"texture":"#2"},"up":{"uv":[9.33333,8,7.66667,7],"texture":"#2"}}},{"from":[6.85,13.89645,5.43934],"to":[9.15,15.39645,6.93934],"rotation":{"angle":45,"axis":"x","origin":[7.5,13.89645,6.93934]},"faces":{"north":{"uv":[8.33333,0.33333,10,1.33333],"texture":"#2"},"east":{"uv":[3,10.33333,4,11.33333],"texture":"#2"},"west":{"uv":[4.33333,10.33333,5.33333,11.33333],"texture":"#2"},"up":{"uv":[3.33333,9.33333,1.66667,8.33333],"texture":"#2"},"down":{"uv":[10,1.66667,8.33333,2.66667],"texture":"#2"}}},{"from":[7.085,0.335,7.085],"to":[8.915,2.165,8.915],"rotation":{"angle":-45,"axis":"x","origin":[8,1.25,8]},"faces":{"north":{"uv":[1.66667,6.33333,3,7.66667],"texture":"#2"},"east":{"uv":[6.33333,3.66667,7.66667,5],"texture":"#2"},"south":{"uv":[6.33333,5,7.66667,6.33333],"texture":"#2"},"west":{"uv":[6.33333,6.33333,7.66667,7.66667],"texture":"#2"},"up":{"uv":[8.33333,1.66667,7,0.33333],"texture":"#2"},"down":{"uv":[8.33333,1.66667,7,3],"texture":"#2"}}},{"from":[6.5,10.25,4.25],"to":[6.5,18.25,12.25],"rotation":{"angle":0,"axis":"y","origin":[6.5,10.25,4.25]},"faces":{"west":{"uv":[0,0,16,16],"texture":"#1"}}},{"from":[9.5,10.25,4.25],"to":[9.5,18.25,12.25],"rotation":{"angle":0,"axis":"y","origin":[9.5,10.25,4.25]},"faces":{"east":{"uv":[16,0,0,16],"texture":"#1"}}},{"from":[6.83579,7.9,8.25],"to":[8.33579,12.9,9.75],"rotation":{"angle":45,"axis":"y","origin":[6.58579,7.9,8]},"faces":{"north":{"uv":[3.66667,3.66667,4.66667,7],"texture":"#2"},"east":{"uv":[5,3.66667,6,7],"texture":"#2"},"south":{"uv":[5.66667,0.33333,6.66667,3.66667],"texture":"#2"},"west":{"uv":[0.33333,6.33333,1.33333,9.66667],"texture":"#2"},"up":{"uv":[8.66667,11.33333,7.66667,10.33333],"texture":"#2"},"down":{"uv":[11.33333,8.33333,10.33333,9.33333],"texture":"#2"}}},{"from":[7.5,13.60356,4.96447],"to":[8.5,15.60356,6.96447],"rotation":{"angle":-22.5,"axis":"x","origin":[8,14.85356,4.71447]},"faces":{"north":{"uv":[10.33333,9.66667,11,11],"texture":"#2"},"east":{"uv":[3,7,4.33333,8.33333],"texture":"#2"},"south":{"uv":[0.33333,11,1,12.33333],"texture":"#2"},"west":{"uv":[4.33333,7,5.66667,8.33333],"texture":"#2"},"up":{"uv":[1.66667,12.33333,1,11],"texture":"#2"},"down":{"uv":[2.33333,11,1.66667,12.33333],"texture":"#2"}}},{"from":[7.5,14.60356,2.96447],"to":[8.5,15.60356,4.96447],"rotation":{"angle":-22.5,"axis":"x","origin":[8,14.85356,4.71447]},"faces":{"north":{"uv":[9,11,9.66667,11.66667],"texture":"#2"},"east":{"uv":[1.66667,7.66667,3,8.33333],"texture":"#2"},"west":{"uv":[11,3,12.33333,3.66667],"texture":"#2"},"up":{"uv":[3,12.33333,2.33333,11],"texture":"#2"},"down":{"uv":[11.66667,3.66667,11,5],"texture":"#2"}}},{"from":[7.985,10.60356,-1.03553],"to":[8.015,15.60356,6.96447],"rotation":{"angle":-22.5,"axis":"x","origin":[7.485,14.85356,4.71447]},"faces":{"east":{"uv":[5.33333,0,0,3.33333],"texture":"#2"},"west":{"uv":[0,0,5.33333,3.33333],"texture":"#2"}}},{"from":[7.995,13.73833,9.35799],"to":[8.005,17.73833,14.35799],"rotation":{"angle":22.5,"axis":"x","origin":[8,16.98833,11.35799]},"faces":{"east":{"uv":[0,3.33333,3.33333,6],"texture":"#2"},"west":{"uv":[3.33333,3.33333,0,6],"texture":"#2"}}}],"gui_light":"front","display":{"thirdperson_righthand":{"translation":[0,1,1]},"thirdperson_lefthand":{"translation":[0,1,1]},"firstperson_righthand":{"rotation":[-10,0,0],"translation":[1.25,1.75,-1.25]},"firstperson_lefthand":{"rotation":[-10,0,0],"translation":[1.25,1.75,-1.25]},"ground":{"rotation":[-45,0,0],"translation":[0,5,0],"scale":[0.7,0.7,0.7]},"gui":{"rotation":[-90,45,90],"translation":[1.25,-1.5,0],"scale":[0.8,0.8,0.8]},"head":{"rotation":[0,-90,0]},"fixed":{"rotation":[0,-90,0],"translation":[0,0,-2],"scale":[2,2,2]}},"USER":"33672","NONCE":"c5ace68152f025b658faa42c5e26fb51","TIMESTAMP":"1738160247","RESOURCE":"8477","mcmodels":"c5ace68152f025b658faa42c5e26fb51"}