{"credit":"Made by PolygonMC","texture_size":[24,24],"textures":{"1":"valentineset:animations/animations_1","3":"valentineset:shield"},"elements":[{"from":[5.45546,4.81789,9.34454],"to":[6.65546,7.06789,10.54454],"rotation":{"angle":45,"axis":"y","origin":[8,8,8]},"faces":{"north":{"uv":[7.33333,12.66667,8,14.33333],"texture":"#3"},"east":{"uv":[12,11.33333,12.66667,13],"texture":"#3"},"south":{"uv":[12.66667,0,13.33333,1.66667],"texture":"#3"},"west":{"uv":[6.66667,12.66667,7.33333,14.33333],"texture":"#3"},"up":{"uv":[10,7.33333,9.33333,6.66667],"rotation":90,"texture":"#3"}}},{"from":[5.45546,8.56789,9.34454],"to":[6.65546,11.31789,10.54454],"rotation":{"angle":45,"axis":"y","origin":[8,8,8]},"faces":{"north":{"uv":[12,9.33333,12.66667,11.33333],"texture":"#3"},"east":{"uv":[8.66667,11.33333,9.33333,13.33333],"texture":"#3"},"south":{"uv":[5.33333,12,6,14],"texture":"#3"},"west":{"uv":[6,12,6.66667,14],"texture":"#3"},"down":{"uv":[10.66667,8,10,8.66667],"rotation":270,"texture":"#3"}}},{"from":[5.55546,7.06789,9.44454],"to":[6.55546,8.56789,10.44454],"rotation":{"angle":45,"axis":"y","origin":[8,8,8]},"faces":{"north":{"uv":[2,14.66667,2.66667,15.66667],"texture":"#3"},"east":{"uv":[0.66667,14.66667,1.33333,15.66667],"texture":"#3"},"south":{"uv":[1.33333,14.66667,2,15.66667],"texture":"#3"},"west":{"uv":[14.66667,1.33333,15.33333,2.33333],"texture":"#3"}}},{"from":[5.30546,6.11789,9.19454],"to":[6.80546,6.61789,10.69454],"rotation":{"angle":45,"axis":"y","origin":[8,8,8]},"faces":{"north":{"uv":[14.66667,3.33333,15.66667,3.66667],"texture":"#3"},"east":{"uv":[13.33333,1.33333,14.33333,1.66667],"texture":"#3"},"south":{"uv":[2.66667,14.66667,3.66667,15],"texture":"#3"},"west":{"uv":[14.66667,2.66667,15.66667,3],"texture":"#3"},"up":{"uv":[10.33333,13.66667,9.33333,12.66667],"rotation":90,"texture":"#3"},"down":{"uv":[13.66667,11.33333,12.66667,12.33333],"rotation":270,"texture":"#3"}}},{"from":[5.30546,9.01789,9.19454],"to":[6.80546,9.51789,10.69454],"rotation":{"angle":45,"axis":"y","origin":[8,8,8]},"faces":{"north":{"uv":[6.66667,14.66667,7.66667,15],"texture":"#3"},"east":{"uv":[4,14.66667,5,15],"texture":"#3"},"south":{"uv":[14.66667,5.33333,15.66667,5.66667],"texture":"#3"},"west":{"uv":[14.66667,6,15.66667,6.33333],"texture":"#3"},"up":{"uv":[13.66667,13.66667,12.66667,12.66667],"rotation":90,"texture":"#3"},"down":{"uv":[1,13.33333,0,14.33333],"rotation":270,"texture":"#3"}}},{"from":[5.30546,9.91789,9.19454],"to":[6.80546,10.41789,10.69454],"rotation":{"angle":45,"axis":"y","origin":[8,8,8]},"faces":{"north":{"uv":[14.66667,8,15.66667,8.33333],"texture":"#3"},"east":{"uv":[14.66667,6.66667,15.66667,7],"texture":"#3"},"south":{"uv":[14.66667,7.33333,15.66667,7.66667],"texture":"#3"},"west":{"uv":[8,14.66667,9,15],"texture":"#3"},"up":{"uv":[14.33333,1,13.33333,0],"rotation":90,"texture":"#3"},"down":{"uv":[2.33333,13.33333,1.33333,14.33333],"rotation":270,"texture":"#3"}}},{"from":[11.53813,11.53814,5.6],"to":[13.03813,13.03814,7.9],"rotation":{"angle":45,"axis":"z","origin":[8,8,8]},"faces":{"north":{"uv":[13.33333,2.66667,14.33333,3.66667],"texture":"#3"},"south":{"uv":[2.66667,13.33333,3.66667,14.33333],"texture":"#3"},"west":{"uv":[11.33333,2.66667,13,3.66667],"texture":"#3"},"down":{"uv":[8.33333,11.33333,6.66667,12.33333],"rotation":270,"texture":"#3"}}},{"from":[11.53814,13.03813,5.6],"to":[13.03814,14.53813,7.9],"rotation":{"angle":45,"axis":"z","origin":[8,8,8]},"faces":{"north":{"uv":[13.33333,6.66667,14.33333,7.66667],"texture":"#3"},"east":{"uv":[11.33333,6.66667,13,7.66667],"texture":"#3"},"south":{"uv":[4,13.33333,5,14.33333],"texture":"#3"},"west":{"uv":[1.33333,12,3,13],"texture":"#3"},"up":{"uv":[5,13,3.33333,12],"rotation":90,"texture":"#3"}}},{"from":[13.03814,11.53814,5.6],"to":[14.53814,13.03814,7.9],"rotation":{"angle":45,"axis":"z","origin":[8,8,8]},"faces":{"north":{"uv":[14,4,15,5],"texture":"#3"},"east":{"uv":[12,4,13.66667,5],"texture":"#3"},"south":{"uv":[8,13.33333,9,14.33333],"texture":"#3"},"up":{"uv":[13.66667,6.33333,12,5.33333],"rotation":90,"texture":"#3"},"down":{"uv":[13.66667,8,12,9],"rotation":270,"texture":"#3"}}},{"from":[9.44116,4.72884,9.835],"to":[11.27116,6.55884,11.665],"rotation":{"angle":-45,"axis":"z","origin":[8,8,8]},"faces":{"north":{"uv":[9.33333,4,10.66667,5.33333],"texture":"#3"},"east":{"uv":[6.66667,8.66667,8,10],"texture":"#3"},"south":{"uv":[8.66667,7.33333,10,8.66667],"texture":"#3"},"west":{"uv":[8,8.66667,9.33333,10],"texture":"#3"},"up":{"uv":[10.66667,6.66667,9.33333,5.33333],"rotation":90,"texture":"#3"},"down":{"uv":[10.66667,8.66667,9.33333,10],"rotation":270,"texture":"#3"}}},{"from":[4.49141,9.67859,9.835],"to":[6.32141,11.50859,11.665],"rotation":{"angle":-45,"axis":"z","origin":[8,8,8]},"faces":{"north":{"uv":[6.66667,10,8,11.33333],"texture":"#3"},"east":{"uv":[10,0,11.33333,1.33333],"texture":"#3"},"south":{"uv":[10,1.33333,11.33333,2.66667],"texture":"#3"},"west":{"uv":[10,2.66667,11.33333,4],"texture":"#3"},"up":{"uv":[11.33333,8,10,6.66667],"rotation":90,"texture":"#3"},"down":{"uv":[9.33333,10,8,11.33333],"rotation":270,"texture":"#3"}}},{"from":[3.75,3.16789,5.25],"to":[11.75,11.16789,5.25],"rotation":{"angle":0,"axis":"y","origin":[8,8,8]},"faces":{"north":{"uv":[0,0,16,16],"texture":"#1"}}},{"from":[2.34055,9.65945,6.25],"to":[6.34055,13.65945,7.25],"rotation":{"angle":-45,"axis":"z","origin":[8,8,8]},"faces":{"north":{"uv":[4.66667,6,7.33333,8.66667],"texture":"#3"},"east":{"uv":[9.33333,10,10,12.66667],"texture":"#3"},"south":{"uv":[4.66667,3.33333,7.33333,6],"texture":"#3"},"west":{"uv":[10,10,10.66667,12.66667],"texture":"#3"},"up":{"uv":[0.66667,13.33333,0,10.66667],"rotation":90,"texture":"#3"},"down":{"uv":[1.33333,10.66667,0.66667,13.33333],"rotation":270,"texture":"#3"}}},{"from":[9.20971,4.79029,6.25],"to":[11.20971,6.79029,7.25],"rotation":{"angle":-45,"axis":"z","origin":[8,8,8]},"faces":{"north":{"uv":[2.66667,10.66667,4,12],"texture":"#3"},"east":{"uv":[4,7.33333,4.66667,8.66667],"texture":"#3"},"south":{"uv":[1.33333,10.66667,2.66667,12],"texture":"#3"},"west":{"uv":[12,13.33333,12.66667,14.66667],"texture":"#3"},"down":{"uv":[6,14,5.33333,15.33333],"rotation":270,"texture":"#3"}}},{"from":[12.03814,1.96186,6.25],"to":[14.03814,3.96186,7.25],"rotation":{"angle":-45,"axis":"z","origin":[8,8,8]},"faces":{"north":{"uv":[10.66667,8,12,9.33333],"texture":"#3"},"east":{"uv":[10.66667,14,11.33333,15.33333],"texture":"#3"},"south":{"uv":[10.66667,5.33333,12,6.66667],"texture":"#3"},"west":{"uv":[11.33333,14,12,15.33333],"texture":"#3"},"down":{"uv":[14.66667,11.33333,14,12.66667],"rotation":270,"texture":"#3"}}},{"from":[12.03814,3.96186,6.25],"to":[14.03814,5.96186,7.25],"rotation":{"angle":-45,"axis":"z","origin":[8,8,8]},"faces":{"north":{"uv":[10.66667,10.66667,12,12],"texture":"#3"},"east":{"uv":[12.66667,14,13.33333,15.33333],"texture":"#3"},"south":{"uv":[10.66667,9.33333,12,10.66667],"texture":"#3"},"west":{"uv":[14,12.66667,14.66667,14],"texture":"#3"},"up":{"uv":[14,15.33333,13.33333,14],"rotation":90,"texture":"#3"}}},{"from":[1.96186,3.96186,6.25],"to":[3.96186,5.96186,7.25],"rotation":{"angle":45,"axis":"z","origin":[8,8,8]},"faces":{"north":{"uv":[11.33333,1.33333,12.66667,2.66667],"texture":"#3"},"east":{"uv":[14,14,14.66667,15.33333],"texture":"#3"},"south":{"uv":[11.33333,0,12.66667,1.33333],"texture":"#3"},"west":{"uv":[0,14.66667,0.66667,16],"texture":"#3"},"up":{"uv":[15.33333,1.33333,14.66667,0],"rotation":90,"texture":"#3"}}},{"from":[9.20971,6.79029,6.25],"to":[11.20971,11.79029,7.25],"rotation":{"angle":-45,"axis":"z","origin":[8,8,8]},"faces":{"north":{"uv":[1.33333,7.33333,2.66667,10.66667],"texture":"#3"},"east":{"uv":[8.66667,4,9.33333,7.33333],"texture":"#3"},"south":{"uv":[0,7.33333,1.33333,10.66667],"texture":"#3"},"up":{"uv":[14.66667,6.66667,14,5.33333],"rotation":90,"texture":"#3"}}},{"from":[7.20971,6.79029,6.25],"to":[9.20971,8.79029,7.25],"rotation":{"angle":-45,"axis":"z","origin":[8,8,8]},"faces":{"north":{"uv":[10.66667,4,12,5.33333],"texture":"#3"},"south":{"uv":[4,10.66667,5.33333,12],"texture":"#3"},"west":{"uv":[14,8,14.66667,9.33333],"texture":"#3"}}},{"from":[6.79029,8.79029,6.25],"to":[8.79029,11.79029,7.25],"rotation":{"angle":45,"axis":"z","origin":[8,8,8]},"faces":{"north":{"uv":[8.66667,0,10,2],"texture":"#3"},"east":{"uv":[10.66667,12,11.33333,14],"texture":"#3"},"south":{"uv":[7.33333,6.66667,8.66667,8.66667],"texture":"#3"},"up":{"uv":[10,15.33333,9.33333,14],"rotation":90,"texture":"#3"}}},{"from":[7.20971,8.79029,6.25],"to":[9.20971,11.79029,7.25],"rotation":{"angle":-45,"axis":"z","origin":[8,8,8]},"faces":{"north":{"uv":[4,8.66667,5.33333,10.66667],"texture":"#3"},"south":{"uv":[8.66667,2,10,4],"texture":"#3"},"west":{"uv":[11.33333,12,12,14],"texture":"#3"},"up":{"uv":[10.66667,15.33333,10,14],"rotation":90,"texture":"#3"}}},{"from":[4.79029,6.79029,6.25],"to":[6.79029,11.79029,7.25],"rotation":{"angle":45,"axis":"z","origin":[8,8,8]},"faces":{"north":{"uv":[7.33333,3.33333,8.66667,6.66667],"texture":"#3"},"east":{"uv":[5.33333,8.66667,6,12],"texture":"#3"},"south":{"uv":[2.66667,7.33333,4,10.66667],"texture":"#3"},"west":{"uv":[6,8.66667,6.66667,12],"texture":"#3"},"up":{"uv":[6.66667,15.33333,6,14],"rotation":90,"texture":"#3"}}},{"from":[11.37917,4.71096,6.735],"to":[17.37917,9.71096,6.765],"rotation":{"angle":22.5,"axis":"z","origin":[8,8,8]},"faces":{"north":{"uv":[4.66667,0,8.66667,3.33333],"texture":"#3"},"south":{"uv":[8.66667,0,4.66667,3.33333],"texture":"#3"}}},{"from":[-1.37917,4.71096,6.735],"to":[4.62083,9.71096,6.765],"rotation":{"angle":-22.5,"axis":"z","origin":[8,8,8]},"faces":{"north":{"uv":[8.66667,0,4.66667,3.33333],"texture":"#3"},"south":{"uv":[4.66667,0,8.66667,3.33333],"texture":"#3"}}},{"from":[4.90641,10.09359,7.185],"to":[5.90641,11.09359,9.835],"rotation":{"angle":-45,"axis":"z","origin":[8,8,8]},"faces":{"east":{"uv":[12.66667,2,14.33333,2.66667],"texture":"#3"},"west":{"uv":[12.66667,9.33333,14.33333,10],"texture":"#3"},"up":{"uv":[14.33333,10.66667,12.66667,10],"rotation":90,"texture":"#3"},"down":{"uv":[14.33333,10.66667,12.66667,11.33333],"rotation":270,"texture":"#3"}}},{"from":[9.85616,5.14384,7.185],"to":[10.85616,6.14384,9.835],"rotation":{"angle":-45,"axis":"z","origin":[8,8,8]},"faces":{"east":{"uv":[12.66667,2,14.33333,2.66667],"texture":"#3"},"west":{"uv":[12.66667,9.33333,14.33333,10],"texture":"#3"},"up":{"uv":[14.33333,10.66667,12.66667,10],"rotation":90,"texture":"#3"},"down":{"uv":[14.33333,10.66667,12.66667,11.33333],"rotation":270,"texture":"#3"}}},{"from":[4.5,-3.33211,6.735],"to":[11.5,7.16789,6.765],"rotation":{"angle":0,"axis":"y","origin":[8,8,8]},"faces":{"north":{"uv":[0,0,4.66667,7],"texture":"#3"},"south":{"uv":[4.66667,0,0,7],"texture":"#3"}}}],"gui_light":"front","display":{"thirdperson_righthand":{"rotation":[0,-60,0],"translation":[2.25,-2,-0.5]},"thirdperson_lefthand":{"rotation":[0,-60,0],"translation":[2.25,-2,-0.5]},"firstperson_righthand":{"rotation":[0,0,10.25],"translation":[1.25,1.75,-1]},"firstperson_lefthand":{"rotation":[0,0,10.25],"translation":[1.25,1.75,-1]},"ground":{"rotation":[45,0,0],"translation":[0,5,0],"scale":[0.7,0.7,0.7]},"gui":{"rotation":[0,180,-45],"translation":[0.25,-0.25,0],"scale":[0.8,0.8,0.8]},"fixed":{"translation":[0,-0.25,-2],"scale":[2,2,2]}},"USER":"33672","NONCE":"c5ace68152f025b658faa42c5e26fb51","TIMESTAMP":"1738160247","RESOURCE":"8477","mcmodels":"c5ace68152f025b658faa42c5e26fb51"}