{"credit":"Made by PolygonMC","textures":{"1":"valentineset:animations/animations_1","2":"valentineset:animations/staff_outline","3":"valentineset:staff","particle":"valentineset:animations/staff_outline"},"elements":[{"from":[7.4,1.4,7.4],"to":[8.6,3.65,8.6],"rotation":{"angle":45,"axis":"y","origin":[8,4.4,8]},"faces":{"north":{"uv":[7.33333,11.33333,8,13],"texture":"#3"},"east":{"uv":[8,11.33333,8.66667,13],"texture":"#3"},"south":{"uv":[11.33333,9.33333,12,11],"texture":"#3"},"west":{"uv":[10,11.33333,10.66667,13],"texture":"#3"},"up":{"uv":[6,6.66667,5.33333,6],"texture":"#3"}}},{"from":[7.4,5.15,7.4],"to":[8.6,7.9,8.6],"rotation":{"angle":45,"axis":"y","origin":[8,4.4,8]},"faces":{"north":{"uv":[2.66667,8,3.33333,10],"texture":"#3"},"east":{"uv":[4.66667,10.66667,5.33333,12.66667],"texture":"#3"},"south":{"uv":[5.33333,10.66667,6,12.66667],"texture":"#3"},"west":{"uv":[6,10.66667,6.66667,12.66667],"texture":"#3"},"down":{"uv":[2,7.33333,1.33333,8],"texture":"#3"}}},{"from":[7.5,3.65,7.5],"to":[8.5,5.15,8.5],"rotation":{"angle":45,"axis":"y","origin":[8,4.4,8]},"faces":{"north":{"uv":[4,13.33333,4.66667,14.33333],"texture":"#3"},"east":{"uv":[13.33333,8,14,9],"texture":"#3"},"south":{"uv":[8.66667,13.33333,9.33333,14.33333],"texture":"#3"},"west":{"uv":[9.33333,13.33333,10,14.33333],"texture":"#3"}}},{"from":[7.25,2.7,7.25],"to":[8.75,3.2,8.75],"rotation":{"angle":45,"axis":"y","origin":[8,3.95,8]},"faces":{"north":{"uv":[11.33333,13.33333,12.33333,13.66667],"texture":"#3"},"east":{"uv":[13.33333,12,14.33333,12.33333],"texture":"#3"},"south":{"uv":[12.66667,13.33333,13.66667,13.66667],"texture":"#3"},"west":{"uv":[13.33333,12.66667,14.33333,13],"texture":"#3"},"up":{"uv":[11.66667,1,10.66667,0],"texture":"#3"},"down":{"uv":[11.66667,2.66667,10.66667,3.66667],"texture":"#3"}}},{"from":[7.25,5.6,7.25],"to":[8.75,6.1,8.75],"rotation":{"angle":45,"axis":"y","origin":[8,6.85,8]},"faces":{"north":{"uv":[0,14,1,14.33333],"texture":"#3"},"east":{"uv":[14,0,15,0.33333],"texture":"#3"},"south":{"uv":[14,0.66667,15,1],"texture":"#3"},"west":{"uv":[1.33333,14,2.33333,14.33333],"texture":"#3"},"up":{"uv":[13,5,12,4],"texture":"#3"},"down":{"uv":[13,5.33333,12,6.33333],"texture":"#3"}}},{"from":[7.25,6.5,7.25],"to":[8.75,7,8.75],"rotation":{"angle":45,"axis":"y","origin":[8,7.75,8]},"faces":{"north":{"uv":[14,1.33333,15,1.66667],"texture":"#3"},"east":{"uv":[14,2,15,2.33333],"texture":"#3"},"south":{"uv":[14,2.66667,15,3],"texture":"#3"},"west":{"uv":[14,3.33333,15,3.66667],"texture":"#3"},"up":{"uv":[13,7.66667,12,6.66667],"texture":"#3"},"down":{"uv":[13,8,12,9],"texture":"#3"}}},{"from":[7.4,11.4,7.4],"to":[8.6,13.65,8.6],"rotation":{"angle":45,"axis":"y","origin":[8,14.4,8]},"faces":{"north":{"uv":[10.66667,11.33333,11.33333,13],"texture":"#3"},"east":{"uv":[11.33333,11.33333,12,13],"texture":"#3"},"south":{"uv":[12,0,12.66667,1.66667],"texture":"#3"},"west":{"uv":[12,2,12.66667,3.66667],"texture":"#3"},"up":{"uv":[9.33333,3.33333,8.66667,2.66667],"texture":"#3"}}},{"from":[7.4,15.15,7.4],"to":[8.6,17.9,8.6],"rotation":{"angle":45,"axis":"y","origin":[8,14.4,8]},"faces":{"north":{"uv":[2.66667,11.33333,3.33333,13.33333],"texture":"#3"},"east":{"uv":[3.33333,11.33333,4,13.33333],"texture":"#3"},"south":{"uv":[4,11.33333,4.66667,13.33333],"texture":"#3"},"west":{"uv":[6.66667,11.33333,7.33333,13.33333],"texture":"#3"},"down":{"uv":[5.33333,7.33333,4.66667,8],"texture":"#3"}}},{"from":[7.5,13.65,7.5],"to":[8.5,15.15,8.5],"rotation":{"angle":45,"axis":"y","origin":[8,14.4,8]},"faces":{"north":{"uv":[13.33333,9.33333,14,10.33333],"texture":"#3"},"east":{"uv":[10,13.33333,10.66667,14.33333],"texture":"#3"},"south":{"uv":[10.66667,13.33333,11.33333,14.33333],"texture":"#3"},"west":{"uv":[13.33333,10.66667,14,11.66667],"texture":"#3"}}},{"from":[7.25,12.7,7.25],"to":[8.75,13.2,8.75],"rotation":{"angle":45,"axis":"y","origin":[8,13.95,8]},"faces":{"north":{"uv":[12.66667,14,13.66667,14.33333],"texture":"#3"},"east":{"uv":[14,13.33333,15,13.66667],"texture":"#3"},"south":{"uv":[14,14,15,14.33333],"texture":"#3"},"west":{"uv":[0,14.66667,1,15],"texture":"#3"},"up":{"uv":[3.66667,14.33333,2.66667,13.33333],"texture":"#3"},"down":{"uv":[14.33333,4,13.33333,5],"texture":"#3"}}},{"from":[7.25,15.6,7.25],"to":[8.75,16.1,8.75],"rotation":{"angle":45,"axis":"y","origin":[8,16.85,8]},"faces":{"north":{"uv":[14,10,15,10.33333],"texture":"#3"},"east":{"uv":[14,10.66667,15,11],"texture":"#3"},"south":{"uv":[11.33333,14,12.33333,14.33333],"texture":"#3"},"west":{"uv":[14,11.33333,15,11.66667],"texture":"#3"},"up":{"uv":[13.66667,3.66667,12.66667,2.66667],"texture":"#3"},"down":{"uv":[5.66667,12.66667,4.66667,13.66667],"texture":"#3"}}},{"from":[7.25,16.5,7.25],"to":[8.75,17,8.75],"rotation":{"angle":45,"axis":"y","origin":[8,17.75,8]},"faces":{"north":{"uv":[4.66667,14,5.66667,14.33333],"texture":"#3"},"east":{"uv":[14,8,15,8.33333],"texture":"#3"},"south":{"uv":[14,8.66667,15,9],"texture":"#3"},"west":{"uv":[14,9.33333,15,9.66667],"texture":"#3"},"up":{"uv":[2.33333,13.66667,1.33333,12.66667],"texture":"#3"},"down":{"uv":[13.66667,1.33333,12.66667,2.33333],"texture":"#3"}}},{"from":[6.85,20.75,7.08579],"to":[9.15,22.25,8.58579],"rotation":{"angle":45,"axis":"x","origin":[7.5,20.75,6.58579]},"faces":{"east":{"uv":[8.66667,12,9.66667,13],"texture":"#3"},"south":{"uv":[4.66667,9.33333,6.33333,10.33333],"texture":"#3"},"west":{"uv":[12,9.33333,13,10.33333],"texture":"#3"},"down":{"uv":[11.66667,1.33333,10,2.33333],"texture":"#3"}}},{"from":[6.85,22.39645,6.73223],"to":[9.15,23.89645,8.23223],"rotation":{"angle":45,"axis":"x","origin":[7.5,20.39645,6.23223]},"faces":{"north":{"uv":[2.66667,10,4.33333,11],"texture":"#3"},"east":{"uv":[12,10.66667,13,11.66667],"texture":"#3"},"south":{"uv":[10,4,11.66667,5],"texture":"#3"},"west":{"uv":[12,12,13,13],"texture":"#3"},"up":{"uv":[11.66667,6.33333,10,5.33333],"texture":"#3"}}},{"from":[6.85,20.39645,5.43934],"to":[9.15,21.89645,6.93934],"rotation":{"angle":45,"axis":"x","origin":[7.5,20.39645,6.93934]},"faces":{"north":{"uv":[6.66667,10,8.33333,11],"texture":"#3"},"east":{"uv":[0,12.66667,1,13.66667],"texture":"#3"},"west":{"uv":[12.66667,0,13.66667,1],"texture":"#3"},"up":{"uv":[11.66667,7.66667,10,6.66667],"texture":"#3"},"down":{"uv":[11.66667,8,10,9],"texture":"#3"}}},{"from":[7.085,0.335,7.085],"to":[8.915,2.165,8.915],"rotation":{"angle":-45,"axis":"x","origin":[8,1.25,8]},"faces":{"north":{"uv":[8,0,9.33333,1.33333],"texture":"#3"},"east":{"uv":[8,3.33333,9.33333,4.66667],"texture":"#3"},"south":{"uv":[4.66667,8,6,9.33333],"texture":"#3"},"west":{"uv":[6,8,7.33333,9.33333],"texture":"#3"},"up":{"uv":[10,2.66667,8.66667,1.33333],"texture":"#3"},"down":{"uv":[10,4.66667,8.66667,6],"texture":"#3"}}},{"from":[4,21,4],"to":[12,29,4],"rotation":{"angle":45,"axis":"y","origin":[8,25,8]},"faces":{"north":{"uv":[0,0,16,16],"texture":"#1"}}},{"from":[3.999,21,12],"to":[11.999,29,12],"rotation":{"angle":45,"axis":"y","origin":[8,25,8]},"faces":{"south":{"uv":[0,0,16,16],"texture":"#1"}}},{"from":[4,21,4],"to":[4,29,12],"rotation":{"angle":45,"axis":"y","origin":[8,25,8]},"faces":{"west":{"uv":[0,0,16,16],"texture":"#1"}}},{"from":[12,21,4.001],"to":[12,29,12.001],"rotation":{"angle":45,"axis":"y","origin":[8,25,8]},"faces":{"east":{"uv":[0,0,16,16],"texture":"#1"}}},{"from":[6.83579,7.9,8.25],"to":[8.33579,11.4,9.75],"rotation":{"angle":45,"axis":"y","origin":[6.58579,7.9,8]},"faces":{"north":{"uv":[3.33333,7.33333,4.33333,9.66667],"texture":"#3"},"east":{"uv":[7.33333,4.66667,8.33333,7],"texture":"#3"},"south":{"uv":[7.33333,7.33333,8.33333,9.66667],"texture":"#3"},"west":{"uv":[1.33333,8,2.33333,10.33333],"texture":"#3"},"up":{"uv":[14.33333,7.66667,13.33333,6.66667],"texture":"#3"},"down":{"uv":[8.33333,13.33333,7.33333,14.33333],"texture":"#3"}}},{"from":[6.83579,17.9,8.25],"to":[8.33579,20.4,9.75],"rotation":{"angle":45,"axis":"y","origin":[6.58579,17.9,8]},"faces":{"north":{"uv":[8.66667,10,9.66667,11.66667],"texture":"#3"},"east":{"uv":[10,9.33333,11,11],"texture":"#3"},"south":{"uv":[0,10.66667,1,12.33333],"texture":"#3"},"west":{"uv":[1.33333,10.66667,2.33333,12.33333],"texture":"#3"},"up":{"uv":[14.33333,6.33333,13.33333,5.33333],"texture":"#3"},"down":{"uv":[7,13.33333,6,14.33333],"texture":"#3"}}},{"from":[7.5,23.20711,6.5],"to":[9.5,25.20711,9.5],"rotation":{"angle":-45,"axis":"z","origin":[8,24.70711,8]},"faces":{"north":{"uv":[8.66667,6,10,7.33333],"texture":"#3"},"east":{"uv":[0,6,2,7.33333],"texture":"#3"},"south":{"uv":[8.66667,7.33333,10,8.66667],"texture":"#3"},"west":{"uv":[6,0,8,1.33333],"texture":"#3"},"up":{"uv":[7.33333,3.33333,6,1.33333],"texture":"#3"},"down":{"uv":[3.33333,6,2,8],"texture":"#3"}}},{"from":[5.5,23.20711,6.5],"to":[7.5,25.20711,9.5],"rotation":{"angle":-45,"axis":"z","origin":[8,24.70711,8]},"faces":{"north":{"uv":[9.33333,0,10.66667,1.33333],"texture":"#3"},"south":{"uv":[9.33333,2.66667,10.66667,4],"texture":"#3"},"west":{"uv":[5.33333,6.66667,7.33333,8],"texture":"#3"},"up":{"uv":[1.33333,9.33333,0,7.33333],"texture":"#3"},"down":{"uv":[8.66667,1.33333,7.33333,3.33333],"texture":"#3"}}},{"from":[7.5,25.20711,6.5],"to":[9.5,27.20711,9.5],"rotation":{"angle":-45,"axis":"z","origin":[8,24.70711,8]},"faces":{"north":{"uv":[8.66667,8.66667,10,10],"texture":"#3"},"east":{"uv":[3.33333,6,5.33333,7.33333],"texture":"#3"},"south":{"uv":[0,9.33333,1.33333,10.66667],"texture":"#3"},"west":{"uv":[6,3.33333,8,4.66667],"texture":"#3"},"up":{"uv":[7.33333,6.66667,6,4.66667],"texture":"#3"}}},{"name":"cube_outline","from":[7.8,25.50711,9.8],"to":[5.2,22.90711,6.2],"rotation":{"angle":-45,"axis":"z","origin":[8,24.70711,8]},"faces":{"north":{"uv":[3,10,6,13],"texture":"#2"},"east":{"uv":[0,0,4,3],"texture":"#2"},"south":{"uv":[10,3,13,6],"texture":"#2"},"up":{"uv":[3,7,0,3],"texture":"#2"},"down":{"uv":[6,3,3,7],"texture":"#2"}}},{"name":"cube_outline","from":[9.8,25.50711,9.8],"to":[7.2,22.90711,6.2],"rotation":{"angle":-45,"axis":"z","origin":[8,24.70711,8]},"faces":{"north":{"uv":[12,0,15,3],"texture":"#2"},"east":{"uv":[0,7,4,10],"texture":"#2"},"south":{"uv":[12,6,15,9],"texture":"#2"},"west":{"uv":[8,0,12,3],"texture":"#2"},"up":{"uv":[12,10,9,6],"texture":"#2"},"down":{"uv":[3,10,0,14],"texture":"#2"}}},{"name":"cube_outline","from":[9.8,27.50711,9.8],"to":[7.2,24.90711,6.2],"rotation":{"angle":-45,"axis":"z","origin":[8,24.70711,8]},"faces":{"north":{"uv":[6,10,9,13],"texture":"#2"},"east":{"uv":[4,0,8,3],"texture":"#2"},"south":{"uv":[9,10,12,13],"texture":"#2"},"west":{"uv":[6,3,10,6],"texture":"#2"},"down":{"uv":[9,6,6,10],"texture":"#2"}}}],"gui_light":"front","display":{"thirdperson_righthand":{"translation":[0,-8.75,1]},"thirdperson_lefthand":{"translation":[0,-8.75,1]},"firstperson_righthand":{"rotation":[-10,0,0],"translation":[1.25,-7.25,-0.5]},"firstperson_lefthand":{"rotation":[-10,0,0],"translation":[1.25,-7.25,-0.5]},"ground":{"rotation":[-45,0,0],"translation":[0,5,0],"scale":[0.7,0.7,0.7]},"gui":{"rotation":[0,0,45],"translation":[3,-3,0],"scale":[0.7,0.7,0.7]},"head":{"rotation":[0,-90,0]},"fixed":{"rotation":[0,-90,0],"translation":[0,-4,-2],"scale":[2,2,2]}},"USER":"33672","NONCE":"c5ace68152f025b658faa42c5e26fb51","TIMESTAMP":"1738160247","RESOURCE":"8477","mcmodels":"c5ace68152f025b658faa42c5e26fb51"}