{"textures":{"0":"modelengine:entity/ice_skeleton"},"elements":[{"from":[6.5,4.583333,5.583333],"to":[9.5,7.583333,9.583333],"faces":{"east":{"uv":[9.0,13.25,10.0,14.0],"tintindex":0,"rotation":0,"texture":"#0"},"south":{"uv":[11.75,13.25,12.5,14.0],"tintindex":0,"rotation":0,"texture":"#0"},"north":{"uv":[10.0,13.25,10.75,14.0],"tintindex":0,"rotation":0,"texture":"#0"},"west":{"uv":[10.75,13.25,11.75,14.0],"tintindex":0,"rotation":0,"texture":"#0"},"up":{"uv":[10.75,13.25,10.0,12.25],"tintindex":0,"rotation":0,"texture":"#0"},"down":{"uv":[11.5,12.25,10.75,13.25],"tintindex":0,"rotation":0,"texture":"#0"}}},{"from":[7.0,6.083333,8.583333],"to":[9.0,8.083333,14.583334],"faces":{"east":{"uv":[5.0,13.75,6.5,14.25],"tintindex":0,"rotation":0,"texture":"#0"},"south":{"uv":[8.5,13.75,9.0,14.25],"tintindex":0,"rotation":0,"texture":"#0"},"north":{"uv":[6.5,13.75,7.0,14.25],"tintindex":0,"rotation":0,"texture":"#0"},"west":{"uv":[7.0,13.75,8.5,14.25],"tintindex":0,"rotation":0,"texture":"#0"},"up":{"uv":[7.0,13.75,6.5,12.25],"tintindex":0,"rotation":0,"texture":"#0"},"down":{"uv":[7.5,12.25,7.0,13.75],"tintindex":0,"rotation":0,"texture":"#0"}},"rotation":{"origin":[8.0,7.083333,11.583333],"angle":-22.5,"axis":"x"}},{"from":[6.99,7.573333,0.5733335],"to":[9.01,10.593333,3.5933335],"faces":{"east":{"uv":[5.0,11.25,5.75,12.0],"tintindex":0,"rotation":0,"texture":"#0"},"south":{"uv":[7.0,11.25,7.5,12.0],"tintindex":0,"rotation":0,"texture":"#0"},"north":{"uv":[5.75,11.25,6.25,12.0],"tintindex":0,"rotation":0,"texture":"#0"},"west":{"uv":[6.25,11.25,7.0,12.0],"tintindex":0,"rotation":0,"texture":"#0"},"up":{"uv":[6.25,11.25,5.75,10.5],"tintindex":0,"rotation":0,"texture":"#0"},"down":{"uv":[6.75,10.5,6.25,11.25],"tintindex":0,"rotation":0,"texture":"#0"}},"rotation":{"origin":[8.0,9.083333,2.0833335],"angle":45.0,"axis":"x"}},{"from":[7.0,6.083333,0.5833335],"to":[9.0,8.083333,6.5833335],"faces":{"east":{"uv":[5.0,13.75,6.5,14.25],"tintindex":0,"rotation":0,"texture":"#0"},"south":{"uv":[8.5,13.75,9.0,14.25],"tintindex":0,"rotation":0,"texture":"#0"},"north":{"uv":[6.5,13.75,7.0,14.25],"tintindex":0,"rotation":0,"texture":"#0"},"west":{"uv":[7.0,13.75,8.5,14.25],"tintindex":0,"rotation":0,"texture":"#0"},"up":{"uv":[7.0,13.75,6.5,12.25],"tintindex":0,"rotation":0,"texture":"#0"},"down":{"uv":[7.5,12.25,7.0,13.75],"tintindex":0,"rotation":0,"texture":"#0"}},"rotation":{"origin":[8.0,7.083333,3.5833335],"angle":22.5,"axis":"x"}},{"from":[6.99,7.573333,11.573333],"to":[9.01,10.593333,14.593334],"faces":{"east":{"uv":[5.0,11.25,5.75,12.0],"tintindex":0,"rotation":0,"texture":"#0"},"south":{"uv":[7.0,11.25,7.5,12.0],"tintindex":0,"rotation":0,"texture":"#0"},"north":{"uv":[5.75,11.25,6.25,12.0],"tintindex":0,"rotation":0,"texture":"#0"},"west":{"uv":[6.25,11.25,7.0,12.0],"tintindex":0,"rotation":0,"texture":"#0"},"up":{"uv":[6.25,11.25,5.75,10.5],"tintindex":0,"rotation":0,"texture":"#0"},"down":{"uv":[6.75,10.5,6.25,11.25],"tintindex":0,"rotation":0,"texture":"#0"}},"rotation":{"origin":[8.0,9.083333,13.083334],"angle":45.0,"axis":"x"}}],"display":{"gui":{"rotation":[30,225,0]}}}