{"textures":{"0":"modelengine:entity/ice_skeleton"},"elements":[{"from":[4.999,7.999,5.999],"to":[9.001,11.001,11.001],"faces":{"east":{"uv":[7.75,11.5,9.0,12.25],"tintindex":0,"rotation":0,"texture":"#0"},"south":{"uv":[11.25,11.5,12.25,12.25],"tintindex":0,"rotation":0,"texture":"#0"},"north":{"uv":[9.0,11.5,10.0,12.25],"tintindex":0,"rotation":0,"texture":"#0"},"west":{"uv":[10.0,11.5,11.25,12.25],"tintindex":0,"rotation":0,"texture":"#0"},"up":{"uv":[10.0,11.5,9.0,10.25],"tintindex":0,"rotation":0,"texture":"#0"},"down":{"uv":[11.0,10.25,10.0,11.5],"tintindex":0,"rotation":0,"texture":"#0"}}},{"from":[7.025,-1.975,7.025],"to":[8.975,9.975,8.975],"faces":{"east":{"uv":[11.5,4.5,11.0,7.5],"tintindex":0,"rotation":0,"texture":"#0"},"south":{"uv":[12.0,4.5,11.5,7.5],"tintindex":0,"rotation":0,"texture":"#0"},"north":{"uv":[11.0,4.5,10.5,7.5],"tintindex":0,"rotation":0,"texture":"#0"},"west":{"uv":[10.5,4.5,10.0,7.5],"tintindex":0,"rotation":0,"texture":"#0"},"up":{"uv":[10.5,4.5,11.0,4.0],"tintindex":0,"rotation":0,"texture":"#0"},"down":{"uv":[11.0,4.0,11.5,4.5],"tintindex":0,"rotation":0,"texture":"#0"}}}],"display":{"gui":{"rotation":[30,225,0]}}}