{"textures":{"0":"modelengine:entity/ice_skeleton"},"elements":[{"from":[6.5,4.0,7.5],"to":[9.5,8.0,10.5],"faces":{"east":{"uv":[2.0,11.25,2.75,12.25],"tintindex":0,"rotation":0,"texture":"#0"},"south":{"uv":[4.25,11.25,5.0,12.25],"tintindex":0,"rotation":0,"texture":"#0"},"north":{"uv":[2.75,11.25,3.5,12.25],"tintindex":0,"rotation":0,"texture":"#0"},"west":{"uv":[3.5,11.25,4.25,12.25],"tintindex":0,"rotation":0,"texture":"#0"},"up":{"uv":[3.5,11.25,2.75,10.5],"tintindex":0,"rotation":0,"texture":"#0"},"down":{"uv":[4.25,10.5,3.5,11.25],"tintindex":0,"rotation":0,"texture":"#0"}}},{"from":[6.5,4.0,6.5],"to":[9.5,6.0,7.5],"faces":{"east":{"uv":[0.0,1.5,0.25,2.0],"tintindex":0,"rotation":0,"texture":"#0"},"south":{"uv":[1.25,1.5,2.0,2.0],"tintindex":0,"rotation":0,"texture":"#0"},"north":{"uv":[0.25,1.5,1.0,2.0],"tintindex":0,"rotation":0,"texture":"#0"},"west":{"uv":[1.0,1.5,1.25,2.0],"tintindex":0,"rotation":0,"texture":"#0"},"up":{"uv":[1.0,1.5,0.25,1.25],"tintindex":0,"rotation":0,"texture":"#0"},"down":{"uv":[1.75,1.25,1.0,1.5],"tintindex":0,"rotation":0,"texture":"#0"}}}],"display":{"gui":{"rotation":[30,225,0]}}}