{"textures":{"0":"modelengine:entity/ice_skeleton"},"elements":[{"from":[7.025,-1.975,7.025],"to":[8.975,9.975,8.975],"faces":{"east":{"uv":[10.0,4.5,10.5,7.5],"tintindex":0,"rotation":0,"texture":"#0"},"south":{"uv":[11.5,4.5,12.0,7.5],"tintindex":0,"rotation":0,"texture":"#0"},"north":{"uv":[10.5,4.5,11.0,7.5],"tintindex":0,"rotation":0,"texture":"#0"},"west":{"uv":[11.0,4.5,11.5,7.5],"tintindex":0,"rotation":0,"texture":"#0"},"up":{"uv":[11.0,4.5,10.5,4.0],"tintindex":0,"rotation":0,"texture":"#0"},"down":{"uv":[11.5,4.0,11.0,4.5],"tintindex":0,"rotation":0,"texture":"#0"}}},{"from":[7.0,8.0,8.0],"to":[13.0,14.0,8.0],"faces":{"south":{"uv":[13.5,4.0,15.0,5.5],"tintindex":0,"rotation":0,"texture":"#0"},"north":{"uv":[12.0,4.0,13.5,5.5],"tintindex":0,"rotation":0,"texture":"#0"}},"rotation":{"origin":[10.0,10.5,8.0],"angle":-45.0,"axis":"z"}},{"from":[8.0,9.0,6.0],"to":[11.0,11.0,10.0],"faces":{"east":{"uv":[4.0,4.5,5.0,5.0],"tintindex":0,"rotation":0,"texture":"#0"},"south":{"uv":[6.75,4.5,7.5,5.0],"tintindex":0,"rotation":0,"texture":"#0"},"north":{"uv":[5.0,4.5,5.75,5.0],"tintindex":0,"rotation":0,"texture":"#0"},"west":{"uv":[5.75,4.5,6.75,5.0],"tintindex":0,"rotation":0,"texture":"#0"},"up":{"uv":[5.75,4.5,5.0,3.5],"tintindex":0,"rotation":0,"texture":"#0"},"down":{"uv":[6.5,3.5,5.75,4.5],"tintindex":0,"rotation":0,"texture":"#0"}},"rotation":{"origin":[9.0,10.5,8.5],"angle":22.5,"axis":"y"}},{"from":[6.999,6.999,5.999],"to":[10.001,9.001,11.001],"faces":{"east":{"uv":[6.0,1.25,7.25,1.75],"tintindex":0,"rotation":0,"texture":"#0"},"south":{"uv":[9.25,1.25,10.0,1.75],"tintindex":0,"rotation":0,"texture":"#0"},"north":{"uv":[7.25,1.25,8.0,1.75],"tintindex":0,"rotation":0,"texture":"#0"},"west":{"uv":[8.0,1.25,9.25,1.75],"tintindex":0,"rotation":0,"texture":"#0"},"up":{"uv":[8.0,1.25,7.25,0.0],"tintindex":0,"rotation":0,"texture":"#0"},"down":{"uv":[8.75,0.0,8.0,1.25],"tintindex":0,"rotation":0,"texture":"#0"}}}],"display":{"gui":{"rotation":[30,225,0]}}}