{"textures":{"0":"modelengine:entity/ice_skeleton"},"elements":[{"from":[12.0,10.0,6.0],"to":[12.0,20.0,10.0],"faces":{"east":{"uv":[2.0,4.5,3.0,7.0],"tintindex":0,"rotation":0,"texture":"#0"},"west":{"uv":[3.0,4.5,4.0,7.0],"tintindex":0,"rotation":0,"texture":"#0"}}},{"from":[4.0,20.0,6.0],"to":[12.0,20.0,10.0],"faces":{"up":{"uv":[12.75,8.5,10.75,7.5],"tintindex":0,"rotation":0,"texture":"#0"},"down":{"uv":[14.75,7.5,12.75,8.5],"tintindex":0,"rotation":0,"texture":"#0"}}},{"from":[4.0,10.0,6.0],"to":[4.0,20.0,10.0],"faces":{"east":{"uv":[4.0,4.5,3.0,7.0],"tintindex":0,"rotation":0,"texture":"#0"},"west":{"uv":[3.0,4.5,2.0,7.0],"tintindex":0,"rotation":0,"texture":"#0"}}},{"from":[5.025,8.025,6.025],"to":[10.975,10.975,9.975],"faces":{"east":{"uv":[9.75,9.5,10.75,10.25],"tintindex":0,"rotation":0,"texture":"#0"},"south":{"uv":[13.25,9.5,14.75,10.25],"tintindex":0,"rotation":0,"texture":"#0"},"north":{"uv":[10.75,9.5,12.25,10.25],"tintindex":0,"rotation":0,"texture":"#0"},"west":{"uv":[12.25,9.5,13.25,10.25],"tintindex":0,"rotation":0,"texture":"#0"},"up":{"uv":[12.25,9.5,10.75,8.5],"tintindex":0,"rotation":0,"texture":"#0"},"down":{"uv":[13.75,8.5,12.25,9.5],"tintindex":0,"rotation":0,"texture":"#0"}}},{"from":[4.0,10.0,6.0],"to":[12.0,20.0,6.0],"faces":{"south":{"uv":[7.75,7.5,9.75,10.0],"tintindex":0,"rotation":0,"texture":"#0"},"north":{"uv":[5.75,7.5,7.75,10.0],"tintindex":0,"rotation":0,"texture":"#0"}}},{"from":[4.0,10.0,10.0],"to":[12.0,20.0,10.0],"faces":{"south":{"uv":[7.0,5.0,9.0,7.5],"tintindex":0,"rotation":0,"texture":"#0"},"north":{"uv":[5.0,5.0,7.0,7.5],"tintindex":0,"rotation":0,"texture":"#0"}}},{"from":[5.0,5.0,6.0],"to":[11.0,10.0,6.0],"faces":{"south":{"uv":[13.5,5.5,15.0,6.75],"tintindex":0,"rotation":0,"texture":"#0"},"north":{"uv":[12.0,5.5,13.5,6.75],"tintindex":0,"rotation":0,"texture":"#0"}}}],"display":{"gui":{"rotation":[30,225,0]}}}