{
    "providers": [
   
      {
        "type":"bitmap",
        "file":"minecraft:custom/logo/logo_1.png",
        "ascent":5,
        "height":47,
        "chars": [
          "\uE315"
        ]
      },
      {
        "type":"bitmap",
        "file":"minecraft:custom/logo/logo_2.png",
        "ascent":30,
        "height":37,
        "chars": [
          "\uE316"
        ]
      },

      {
        "type":"bitmap",
        "file":"minecraft:custom/ranks/member.png",
        "ascent":7,
        "height":7,
        "chars": [
          "\uE317"
        ]
    },
      {
          "type":"bitmap",
          "file":"minecraft:custom/ranks/pioneer.png",
          "ascent":7,
          "height":7,
          "chars": [
            "\uE30C"
          ]
      },
      {
        "type":"bitmap",
        "file":"minecraft:custom/ranks/noble.png",
        "ascent":7,
        "height":7,
        "chars": [
          "\uE30D"
        ]
      },
      {
        "type":"bitmap",
        "file":"minecraft:custom/ranks/baron.png",
        "ascent":7,
        "height":7,
        "chars": [
          "\uE30E"
        ]
      },
      {
        "type":"bitmap",
        "file":"minecraft:custom/ranks/duke.png",
        "ascent":7,
        "height":7,
        "chars": [
          "\uE30F"
        ]
      },
      {
        "type":"bitmap",
        "file":"minecraft:custom/ranks/champion.png",
        "ascent":7,
        "height":7,
        "chars": [
          "\uE310"
        ]
      },

      {
        "type":"bitmap",
        "file":"minecraft:custom/ranks/helper.png",
        "ascent":7,
        "height":7,
        "chars": [
          "\uE311"
        ]
      },
      {
        "type":"bitmap",
        "file":"minecraft:custom/ranks/mod.png",
        "ascent":7,
        "height":7,
        "chars": [
          "\uE312"
        ]
      },
      {
        "type":"bitmap",
        "file":"minecraft:custom/ranks/admin.png",
        "ascent":7,
        "height":7,
        "chars": [
          "\uE313"
        ]
      },
      {
        "type":"bitmap",
        "file":"minecraft:custom/ranks/owner.png",
        "ascent":7,
        "height":7,
        "chars": [
          "\uE314"
        ]
      },

      {
        "type":"bitmap",
        "file":"minecraft:custom/misc/orange_alert.png",
        "ascent":7,
        "height":7,
        "chars": [
          "\uE318"
        ]
      },
      {
        "type":"bitmap",
        "file":"minecraft:custom/misc/yellow_alert.png",
        "ascent":7,
        "height":7,
        "chars": [
          "\uE13B"
        ]
      },
      {
        "type":"bitmap",
        "file":"minecraft:custom/misc/red_alert.png",
        "ascent":7,
        "height":7,
        "chars": [
          "\uE13C"
        ]
      },
      {
        "type":"bitmap",
        "file":"minecraft:custom/misc/green_alert.png",
        "ascent":7,
        "height":7,
        "chars": [
          "\uE13D"
        ]
      },

      {
        "type":"bitmap",
        "file":"minecraft:custom/misc/common.png",
        "ascent":7,
        "height":7,
        "chars": [
          "\uE13E"
        ]
      },
      {
        "type":"bitmap",
        "file":"minecraft:custom/misc/rare.png",
        "ascent":7,
        "height":7,
        "chars": [
          "\uE13F"
        ]
      },
      {
        "type":"bitmap",
        "file":"minecraft:custom/misc/epic.png",
        "ascent":7,
        "height":7,
        "chars": [
          "\uE140"
        ]
      },
      {
        "type":"bitmap",
        "file":"minecraft:custom/misc/legendary.png",
        "ascent":7,
        "height":7,
        "chars": [
          "\uE141"
        ]
      },

      {
        "type":"bitmap",
        "file":"minecraft:custom/titles/crates.png",
        "ascent":6,
        "height":8,
        "chars": [
          "\uE142"
        ]
      },
      {
        "type":"bitmap",
        "file":"minecraft:custom/titles/npc.png",
        "ascent":7,
        "height":8,
        "chars": [
          "\uE143"
        ]
      },
      {
        "type":"bitmap",
        "file":"minecraft:custom/titles/information.png",
        "ascent":6,
        "height":8,
        "chars": [
          "\uE144"
        ]
      }

      ]
}