{"credit":"MadewithBlockbench","textures":{"0":"arcade_furniture_v2:big_pile_tokens","particle":"arcade_furniture_v2:big_pile_tokens"},"elements":[{"from":[8.7,0,6],"to":[10.7,2,8],"rotation":{"angle":22.5,"axis":"y","origin":[9.7,2.25,7]},"faces":{"north":{"uv":[4,0,6,2],"texture":"#0"},"east":{"uv":[4,2,6,4],"texture":"#0"},"south":{"uv":[4,4,6,6],"texture":"#0"},"west":{"uv":[0,6,2,8],"texture":"#0"},"up":{"uv":[8,2,6,0],"texture":"#0"},"down":{"uv":[4,6,2,8],"texture":"#0"}}},{"from":[6.2,0,5.5],"to":[8.2,2,7.5],"rotation":{"angle":22.5,"axis":"y","origin":[7.2,1,6.5]},"faces":{"north":{"uv":[8,8,10,10],"texture":"#0"},"east":{"uv":[0,10,2,12],"texture":"#0"},"south":{"uv":[10,0,12,2],"texture":"#0"},"west":{"uv":[2,10,4,12],"texture":"#0"},"up":{"uv":[12,4,10,2],"texture":"#0"},"down":{"uv":[6,10,4,12],"texture":"#0"}}},{"from":[7.7,0,8.5],"to":[9.7,3,10.5],"rotation":{"angle":0,"axis":"y","origin":[-1.3,0,-0.5]},"faces":{"north":{"uv":[0,0,2,3],"texture":"#0"},"east":{"uv":[2,0,4,3],"texture":"#0"},"south":{"uv":[0,3,2,6],"texture":"#0"},"west":{"uv":[2,3,4,6],"texture":"#0"},"up":{"uv":[4,10,2,8],"texture":"#0"},"down":{"uv":[10,2,8,4],"texture":"#0"}}},{"from":[7.7,3,8.5],"to":[9.7,4,10.5],"rotation":{"angle":-22.5,"axis":"y","origin":[8.7,3.5,9.5]},"faces":{"north":{"uv":[0,12,2,13],"texture":"#0"},"east":{"uv":[12,0,14,1],"texture":"#0"},"south":{"uv":[12,1,14,2],"texture":"#0"},"west":{"uv":[2,12,4,13],"texture":"#0"},"up":{"uv":[6,10,4,8],"texture":"#0"},"down":{"uv":[10,4,8,6],"texture":"#0"}}},{"from":[7.7,4,8.5],"to":[9.7,5,10.5],"rotation":{"angle":0,"axis":"y","origin":[8.7,4.5,9.5]},"faces":{"north":{"uv":[12,2,14,3],"texture":"#0"},"east":{"uv":[12,3,14,4],"texture":"#0"},"south":{"uv":[4,12,6,13],"texture":"#0"},"west":{"uv":[12,4,14,5],"texture":"#0"},"up":{"uv":[8,10,6,8],"texture":"#0"},"down":{"uv":[10,6,8,8],"texture":"#0"}}},{"from":[5.2,0,8],"to":[7.2,1,10],"rotation":{"angle":-22.5,"axis":"y","origin":[6.2,0.5,9]},"faces":{"north":{"uv":[10,10,12,11],"texture":"#0"},"east":{"uv":[6,11,8,12],"texture":"#0"},"south":{"uv":[8,11,10,12],"texture":"#0"},"west":{"uv":[10,11,12,12],"texture":"#0"},"up":{"uv":[2,10,0,8],"texture":"#0"},"down":{"uv":[10,0,8,2],"texture":"#0"}}},{"from":[8.7,3,6],"to":[10.7,4,8],"rotation":{"angle":22.5,"axis":"y","origin":[9.7,2.25,7]},"faces":{"north":{"uv":[10,7,12,8],"texture":"#0"},"east":{"uv":[8,10,10,11],"texture":"#0"},"south":{"uv":[10,8,12,9],"texture":"#0"},"west":{"uv":[10,9,12,10],"texture":"#0"},"up":{"uv":[8,6,6,4],"texture":"#0"},"down":{"uv":[8,6,6,8],"texture":"#0"}}},{"from":[8.7,2,6],"to":[10.7,3,8],"rotation":{"angle":0,"axis":"y","origin":[9.7,2.25,7]},"faces":{"north":{"uv":[10,4,12,5],"texture":"#0"},"east":{"uv":[10,5,12,6],"texture":"#0"},"south":{"uv":[6,10,8,11],"texture":"#0"},"west":{"uv":[10,6,12,7],"texture":"#0"},"up":{"uv":[8,4,6,2],"texture":"#0"},"down":{"uv":[6,6,4,8],"texture":"#0"}}}],"gui_light":"front","display":{"thirdperson_righthand":{"rotation":[67.5,0,0],"translation":[0,3.75,4.25],"scale":[0.8125,0.8125,0.8125]},"thirdperson_lefthand":{"rotation":[67.5,0,0],"translation":[0,3.75,4.25],"scale":[0.8125,0.8125,0.8125]},"firstperson_righthand":{"rotation":[0,60,0],"translation":[0,10.5,0],"scale":[1.125,1.125,1.125]},"firstperson_lefthand":{"rotation":[0,60,0],"translation":[0,10.5,0],"scale":[1.125,1.125,1.125]},"ground":{"translation":[0,11,0],"scale":[1.06055,1.06055,1.06055]},"gui":{"rotation":[30,45,0],"translation":[0,10.25,0],"scale":[2,2,2]},"head":{"translation":[0,19.35,0],"scale":[0,0,0]},"fixed":{"rotation":[-90,180,0],"translation":[0,0,-16],"scale":[2,2,2]}},"mcmodels":"3b0ee36cbbf75c0f5a3616f30ec31732"}