{"credit":"MadewithBlockbench","texture_size":[64,64],"textures":{"0":"arcade_furniture_v2:darts","particle":"arcade_furniture_v2:darts"},"elements":[{"from":[0,0,-1],"to":[16,1,17],"faces":{"north":{"uv":[6.5,5.75,10.5,6],"texture":"#0"},"east":{"uv":[6,4.5,10.5,4.75],"texture":"#0"},"south":{"uv":[6.5,6,10.5,6.25],"texture":"#0"},"west":{"uv":[6,4.75,10.5,5],"texture":"#0"},"up":{"uv":[4,4.5,0,0],"texture":"#0"},"down":{"uv":[8,0,4,4.5],"texture":"#0"}}},{"from":[15,1,-1],"to":[16,2,17],"faces":{"north":{"uv":[2,8,2.25,8.25],"texture":"#0"},"east":{"uv":[6,5,10.5,5.25],"texture":"#0"},"south":{"uv":[8,2,8.25,2.25],"texture":"#0"},"west":{"uv":[6,5.25,10.5,5.5],"texture":"#0"},"up":{"uv":[6.25,10,6,5.5],"texture":"#0"},"down":{"uv":[6.5,5.5,6.25,10],"texture":"#0"}}},{"from":[1,1,16],"to":[15,2,17],"faces":{"north":{"uv":[6.5,6.25,10,6.5],"texture":"#0"},"east":{"uv":[2.5,8,2.75,8.25],"texture":"#0"},"south":{"uv":[6.5,6.5,10,6.75],"texture":"#0"},"west":{"uv":[8,2.5,8.25,2.75],"texture":"#0"},"up":{"uv":[3.5,7,0,6.75],"texture":"#0"},"down":{"uv":[10,6.75,6.5,7],"texture":"#0"}}},{"from":[1,1,-1],"to":[15,2,0],"faces":{"north":{"uv":[0,7,3.5,7.25],"texture":"#0"},"east":{"uv":[2.75,8,3,8.25],"texture":"#0"},"south":{"uv":[6.5,7,10,7.25],"texture":"#0"},"west":{"uv":[8,2.75,8.25,3],"texture":"#0"},"up":{"uv":[3.5,7.5,0,7.25],"texture":"#0"},"down":{"uv":[10,7.25,6.5,7.5],"texture":"#0"}}},{"from":[2,1,6],"to":[14,3,8],"rotation":{"angle":0,"axis":"y","origin":[0,0,-1]},"faces":{"north":{"uv":[0,4.5,3,5],"texture":"#0"},"east":{"uv":[1,7.5,1.5,8],"texture":"#0"},"south":{"uv":[3,4.5,6,5],"texture":"#0"},"west":{"uv":[1.5,7.5,2,8],"texture":"#0"},"up":{"uv":[3,5.5,0,5],"texture":"#0"},"down":{"uv":[6,5,3,5.5],"texture":"#0"}}},{"from":[3,1.25,4],"to":[4.5,2.75,6],"rotation":{"angle":-45,"axis":"z","origin":[3.75,2,5]},"faces":{"north":{"uv":[1.5,8,1.875,8.375],"texture":"#0"},"east":{"uv":[7,7.5,7.5,7.875],"texture":"#0"},"south":{"uv":[8,1.5,8.375,1.875],"texture":"#0"},"west":{"uv":[7.5,7.5,8,7.875],"texture":"#0"},"up":{"uv":[8.375,0.5,8,0],"texture":"#0"},"down":{"uv":[8.375,0.5,8,1],"texture":"#0"}}},{"from":[2.7,2,1],"to":[4.8,2,4],"rotation":{"angle":-45,"axis":"z","origin":[3.75,2,2.5]},"faces":{"north":{"uv":[0,0,0.5,0],"texture":"#0"},"east":{"uv":[0,0,0.75,0],"texture":"#0"},"south":{"uv":[0,0,0.5,0],"texture":"#0"},"west":{"uv":[0,0,0.75,0],"texture":"#0"},"up":{"uv":[5.5,8,5,7.25],"texture":"#0"},"down":{"uv":[6,7.25,5.5,8],"texture":"#0"}}},{"from":[2.7,2,1],"to":[4.8,2,4],"rotation":{"angle":45,"axis":"z","origin":[3.75,2,2.5]},"faces":{"north":{"uv":[0,0,0.5,0],"texture":"#0"},"east":{"uv":[0,0,0.75,0],"texture":"#0"},"south":{"uv":[0,0,0.5,0],"texture":"#0"},"west":{"uv":[0,0,0.75,0],"texture":"#0"},"up":{"uv":[0.5,8.25,0,7.5],"texture":"#0"},"down":{"uv":[1,7.5,0.5,8.25],"texture":"#0"}}},{"from":[5.7,1.25,4],"to":[7.2,2.75,6],"rotation":{"angle":-45,"axis":"z","origin":[6.45,2,5]},"faces":{"north":{"uv":[1.5,8,1.875,8.375],"texture":"#0"},"east":{"uv":[7,7.5,7.5,7.875],"texture":"#0"},"south":{"uv":[8,1.5,8.375,1.875],"texture":"#0"},"west":{"uv":[7.5,7.5,8,7.875],"texture":"#0"},"up":{"uv":[8.375,0.5,8,0],"texture":"#0"},"down":{"uv":[8.375,0.5,8,1],"texture":"#0"}}},{"from":[5.4,2,1],"to":[7.5,2,4],"rotation":{"angle":45,"axis":"z","origin":[6.45,2,2.5]},"faces":{"north":{"uv":[0,0,0.5,0],"texture":"#0"},"east":{"uv":[0,0,0.75,0],"texture":"#0"},"south":{"uv":[0,0,0.5,0],"texture":"#0"},"west":{"uv":[0,0,0.75,0],"texture":"#0"},"up":{"uv":[0.5,8.25,0,7.5],"texture":"#0"},"down":{"uv":[1,7.5,0.5,8.25],"texture":"#0"}}},{"from":[5.4,2,1],"to":[7.5,2,4],"rotation":{"angle":-45,"axis":"z","origin":[6.45,2,2.5]},"faces":{"north":{"uv":[0,0,0.5,0],"texture":"#0"},"east":{"uv":[0,0,0.75,0],"texture":"#0"},"south":{"uv":[0,0,0.5,0],"texture":"#0"},"west":{"uv":[0,0,0.75,0],"texture":"#0"},"up":{"uv":[5.5,8,5,7.25],"texture":"#0"},"down":{"uv":[6,7.25,5.5,8],"texture":"#0"}}},{"from":[11.5,1.25,4],"to":[13,2.75,6],"rotation":{"angle":-45,"axis":"z","origin":[12.25,2,5]},"faces":{"north":{"uv":[1.5,8,1.875,8.375],"texture":"#0"},"east":{"uv":[7,7.5,7.5,7.875],"texture":"#0"},"south":{"uv":[8,1.5,8.375,1.875],"texture":"#0"},"west":{"uv":[7.5,7.5,8,7.875],"texture":"#0"},"up":{"uv":[8.375,0.5,8,0],"texture":"#0"},"down":{"uv":[8.375,0.5,8,1],"texture":"#0"}}},{"from":[11.2,2,1],"to":[13.3,2,4],"rotation":{"angle":45,"axis":"z","origin":[12.25,2,2.5]},"faces":{"north":{"uv":[0,0,0.5,0],"texture":"#0"},"east":{"uv":[0,0,0.75,0],"texture":"#0"},"south":{"uv":[0,0,0.5,0],"texture":"#0"},"west":{"uv":[0,0,0.75,0],"texture":"#0"},"up":{"uv":[0.5,8.25,0,7.5],"texture":"#0"},"down":{"uv":[1,7.5,0.5,8.25],"texture":"#0"}}},{"from":[11.2,2,1],"to":[13.3,2,4],"rotation":{"angle":-45,"axis":"z","origin":[12.25,2,2.5]},"faces":{"north":{"uv":[0,0,0.5,0],"texture":"#0"},"east":{"uv":[0,0,0.75,0],"texture":"#0"},"south":{"uv":[0,0,0.5,0],"texture":"#0"},"west":{"uv":[0,0,0.75,0],"texture":"#0"},"up":{"uv":[5.5,8,5,7.25],"texture":"#0"},"down":{"uv":[6,7.25,5.5,8],"texture":"#0"}}},{"from":[8.7,1.25,4],"to":[10.2,2.75,6],"rotation":{"angle":-45,"axis":"z","origin":[9.45,2,5]},"faces":{"north":{"uv":[1.5,8,1.875,8.375],"texture":"#0"},"east":{"uv":[7,7.5,7.5,7.875],"texture":"#0"},"south":{"uv":[8,1.5,8.375,1.875],"texture":"#0"},"west":{"uv":[7.5,7.5,8,7.875],"texture":"#0"},"up":{"uv":[8.375,0.5,8,0],"texture":"#0"},"down":{"uv":[8.375,0.5,8,1],"texture":"#0"}}},{"from":[8.4,2,1],"to":[10.5,2,4],"rotation":{"angle":45,"axis":"z","origin":[9.45,2,2.5]},"faces":{"north":{"uv":[0,0,0.5,0],"texture":"#0"},"east":{"uv":[0,0,0.75,0],"texture":"#0"},"south":{"uv":[0,0,0.5,0],"texture":"#0"},"west":{"uv":[0,0,0.75,0],"texture":"#0"},"up":{"uv":[0.5,8.25,0,7.5],"texture":"#0"},"down":{"uv":[1,7.5,0.5,8.25],"texture":"#0"}}},{"from":[8.4,2,1],"to":[10.5,2,4],"rotation":{"angle":-45,"axis":"z","origin":[9.45,2,2.5]},"faces":{"north":{"uv":[0,0,0.5,0],"texture":"#0"},"east":{"uv":[0,0,0.75,0],"texture":"#0"},"south":{"uv":[0,0,0.5,0],"texture":"#0"},"west":{"uv":[0,0,0.75,0],"texture":"#0"},"up":{"uv":[5.5,8,5,7.25],"texture":"#0"},"down":{"uv":[6,7.25,5.5,8],"texture":"#0"}}},{"from":[2.7,2,9],"to":[4.8,2,12],"rotation":{"angle":45,"axis":"z","origin":[3.75,2,10.5]},"faces":{"north":{"uv":[0,0,0.5,0],"texture":"#0"},"east":{"uv":[0,0,0.75,0],"texture":"#0"},"south":{"uv":[0,0,0.5,0],"texture":"#0"},"west":{"uv":[0,0,0.75,0],"texture":"#0"},"up":{"uv":[5.5,7.25,5,6.5],"texture":"#0"},"down":{"uv":[6,6.5,5.5,7.25],"texture":"#0"}}},{"from":[2.7,2,9],"to":[4.8,2,12],"rotation":{"angle":-45,"axis":"z","origin":[3.75,2,10.5]},"faces":{"north":{"uv":[0,0,0.5,0],"texture":"#0"},"east":{"uv":[0,0,0.75,0],"texture":"#0"},"south":{"uv":[0,0,0.5,0],"texture":"#0"},"west":{"uv":[0,0,0.75,0],"texture":"#0"},"up":{"uv":[4,7.5,3.5,6.75],"texture":"#0"},"down":{"uv":[4.5,6.75,4,7.5],"texture":"#0"}}},{"from":[3,1.25,12],"to":[4.5,2.75,14],"rotation":{"angle":-45,"axis":"z","origin":[3.75,2,13]},"faces":{"north":{"uv":[1,8,1.375,8.375],"texture":"#0"},"east":{"uv":[3,7.5,3.5,7.875],"texture":"#0"},"south":{"uv":[8,1,8.375,1.375],"texture":"#0"},"west":{"uv":[3.5,7.5,4,7.875],"texture":"#0"},"up":{"uv":[4.375,8,4,7.5],"texture":"#0"},"down":{"uv":[6.875,7.5,6.5,8],"texture":"#0"}}},{"from":[11.2,2,9],"to":[13.3,2,12],"rotation":{"angle":45,"axis":"z","origin":[12.25,2,10.5]},"faces":{"north":{"uv":[0,0,0.5,0],"texture":"#0"},"east":{"uv":[0,0,0.75,0],"texture":"#0"},"south":{"uv":[0,0,0.5,0],"texture":"#0"},"west":{"uv":[0,0,0.75,0],"texture":"#0"},"up":{"uv":[5.5,7.25,5,6.5],"texture":"#0"},"down":{"uv":[6,6.5,5.5,7.25],"texture":"#0"}}},{"from":[11.2,2,9],"to":[13.3,2,12],"rotation":{"angle":-45,"axis":"z","origin":[12.25,2,10.5]},"faces":{"north":{"uv":[0,0,0.5,0],"texture":"#0"},"east":{"uv":[0,0,0.75,0],"texture":"#0"},"south":{"uv":[0,0,0.5,0],"texture":"#0"},"west":{"uv":[0,0,0.75,0],"texture":"#0"},"up":{"uv":[4,7.5,3.5,6.75],"texture":"#0"},"down":{"uv":[4.5,6.75,4,7.5],"texture":"#0"}}},{"from":[11.5,1.25,12],"to":[13,2.75,14],"rotation":{"angle":-45,"axis":"z","origin":[12.25,2,13]},"faces":{"north":{"uv":[1,8,1.375,8.375],"texture":"#0"},"east":{"uv":[3,7.5,3.5,7.875],"texture":"#0"},"south":{"uv":[8,1,8.375,1.375],"texture":"#0"},"west":{"uv":[3.5,7.5,4,7.875],"texture":"#0"},"up":{"uv":[4.375,8,4,7.5],"texture":"#0"},"down":{"uv":[6.875,7.5,6.5,8],"texture":"#0"}}},{"from":[8.4,2,9],"to":[10.5,2,12],"rotation":{"angle":45,"axis":"z","origin":[9.45,2,10.5]},"faces":{"north":{"uv":[0,0,0.5,0],"texture":"#0"},"east":{"uv":[0,0,0.75,0],"texture":"#0"},"south":{"uv":[0,0,0.5,0],"texture":"#0"},"west":{"uv":[0,0,0.75,0],"texture":"#0"},"up":{"uv":[5.5,7.25,5,6.5],"texture":"#0"},"down":{"uv":[6,6.5,5.5,7.25],"texture":"#0"}}},{"from":[8.4,2,9],"to":[10.5,2,12],"rotation":{"angle":-45,"axis":"z","origin":[9.45,2,10.5]},"faces":{"north":{"uv":[0,0,0.5,0],"texture":"#0"},"east":{"uv":[0,0,0.75,0],"texture":"#0"},"south":{"uv":[0,0,0.5,0],"texture":"#0"},"west":{"uv":[0,0,0.75,0],"texture":"#0"},"up":{"uv":[4,7.5,3.5,6.75],"texture":"#0"},"down":{"uv":[4.5,6.75,4,7.5],"texture":"#0"}}},{"from":[8.7,1.25,12],"to":[10.2,2.75,14],"rotation":{"angle":45,"axis":"z","origin":[9.45,2,13]},"faces":{"north":{"uv":[1,8,1.375,8.375],"rotation":270,"texture":"#0"},"east":{"uv":[4.375,8,4,7.5],"rotation":90,"texture":"#0"},"south":{"uv":[8,1,8.375,1.375],"rotation":90,"texture":"#0"},"west":{"uv":[6.875,7.5,6.5,8],"rotation":90,"texture":"#0"},"up":{"uv":[3.5,7.5,4,7.875],"rotation":90,"texture":"#0"},"down":{"uv":[3,7.5,3.5,7.875],"rotation":90,"texture":"#0"}}},{"from":[5.4,2,9],"to":[7.5,2,12],"rotation":{"angle":45,"axis":"z","origin":[6.45,2,10.5]},"faces":{"north":{"uv":[0,0,0.5,0],"texture":"#0"},"east":{"uv":[0,0,0.75,0],"texture":"#0"},"south":{"uv":[0,0,0.5,0],"texture":"#0"},"west":{"uv":[0,0,0.75,0],"texture":"#0"},"up":{"uv":[5.5,7.25,5,6.5],"texture":"#0"},"down":{"uv":[6,6.5,5.5,7.25],"texture":"#0"}}},{"from":[5.4,2,9],"to":[7.5,2,12],"rotation":{"angle":-45,"axis":"z","origin":[6.45,2,10.5]},"faces":{"north":{"uv":[0,0,0.5,0],"texture":"#0"},"east":{"uv":[0,0,0.75,0],"texture":"#0"},"south":{"uv":[0,0,0.5,0],"texture":"#0"},"west":{"uv":[0,0,0.75,0],"texture":"#0"},"up":{"uv":[4,7.5,3.5,6.75],"texture":"#0"},"down":{"uv":[4.5,6.75,4,7.5],"texture":"#0"}}},{"from":[5.7,1.25,12],"to":[7.2,2.75,14],"rotation":{"angle":-45,"axis":"z","origin":[6.45,2,13]},"faces":{"north":{"uv":[1,8,1.375,8.375],"texture":"#0"},"east":{"uv":[3,7.5,3.5,7.875],"texture":"#0"},"south":{"uv":[8,1,8.375,1.375],"texture":"#0"},"west":{"uv":[3.5,7.5,4,7.875],"texture":"#0"},"up":{"uv":[4.375,8,4,7.5],"texture":"#0"},"down":{"uv":[6.875,7.5,6.5,8],"texture":"#0"}}},{"from":[2,1,14],"to":[14,3,16],"faces":{"north":{"uv":[0,5.5,3,6],"texture":"#0"},"east":{"uv":[2,7.5,2.5,8],"texture":"#0"},"south":{"uv":[3,5.5,6,6],"texture":"#0"},"west":{"uv":[2.5,7.5,3,8],"texture":"#0"},"up":{"uv":[3,6.5,0,6],"texture":"#0"},"down":{"uv":[6,6,3,6.5],"texture":"#0"}}},{"from":[0,1,-1],"to":[1,2,17],"faces":{"north":{"uv":[2.25,8,2.5,8.25],"texture":"#0"},"east":{"uv":[0,6.5,4.5,6.75],"texture":"#0"},"south":{"uv":[8,2.25,8.25,2.5],"texture":"#0"},"west":{"uv":[6.5,5.5,11,5.75],"texture":"#0"},"up":{"uv":[4.75,11,4.5,6.5],"texture":"#0"},"down":{"uv":[5,6.5,4.75,11],"texture":"#0"}}}],"gui_light":"front","display":{"thirdperson_righthand":{"rotation":[67.5,0,0],"translation":[0,3.75,1.75],"scale":[0.34766,0.34766,0.34766]},"thirdperson_lefthand":{"rotation":[67.5,0,0],"translation":[0,3.75,1.75],"scale":[0.34766,0.34766,0.34766]},"firstperson_righthand":{"translation":[1.25,6,0],"scale":[0.59922,0.59922,0.59922]},"firstperson_lefthand":{"translation":[1.25,6,0],"scale":[0.59922,0.59922,0.59922]},"ground":{"translation":[0,6.25,0],"scale":[0.5,0.5,0.5]},"gui":{"rotation":[90,0,0],"translation":[-0.25,-0.1,0],"scale":[0.69922,0.69922,0.69922]},"head":{"translation":[0,-30.4,0],"scale":[0,0,0]},"fixed":{"rotation":[-90,180,0],"translation":[0,0,-16],"scale":[2,2,2]}},"mcmodels":"3b0ee36cbbf75c0f5a3616f30ec31732"}