{"credit":"Pologony Creation Co.,Ltd.","texture_size":[52,52],"textures":{"1":"nanoedge_set:chest","2":"nanoedge_set:animations/animated_1","3":"nanoedge_set:animations/animated_2","particle":"nanoedge_set:animations/animated_1"},"elements":[{"from":[1.5,7,1.5],"to":[14.5,8,14.5],"rotation":{"angle":0,"axis":"y","origin":[0,-2,0]},"faces":{"north":{"uv":[8.30769,10.15385,12.30769,10.46154],"texture":"#1"},"east":{"uv":[8.30769,10.76923,12.30769,11.07692],"texture":"#1"},"south":{"uv":[8.30769,11.38462,12.30769,11.69231],"texture":"#1"},"west":{"uv":[11.69231,0,15.69231,0.30769],"texture":"#1"},"up":{"uv":[4,4,0,0],"texture":"#1"},"down":{"uv":[4,4.30769,0,8.30769],"texture":"#1"}}},{"from":[2,8,2],"to":[6,12.25,14],"rotation":{"angle":0,"axis":"y","origin":[-9,-1,0]},"faces":{"north":{"uv":[5.23077,9.53846,6.46154,10.84615],"texture":"#1"},"east":{"uv":[8,6.46154,11.69231,7.76923],"texture":"#1"},"south":{"uv":[6.76923,10.15385,8,11.46154],"texture":"#1"},"west":{"uv":[8,8.30769,11.69231,9.61538],"texture":"#1"},"up":{"uv":[1.23077,12.30769,0,8.61538],"texture":"#1"}}},{"from":[5.41161,10.8295,2.0035],"to":[7.16161,12.0795,13.9965],"rotation":{"angle":-45,"axis":"z","origin":[5.91161,11.4545,8.0035]},"faces":{"north":{"uv":[13.23077,0.61538,13.76923,1],"texture":"#1"},"south":{"uv":[11.38462,13.23077,11.92308,13.61538],"texture":"#1"},"up":{"uv":[4.84615,13.23077,4.30769,9.53846],"texture":"#1"}}},{"from":[1.5035,4.13946,3.36092],"to":[2.4965,5.21446,4.77512],"rotation":{"angle":45,"axis":"x","origin":[7.5,8.14644,7.5]},"faces":{"east":{"uv":[5.84615,13.53846,6.30769,13.84615],"texture":"#1"},"west":{"uv":[8.61538,13.53846,9.07692,13.84615],"texture":"#1"},"up":{"uv":[13.84615,11.84615,13.53846,11.38462],"texture":"#1"}}},{"from":[1.50001,8.33921,1.5035],"to":[2.91421,9.41421,2.4965],"rotation":{"angle":-45,"axis":"z","origin":[1.5,8,-4]},"faces":{"north":{"uv":[3.07692,13.53846,3.53846,13.84615],"texture":"#1"},"south":{"uv":[4,13.53846,4.46154,13.84615],"texture":"#1"},"up":{"uv":[5.38462,13.84615,4.92308,13.53846],"texture":"#1"}}},{"from":[1.5,8,1.5],"to":[2.5,9,2.5],"rotation":{"angle":0,"axis":"y","origin":[1.5,8,1.5]},"faces":{"north":{"uv":[12,9.53846,12.30769,9.84615],"texture":"#1"},"east":{"uv":[12.92308,13.84615,13.23077,14.15385],"texture":"#1"},"south":{"uv":[13.53846,13.84615,13.84615,14.15385],"texture":"#1"},"west":{"uv":[14.15385,0.61538,14.46154,0.92308],"texture":"#1"},"up":{"uv":[14.46154,1.53846,14.15385,1.23077],"texture":"#1"}}},{"from":[13.5,8,1.5],"to":[14.5,9,2.5],"rotation":{"angle":0,"axis":"y","origin":[14.5,8,1.5]},"faces":{"north":{"uv":[12.30769,9.53846,12,9.84615],"texture":"#1"},"east":{"uv":[14.46154,0.61538,14.15385,0.92308],"texture":"#1"},"south":{"uv":[13.84615,13.84615,13.53846,14.15385],"texture":"#1"},"west":{"uv":[13.23077,13.84615,12.92308,14.15385],"texture":"#1"},"up":{"uv":[14.15385,1.53846,14.46154,1.23077],"texture":"#1"}}},{"from":[13.08579,8.33921,1.5035],"to":[14.49999,9.41421,2.4965],"rotation":{"angle":45,"axis":"z","origin":[14.5,8,-4]},"faces":{"north":{"uv":[3.53846,13.53846,3.07692,13.84615],"texture":"#1"},"south":{"uv":[4.46154,13.53846,4,13.84615],"texture":"#1"},"up":{"uv":[4.92308,13.84615,5.38462,13.53846],"texture":"#1"}}},{"from":[13.5035,4.13946,3.36092],"to":[14.4965,5.21446,4.77512],"rotation":{"angle":45,"axis":"x","origin":[8.5,8.14644,7.5]},"faces":{"east":{"uv":[9.07692,13.53846,8.61538,13.84615],"texture":"#1"},"west":{"uv":[6.30769,13.53846,5.84615,13.84615],"texture":"#1"},"up":{"uv":[13.53846,11.84615,13.84615,11.38462],"texture":"#1"}}},{"from":[8.83839,10.8295,2.0035],"to":[10.58839,12.0795,13.9965],"rotation":{"angle":45,"axis":"z","origin":[10.08839,11.4545,8.0035]},"faces":{"north":{"uv":[13.76923,0.61538,13.23077,1],"texture":"#1"},"south":{"uv":[11.92308,13.23077,11.38462,13.61538],"texture":"#1"},"up":{"uv":[4.30769,13.23077,4.84615,9.53846],"texture":"#1"}}},{"from":[6,8,2],"to":[10,11.25,14],"rotation":{"angle":0,"axis":"y","origin":[21,-1,0]},"faces":{"north":{"uv":[6.46154,11.38462,5.23077,12.38462],"texture":"#1"},"south":{"uv":[12.92308,0.61538,11.69231,1.61538],"texture":"#1"},"up":{"uv":[1.53846,12.30769,2.76923,8.61538],"texture":"#1"}}},{"from":[10,8,2],"to":[14,12.25,14],"rotation":{"angle":0,"axis":"y","origin":[25,-1,0]},"faces":{"north":{"uv":[6.46154,9.53846,5.23077,10.84615],"texture":"#1"},"east":{"uv":[11.69231,8.30769,8,9.61538],"texture":"#1"},"south":{"uv":[8,10.15385,6.76923,11.46154],"texture":"#1"},"west":{"uv":[11.69231,6.46154,8,7.76923],"texture":"#1"},"up":{"uv":[0,12.30769,1.23077,8.61538],"texture":"#1"}}},{"from":[13.5035,4.13946,11.22488],"to":[14.4965,5.21446,12.63908],"rotation":{"angle":-45,"axis":"x","origin":[8.5,8.14644,8.5]},"faces":{"east":{"uv":[8.61538,13.53846,9.07692,13.84615],"texture":"#1"},"west":{"uv":[5.84615,13.53846,6.30769,13.84615],"texture":"#1"},"up":{"uv":[13.53846,11.38462,13.84615,11.84615],"texture":"#1"}}},{"from":[13.5,8,13.5],"to":[14.5,9,14.5],"rotation":{"angle":0,"axis":"y","origin":[14.5,8,14.5]},"faces":{"north":{"uv":[13.53846,13.84615,13.84615,14.15385],"texture":"#1"},"east":{"uv":[14.15385,0.61538,14.46154,0.92308],"texture":"#1"},"south":{"uv":[12,9.53846,12.30769,9.84615],"texture":"#1"},"west":{"uv":[12.92308,13.84615,13.23077,14.15385],"texture":"#1"},"up":{"uv":[14.15385,1.23077,14.46154,1.53846],"texture":"#1"}}},{"from":[13.08579,8.33921,13.5035],"to":[14.49999,9.41421,14.4965],"rotation":{"angle":45,"axis":"z","origin":[14.5,8,20]},"faces":{"north":{"uv":[4,13.53846,4.46154,13.84615],"texture":"#1"},"south":{"uv":[3.07692,13.53846,3.53846,13.84615],"texture":"#1"},"up":{"uv":[4.92308,13.53846,5.38462,13.84615],"texture":"#1"}}},{"from":[1.5035,4.13946,11.22488],"to":[2.4965,5.21446,12.63908],"rotation":{"angle":-45,"axis":"x","origin":[7.5,8.14644,8.5]},"faces":{"east":{"uv":[6.30769,13.53846,5.84615,13.84615],"texture":"#1"},"west":{"uv":[9.07692,13.53846,8.61538,13.84615],"texture":"#1"},"up":{"uv":[13.84615,11.38462,13.53846,11.84615],"texture":"#1"}}},{"from":[1.5,8,13.5],"to":[2.5,9,14.5],"rotation":{"angle":0,"axis":"y","origin":[1.5,8,14.5]},"faces":{"north":{"uv":[13.84615,13.84615,13.53846,14.15385],"texture":"#1"},"east":{"uv":[13.23077,13.84615,12.92308,14.15385],"texture":"#1"},"south":{"uv":[12.30769,9.53846,12,9.84615],"texture":"#1"},"west":{"uv":[14.46154,0.61538,14.15385,0.92308],"texture":"#1"},"up":{"uv":[14.46154,1.23077,14.15385,1.53846],"texture":"#1"}}},{"from":[1.50001,8.33921,13.5035],"to":[2.91421,9.41421,14.4965],"rotation":{"angle":-45,"axis":"z","origin":[1.5,8,20]},"faces":{"north":{"uv":[4.46154,13.53846,4,13.84615],"texture":"#1"},"south":{"uv":[3.53846,13.53846,3.07692,13.84615],"texture":"#1"},"up":{"uv":[5.38462,13.53846,4.92308,13.84615],"texture":"#1"}}},{"from":[2,1,2],"to":[3,2,3],"rotation":{"angle":0,"axis":"y","origin":[2,1,2]},"faces":{"north":{"uv":[12,9.53846,12.30769,9.84615],"texture":"#1"},"east":{"uv":[12.92308,13.84615,13.23077,14.15385],"texture":"#1"},"south":{"uv":[13.53846,13.84615,13.84615,14.15385],"texture":"#1"},"west":{"uv":[14.15385,0.61538,14.46154,0.92308],"texture":"#1"},"up":{"uv":[14.46154,1.53846,14.15385,1.23077],"texture":"#1"}}},{"from":[2,2.5,2],"to":[3.25,4.5,3.25],"rotation":{"angle":0,"axis":"y","origin":[2,1,-3.5]},"faces":{"north":{"uv":[8.61538,12.61538,9,13.23077],"texture":"#1"},"east":{"uv":[12.61538,11.38462,13,12],"texture":"#1"},"south":{"uv":[12.61538,12.30769,13,12.92308],"texture":"#1"},"west":{"uv":[12.92308,2.15385,13.30769,2.76923],"texture":"#1"},"up":{"uv":[1.61538,13.92308,1.23077,13.53846],"texture":"#1"},"down":{"uv":[2.53846,13.53846,2.15385,13.92308],"texture":"#1"}}},{"from":[2.25,1,2.25],"to":[3.5,6,3.5],"rotation":{"angle":0,"axis":"y","origin":[2,1,-3.5]},"faces":{"north":{"uv":[3.07692,11.69231,3.46154,13.23077],"texture":"#1"},"east":{"uv":[12,7.69231,12.38462,9.23077],"texture":"#1"},"south":{"uv":[9.53846,12,9.92308,13.53846],"texture":"#1"},"west":{"uv":[10.46154,12,10.84615,13.53846],"texture":"#1"}}},{"from":[2.00001,1.36421,2.0035],"to":[3.41421,2.41421,2.9965],"rotation":{"angle":-45,"axis":"z","origin":[2,1,-3.5]},"faces":{"north":{"uv":[3.07692,13.53846,3.53846,13.84615],"texture":"#1"},"south":{"uv":[4,13.53846,4.46154,13.84615],"texture":"#1"},"up":{"uv":[5.38462,13.84615,4.92308,13.53846],"texture":"#1"}}},{"from":[2.0035,-2.83554,3.86092],"to":[2.9965,-1.78554,5.27512],"rotation":{"angle":45,"axis":"x","origin":[8,1.14644,8]},"faces":{"east":{"uv":[5.84615,13.53846,6.30769,13.84615],"texture":"#1"},"west":{"uv":[8.61538,13.53846,9.07692,13.84615],"texture":"#1"},"up":{"uv":[13.84615,11.84615,13.53846,11.38462],"texture":"#1"}}},{"from":[1.5,0,1.5],"to":[4,1,4],"rotation":{"angle":0,"axis":"y","origin":[2,0,2]},"faces":{"north":{"uv":[6.76923,9.53846,7.53846,9.84615],"texture":"#1"},"east":{"uv":[5.23077,12.92308,6,13.23077],"texture":"#1"},"south":{"uv":[12.92308,7.69231,13.69231,8],"texture":"#1"},"west":{"uv":[12.92308,8.30769,13.69231,8.61538],"texture":"#1"},"up":{"uv":[12.15385,12.76923,11.38462,12],"texture":"#1"},"down":{"uv":[0.76923,12.61538,0,13.38462],"texture":"#1"}}},{"from":[4,0,2],"to":[12,1,3],"rotation":{"angle":0,"axis":"y","origin":[14,0,2]},"faces":{"north":{"uv":[11.69231,3.38462,14.15385,3.69231],"texture":"#1"},"south":{"uv":[11.69231,4,14.15385,4.30769],"texture":"#1"},"up":{"uv":[14.15385,4.92308,11.69231,4.61538],"texture":"#1"},"down":{"uv":[14.15385,5.23077,11.69231,5.53846],"texture":"#1"}}},{"from":[2,6,2],"to":[4,7,4],"rotation":{"angle":0,"axis":"y","origin":[2,7,2]},"faces":{"north":{"uv":[12.92308,8.92308,13.53846,9.23077],"texture":"#1"},"east":{"uv":[13.23077,1.53846,13.84615,1.84615],"texture":"#1"},"south":{"uv":[12.30769,13.23077,12.92308,13.53846],"texture":"#1"},"west":{"uv":[13.23077,13.23077,13.84615,13.53846],"texture":"#1"},"up":{"uv":[1.84615,13.23077,1.23077,12.61538],"texture":"#1"},"down":{"uv":[2.76923,12.61538,2.15385,13.23077],"texture":"#1"}}},{"from":[4,6,2],"to":[12,7,3],"rotation":{"angle":0,"axis":"y","origin":[14,7,2]},"faces":{"north":{"uv":[11.69231,5.84615,14.15385,6.15385],"texture":"#1"},"south":{"uv":[12,6.46154,14.46154,6.76923],"texture":"#1"},"up":{"uv":[9.23077,12.30769,6.76923,12],"texture":"#1"},"down":{"uv":[14.46154,7.07692,12,7.38462],"texture":"#1"}}},{"from":[2.5,0.5,2.5],"to":[13.5,6.5,13.5],"faces":{"north":{"uv":[4.30769,7.38462,7.69231,9.23077],"texture":"#1"},"east":{"uv":[8,0,11.38462,1.84615],"texture":"#1"},"south":{"uv":[8,2.15385,11.38462,4],"texture":"#1"},"west":{"uv":[8,4.30769,11.38462,6.15385],"texture":"#1"},"up":{"uv":[7.69231,3.38462,4.30769,0],"texture":"#1"},"down":{"uv":[7.69231,3.69231,4.30769,7.07692],"texture":"#1"}}},{"from":[6.5,3,1.25],"to":[9.5,6,2.5],"rotation":{"angle":0,"axis":"z","origin":[8,4.5,1.4375]},"faces":{"north":{"uv":[11.69231,2.15385,12.61538,3.07692],"texture":"#1"},"east":{"uv":[6.76923,12.61538,7.15385,13.53846],"texture":"#1"},"west":{"uv":[7.69231,12.61538,8.07692,13.53846],"texture":"#1"},"up":{"uv":[13.53846,9.92308,12.61538,9.53846],"texture":"#1"},"down":{"uv":[13.53846,10.46154,12.61538,10.84615],"texture":"#1"}}},{"from":[0,0.5,1],"to":[0.03,9,3.5],"rotation":{"angle":45,"axis":"y","origin":[0,4,0]},"faces":{"east":{"uv":[3.07692,8.61538,3.84615,11.23077],"texture":"#1"},"west":{"uv":[3.84615,8.61538,3.07692,11.23077],"texture":"#1"}}},{"from":[2.00001,4.58579,2.0035],"to":[3.41421,5.63579,2.9965],"rotation":{"angle":45,"axis":"z","origin":[2,6,-3.5]},"faces":{"north":{"uv":[9.53846,13.84615,10,14.15385],"texture":"#1"},"south":{"uv":[13.84615,9.53846,14.30769,9.84615],"texture":"#1"},"down":{"uv":[14.30769,10.15385,13.84615,10.46154],"texture":"#1"}}},{"from":[2,5,2],"to":[3,6,3],"rotation":{"angle":0,"axis":"y","origin":[2,6,2]},"faces":{"north":{"uv":[6.15385,14.15385,6.46154,14.46154],"texture":"#1"},"east":{"uv":[14.15385,7.69231,14.46154,8],"texture":"#1"},"south":{"uv":[14.15385,8.30769,14.46154,8.61538],"texture":"#1"},"west":{"uv":[8.61538,14.15385,8.92308,14.46154],"texture":"#1"},"down":{"uv":[11.69231,14.15385,11.38462,14.46154],"texture":"#1"}}},{"from":[2.0035,8.78554,3.86092],"to":[2.9965,9.83554,5.27512],"rotation":{"angle":-45,"axis":"x","origin":[8,5.85356,8]},"faces":{"east":{"uv":[10.46154,13.84615,10.92308,14.15385],"texture":"#1"},"west":{"uv":[13.84615,10.76923,14.30769,11.07692],"texture":"#1"},"down":{"uv":[12.61538,13.84615,12.30769,14.30769],"texture":"#1"}}},{"from":[4,0,13],"to":[12,1,14],"rotation":{"angle":0,"axis":"y","origin":[14,0,14]},"faces":{"north":{"uv":[14.15385,4,11.69231,4.30769],"texture":"#1"},"south":{"uv":[14.15385,3.38462,11.69231,3.69231],"texture":"#1"},"up":{"uv":[14.15385,4.61538,11.69231,4.92308],"texture":"#1"},"down":{"uv":[14.15385,5.53846,11.69231,5.23077],"texture":"#1"}}},{"from":[4,6,13],"to":[12,7,14],"rotation":{"angle":0,"axis":"y","origin":[14,7,14]},"faces":{"north":{"uv":[14.46154,6.46154,12,6.76923],"texture":"#1"},"south":{"uv":[14.15385,5.84615,11.69231,6.15385],"texture":"#1"},"up":{"uv":[9.23077,12,6.76923,12.30769],"texture":"#1"},"down":{"uv":[14.46154,7.38462,12,7.07692],"texture":"#1"}}},{"from":[13,0,4],"to":[14,1,12],"rotation":{"angle":0,"axis":"y","origin":[8,3.5,8]},"faces":{"east":{"uv":[11.69231,3.38462,14.15385,3.69231],"texture":"#1"},"west":{"uv":[11.69231,4,14.15385,4.30769],"texture":"#1"},"up":{"uv":[14.15385,4.92308,11.69231,4.61538],"rotation":90,"texture":"#1"},"down":{"uv":[14.15385,5.23077,11.69231,5.53846],"rotation":270,"texture":"#1"}}},{"from":[13,6,4],"to":[14,7,12],"rotation":{"angle":0,"axis":"y","origin":[8,3.5,8]},"faces":{"east":{"uv":[11.69231,5.84615,14.15385,6.15385],"texture":"#1"},"west":{"uv":[12,6.46154,14.46154,6.76923],"texture":"#1"},"up":{"uv":[9.23077,12.30769,6.76923,12],"rotation":90,"texture":"#1"},"down":{"uv":[14.46154,7.07692,12,7.38462],"rotation":270,"texture":"#1"}}},{"from":[2,0,4],"to":[3,1,12],"rotation":{"angle":0,"axis":"y","origin":[8,3.5,8]},"faces":{"east":{"uv":[14.15385,4,11.69231,4.30769],"texture":"#1"},"west":{"uv":[14.15385,3.38462,11.69231,3.69231],"texture":"#1"},"up":{"uv":[14.15385,4.61538,11.69231,4.92308],"rotation":90,"texture":"#1"},"down":{"uv":[14.15385,5.53846,11.69231,5.23077],"rotation":270,"texture":"#1"}}},{"from":[2,6,4],"to":[3,7,12],"rotation":{"angle":0,"axis":"y","origin":[8,3.5,8]},"faces":{"east":{"uv":[14.46154,6.46154,12,6.76923],"texture":"#1"},"west":{"uv":[14.15385,5.84615,11.69231,6.15385],"texture":"#1"},"up":{"uv":[9.23077,12,6.76923,12.30769],"rotation":90,"texture":"#1"},"down":{"uv":[14.46154,7.38462,12,7.07692],"rotation":270,"texture":"#1"}}},{"from":[15.97,0.5,1],"to":[16,9,3.5],"rotation":{"angle":-45,"axis":"y","origin":[16,4,0]},"faces":{"east":{"uv":[3.07692,8.61538,3.84615,11.23077],"texture":"#1"},"west":{"uv":[3.84615,8.61538,3.07692,11.23077],"texture":"#1"}}},{"from":[12,0,1.5],"to":[14.5,1,4],"rotation":{"angle":0,"axis":"y","origin":[14,0,2]},"faces":{"north":{"uv":[7.53846,9.53846,6.76923,9.84615],"texture":"#1"},"east":{"uv":[13.69231,8.30769,12.92308,8.61538],"texture":"#1"},"south":{"uv":[13.69231,7.69231,12.92308,8],"texture":"#1"},"west":{"uv":[6,12.92308,5.23077,13.23077],"texture":"#1"},"up":{"uv":[11.38462,12.76923,12.15385,12],"texture":"#1"},"down":{"uv":[0,12.61538,0.76923,13.38462],"texture":"#1"}}},{"from":[13.0035,-2.83554,3.86092],"to":[13.9965,-1.78554,5.27512],"rotation":{"angle":45,"axis":"x","origin":[8,1.14644,8]},"faces":{"east":{"uv":[9.07692,13.53846,8.61538,13.84615],"texture":"#1"},"west":{"uv":[6.30769,13.53846,5.84615,13.84615],"texture":"#1"},"up":{"uv":[13.53846,11.84615,13.84615,11.38462],"texture":"#1"}}},{"from":[12.58579,1.36421,2.0035],"to":[13.99999,2.41421,2.9965],"rotation":{"angle":45,"axis":"z","origin":[14,1,-3.5]},"faces":{"north":{"uv":[3.53846,13.53846,3.07692,13.84615],"texture":"#1"},"south":{"uv":[4.46154,13.53846,4,13.84615],"texture":"#1"},"up":{"uv":[4.92308,13.84615,5.38462,13.53846],"texture":"#1"}}},{"from":[13,1,2],"to":[14,2,3],"rotation":{"angle":0,"axis":"y","origin":[14,1,2]},"faces":{"north":{"uv":[12.30769,9.53846,12,9.84615],"texture":"#1"},"east":{"uv":[14.46154,0.61538,14.15385,0.92308],"texture":"#1"},"south":{"uv":[13.84615,13.84615,13.53846,14.15385],"texture":"#1"},"west":{"uv":[13.23077,13.84615,12.92308,14.15385],"texture":"#1"},"up":{"uv":[14.15385,1.53846,14.46154,1.23077],"texture":"#1"}}},{"from":[12.5,1,2.25],"to":[13.75,6,3.5],"rotation":{"angle":0,"axis":"y","origin":[14,1,-3.5]},"faces":{"north":{"uv":[3.46154,11.69231,3.07692,13.23077],"texture":"#1"},"east":{"uv":[10.84615,12,10.46154,13.53846],"texture":"#1"},"south":{"uv":[9.92308,12,9.53846,13.53846],"texture":"#1"},"west":{"uv":[12.38462,7.69231,12,9.23077],"texture":"#1"}}},{"from":[12.75,2.5,2],"to":[14,4.5,3.25],"rotation":{"angle":0,"axis":"y","origin":[14,1,-3.5]},"faces":{"north":{"uv":[9,12.61538,8.61538,13.23077],"texture":"#1"},"east":{"uv":[13.30769,2.15385,12.92308,2.76923],"texture":"#1"},"south":{"uv":[13,12.30769,12.61538,12.92308],"texture":"#1"},"west":{"uv":[13,11.38462,12.61538,12],"texture":"#1"},"up":{"uv":[1.23077,13.92308,1.61538,13.53846],"texture":"#1"},"down":{"uv":[2.15385,13.53846,2.53846,13.92308],"texture":"#1"}}},{"from":[13,5,2],"to":[14,6,3],"rotation":{"angle":0,"axis":"y","origin":[14,6,2]},"faces":{"north":{"uv":[6.46154,14.15385,6.15385,14.46154],"texture":"#1"},"east":{"uv":[8.92308,14.15385,8.61538,14.46154],"texture":"#1"},"south":{"uv":[14.46154,8.30769,14.15385,8.61538],"texture":"#1"},"west":{"uv":[14.46154,7.69231,14.15385,8],"texture":"#1"},"down":{"uv":[11.38462,14.15385,11.69231,14.46154],"texture":"#1"}}},{"from":[12.58579,4.58579,2.0035],"to":[13.99999,5.63579,2.9965],"rotation":{"angle":-45,"axis":"z","origin":[14,6,-3.5]},"faces":{"north":{"uv":[10,13.84615,9.53846,14.15385],"texture":"#1"},"south":{"uv":[14.30769,9.53846,13.84615,9.84615],"texture":"#1"},"down":{"uv":[13.84615,10.15385,14.30769,10.46154],"texture":"#1"}}},{"from":[12,6,2],"to":[14,7,4],"rotation":{"angle":0,"axis":"y","origin":[14,7,2]},"faces":{"north":{"uv":[13.53846,8.92308,12.92308,9.23077],"texture":"#1"},"east":{"uv":[13.84615,13.23077,13.23077,13.53846],"texture":"#1"},"south":{"uv":[12.92308,13.23077,12.30769,13.53846],"texture":"#1"},"west":{"uv":[13.84615,1.53846,13.23077,1.84615],"texture":"#1"},"up":{"uv":[1.23077,13.23077,1.84615,12.61538],"texture":"#1"},"down":{"uv":[2.15385,12.61538,2.76923,13.23077],"texture":"#1"}}},{"from":[2.0035,8.78554,10.72488],"to":[2.9965,9.83554,12.13908],"rotation":{"angle":45,"axis":"x","origin":[8,5.85356,8]},"faces":{"east":{"uv":[10.92308,13.84615,10.46154,14.15385],"texture":"#1"},"west":{"uv":[14.30769,10.76923,13.84615,11.07692],"texture":"#1"},"down":{"uv":[12.61538,14.30769,12.30769,13.84615],"texture":"#1"}}},{"from":[2.0035,-2.83554,10.72488],"to":[2.9965,-1.78554,12.13908],"rotation":{"angle":-45,"axis":"x","origin":[8,1.14644,8]},"faces":{"east":{"uv":[6.30769,13.53846,5.84615,13.84615],"texture":"#1"},"west":{"uv":[9.07692,13.53846,8.61538,13.84615],"texture":"#1"},"up":{"uv":[13.84615,11.38462,13.53846,11.84615],"texture":"#1"}}},{"from":[1.5,0,12],"to":[4,1,14.5],"rotation":{"angle":0,"axis":"y","origin":[2,0,14]},"faces":{"north":{"uv":[13.69231,7.69231,12.92308,8],"texture":"#1"},"east":{"uv":[6,12.92308,5.23077,13.23077],"texture":"#1"},"south":{"uv":[7.53846,9.53846,6.76923,9.84615],"texture":"#1"},"west":{"uv":[13.69231,8.30769,12.92308,8.61538],"texture":"#1"},"up":{"uv":[12.15385,12,11.38462,12.76923],"texture":"#1"},"down":{"uv":[0.76923,13.38462,0,12.61538],"texture":"#1"}}},{"from":[2.00001,1.36421,13.0035],"to":[3.41421,2.41421,13.9965],"rotation":{"angle":-45,"axis":"z","origin":[2,1,19.5]},"faces":{"north":{"uv":[4.46154,13.53846,4,13.84615],"texture":"#1"},"south":{"uv":[3.53846,13.53846,3.07692,13.84615],"texture":"#1"},"up":{"uv":[5.38462,13.53846,4.92308,13.84615],"texture":"#1"}}},{"from":[2,1,13],"to":[3,2,14],"rotation":{"angle":0,"axis":"y","origin":[2,1,14]},"faces":{"north":{"uv":[13.84615,13.84615,13.53846,14.15385],"texture":"#1"},"east":{"uv":[13.23077,13.84615,12.92308,14.15385],"texture":"#1"},"south":{"uv":[12.30769,9.53846,12,9.84615],"texture":"#1"},"west":{"uv":[14.46154,0.61538,14.15385,0.92308],"texture":"#1"},"up":{"uv":[14.46154,1.23077,14.15385,1.53846],"texture":"#1"}}},{"from":[2.25,1,12.5],"to":[3.5,6,13.75],"rotation":{"angle":0,"axis":"y","origin":[2,1,19.5]},"faces":{"north":{"uv":[9.92308,12,9.53846,13.53846],"texture":"#1"},"east":{"uv":[12.38462,7.69231,12,9.23077],"texture":"#1"},"south":{"uv":[3.46154,11.69231,3.07692,13.23077],"texture":"#1"},"west":{"uv":[10.84615,12,10.46154,13.53846],"texture":"#1"}}},{"from":[2,2.5,12.75],"to":[3.25,4.5,14],"rotation":{"angle":0,"axis":"y","origin":[2,1,19.5]},"faces":{"north":{"uv":[13,12.30769,12.61538,12.92308],"texture":"#1"},"east":{"uv":[13,11.38462,12.61538,12],"texture":"#1"},"south":{"uv":[9,12.61538,8.61538,13.23077],"texture":"#1"},"west":{"uv":[13.30769,2.15385,12.92308,2.76923],"texture":"#1"},"up":{"uv":[1.61538,13.53846,1.23077,13.92308],"texture":"#1"},"down":{"uv":[2.53846,13.92308,2.15385,13.53846],"texture":"#1"}}},{"from":[2.00001,4.58579,13.0035],"to":[3.41421,5.63579,13.9965],"rotation":{"angle":45,"axis":"z","origin":[2,6,19.5]},"faces":{"north":{"uv":[14.30769,9.53846,13.84615,9.84615],"texture":"#1"},"south":{"uv":[10,13.84615,9.53846,14.15385],"texture":"#1"},"down":{"uv":[14.30769,10.46154,13.84615,10.15385],"texture":"#1"}}},{"from":[2,5,13],"to":[3,6,14],"rotation":{"angle":0,"axis":"y","origin":[2,6,14]},"faces":{"north":{"uv":[14.46154,8.30769,14.15385,8.61538],"texture":"#1"},"east":{"uv":[14.46154,7.69231,14.15385,8],"texture":"#1"},"south":{"uv":[6.46154,14.15385,6.15385,14.46154],"texture":"#1"},"west":{"uv":[8.92308,14.15385,8.61538,14.46154],"texture":"#1"},"down":{"uv":[11.69231,14.46154,11.38462,14.15385],"texture":"#1"}}},{"from":[0,0.5,12.5],"to":[0.03,9,15],"rotation":{"angle":-45,"axis":"y","origin":[0,4,16]},"faces":{"east":{"uv":[3.84615,8.61538,3.07692,11.23077],"texture":"#1"},"west":{"uv":[3.07692,8.61538,3.84615,11.23077],"texture":"#1"}}},{"from":[2,6,12],"to":[4,7,14],"rotation":{"angle":0,"axis":"y","origin":[2,7,14]},"faces":{"north":{"uv":[12.92308,13.23077,12.30769,13.53846],"texture":"#1"},"east":{"uv":[13.84615,1.53846,13.23077,1.84615],"texture":"#1"},"south":{"uv":[13.53846,8.92308,12.92308,9.23077],"texture":"#1"},"west":{"uv":[13.84615,13.23077,13.23077,13.53846],"texture":"#1"},"up":{"uv":[1.84615,12.61538,1.23077,13.23077],"texture":"#1"},"down":{"uv":[2.76923,13.23077,2.15385,12.61538],"texture":"#1"}}},{"from":[15.97,0.5,12.5],"to":[16,9,15],"rotation":{"angle":45,"axis":"y","origin":[16,4,16]},"faces":{"east":{"uv":[3.84615,8.61538,3.07692,11.23077],"texture":"#1"},"west":{"uv":[3.07692,8.61538,3.84615,11.23077],"texture":"#1"}}},{"from":[12,0,12],"to":[14.5,1,14.5],"rotation":{"angle":0,"axis":"y","origin":[14,0,14]},"faces":{"north":{"uv":[12.92308,7.69231,13.69231,8],"texture":"#1"},"east":{"uv":[12.92308,8.30769,13.69231,8.61538],"texture":"#1"},"south":{"uv":[6.76923,9.53846,7.53846,9.84615],"texture":"#1"},"west":{"uv":[5.23077,12.92308,6,13.23077],"texture":"#1"},"up":{"uv":[11.38462,12,12.15385,12.76923],"texture":"#1"},"down":{"uv":[0,13.38462,0.76923,12.61538],"texture":"#1"}}},{"from":[13.0035,-2.83554,10.72488],"to":[13.9965,-1.78554,12.13908],"rotation":{"angle":-45,"axis":"x","origin":[8,1.14644,8]},"faces":{"east":{"uv":[8.61538,13.53846,9.07692,13.84615],"texture":"#1"},"west":{"uv":[5.84615,13.53846,6.30769,13.84615],"texture":"#1"},"up":{"uv":[13.53846,11.38462,13.84615,11.84615],"texture":"#1"}}},{"from":[12.58579,1.36421,13.0035],"to":[13.99999,2.41421,13.9965],"rotation":{"angle":45,"axis":"z","origin":[14,1,19.5]},"faces":{"north":{"uv":[4,13.53846,4.46154,13.84615],"texture":"#1"},"south":{"uv":[3.07692,13.53846,3.53846,13.84615],"texture":"#1"},"up":{"uv":[4.92308,13.53846,5.38462,13.84615],"texture":"#1"}}},{"from":[13,1,13],"to":[14,2,14],"rotation":{"angle":0,"axis":"y","origin":[14,1,14]},"faces":{"north":{"uv":[13.53846,13.84615,13.84615,14.15385],"texture":"#1"},"east":{"uv":[14.15385,0.61538,14.46154,0.92308],"texture":"#1"},"south":{"uv":[12,9.53846,12.30769,9.84615],"texture":"#1"},"west":{"uv":[12.92308,13.84615,13.23077,14.15385],"texture":"#1"},"up":{"uv":[14.15385,1.23077,14.46154,1.53846],"texture":"#1"}}},{"from":[12.5,1,12.5],"to":[13.75,6,13.75],"rotation":{"angle":0,"axis":"y","origin":[14,1,19.5]},"faces":{"north":{"uv":[9.53846,12,9.92308,13.53846],"texture":"#1"},"east":{"uv":[10.46154,12,10.84615,13.53846],"texture":"#1"},"south":{"uv":[3.07692,11.69231,3.46154,13.23077],"texture":"#1"},"west":{"uv":[12,7.69231,12.38462,9.23077],"texture":"#1"}}},{"from":[12.75,2.5,12.75],"to":[14,4.5,14],"rotation":{"angle":0,"axis":"y","origin":[14,1,19.5]},"faces":{"north":{"uv":[12.61538,12.30769,13,12.92308],"texture":"#1"},"east":{"uv":[12.92308,2.15385,13.30769,2.76923],"texture":"#1"},"south":{"uv":[8.61538,12.61538,9,13.23077],"texture":"#1"},"west":{"uv":[12.61538,11.38462,13,12],"texture":"#1"},"up":{"uv":[1.23077,13.53846,1.61538,13.92308],"texture":"#1"},"down":{"uv":[2.15385,13.92308,2.53846,13.53846],"texture":"#1"}}},{"from":[13,5,13],"to":[14,6,14],"rotation":{"angle":0,"axis":"y","origin":[14,6,14]},"faces":{"north":{"uv":[14.15385,8.30769,14.46154,8.61538],"texture":"#1"},"east":{"uv":[8.61538,14.15385,8.92308,14.46154],"texture":"#1"},"south":{"uv":[6.15385,14.15385,6.46154,14.46154],"texture":"#1"},"west":{"uv":[14.15385,7.69231,14.46154,8],"texture":"#1"},"down":{"uv":[11.38462,14.46154,11.69231,14.15385],"texture":"#1"}}},{"from":[12.58579,4.58579,13.0035],"to":[13.99999,5.63579,13.9965],"rotation":{"angle":-45,"axis":"z","origin":[14,6,19.5]},"faces":{"north":{"uv":[13.84615,9.53846,14.30769,9.84615],"texture":"#1"},"south":{"uv":[9.53846,13.84615,10,14.15385],"texture":"#1"},"down":{"uv":[13.84615,10.46154,14.30769,10.15385],"texture":"#1"}}},{"from":[12,6,12],"to":[14,7,14],"rotation":{"angle":0,"axis":"y","origin":[14,7,14]},"faces":{"north":{"uv":[12.30769,13.23077,12.92308,13.53846],"texture":"#1"},"east":{"uv":[13.23077,13.23077,13.84615,13.53846],"texture":"#1"},"south":{"uv":[12.92308,8.92308,13.53846,9.23077],"texture":"#1"},"west":{"uv":[13.23077,1.53846,13.84615,1.84615],"texture":"#1"},"up":{"uv":[1.23077,12.61538,1.84615,13.23077],"texture":"#1"},"down":{"uv":[2.15385,13.23077,2.76923,12.61538],"texture":"#1"}}},{"from":[13.0035,8.78554,10.72488],"to":[13.9965,9.83554,12.13908],"rotation":{"angle":45,"axis":"x","origin":[8,5.85356,8]},"faces":{"east":{"uv":[13.84615,10.76923,14.30769,11.07692],"texture":"#1"},"west":{"uv":[10.46154,13.84615,10.92308,14.15385],"texture":"#1"},"down":{"uv":[12.30769,14.30769,12.61538,13.84615],"texture":"#1"}}},{"from":[13.0035,8.78554,3.86092],"to":[13.9965,9.83554,5.27512],"rotation":{"angle":-45,"axis":"x","origin":[8,5.85356,8]},"faces":{"east":{"uv":[14.30769,10.76923,13.84615,11.07692],"texture":"#1"},"west":{"uv":[10.92308,13.84615,10.46154,14.15385],"texture":"#1"},"down":{"uv":[12.30769,13.84615,12.61538,14.30769],"texture":"#1"}}},{"from":[7,14.235,7],"to":[9,14.265,9],"rotation":{"angle":-45,"axis":"y","origin":[8,14.5,8]},"faces":{"up":{"uv":[8,0,0,8],"rotation":180,"texture":"#3"},"down":{"uv":[0,0,8,8],"texture":"#3"}}},{"from":[6,13.235,6],"to":[10,13.265,10],"rotation":{"angle":-45,"axis":"y","origin":[8,13,8]},"faces":{"up":{"uv":[16,0,0,16],"rotation":180,"texture":"#2"},"down":{"uv":[0,0,16,16],"texture":"#2"}}}],"gui_light":"front","display":{"thirdperson_righthand":{"rotation":[66.5,0,0],"translation":[0,5.75,4.5],"scale":[0.8,0.8,0.8]},"thirdperson_lefthand":{"rotation":[66.5,0,0],"translation":[0,5.75,4.5],"scale":[0.8,0.8,0.8]},"firstperson_righthand":{"rotation":[163.5,0,180],"translation":[-1.5,5.25,0.5],"scale":[0.6,0.6,0.6]},"firstperson_lefthand":{"rotation":[163.5,0,180],"translation":[-1.5,5.25,0.5],"scale":[0.6,0.6,0.6]},"ground":{"translation":[0,3,0],"scale":[0.6,0.6,0.6]},"gui":{"rotation":[25,135,0],"translation":[0,1.75,0]},"head":{"rotation":[0,180,0],"translation":[0,-30.5,0],"scale":[1.6,1.6,1.6]},"fixed":{"rotation":[-90,0,0],"translation":[0,0,-16],"scale":[2,2,2]}},"groups":[{"name":"group","origin":[1.5,12,20],"color":0,"children":[0,1,2,3,4,5,6,7,8,9,10,11,12,13,14,15,16,17]},{"name":"group","origin":[8,5.85356,8],"color":0,"children":[18,19,20,21,22,23,24,25,26,27,28,29,30,31,32,33,34,35,36,37,38,39,40,41,42,43,44,45,46,47,48,49,50,51,52,53,54,55,56,57,58,59,60,61,62,63,64,65,66,67,68,69,70,71]},72,73],"USER":"33672","NONCE":"250d30f3c9d7634129006a92dfa824a1","TIMESTAMP":"1740508157","RESOURCE":"12629","mcmodels":"250d30f3c9d7634129006a92dfa824a1"}