{"credit":"Pologony Creation Co.,Ltd.","textures":{"2":"nanoedge_set:animations/animated_1","3":"nanoedge_set:animations/animated_2","5":"nanoedge_set:fishing_rod","particle":"nanoedge_set:animations/animated_1"},"elements":[{"from":[7.245,-4.06066,8],"to":[8.755,-2.56066,9.5],"rotation":{"angle":-45,"axis":"x","origin":[7.745,-4.06066,8]},"faces":{"north":{"uv":[10.33333,0,10.83333,0.5],"texture":"#5"},"east":{"uv":[10.33333,1,10.83333,1.5],"texture":"#5"},"south":{"uv":[10.33333,2,10.83333,2.5],"texture":"#5"},"west":{"uv":[2.33333,10.33333,2.83333,10.83333],"texture":"#5"},"up":{"uv":[10.83333,3.5,10.33333,3],"texture":"#5"},"down":{"uv":[3.83333,10.33333,3.33333,10.83333],"texture":"#5"}}},{"from":[7.25,-3,6.93875],"to":[8.75,-1.5,9.06125],"rotation":{"angle":0,"axis":"y","origin":[8.25,-2,7.68875]},"faces":{"north":{"uv":[10.33333,4,10.83333,4.5],"texture":"#5"},"east":{"uv":[9.33333,1,10,1.5],"texture":"#5"},"south":{"uv":[4.33333,10.33333,4.83333,10.83333],"texture":"#5"},"west":{"uv":[9.33333,2,10,2.5],"texture":"#5"},"up":{"uv":[9.83333,3.66667,9.33333,3],"texture":"#5"},"down":{"uv":[4.16667,9.33333,3.66667,10],"texture":"#5"}}},{"from":[7.2425,-2.56066,8],"to":[8.7575,-1.06066,9.5],"rotation":{"angle":-45,"axis":"x","origin":[7.7425,-2.56066,8]},"faces":{"north":{"uv":[10.33333,5,10.83333,5.5],"texture":"#5"},"east":{"uv":[6.33333,10.33333,6.83333,10.83333],"texture":"#5"},"south":{"uv":[7.33333,10.33333,7.83333,10.83333],"texture":"#5"},"west":{"uv":[8.33333,10.33333,8.83333,10.83333],"texture":"#5"},"up":{"uv":[9.83333,10.83333,9.33333,10.33333],"texture":"#5"},"down":{"uv":[10.83333,10.33333,10.33333,10.83333],"texture":"#5"}}},{"from":[7.7535,-3.375,6.25],"to":[8.2465,-1.125,7.25],"rotation":{"angle":0,"axis":"y","origin":[7.7535,-3.875,6.25]},"faces":{"north":{"uv":[5.66667,12.66667,5.83333,13.41667],"texture":"#5"},"east":{"uv":[0,10.66667,0.33333,11.41667],"texture":"#5"},"west":{"uv":[10.66667,6,11,6.75],"texture":"#5"}}},{"from":[7.75,-1.375,6.25],"to":[8.25,-0.625,7.175],"rotation":{"angle":45,"axis":"x","origin":[7.75,-1.375,6.25]},"faces":{"north":{"uv":[4,15.33333,4.16667,15.58333],"texture":"#5"},"east":{"uv":[13.33333,5.33333,13.66667,5.58333],"texture":"#5"},"west":{"uv":[13.33333,7,13.66667,7.25],"texture":"#5"},"up":{"uv":[8.16667,15.33333,8,15],"texture":"#5"},"down":{"uv":[15.16667,8,15,8.33333],"texture":"#5"}}},{"from":[7.75,-4.375,6.25],"to":[8.25,-3.125,7.175],"rotation":{"angle":-45,"axis":"x","origin":[7.75,-3.125,6.25]},"faces":{"north":{"uv":[0,14,0.16667,14.41667],"texture":"#5"},"east":{"uv":[11,12,11.33333,12.41667],"texture":"#5"},"west":{"uv":[11.66667,12,12,12.41667],"texture":"#5"},"up":{"uv":[15.16667,9,15,8.66667],"texture":"#5"},"down":{"uv":[15.16667,10.33333,15,10.66667],"texture":"#5"}}},{"from":[7.35355,-0.68934,7.5],"to":[8.85355,-0.18934,9],"rotation":{"angle":-45,"axis":"y","origin":[8.35355,-0.68934,8]},"faces":{"north":{"uv":[13.33333,8.66667,13.83333,8.83333],"texture":"#5"},"east":{"uv":[9,13.33333,9.5,13.5],"texture":"#5"},"south":{"uv":[13.33333,9.33333,13.83333,9.5],"texture":"#5"},"west":{"uv":[10,13.33333,10.5,13.5],"texture":"#5"},"up":{"uv":[11.16667,7.83333,10.66667,7.33333],"texture":"#5"},"down":{"uv":[11.16667,8.33333,10.66667,8.83333],"texture":"#5"}}},{"from":[7.35355,0.31066,7.5],"to":[8.85355,0.81066,9],"rotation":{"angle":-45,"axis":"y","origin":[8.35355,0.31066,8]},"faces":{"north":{"uv":[13.33333,10.66667,13.83333,10.83333],"texture":"#5"},"east":{"uv":[2,13.66667,2.5,13.83333],"texture":"#5"},"south":{"uv":[13.66667,6,14.16667,6.16667],"texture":"#5"},"west":{"uv":[6.33333,13.66667,6.83333,13.83333],"texture":"#5"},"up":{"uv":[11.16667,9.83333,10.66667,9.33333],"texture":"#5"},"down":{"uv":[1.16667,11,0.66667,11.5],"texture":"#5"}}},{"from":[7.60355,-0.18934,7.57322],"to":[8.85355,0.31066,8.82322],"rotation":{"angle":-45,"axis":"y","origin":[8.35355,-0.18934,7.82322]},"faces":{"north":{"uv":[4,14,4.41667,14.16667],"texture":"#5"},"east":{"uv":[14,4,14.41667,4.16667],"texture":"#5"},"south":{"uv":[5,14,5.41667,14.16667],"texture":"#5"},"west":{"uv":[14,5.33333,14.41667,5.5],"texture":"#5"}}},{"from":[7.35355,5.81066,7.5],"to":[8.85355,6.31066,9],"rotation":{"angle":-45,"axis":"y","origin":[8.35355,5.81066,8]},"faces":{"north":{"uv":[7.33333,13.66667,7.83333,13.83333],"texture":"#5"},"east":{"uv":[13.66667,7.66667,14.16667,7.83333],"texture":"#5"},"south":{"uv":[13.66667,10,14.16667,10.16667],"texture":"#5"},"west":{"uv":[11,13.66667,11.5,13.83333],"texture":"#5"},"up":{"uv":[11.83333,0.5,11.33333,0],"texture":"#5"},"down":{"uv":[11.83333,1,11.33333,1.5],"texture":"#5"}}},{"from":[7.60355,5.31066,7.57322],"to":[8.85355,5.81066,8.82322],"rotation":{"angle":-45,"axis":"y","origin":[8.35355,5.31066,7.82322]},"faces":{"north":{"uv":[14,6.66667,14.41667,6.83333],"texture":"#5"},"east":{"uv":[9,14,9.41667,14.16667],"texture":"#5"},"south":{"uv":[10,14,10.41667,14.16667],"texture":"#5"},"west":{"uv":[13.66667,14,14.08333,14.16667],"texture":"#5"}}},{"from":[7.35355,4.81066,7.5],"to":[8.85355,5.31066,9],"rotation":{"angle":-45,"axis":"y","origin":[8.35355,4.81066,8]},"faces":{"north":{"uv":[13.66667,11.33333,14.16667,11.5],"texture":"#5"},"east":{"uv":[12,13.66667,12.5,13.83333],"texture":"#5"},"south":{"uv":[13.66667,12,14.16667,12.16667],"texture":"#5"},"west":{"uv":[13.66667,12.66667,14.16667,12.83333],"texture":"#5"},"up":{"uv":[2.16667,11.83333,1.66667,11.33333],"texture":"#5"},"down":{"uv":[11.83333,2,11.33333,2.5],"texture":"#5"}}},{"from":[7.85355,0.81066,7.64645],"to":[8.85355,4.81066,8.64645],"rotation":{"angle":-45,"axis":"y","origin":[8.35355,0.81066,7.64645]},"faces":{"north":{"uv":[6.66667,5.33333,7,6.66667],"texture":"#5"},"east":{"uv":[5.66667,6.66667,6,8],"texture":"#5"},"south":{"uv":[6.33333,7,6.66667,8.33333],"texture":"#5"},"west":{"uv":[7,7,7.33333,8.33333],"texture":"#5"}}},{"from":[6.75,5.87868,8],"to":[9.25,8.87868,11],"rotation":{"angle":-45,"axis":"x","origin":[7,5.87868,8]},"faces":{"north":{"uv":[1,3,1.83333,4],"texture":"#5"},"east":{"uv":[2.33333,0,3.33333,1],"texture":"#5"},"south":{"uv":[3,2.66667,3.83333,3.66667],"texture":"#5"},"west":{"uv":[2.33333,1.33333,3.33333,2.33333],"texture":"#5"},"up":{"uv":[4.5,1,3.66667,0],"texture":"#5"},"down":{"uv":[4.5,1.33333,3.66667,2.33333],"texture":"#5"}}},{"from":[6.5,6.12868,8.25],"to":[9.5,8.62868,10.75],"rotation":{"angle":-45,"axis":"x","origin":[7,5.87868,8]},"faces":{"north":{"uv":[3,4,4,4.83333],"texture":"#5"},"east":{"uv":[3,5.33333,3.83333,6.16667],"texture":"#5"},"south":{"uv":[1,4.33333,2,5.16667],"texture":"#5"},"west":{"uv":[4.33333,5.33333,5.16667,6.16667],"texture":"#5"},"up":{"uv":[5.33333,3.5,4.33333,2.66667],"texture":"#5"},"down":{"uv":[5.33333,4,4.33333,4.83333],"texture":"#5"}}},{"from":[7,6.5,9.5],"to":[9,9,10.5],"rotation":{"angle":22.5,"axis":"x","origin":[6.5,5.5,10.5]},"faces":{"north":{"uv":[5.66667,5.33333,6.33333,6.16667],"texture":"#5"},"east":{"uv":[5.66667,10,6,10.83333],"texture":"#5"},"south":{"uv":[6.33333,0,7,0.83333],"texture":"#5"},"west":{"uv":[10,6.33333,10.33333,7.16667],"texture":"#5"},"up":{"uv":[10.33333,11.66667,9.66667,11.33333],"texture":"#5"},"down":{"uv":[12,10.33333,11.33333,10.66667],"texture":"#5"}}},{"from":[7.25,6.75,7.5],"to":[8.75,8.75,9.5],"rotation":{"angle":22.5,"axis":"x","origin":[6.5,5.5,10.5]},"faces":{"north":{"uv":[9.33333,4,9.83333,4.66667],"texture":"#5"},"east":{"uv":[7.33333,0,8,0.66667],"texture":"#5"},"west":{"uv":[7.33333,1,8,1.66667],"texture":"#5"},"up":{"uv":[5.16667,10,4.66667,9.33333],"texture":"#5"},"down":{"uv":[0.5,9.66667,0,10.33333],"texture":"#5"}}},{"from":[7.75,8.1,10.4],"to":[8.25,8.85,13.15],"rotation":{"angle":-45,"axis":"x","origin":[8,7.95,12.46339]},"faces":{"east":{"uv":[11.33333,6.66667,12.25,6.91667],"texture":"#5"},"west":{"uv":[8.33333,11.33333,9.25,11.58333],"texture":"#5"},"up":{"uv":[9.16667,12.91667,9,12],"texture":"#5"}}},{"from":[7.495,7.48091,12.29994],"to":[8.505,9.23091,13.54994],"rotation":{"angle":0,"axis":"y","origin":[8,7.89697,12.375]},"faces":{"north":{"uv":[0,12,0.33333,12.58333],"texture":"#5"},"east":{"uv":[6.33333,11.33333,6.75,11.91667],"texture":"#5"},"south":{"uv":[0.66667,12,1,12.58333],"texture":"#5"},"west":{"uv":[7.33333,11.33333,7.75,11.91667],"texture":"#5"},"up":{"uv":[12.66667,0.41667,12.33333,0],"texture":"#5"},"down":{"uv":[12.66667,1,12.33333,1.41667],"texture":"#5"}}},{"from":[7.5,6.85,10.4],"to":[8.5,8.1,12.9],"rotation":{"angle":-45,"axis":"x","origin":[8,7.95,12.46339]},"faces":{"north":{"uv":[1.33333,12.33333,1.66667,12.75],"texture":"#5"},"east":{"uv":[8.66667,7,9.5,7.41667],"texture":"#5"},"west":{"uv":[8.66667,8,9.5,8.41667],"texture":"#5"},"up":{"uv":[10.33333,8.5,10,7.66667],"texture":"#5"},"down":{"uv":[10.33333,9,10,9.83333],"texture":"#5"}}},{"from":[7.5,6.93753,8.05447],"to":[8.5,7.93753,10.05447],"rotation":{"angle":-22.5,"axis":"x","origin":[7.5,7.03753,10.05447]},"faces":{"east":{"uv":[10.66667,11.33333,11.33333,11.66667],"texture":"#5"},"west":{"uv":[11.66667,7.33333,12.33333,7.66667],"texture":"#5"},"down":{"uv":[12,8,11.66667,8.66667],"texture":"#5"}}},{"from":[5.23953,7.625,6.48953],"to":[5.98953,8.375,7.23953],"rotation":{"angle":-45,"axis":"y","origin":[6.75,8,8]},"faces":{"north":{"uv":[1.33333,14,1.58333,14.25],"texture":"#5"},"east":{"uv":[0.66667,14.33333,0.91667,14.58333],"texture":"#5"},"south":{"uv":[2,14.33333,2.25,14.58333],"texture":"#5"},"west":{"uv":[14.33333,4.66667,14.58333,4.91667],"texture":"#5"},"up":{"uv":[6.25,14.58333,6,14.33333],"texture":"#5"},"down":{"uv":[6.91667,14.33333,6.66667,14.58333],"texture":"#5"}}},{"from":[5.23953,7.625,8.76047],"to":[5.98953,8.375,9.51047],"rotation":{"angle":45,"axis":"y","origin":[6.75,8,8]},"faces":{"north":{"uv":[7.33333,14.33333,7.58333,14.58333],"texture":"#5"},"east":{"uv":[14.33333,8.33333,14.58333,8.58333],"texture":"#5"},"south":{"uv":[14.33333,9,14.58333,9.25],"texture":"#5"},"west":{"uv":[14.33333,10.66667,14.58333,10.91667],"texture":"#5"},"up":{"uv":[11.25,14.58333,11,14.33333],"texture":"#5"},"down":{"uv":[11.91667,14.33333,11.66667,14.58333],"texture":"#5"}}},{"from":[6.375,6.0192,7.625],"to":[7.125,6.7692,8.375],"rotation":{"angle":45,"axis":"z","origin":[6.75,6.3942,8]},"faces":{"north":{"uv":[12.33333,14.33333,12.58333,14.58333],"texture":"#5"},"east":{"uv":[1.33333,14.66667,1.58333,14.91667],"texture":"#5"},"south":{"uv":[2.66667,14.66667,2.91667,14.91667],"texture":"#5"},"west":{"uv":[3.33333,14.66667,3.58333,14.91667],"texture":"#5"},"up":{"uv":[4.25,14.91667,4,14.66667],"texture":"#5"},"down":{"uv":[4.91667,14.66667,4.66667,14.91667],"texture":"#5"}}},{"from":[6.375,9.2308,7.625],"to":[7.125,9.9808,8.375],"rotation":{"angle":-45,"axis":"z","origin":[6.75,9.6058,8]},"faces":{"north":{"uv":[5.33333,14.66667,5.58333,14.91667],"texture":"#5"},"east":{"uv":[14.66667,6,14.91667,6.25],"texture":"#5"},"south":{"uv":[14.66667,7.33333,14.91667,7.58333],"texture":"#5"},"west":{"uv":[9,14.66667,9.25,14.91667],"texture":"#5"},"up":{"uv":[9.91667,14.91667,9.66667,14.66667],"texture":"#5"},"down":{"uv":[14.91667,9.66667,14.66667,9.91667],"texture":"#5"}}},{"from":[10.01047,7.625,8.76047],"to":[10.76047,8.375,9.51047],"rotation":{"angle":-45,"axis":"y","origin":[9.25,8,8]},"faces":{"north":{"uv":[10.33333,14.66667,10.58333,14.91667],"texture":"#5"},"east":{"uv":[14.66667,11.33333,14.91667,11.58333],"texture":"#5"},"south":{"uv":[14.66667,12,14.91667,12.25],"texture":"#5"},"west":{"uv":[14.66667,12.66667,14.91667,12.91667],"texture":"#5"},"up":{"uv":[14.91667,13.58333,14.66667,13.33333],"texture":"#5"},"down":{"uv":[13.91667,14.66667,13.66667,14.91667],"texture":"#5"}}},{"from":[8.875,9.2308,7.625],"to":[9.625,9.9808,8.375],"rotation":{"angle":45,"axis":"z","origin":[9.25,9.6058,8]},"faces":{"north":{"uv":[14.66667,14,14.91667,14.25],"texture":"#5"},"east":{"uv":[14.33333,14.66667,14.58333,14.91667],"texture":"#5"},"south":{"uv":[0,15,0.25,15.25],"texture":"#5"},"west":{"uv":[15,0,15.25,0.25],"texture":"#5"},"up":{"uv":[0.91667,15.25,0.66667,15],"texture":"#5"},"down":{"uv":[15.25,0.66667,15,0.91667],"texture":"#5"}}},{"from":[10.01047,7.625,6.48953],"to":[10.76047,8.375,7.23953],"rotation":{"angle":45,"axis":"y","origin":[9.25,8,8]},"faces":{"north":{"uv":[15,1.33333,15.25,1.58333],"texture":"#5"},"east":{"uv":[2,15,2.25,15.25],"texture":"#5"},"south":{"uv":[15,2,15.25,2.25],"texture":"#5"},"west":{"uv":[15,2.66667,15.25,2.91667],"texture":"#5"},"up":{"uv":[15.25,3.58333,15,3.33333],"texture":"#5"},"down":{"uv":[15.25,4,15,4.25],"texture":"#5"}}},{"from":[8.875,6.0192,7.625],"to":[9.625,6.7692,8.375],"rotation":{"angle":-45,"axis":"z","origin":[9.25,6.3942,8]},"faces":{"north":{"uv":[15,4.66667,15.25,4.91667],"texture":"#5"},"east":{"uv":[15,5.33333,15.25,5.58333],"texture":"#5"},"south":{"uv":[6,15,6.25,15.25],"texture":"#5"},"west":{"uv":[6.66667,15,6.91667,15.25],"texture":"#5"},"up":{"uv":[15.25,6.91667,15,6.66667],"texture":"#5"},"down":{"uv":[7.58333,15,7.33333,15.25],"texture":"#5"}}},{"from":[7.985,-5.25,5],"to":[8.015,0.25,7.25],"rotation":{"angle":0,"axis":"y","origin":[7.985,-4,0]},"faces":{"east":{"uv":[0.75,0,0,1.83333],"texture":"#5"},"west":{"uv":[0,0,0.75,1.83333],"texture":"#5"}}},{"from":[7.7535,-3.375,8.75],"to":[8.2465,-1.125,9.75],"rotation":{"angle":0,"axis":"y","origin":[7.7535,-3.875,9.75]},"faces":{"east":{"uv":[0.33333,10.66667,0,11.41667],"texture":"#5"},"south":{"uv":[5.83333,12.66667,5.66667,13.41667],"texture":"#5"},"west":{"uv":[11,6,10.66667,6.75],"texture":"#5"}}},{"from":[7.75,-1.375,8.825],"to":[8.25,-0.625,9.75],"rotation":{"angle":-45,"axis":"x","origin":[7.75,-1.375,9.75]},"faces":{"east":{"uv":[13.66667,5.33333,13.33333,5.58333],"texture":"#5"},"south":{"uv":[4.16667,15.33333,4,15.58333],"texture":"#5"},"west":{"uv":[13.66667,7,13.33333,7.25],"texture":"#5"},"up":{"uv":[8.16667,15,8,15.33333],"texture":"#5"},"down":{"uv":[15.16667,8.33333,15,8],"texture":"#5"}}},{"from":[7.75,-4.375,8.825],"to":[8.25,-3.125,9.75],"rotation":{"angle":45,"axis":"x","origin":[7.75,-3.125,9.75]},"faces":{"east":{"uv":[11.33333,12,11,12.41667],"texture":"#5"},"south":{"uv":[0.16667,14,0,14.41667],"texture":"#5"},"west":{"uv":[12,12,11.66667,12.41667],"texture":"#5"},"up":{"uv":[15.16667,8.66667,15,9],"texture":"#5"},"down":{"uv":[15.16667,10.66667,15,10.33333],"texture":"#5"}}},{"from":[7.985,-5.25,8.75],"to":[8.015,0.25,11],"rotation":{"angle":0,"axis":"y","origin":[7.985,-4,16]},"faces":{"east":{"uv":[0,0,0.75,1.83333],"texture":"#5"},"west":{"uv":[0.75,0,0,1.83333],"texture":"#5"}}},{"from":[6.15,4.96447,8.5],"to":[6.15,8.96447,12.5],"rotation":{"angle":-45,"axis":"x","origin":[6.15,4.46447,8]},"faces":{"west":{"uv":[0,0,16,16],"texture":"#2"}}},{"from":[5.65,5.96447,9.5],"to":[5.65,7.96447,11.5],"rotation":{"angle":-45,"axis":"x","origin":[5.65,4.46447,8]},"faces":{"west":{"uv":[0,0,8,8],"texture":"#3"}}},{"from":[10.35,5.96447,9.5],"to":[10.35,7.96447,11.5],"rotation":{"angle":-45,"axis":"x","origin":[10.35,4.46447,8]},"faces":{"east":{"uv":[8,0,0,8],"texture":"#3"}}},{"from":[9.85,4.96447,8.5],"to":[9.85,8.96447,12.5],"rotation":{"angle":-45,"axis":"x","origin":[9.85,4.46447,8]},"faces":{"east":{"uv":[16,0,0,16],"texture":"#2"}}},{"from":[7.25,9,8],"to":[8.75,17,8.75],"rotation":{"angle":0,"axis":"y","origin":[8,11.5,8]},"faces":{"north":{"uv":[1.33333,0,1.83333,2.66667],"texture":"#5"},"east":{"uv":[5.66667,0,5.91667,2.66667],"texture":"#5"},"south":{"uv":[0,2.33333,0.5,5],"texture":"#5"},"west":{"uv":[0.66667,5.66667,0.91667,8.33333],"texture":"#5"}}},{"from":[7,14,7],"to":[9,14.5,9],"rotation":{"angle":0,"axis":"y","origin":[8,11.5,8]},"faces":{"north":{"uv":[13,2.66667,13.66667,2.83333],"texture":"#5"},"east":{"uv":[13,3.33333,13.66667,3.5],"texture":"#5"},"south":{"uv":[13,4,13.66667,4.16667],"texture":"#5"},"west":{"uv":[6.33333,13,7,13.16667],"texture":"#5"},"up":{"uv":[8,4.66667,7.33333,4],"texture":"#5"},"down":{"uv":[8,5,7.33333,5.66667],"texture":"#5"}}},{"from":[7,11,7],"to":[9,11.5,9],"rotation":{"angle":0,"axis":"y","origin":[8,8.5,8]},"faces":{"north":{"uv":[13,2.66667,13.66667,2.83333],"texture":"#5"},"east":{"uv":[13,3.33333,13.66667,3.5],"texture":"#5"},"south":{"uv":[13,4,13.66667,4.16667],"texture":"#5"},"west":{"uv":[6.33333,13,7,13.16667],"texture":"#5"},"up":{"uv":[8,4.66667,7.33333,4],"texture":"#5"},"down":{"uv":[8,5,7.33333,5.66667],"texture":"#5"}}},{"from":[7.5,9,7.25],"to":[8.5,17,8],"rotation":{"angle":0,"axis":"y","origin":[8,11.5,8]},"faces":{"north":{"uv":[2.33333,2.66667,2.66667,5.33333],"texture":"#5"},"east":{"uv":[1.33333,5.66667,1.58333,8.33333],"texture":"#5"},"west":{"uv":[2,5.66667,2.25,8.33333],"texture":"#5"}}},{"from":[7.5,18.24318,6.33353],"to":[8.5,21.24318,7.08353],"rotation":{"angle":-22.5,"axis":"x","origin":[8.125,18.68068,6.83353]},"faces":{"north":{"uv":[1,9.66667,1.33333,10.66667],"texture":"#5"},"east":{"uv":[4.33333,11.33333,4.58333,12.33333],"texture":"#5"},"west":{"uv":[5,11.33333,5.25,12.33333],"texture":"#5"},"up":{"uv":[1,13.91667,0.66667,13.66667],"texture":"#5"}}},{"from":[7.25,18.24318,7.08353],"to":[8.75,21.24318,7.83353],"rotation":{"angle":-22.5,"axis":"x","origin":[8.125,18.68068,6.83353]},"faces":{"north":{"uv":[6.33333,4,6.83333,5],"texture":"#5"},"east":{"uv":[3.66667,11.33333,3.91667,12.33333],"texture":"#5"},"south":{"uv":[2.66667,6.66667,3.16667,7.66667],"texture":"#5"},"west":{"uv":[11.33333,4,11.58333,5],"texture":"#5"},"up":{"uv":[13.16667,6.58333,12.66667,6.33333],"texture":"#5"}}},{"from":[7.75,21.24318,6.58353],"to":[8.25,24.24318,7.33353],"rotation":{"angle":-22.5,"axis":"x","origin":[8.125,18.68068,6.83353]},"faces":{"north":{"uv":[12,5,12.16667,6],"texture":"#5"},"east":{"uv":[11.33333,5.33333,11.58333,6.33333],"texture":"#5"},"west":{"uv":[5.66667,11.33333,5.91667,12.33333],"texture":"#5"}}},{"from":[7.5,21.24318,7.33353],"to":[8.5,24.24318,7.58353],"rotation":{"angle":-22.5,"axis":"x","origin":[8.125,18.68068,6.83353]},"faces":{"north":{"uv":[1.66667,9.66667,2,10.66667],"texture":"#5"},"east":{"uv":[8.33333,13.66667,8.41667,14.66667],"texture":"#5"},"south":{"uv":[9.66667,5,10,6],"texture":"#5"},"west":{"uv":[13,13.66667,13.08333,14.66667],"texture":"#5"}}},{"from":[7,16.24318,6.08353],"to":[9,18.24318,8.08353],"rotation":{"angle":-22.5,"axis":"x","origin":[7.875,18.68068,6.83353]},"faces":{"north":{"uv":[7.33333,6,8,6.66667],"texture":"#5"},"east":{"uv":[7.66667,7,8.33333,7.66667],"texture":"#5"},"south":{"uv":[2.66667,8,3.33333,8.66667],"texture":"#5"},"west":{"uv":[7.66667,8,8.33333,8.66667],"texture":"#5"},"up":{"uv":[9,0.66667,8.33333,0],"texture":"#5"},"down":{"uv":[9,1,8.33333,1.66667],"texture":"#5"}}},{"from":[6.75,16.49318,6.33353],"to":[9.25,17.99318,7.83353],"rotation":{"angle":-22.5,"axis":"x","origin":[7.875,18.68068,6.83353]},"faces":{"north":{"uv":[8.33333,5,9.16667,5.5],"texture":"#5"},"east":{"uv":[2.66667,11.33333,3.16667,11.83333],"texture":"#5"},"south":{"uv":[8.33333,6,9.16667,6.5],"texture":"#5"},"west":{"uv":[11.33333,3,11.83333,3.5],"texture":"#5"},"up":{"uv":[0.83333,9.16667,0,8.66667],"texture":"#5"},"down":{"uv":[2.16667,8.66667,1.33333,9.16667],"texture":"#5"}}},{"from":[7.375,21.32737,4.74449],"to":[8.625,24.57737,5.74449],"rotation":{"angle":45,"axis":"x","origin":[8.375,24.37737,4.74449]},"faces":{"north":{"uv":[3.66667,6.66667,4.08333,7.75],"texture":"#5"},"east":{"uv":[5.66667,8.33333,6,9.41667],"texture":"#5"},"south":{"uv":[4.66667,6.66667,5.08333,7.75],"texture":"#5"},"west":{"uv":[6.33333,8.66667,6.66667,9.75],"texture":"#5"},"up":{"uv":[2.41667,12.66667,2,12.33333],"texture":"#5"},"down":{"uv":[12.75,2,12.33333,2.33333],"texture":"#5"}}},{"from":[7.125,21.57737,4.99449],"to":[8.875,24.32737,5.49449],"rotation":{"angle":45,"axis":"x","origin":[8.375,24.37737,4.74449]},"faces":{"north":{"uv":[6.33333,1.33333,6.91667,2.25],"texture":"#5"},"east":{"uv":[9.66667,12,9.83333,12.91667],"texture":"#5"},"south":{"uv":[6.33333,2.66667,6.91667,3.58333],"texture":"#5"},"west":{"uv":[10.33333,12,10.5,12.91667],"texture":"#5"},"up":{"uv":[4.25,13.5,3.66667,13.33333],"texture":"#5"},"down":{"uv":[13.91667,4.66667,13.33333,4.83333],"texture":"#5"}}},{"from":[7.375,4.25,11.35],"to":[8.625,6.75,12.6],"rotation":{"angle":-22.5,"axis":"x","origin":[7.875,4.375,1]},"faces":{"north":{"uv":[2.66667,9,3.08333,9.83333],"texture":"#5"},"east":{"uv":[7,9,7.41667,9.83333],"texture":"#5"},"south":{"uv":[8,9,8.41667,9.83333],"texture":"#5"},"west":{"uv":[9,9,9.41667,9.83333],"texture":"#5"},"up":{"uv":[12.41667,4.41667,12,4],"texture":"#5"}}},{"from":[7.5,6.75,11.5],"to":[8.5,7.75,12.5],"rotation":{"angle":-22.5,"axis":"x","origin":[8,4.375,1]},"faces":{"north":{"uv":[0,8,0.33333,8.33333],"texture":"#5"},"east":{"uv":[0.66667,13,1,13.33333],"texture":"#5"},"south":{"uv":[8.33333,13,8.66667,13.33333],"texture":"#5"},"west":{"uv":[11,13,11.33333,13.33333],"texture":"#5"},"up":{"uv":[12,13.33333,11.66667,13],"texture":"#5"}}},{"from":[7.625,7.75,11.625],"to":[8.375,9.25,12.375],"rotation":{"angle":-22.5,"axis":"x","origin":[8,4.375,1]},"faces":{"north":{"uv":[12.66667,7,12.91667,7.5],"texture":"#5"},"east":{"uv":[12.66667,8.66667,12.91667,9.16667],"texture":"#5"},"south":{"uv":[12.66667,10.66667,12.91667,11.16667],"texture":"#5"},"west":{"uv":[0,13,0.25,13.5],"texture":"#5"}}},{"from":[7.5,9.25,11.25],"to":[8.5,10.75,12.5],"rotation":{"angle":-22.5,"axis":"x","origin":[8,4.375,1]},"faces":{"east":{"uv":[11.66667,9,12.08333,9.5],"texture":"#5"},"south":{"uv":[8.33333,12,8.66667,12.5],"texture":"#5"},"west":{"uv":[11.66667,11,12.08333,11.5],"texture":"#5"},"up":{"uv":[12.66667,3.08333,12.33333,2.66667],"texture":"#5"},"down":{"uv":[3.33333,12.33333,3,12.75],"texture":"#5"}}},{"from":[7.25,11.2088,7.58156],"to":[8.75,11.7088,8.08156],"rotation":{"angle":-22.5,"axis":"x","origin":[8,10.9588,7.10656]},"faces":{"north":{"uv":[14,2,14.5,2.16667],"texture":"#5"},"south":{"uv":[14,2.66667,14.5,2.83333],"texture":"#5"},"up":{"uv":[3.5,14.16667,3,14],"texture":"#5"},"down":{"uv":[14.5,3.33333,14,3.5],"texture":"#5"}}},{"from":[6.75,10.75,5.275],"to":[7.25,11.25,7.775],"rotation":{"angle":-22.5,"axis":"x","origin":[8.25,11.5,5.8]},"faces":{"north":{"uv":[8.66667,15.33333,8.83333,15.5],"texture":"#5"},"east":{"uv":[12.33333,10,13.16667,10.16667],"texture":"#5"},"south":{"uv":[9.33333,15.33333,9.5,15.5],"texture":"#5"},"west":{"uv":[3.66667,12.66667,4.5,12.83333],"texture":"#5"},"up":{"uv":[5.16667,13.5,5,12.66667],"texture":"#5"},"down":{"uv":[12.83333,5,12.66667,5.83333],"texture":"#5"}}},{"from":[8.75,10.75,5.275],"to":[9.25,11.25,7.775],"rotation":{"angle":-22.5,"axis":"x","origin":[7.75,11.5,5.8]},"faces":{"north":{"uv":[15.33333,6,15.5,6.16667],"texture":"#5"},"east":{"uv":[6.33333,12.33333,7.16667,12.5],"texture":"#5"},"south":{"uv":[15.33333,7.33333,15.5,7.5],"texture":"#5"},"west":{"uv":[12.33333,8,13.16667,8.16667],"texture":"#5"},"up":{"uv":[7.83333,13.16667,7.66667,12.33333],"texture":"#5"},"down":{"uv":[12.5,12,12.33333,12.83333],"texture":"#5"}}},{"from":[7.25,11.75,5.275],"to":[8.75,12.25,5.775],"rotation":{"angle":-22.5,"axis":"x","origin":[8,11.5,5.8]},"faces":{"north":{"uv":[13.66667,13.33333,14.16667,13.5],"texture":"#5"},"south":{"uv":[14,0,14.5,0.16667],"texture":"#5"},"up":{"uv":[14.5,0.83333,14,0.66667],"texture":"#5"},"down":{"uv":[14.5,1.33333,14,1.5],"texture":"#5"}}},{"from":[6.75,11.25,5.275],"to":[7.25,12.25,5.775],"rotation":{"angle":-22.5,"axis":"x","origin":[8.25,11.5,5.8]},"faces":{"north":{"uv":[15,14.66667,15.16667,15],"texture":"#5"},"east":{"uv":[1.33333,15.33333,1.5,15.66667],"texture":"#5"},"south":{"uv":[2.66667,15.33333,2.83333,15.66667],"texture":"#5"},"west":{"uv":[3.33333,15.33333,3.5,15.66667],"texture":"#5"},"up":{"uv":[5.5,15.5,5.33333,15.33333],"texture":"#5"}}},{"from":[8.75,11.25,5.275],"to":[9.25,12.25,5.775],"rotation":{"angle":-22.5,"axis":"x","origin":[7.75,11.5,5.8]},"faces":{"north":{"uv":[11,15,11.16667,15.33333],"texture":"#5"},"east":{"uv":[11.66667,15,11.83333,15.33333],"texture":"#5"},"south":{"uv":[12.33333,15,12.5,15.33333],"texture":"#5"},"west":{"uv":[13,15,13.16667,15.33333],"texture":"#5"},"up":{"uv":[4.83333,15.5,4.66667,15.33333],"texture":"#5"}}},{"from":[7.25,15.2088,7.58156],"to":[8.75,15.7088,8.08156],"rotation":{"angle":-22.5,"axis":"x","origin":[8,14.9588,7.10656]},"faces":{"north":{"uv":[14,2,14.5,2.16667],"texture":"#5"},"south":{"uv":[14,2.66667,14.5,2.83333],"texture":"#5"},"up":{"uv":[3.5,14.16667,3,14],"texture":"#5"},"down":{"uv":[14.5,3.33333,14,3.5],"texture":"#5"}}},{"from":[6.75,14.75,5.275],"to":[7.25,15.25,7.775],"rotation":{"angle":-22.5,"axis":"x","origin":[8.25,15.5,5.8]},"faces":{"north":{"uv":[8.66667,15.33333,8.83333,15.5],"texture":"#5"},"east":{"uv":[12.33333,10,13.16667,10.16667],"texture":"#5"},"south":{"uv":[9.33333,15.33333,9.5,15.5],"texture":"#5"},"west":{"uv":[3.66667,12.66667,4.5,12.83333],"texture":"#5"},"up":{"uv":[5.16667,13.5,5,12.66667],"texture":"#5"},"down":{"uv":[12.83333,5,12.66667,5.83333],"texture":"#5"}}},{"from":[6.75,15.25,5.275],"to":[7.25,16.25,5.775],"rotation":{"angle":-22.5,"axis":"x","origin":[8.25,15.5,5.8]},"faces":{"north":{"uv":[15,14.66667,15.16667,15],"texture":"#5"},"east":{"uv":[1.33333,15.33333,1.5,15.66667],"texture":"#5"},"south":{"uv":[2.66667,15.33333,2.83333,15.66667],"texture":"#5"},"west":{"uv":[3.33333,15.33333,3.5,15.66667],"texture":"#5"},"up":{"uv":[5.5,15.5,5.33333,15.33333],"texture":"#5"}}},{"from":[7.25,15.75,5.275],"to":[8.75,16.25,5.775],"rotation":{"angle":-22.5,"axis":"x","origin":[8,15.5,5.8]},"faces":{"north":{"uv":[13.66667,13.33333,14.16667,13.5],"texture":"#5"},"south":{"uv":[14,0,14.5,0.16667],"texture":"#5"},"up":{"uv":[14.5,0.83333,14,0.66667],"texture":"#5"},"down":{"uv":[14.5,1.33333,14,1.5],"texture":"#5"}}},{"from":[8.75,15.25,5.275],"to":[9.25,16.25,5.775],"rotation":{"angle":-22.5,"axis":"x","origin":[7.75,15.5,5.8]},"faces":{"north":{"uv":[11,15,11.16667,15.33333],"texture":"#5"},"east":{"uv":[11.66667,15,11.83333,15.33333],"texture":"#5"},"south":{"uv":[12.33333,15,12.5,15.33333],"texture":"#5"},"west":{"uv":[13,15,13.16667,15.33333],"texture":"#5"},"up":{"uv":[4.83333,15.5,4.66667,15.33333],"texture":"#5"}}},{"from":[8.75,14.75,5.275],"to":[9.25,15.25,7.775],"rotation":{"angle":-22.5,"axis":"x","origin":[7.75,15.5,5.8]},"faces":{"north":{"uv":[15.33333,6,15.5,6.16667],"texture":"#5"},"east":{"uv":[6.33333,12.33333,7.16667,12.5],"texture":"#5"},"south":{"uv":[15.33333,7.33333,15.5,7.5],"texture":"#5"},"west":{"uv":[12.33333,8,13.16667,8.16667],"texture":"#5"},"up":{"uv":[7.83333,13.16667,7.66667,12.33333],"texture":"#5"},"down":{"uv":[12.5,12,12.33333,12.83333],"texture":"#5"}}},{"from":[7.25,18.97753,6.00768],"to":[8.75,19.47753,6.50768],"rotation":{"angle":-45,"axis":"x","origin":[8,19.55075,5.18446]},"faces":{"north":{"uv":[14,2,14.5,2.16667],"texture":"#5"},"south":{"uv":[14,2.66667,14.5,2.83333],"texture":"#5"},"up":{"uv":[3.5,14.16667,3,14],"texture":"#5"},"down":{"uv":[14.5,3.33333,14,3.5],"texture":"#5"}}},{"from":[6.75,18.97753,4.00768],"to":[7.25,19.47753,6.50768],"rotation":{"angle":-45,"axis":"x","origin":[8,19.55075,5.18446]},"faces":{"north":{"uv":[8.66667,15.33333,8.83333,15.5],"texture":"#5"},"east":{"uv":[12.33333,10,13.16667,10.16667],"texture":"#5"},"south":{"uv":[9.33333,15.33333,9.5,15.5],"texture":"#5"},"west":{"uv":[3.66667,12.66667,4.5,12.83333],"texture":"#5"},"up":{"uv":[5.16667,13.5,5,12.66667],"texture":"#5"},"down":{"uv":[12.83333,5,12.66667,5.83333],"texture":"#5"}}},{"from":[6.75,19.47753,4.00768],"to":[7.25,20.47753,4.50768],"rotation":{"angle":-45,"axis":"x","origin":[8,19.55075,5.18446]},"faces":{"north":{"uv":[15,14.66667,15.16667,15],"texture":"#5"},"east":{"uv":[1.33333,15.33333,1.5,15.66667],"texture":"#5"},"south":{"uv":[2.66667,15.33333,2.83333,15.66667],"texture":"#5"},"west":{"uv":[3.33333,15.33333,3.5,15.66667],"texture":"#5"},"up":{"uv":[5.5,15.5,5.33333,15.33333],"texture":"#5"}}},{"from":[7.25,19.97753,4.00768],"to":[8.75,20.47753,4.50768],"rotation":{"angle":-45,"axis":"x","origin":[8,19.55075,5.18446]},"faces":{"north":{"uv":[13.66667,13.33333,14.16667,13.5],"texture":"#5"},"south":{"uv":[14,0,14.5,0.16667],"texture":"#5"},"up":{"uv":[14.5,0.83333,14,0.66667],"texture":"#5"},"down":{"uv":[14.5,1.33333,14,1.5],"texture":"#5"}}},{"from":[8.75,19.47753,4.00768],"to":[9.25,20.47753,4.50768],"rotation":{"angle":-45,"axis":"x","origin":[8,19.55075,5.18446]},"faces":{"north":{"uv":[11,15,11.16667,15.33333],"texture":"#5"},"east":{"uv":[11.66667,15,11.83333,15.33333],"texture":"#5"},"south":{"uv":[12.33333,15,12.5,15.33333],"texture":"#5"},"west":{"uv":[13,15,13.16667,15.33333],"texture":"#5"},"up":{"uv":[4.83333,15.5,4.66667,15.33333],"texture":"#5"}}},{"from":[8.75,18.97753,4.00768],"to":[9.25,19.47753,6.50768],"rotation":{"angle":-45,"axis":"x","origin":[8,19.55075,5.18446]},"faces":{"north":{"uv":[15.33333,6,15.5,6.16667],"texture":"#5"},"east":{"uv":[6.33333,12.33333,7.16667,12.5],"texture":"#5"},"south":{"uv":[15.33333,7.33333,15.5,7.5],"texture":"#5"},"west":{"uv":[12.33333,8,13.16667,8.16667],"texture":"#5"},"up":{"uv":[7.83333,13.16667,7.66667,12.33333],"texture":"#5"},"down":{"uv":[12.5,12,12.33333,12.83333],"texture":"#5"}}},{"from":[7.985,10,5.675],"to":[8.015,16.5,6.675],"rotation":{"angle":0,"axis":"y","origin":[7.985,13.5,6.5]},"faces":{"east":{"uv":[0.33333,5.33333,0,7.5],"texture":"#5"},"west":{"uv":[0,5.33333,0.33333,7.5],"texture":"#5"}}},{"from":[7.99,17.12,4.26],"to":[8.01,23.87,5.21],"rotation":{"angle":-22.5,"axis":"x","origin":[7.99,20.43198,7.02169]},"faces":{"east":{"uv":[5.33333,0,5,2.25],"texture":"#5"},"west":{"uv":[5,0,5.33333,2.25],"texture":"#5"}}},{"from":[7,8.21089,5.43891],"to":[9,10.21089,7.43891],"rotation":{"angle":-22.5,"axis":"x","origin":[8,9.21089,6.18891]},"faces":{"north":{"uv":[8.33333,2,9,2.66667],"texture":"#5"},"east":{"uv":[8.33333,3,9,3.66667],"texture":"#5"},"south":{"uv":[3.66667,8.33333,4.33333,9],"texture":"#5"},"west":{"uv":[8.33333,4,9,4.66667],"texture":"#5"},"up":{"uv":[5.33333,9,4.66667,8.33333],"texture":"#5"}}}],"gui_light":"front","display":{"thirdperson_righthand":{"rotation":[25.75,0,0],"translation":[0,2.5,2.5]},"thirdperson_lefthand":{"rotation":[25.75,0,0],"translation":[0,2.5,2.5]},"firstperson_righthand":{"rotation":[-35.27,-5.81,-5.44],"translation":[1.75,1.25,0],"scale":[0.7,0.7,0.7]},"firstperson_lefthand":{"rotation":[-35.27,-5.81,-5.44],"translation":[1.75,1.25,0],"scale":[0.7,0.7,0.7]},"ground":{"rotation":[-45,0,0],"translation":[0,3,0],"scale":[0.7,0.7,0.7]},"gui":{"rotation":[-90,45,90],"translation":[1.25,0.5,0],"scale":[0.7,0.7,0.7]},"head":{"rotation":[0,-90,0]},"fixed":{"rotation":[0,-90,0],"translation":[0,0,-2.25],"scale":[2,2,2]}},"USER":"33672","NONCE":"250d30f3c9d7634129006a92dfa824a1","TIMESTAMP":"1740508157","RESOURCE":"12629","mcmodels":"250d30f3c9d7634129006a92dfa824a1"}