{"credit":"Pologony Creation Co.,Ltd.","texture_size":[48,48],"textures":{"2":"nanoedge_set:animations/animated_1","3":"nanoedge_set:animations/animated_2","4":"nanoedge_set:animations/animated_3","7":"nanoedge_set:greatsword","particle":"nanoedge_set:animations/animated_1"},"elements":[{"from":[7.245,-10.06066,8],"to":[8.755,-8.56066,9.5],"rotation":{"angle":-45,"axis":"x","origin":[7.745,-10.06066,8]},"faces":{"north":{"uv":[10.66667,9,11.16667,9.5],"texture":"#7"},"east":{"uv":[8.66667,11,9.16667,11.5],"texture":"#7"},"south":{"uv":[9.66667,11,10.16667,11.5],"texture":"#7"},"west":{"uv":[11,10,11.5,10.5],"texture":"#7"},"up":{"uv":[11.16667,11.5,10.66667,11],"texture":"#7"},"down":{"uv":[2.5,11.33333,2,11.83333],"texture":"#7"}}},{"from":[7.25,-9,6.93875],"to":[8.75,-7.5,9.06125],"rotation":{"angle":0,"axis":"y","origin":[8.25,-8,7.68875]},"faces":{"north":{"uv":[3,11.33333,3.5,11.83333],"texture":"#7"},"east":{"uv":[9.66667,9,10.33333,9.5],"texture":"#7"},"south":{"uv":[11.33333,5.33333,11.83333,5.83333],"texture":"#7"},"west":{"uv":[10,2,10.66667,2.5],"texture":"#7"},"up":{"uv":[10.5,3.66667,10,3],"texture":"#7"},"down":{"uv":[10.5,4,10,4.66667],"texture":"#7"}}},{"from":[7.2425,-8.56066,8],"to":[8.7575,-7.06066,9.5],"rotation":{"angle":-45,"axis":"x","origin":[7.7425,-8.56066,8]},"faces":{"north":{"uv":[11.66667,0,12.16667,0.5],"texture":"#7"},"east":{"uv":[11.66667,1,12.16667,1.5],"texture":"#7"},"south":{"uv":[11.66667,2,12.16667,2.5],"texture":"#7"},"west":{"uv":[11.66667,3,12.16667,3.5],"texture":"#7"},"up":{"uv":[12.16667,4.5,11.66667,4],"texture":"#7"},"down":{"uv":[12.16667,6.33333,11.66667,6.83333],"texture":"#7"}}},{"from":[7.7535,-9.375,6.25],"to":[8.2465,-7.125,7.25],"rotation":{"angle":0,"axis":"y","origin":[7.7535,-9.875,6.25]},"faces":{"north":{"uv":[0,13.33333,0.16667,14.08333],"texture":"#7"},"east":{"uv":[11.66667,7.33333,12,8.08333],"texture":"#7"},"west":{"uv":[11.66667,8.66667,12,9.41667],"texture":"#7"}}},{"from":[7.75,-7.375,6.25],"to":[8.25,-6.625,7.175],"rotation":{"angle":45,"axis":"x","origin":[7.75,-7.375,6.25]},"faces":{"north":{"uv":[14.66667,14.66667,14.83333,14.91667],"texture":"#7"},"east":{"uv":[11,8.33333,11.33333,8.58333],"texture":"#7"},"west":{"uv":[12.66667,4.33333,13,4.58333],"texture":"#7"},"up":{"uv":[11.16667,15,11,14.66667],"texture":"#7"},"down":{"uv":[11.83333,14.66667,11.66667,15],"texture":"#7"}}},{"from":[7.75,-10.375,6.25],"to":[8.25,-9.125,7.175],"rotation":{"angle":-45,"axis":"x","origin":[7.75,-9.125,6.25]},"faces":{"north":{"uv":[6,13.33333,6.16667,13.75],"texture":"#7"},"east":{"uv":[8,13,8.33333,13.41667],"texture":"#7"},"west":{"uv":[8.66667,13,9,13.41667],"texture":"#7"},"up":{"uv":[14.83333,13.66667,14.66667,13.33333],"texture":"#7"},"down":{"uv":[14.83333,14,14.66667,14.33333],"texture":"#7"}}},{"from":[7.35355,-6.68934,7.5],"to":[8.85355,-6.18934,9],"rotation":{"angle":-45,"axis":"y","origin":[8.35355,-6.68934,8]},"faces":{"north":{"uv":[2,13.33333,2.5,13.5],"texture":"#7"},"east":{"uv":[13.33333,2,13.83333,2.16667],"texture":"#7"},"south":{"uv":[13.33333,4.33333,13.83333,4.5],"texture":"#7"},"west":{"uv":[5,13.33333,5.5,13.5],"texture":"#7"},"up":{"uv":[12.16667,11.5,11.66667,11],"texture":"#7"},"down":{"uv":[4.5,12,4,12.5],"texture":"#7"}}},{"from":[7.35355,-5.68934,7.5],"to":[8.85355,-5.18934,9],"rotation":{"angle":-45,"axis":"y","origin":[8.35355,-5.68934,8]},"faces":{"north":{"uv":[13.33333,6.33333,13.83333,6.5],"texture":"#7"},"east":{"uv":[13.33333,8.66667,13.83333,8.83333],"texture":"#7"},"south":{"uv":[13.33333,9.33333,13.83333,9.5],"texture":"#7"},"west":{"uv":[13.33333,11,13.83333,11.16667],"texture":"#7"},"up":{"uv":[7.16667,12.5,6.66667,12],"texture":"#7"},"down":{"uv":[8.16667,12,7.66667,12.5],"texture":"#7"}}},{"from":[7.60355,-6.18934,7.57322],"to":[8.85355,-5.68934,8.82322],"rotation":{"angle":-45,"axis":"y","origin":[8.35355,-6.18934,7.82322]},"faces":{"north":{"uv":[13.66667,5,14.08333,5.16667],"texture":"#7"},"east":{"uv":[13.66667,5.66667,14.08333,5.83333],"texture":"#7"},"south":{"uv":[13.66667,7,14.08333,7.16667],"texture":"#7"},"west":{"uv":[13.66667,7.66667,14.08333,7.83333],"texture":"#7"}}},{"from":[7.35355,-0.18934,7.5],"to":[8.85355,0.31066,9],"rotation":{"angle":-45,"axis":"y","origin":[8.35355,-0.18934,8]},"faces":{"north":{"uv":[13.33333,11.66667,13.83333,11.83333],"texture":"#7"},"east":{"uv":[13.33333,12.33333,13.83333,12.5],"texture":"#7"},"south":{"uv":[13.33333,13,13.83333,13.16667],"texture":"#7"},"west":{"uv":[13.66667,0,14.16667,0.16667],"texture":"#7"},"up":{"uv":[9.16667,12.5,8.66667,12],"texture":"#7"},"down":{"uv":[10.16667,12,9.66667,12.5],"texture":"#7"}}},{"from":[7.60355,-0.68934,7.57322],"to":[8.85355,-0.18934,8.82322],"rotation":{"angle":-45,"axis":"y","origin":[8.35355,-0.68934,7.82322]},"faces":{"north":{"uv":[13.66667,10,14.08333,10.16667],"texture":"#7"},"east":{"uv":[12.66667,13.66667,13.08333,13.83333],"texture":"#7"},"south":{"uv":[13.66667,13.66667,14.08333,13.83333],"texture":"#7"},"west":{"uv":[2,14,2.41667,14.16667],"texture":"#7"}}},{"from":[7.35355,-1.18934,7.5],"to":[8.85355,-0.68934,9],"rotation":{"angle":-45,"axis":"y","origin":[8.35355,-1.18934,8]},"faces":{"north":{"uv":[13.66667,0.66667,14.16667,0.83333],"texture":"#7"},"east":{"uv":[13.66667,1.33333,14.16667,1.5],"texture":"#7"},"south":{"uv":[13.66667,2.66667,14.16667,2.83333],"texture":"#7"},"west":{"uv":[13.66667,3.33333,14.16667,3.5],"texture":"#7"},"up":{"uv":[12.5,10.5,12,10],"texture":"#7"},"down":{"uv":[11.16667,12,10.66667,12.5],"texture":"#7"}}},{"from":[7.85355,-5.18934,7.64645],"to":[8.85355,-1.18934,8.64645],"rotation":{"angle":-45,"axis":"y","origin":[8.35355,-5.18934,7.64645]},"faces":{"north":{"uv":[4.66667,9,5,10.33333],"texture":"#7"},"east":{"uv":[9,8.33333,9.33333,9.66667],"texture":"#7"},"south":{"uv":[9.33333,2.66667,9.66667,4],"texture":"#7"},"west":{"uv":[9.33333,4.33333,9.66667,5.66667],"texture":"#7"}}},{"from":[7,0.5,5.5],"to":[9,3,6.5],"rotation":{"angle":-22.5,"axis":"x","origin":[6.5,-0.5,5.5]},"faces":{"north":{"uv":[8,8.33333,8.66667,9.16667],"texture":"#7"},"east":{"uv":[4.33333,10.66667,4.66667,11.5],"texture":"#7"},"south":{"uv":[2.66667,9,3.33333,9.83333],"texture":"#7"},"west":{"uv":[7.33333,10.66667,7.66667,11.5],"texture":"#7"},"up":{"uv":[3.66667,12.66667,3,12.33333],"texture":"#7"},"down":{"uv":[13,8.66667,12.33333,9],"texture":"#7"}}},{"from":[7.25,0.75,6.5],"to":[8.75,2.75,8.5],"rotation":{"angle":-22.5,"axis":"x","origin":[6.5,-0.5,5.5]},"faces":{"east":{"uv":[9.33333,6,10,6.66667],"texture":"#7"},"south":{"uv":[10,5,10.5,5.66667],"texture":"#7"},"west":{"uv":[9.33333,7,10,7.66667],"texture":"#7"},"up":{"uv":[9.5,10.66667,9,10],"texture":"#7"},"down":{"uv":[10.5,10,10,10.66667],"texture":"#7"}}},{"from":[6.75,-0.12132,8],"to":[9.25,2.87868,11],"rotation":{"angle":-45,"axis":"x","origin":[7,-0.12132,8]},"faces":{"north":{"uv":[7,1.66667,7.83333,2.66667],"texture":"#7"},"east":{"uv":[6.66667,3.33333,7.66667,4.33333],"texture":"#7"},"south":{"uv":[2.66667,7.66667,3.5,8.66667],"texture":"#7"},"west":{"uv":[6.66667,4.66667,7.66667,5.66667],"texture":"#7"},"up":{"uv":[4.83333,8.66667,4,7.66667],"texture":"#7"},"down":{"uv":[7.5,7.66667,6.66667,8.66667],"texture":"#7"}}},{"from":[7.625,1.87868,8],"to":[8.375,5.62868,11.75],"rotation":{"angle":-45,"axis":"x","origin":[7.125,1.87868,8]},"faces":{"north":{"uv":[6.66667,10.33333,6.91667,11.58333],"texture":"#7"},"east":{"uv":[5.33333,0,6.58333,1.25],"texture":"#7"},"south":{"uv":[0,10.66667,0.25,11.91667],"texture":"#7"},"west":{"uv":[5.33333,1.66667,6.58333,2.91667],"texture":"#7"},"up":{"uv":[0.91667,11.91667,0.66667,10.66667],"texture":"#7"},"down":{"uv":[1.58333,10.66667,1.33333,11.91667],"texture":"#7"}}},{"from":[6.5,0.12868,8.25],"to":[9.5,2.62868,10.75],"rotation":{"angle":-45,"axis":"x","origin":[7,-0.12132,8]},"faces":{"north":{"uv":[8,3,9,3.83333],"texture":"#7"},"east":{"uv":[8.33333,0,9.16667,0.83333],"texture":"#7"},"south":{"uv":[8,4.33333,9,5.16667],"texture":"#7"},"west":{"uv":[8.33333,1.33333,9.16667,2.16667],"texture":"#7"},"up":{"uv":[9,6.5,8,5.66667],"texture":"#7"},"down":{"uv":[9,7,8,7.83333],"texture":"#7"}}},{"from":[7.75,2.1,2.85],"to":[8.25,2.85,5.6],"rotation":{"angle":45,"axis":"x","origin":[8,1.95,3.53661]},"faces":{"east":{"uv":[12.33333,5,13.25,5.25],"texture":"#7"},"west":{"uv":[12.33333,5.66667,13.25,5.91667],"texture":"#7"},"up":{"uv":[6.83333,13.91667,6.66667,13],"texture":"#7"}}},{"from":[7.495,1.48091,2.45006],"to":[8.505,3.23091,3.70006],"rotation":{"angle":0,"axis":"y","origin":[8,1.89697,3.625]},"faces":{"north":{"uv":[12.66667,6.33333,13,6.91667],"texture":"#7"},"east":{"uv":[11.66667,12,12.08333,12.58333],"texture":"#7"},"south":{"uv":[12.66667,11,13,11.58333],"texture":"#7"},"west":{"uv":[0,12.33333,0.41667,12.91667],"texture":"#7"},"up":{"uv":[9.66667,13.41667,9.33333,13],"texture":"#7"},"down":{"uv":[10.33333,13,10,13.41667],"texture":"#7"}}},{"from":[7.5,0.85,3.1],"to":[8.5,2.1,5.6],"rotation":{"angle":45,"axis":"x","origin":[8,1.95,3.53661]},"faces":{"east":{"uv":[1,9.66667,1.83333,10.08333],"texture":"#7"},"south":{"uv":[13,10,13.33333,10.41667],"texture":"#7"},"west":{"uv":[9.66667,1,10.5,1.41667],"texture":"#7"},"up":{"uv":[8.33333,11.5,8,10.66667],"texture":"#7"},"down":{"uv":[11.33333,0,11,0.83333],"texture":"#7"}}},{"from":[7.5,0.93753,5.94553],"to":[8.5,1.93753,7.94553],"rotation":{"angle":22.5,"axis":"x","origin":[7.5,1.03753,5.94553]},"faces":{"east":{"uv":[12.33333,9.33333,13,9.66667],"texture":"#7"},"west":{"uv":[12.66667,0,13.33333,0.33333],"texture":"#7"},"down":{"uv":[10.66667,7,10.33333,7.66667],"texture":"#7"}}},{"from":[7,0.5,9.5],"to":[9,3,10.5],"rotation":{"angle":22.5,"axis":"x","origin":[6.5,-0.5,10.5]},"faces":{"north":{"uv":[3.66667,9,4.33333,9.83333],"texture":"#7"},"east":{"uv":[11,4,11.33333,4.83333],"texture":"#7"},"south":{"uv":[6.66667,9,7.33333,9.83333],"texture":"#7"},"west":{"uv":[11,7,11.33333,7.83333],"texture":"#7"},"up":{"uv":[13.33333,3.33333,12.66667,3],"texture":"#7"},"down":{"uv":[13.33333,3.66667,12.66667,4],"texture":"#7"}}},{"from":[7.25,0.75,7.5],"to":[8.75,2.75,9.5],"rotation":{"angle":22.5,"axis":"x","origin":[6.5,-0.5,10.5]},"faces":{"north":{"uv":[2.33333,10.33333,2.83333,11],"texture":"#7"},"east":{"uv":[0,9.66667,0.66667,10.33333],"texture":"#7"},"west":{"uv":[9.66667,0,10.33333,0.66667],"texture":"#7"},"up":{"uv":[3.83333,11,3.33333,10.33333],"texture":"#7"},"down":{"uv":[10.83333,6,10.33333,6.66667],"texture":"#7"}}},{"from":[7.75,2.1,10.4],"to":[8.25,2.85,13.15],"rotation":{"angle":-45,"axis":"x","origin":[8,1.95,12.46339]},"faces":{"east":{"uv":[12.33333,7.33333,13.25,7.58333],"texture":"#7"},"west":{"uv":[12.33333,8,13.25,8.25],"texture":"#7"},"up":{"uv":[7.5,13.91667,7.33333,13],"texture":"#7"}}},{"from":[7.495,1.48091,12.29994],"to":[8.505,3.23091,13.54994],"rotation":{"angle":0,"axis":"y","origin":[8,1.89697,12.375]},"faces":{"north":{"uv":[3.66667,13,4,13.58333],"texture":"#7"},"east":{"uv":[1,12.33333,1.41667,12.91667],"texture":"#7"},"south":{"uv":[4.33333,13,4.66667,13.58333],"texture":"#7"},"west":{"uv":[2,12.33333,2.41667,12.91667],"texture":"#7"},"up":{"uv":[11.66667,13.41667,11.33333,13],"texture":"#7"},"down":{"uv":[12.33333,13,12,13.41667],"texture":"#7"}}},{"from":[7.5,0.85,10.4],"to":[8.5,2.1,12.9],"rotation":{"angle":-45,"axis":"x","origin":[8,1.95,12.46339]},"faces":{"north":{"uv":[10.66667,13,11,13.41667],"texture":"#7"},"east":{"uv":[7.66667,9.66667,8.5,10.08333],"texture":"#7"},"west":{"uv":[9.66667,8,10.5,8.41667],"texture":"#7"},"up":{"uv":[11.33333,2.16667,11,1.33333],"texture":"#7"},"down":{"uv":[11.33333,2.66667,11,3.5],"texture":"#7"}}},{"from":[7.5,0.93753,8.05447],"to":[8.5,1.93753,10.05447],"rotation":{"angle":-22.5,"axis":"x","origin":[7.5,1.03753,10.05447]},"faces":{"east":{"uv":[12.66667,0.66667,13.33333,1],"texture":"#7"},"west":{"uv":[12.66667,1.33333,13.33333,1.66667],"texture":"#7"},"down":{"uv":[13,2,12.66667,2.66667],"texture":"#7"}}},{"from":[5.23953,1.625,6.48953],"to":[5.98953,2.375,7.23953],"rotation":{"angle":-45,"axis":"y","origin":[6.75,2,8]},"faces":{"north":{"uv":[3.66667,14,3.91667,14.25],"texture":"#7"},"east":{"uv":[4.33333,14,4.58333,14.25],"texture":"#7"},"south":{"uv":[5,14,5.25,14.25],"texture":"#7"},"west":{"uv":[8,14,8.25,14.25],"texture":"#7"},"up":{"uv":[8.91667,14.25,8.66667,14],"texture":"#7"},"down":{"uv":[9.58333,14,9.33333,14.25],"texture":"#7"}}},{"from":[5.23953,1.625,8.76047],"to":[5.98953,2.375,9.51047],"rotation":{"angle":45,"axis":"y","origin":[6.75,2,8]},"faces":{"north":{"uv":[10,14,10.25,14.25],"texture":"#7"},"east":{"uv":[10.66667,14,10.91667,14.25],"texture":"#7"},"south":{"uv":[11.33333,14,11.58333,14.25],"texture":"#7"},"west":{"uv":[12,14,12.25,14.25],"texture":"#7"},"up":{"uv":[14.58333,2.25,14.33333,2],"texture":"#7"},"down":{"uv":[14.58333,4,14.33333,4.25],"texture":"#7"}}},{"from":[6.375,0.0192,7.625],"to":[7.125,0.7692,8.375],"rotation":{"angle":45,"axis":"z","origin":[6.75,0.3942,8]},"faces":{"north":{"uv":[5.66667,14.33333,5.91667,14.58333],"texture":"#7"},"east":{"uv":[6.33333,14.33333,6.58333,14.58333],"texture":"#7"},"south":{"uv":[14.33333,6.33333,14.58333,6.58333],"texture":"#7"},"west":{"uv":[7,14.33333,7.25,14.58333],"texture":"#7"},"up":{"uv":[14.58333,8.58333,14.33333,8.33333],"texture":"#7"},"down":{"uv":[14.58333,9,14.33333,9.25],"texture":"#7"}}},{"from":[6.375,3.2308,7.625],"to":[7.125,3.9808,8.375],"rotation":{"angle":-45,"axis":"z","origin":[6.75,3.6058,8]},"faces":{"north":{"uv":[14.33333,10.66667,14.58333,10.91667],"texture":"#7"},"east":{"uv":[14.33333,11.33333,14.58333,11.58333],"texture":"#7"},"south":{"uv":[14.33333,12,14.58333,12.25],"texture":"#7"},"west":{"uv":[12.66667,14.33333,12.91667,14.58333],"texture":"#7"},"up":{"uv":[14.58333,12.91667,14.33333,12.66667],"texture":"#7"},"down":{"uv":[13.58333,14.33333,13.33333,14.58333],"texture":"#7"}}},{"from":[10.01047,1.625,8.76047],"to":[10.76047,2.375,9.51047],"rotation":{"angle":-45,"axis":"y","origin":[9.25,2,8]},"faces":{"north":{"uv":[14,14.33333,14.25,14.58333],"texture":"#7"},"east":{"uv":[0,14.66667,0.25,14.91667],"texture":"#7"},"south":{"uv":[14.66667,0,14.91667,0.25],"texture":"#7"},"west":{"uv":[0.66667,14.66667,0.91667,14.91667],"texture":"#7"},"up":{"uv":[14.91667,0.91667,14.66667,0.66667],"texture":"#7"},"down":{"uv":[1.58333,14.66667,1.33333,14.91667],"texture":"#7"}}},{"from":[8.875,3.2308,7.625],"to":[9.625,3.9808,8.375],"rotation":{"angle":45,"axis":"z","origin":[9.25,3.6058,8]},"faces":{"north":{"uv":[14.66667,1.33333,14.91667,1.58333],"texture":"#7"},"east":{"uv":[2,14.66667,2.25,14.91667],"texture":"#7"},"south":{"uv":[2.66667,14.66667,2.91667,14.91667],"texture":"#7"},"west":{"uv":[14.66667,2.66667,14.91667,2.91667],"texture":"#7"},"up":{"uv":[3.58333,14.91667,3.33333,14.66667],"texture":"#7"},"down":{"uv":[14.91667,3.33333,14.66667,3.58333],"texture":"#7"}}},{"from":[10.01047,1.625,6.48953],"to":[10.76047,2.375,7.23953],"rotation":{"angle":45,"axis":"y","origin":[9.25,2,8]},"faces":{"north":{"uv":[4,14.66667,4.25,14.91667],"texture":"#7"},"east":{"uv":[4.66667,14.66667,4.91667,14.91667],"texture":"#7"},"south":{"uv":[14.66667,4.66667,14.91667,4.91667],"texture":"#7"},"west":{"uv":[14.66667,5.33333,14.91667,5.58333],"texture":"#7"},"up":{"uv":[14.91667,7.25,14.66667,7],"texture":"#7"},"down":{"uv":[7.91667,14.66667,7.66667,14.91667],"texture":"#7"}}},{"from":[8.875,0.0192,7.625],"to":[9.625,0.7692,8.375],"rotation":{"angle":-45,"axis":"z","origin":[9.25,0.3942,8]},"faces":{"north":{"uv":[14.66667,7.66667,14.91667,7.91667],"texture":"#7"},"east":{"uv":[8.33333,14.66667,8.58333,14.91667],"texture":"#7"},"south":{"uv":[9,14.66667,9.25,14.91667],"texture":"#7"},"west":{"uv":[9.66667,14.66667,9.91667,14.91667],"texture":"#7"},"up":{"uv":[14.91667,9.91667,14.66667,9.66667],"texture":"#7"},"down":{"uv":[10.58333,14.66667,10.33333,14.91667],"texture":"#7"}}},{"from":[7.75,4.5,7.18306],"to":[8.25,26.25,9.68306],"rotation":{"angle":0,"axis":"y","origin":[7.75,12.25,7.68306]},"faces":{"north":{"uv":[5.33333,5.66667,5.5,12.91667],"texture":"#7"},"east":{"uv":[2.66667,0,3.5,7.25],"texture":"#7"},"south":{"uv":[6,5.66667,6.16667,12.91667],"texture":"#7"},"west":{"uv":[4,0,4.83333,7.25],"texture":"#7"}}},{"from":[7.7475,25.34099,8.8776],"to":[8.2525,28.84099,11.1276],"rotation":{"angle":45,"axis":"x","origin":[7.9975,27.84099,9.1276]},"faces":{"north":{"uv":[12.66667,12,12.83333,13.16667],"texture":"#7"},"east":{"uv":[6.66667,6,7.41667,7.16667],"texture":"#7"},"south":{"uv":[3,13,3.16667,14.16667],"texture":"#7"},"west":{"uv":[7,0,7.75,1.16667],"texture":"#7"},"up":{"uv":[0.83333,14.08333,0.66667,13.33333],"texture":"#7"},"down":{"uv":[1.5,13.33333,1.33333,14.08333],"texture":"#7"}}},{"from":[7.985,4,4.5],"to":[8.015,32,11.5],"rotation":{"angle":0,"axis":"y","origin":[7.985,12,5.5]},"faces":{"east":{"uv":[2.33333,0,0,9.33333],"texture":"#7"},"west":{"uv":[0,0,2.33333,9.33333],"texture":"#7"}}},{"from":[7.985,-11.25,5],"to":[8.015,-5.75,7.25],"rotation":{"angle":0,"axis":"y","origin":[7.985,-10,0]},"faces":{"east":{"uv":[6.08333,3.33333,5.33333,5.16667],"texture":"#7"},"west":{"uv":[5.33333,3.33333,6.08333,5.16667],"texture":"#7"}}},{"from":[7.7535,-9.375,8.75],"to":[8.2465,-7.125,9.75],"rotation":{"angle":0,"axis":"y","origin":[7.7535,-9.875,9.75]},"faces":{"east":{"uv":[12,7.33333,11.66667,8.08333],"texture":"#7"},"south":{"uv":[0.16667,13.33333,0,14.08333],"texture":"#7"},"west":{"uv":[12,8.66667,11.66667,9.41667],"texture":"#7"}}},{"from":[7.75,-7.375,8.825],"to":[8.25,-6.625,9.75],"rotation":{"angle":-45,"axis":"x","origin":[7.75,-7.375,9.75]},"faces":{"east":{"uv":[11.33333,8.33333,11,8.58333],"texture":"#7"},"south":{"uv":[14.83333,14.66667,14.66667,14.91667],"texture":"#7"},"west":{"uv":[13,4.33333,12.66667,4.58333],"texture":"#7"},"up":{"uv":[11.16667,14.66667,11,15],"texture":"#7"},"down":{"uv":[11.83333,15,11.66667,14.66667],"texture":"#7"}}},{"from":[7.75,-10.375,8.825],"to":[8.25,-9.125,9.75],"rotation":{"angle":45,"axis":"x","origin":[7.75,-9.125,9.75]},"faces":{"east":{"uv":[8.33333,13,8,13.41667],"texture":"#7"},"south":{"uv":[6.16667,13.33333,6,13.75],"texture":"#7"},"west":{"uv":[9,13,8.66667,13.41667],"texture":"#7"},"up":{"uv":[14.83333,13.33333,14.66667,13.66667],"texture":"#7"},"down":{"uv":[14.83333,14.33333,14.66667,14],"texture":"#7"}}},{"from":[7.985,-11.25,8.75],"to":[8.015,-5.75,11],"rotation":{"angle":0,"axis":"y","origin":[7.985,-10,16]},"faces":{"east":{"uv":[5.33333,3.33333,6.08333,5.16667],"texture":"#7"},"west":{"uv":[6.08333,3.33333,5.33333,5.16667],"texture":"#7"}}},{"from":[6.15,-1.03553,8.5],"to":[6.15,2.96447,12.5],"rotation":{"angle":-45,"axis":"x","origin":[6.15,-1.53553,8]},"faces":{"west":{"uv":[0,0,16,16],"texture":"#2"}}},{"from":[5.65,-0.03553,9.5],"to":[5.65,1.96447,11.5],"rotation":{"angle":-45,"axis":"x","origin":[5.65,-1.53553,8]},"faces":{"west":{"uv":[0,0,8,8],"texture":"#3"}}},{"from":[10.35,-0.03553,9.5],"to":[10.35,1.96447,11.5],"rotation":{"angle":-45,"axis":"x","origin":[10.35,-1.53553,8]},"faces":{"east":{"uv":[8,0,0,8],"texture":"#3"}}},{"from":[9.85,-1.03553,8.5],"to":[9.85,2.96447,12.5],"rotation":{"angle":-45,"axis":"x","origin":[9.85,-1.53553,8]},"faces":{"east":{"uv":[16,0,0,16],"texture":"#2"}}},{"from":[7.995,14.5,6.25],"to":[8.005,23.5,7.25],"rotation":{"angle":0,"axis":"y","origin":[7.62,13.25,5.75]},"faces":{"east":{"uv":[1.33333,0,0,12],"texture":"#4"},"west":{"uv":[0,0,1.33333,12],"texture":"#4"}}}],"gui_light":"front","display":{"thirdperson_righthand":{"translation":[0,9.25,1]},"thirdperson_lefthand":{"translation":[0,9.25,1]},"firstperson_righthand":{"rotation":[10,0,0],"translation":[1.75,4.5,0],"scale":[0.7,0.7,0.7]},"firstperson_lefthand":{"rotation":[10,0,0],"translation":[1.75,4.5,0],"scale":[0.7,0.7,0.7]},"ground":{"rotation":[-45,0,0],"translation":[0,3,0],"scale":[0.7,0.7,0.7]},"gui":{"rotation":[-90,45,90],"translation":[0,-1.5,0],"scale":[0.6,0.6,0.6]},"head":{"rotation":[0,-90,0]},"fixed":{"rotation":[0,-90,0],"translation":[0,0,-2.25],"scale":[2,2,2]}},"USER":"33672","NONCE":"250d30f3c9d7634129006a92dfa824a1","TIMESTAMP":"1740508157","RESOURCE":"12629","mcmodels":"250d30f3c9d7634129006a92dfa824a1"}