{"credit":"Pologony Creation Co.,Ltd.","texture_size":[60,60],"textures":{"2":"nanoedge_set:animations/animated_1","3":"nanoedge_set:animations/animated_2","4":"nanoedge_set:hammer","particle":"nanoedge_set:animations/animated_1"},"elements":[{"from":[7.245,-7.06066,8],"to":[8.755,-5.56066,9.5],"rotation":{"angle":-45,"axis":"x","origin":[7.745,-7.06066,8]},"faces":{"north":{"uv":[9.6,3.2,10,3.6],"texture":"#4"},"east":{"uv":[9.86667,0.8,10.26667,1.2],"texture":"#4"},"south":{"uv":[1.06667,9.86667,1.46667,10.26667],"texture":"#4"},"west":{"uv":[1.86667,9.86667,2.26667,10.26667],"texture":"#4"},"up":{"uv":[3.06667,10.26667,2.66667,9.86667],"texture":"#4"},"down":{"uv":[3.86667,9.86667,3.46667,10.26667],"texture":"#4"}}},{"from":[7.25,-6,6.93875],"to":[8.75,-4.5,9.06125],"rotation":{"angle":0,"axis":"y","origin":[8.25,-5,7.68875]},"faces":{"north":{"uv":[4.26667,9.86667,4.66667,10.26667],"texture":"#4"},"east":{"uv":[9.06667,0.8,9.6,1.2],"texture":"#4"},"south":{"uv":[5.06667,9.86667,5.46667,10.26667],"texture":"#4"},"west":{"uv":[3.73333,9.06667,4.26667,9.46667],"texture":"#4"},"up":{"uv":[4.93333,9.6,4.53333,9.06667],"texture":"#4"},"down":{"uv":[5.73333,9.06667,5.33333,9.6],"texture":"#4"}}},{"from":[7.2425,-5.56066,8],"to":[8.7575,-4.06066,9.5],"rotation":{"angle":-45,"axis":"x","origin":[7.7425,-5.56066,8]},"faces":{"north":{"uv":[9.86667,8.8,10.26667,9.2],"texture":"#4"},"east":{"uv":[9.33333,9.86667,9.73333,10.26667],"texture":"#4"},"south":{"uv":[10.13333,0,10.53333,0.4],"texture":"#4"},"west":{"uv":[10.13333,1.6,10.53333,2],"texture":"#4"},"up":{"uv":[10.53333,2.8,10.13333,2.4],"texture":"#4"},"down":{"uv":[10.53333,4,10.13333,4.4],"texture":"#4"}}},{"from":[7.7535,-6.375,6.25],"to":[8.2465,-4.125,7.25],"rotation":{"angle":0,"axis":"y","origin":[7.7535,-6.875,6.25]},"faces":{"north":{"uv":[5.06667,11.46667,5.2,12.06667],"texture":"#4"},"east":{"uv":[10.13333,4.8,10.4,5.4],"texture":"#4"},"west":{"uv":[5.86667,10.13333,6.13333,10.73333],"texture":"#4"}}},{"from":[7.75,-4.375,6.25],"to":[8.25,-3.625,7.175],"rotation":{"angle":45,"axis":"x","origin":[7.75,-4.375,6.25]},"faces":{"north":{"uv":[12,13.6,12.13333,13.8],"texture":"#4"},"east":{"uv":[11.2,11.46667,11.46667,11.66667],"texture":"#4"},"west":{"uv":[0,11.73333,0.26667,11.93333],"texture":"#4"},"up":{"uv":[13.46667,10.4,13.33333,10.13333],"texture":"#4"},"down":{"uv":[13.46667,10.66667,13.33333,10.93333],"texture":"#4"}}},{"from":[7.75,-7.375,6.25],"to":[8.25,-6.125,7.175],"rotation":{"angle":-45,"axis":"x","origin":[7.75,-6.125,6.25]},"faces":{"north":{"uv":[12.53333,3.73333,12.66667,4.06667],"texture":"#4"},"east":{"uv":[11.2,3.2,11.46667,3.53333],"texture":"#4"},"west":{"uv":[0.8,11.46667,1.06667,11.8],"texture":"#4"},"up":{"uv":[13.46667,11.46667,13.33333,11.2],"texture":"#4"},"down":{"uv":[13.46667,12.26667,13.33333,12.53333],"texture":"#4"}}},{"from":[7.35355,7.31066,7.5],"to":[8.85355,7.81066,9],"rotation":{"angle":-45,"axis":"y","origin":[8.35355,7.31066,8]},"faces":{"north":{"uv":[11.73333,0,12.13333,0.13333],"texture":"#4"},"east":{"uv":[11.73333,1.6,12.13333,1.73333],"texture":"#4"},"south":{"uv":[11.73333,2.13333,12.13333,2.26667],"texture":"#4"},"west":{"uv":[11.73333,2.66667,12.13333,2.8],"texture":"#4"},"up":{"uv":[10.53333,6.26667,10.13333,5.86667],"texture":"#4"},"down":{"uv":[6.8,10.13333,6.4,10.53333],"texture":"#4"}}},{"from":[7.35355,8.31066,7.5],"to":[8.85355,8.81066,9],"rotation":{"angle":-45,"axis":"y","origin":[8.35355,8.31066,8]},"faces":{"north":{"uv":[11.73333,3.2,12.13333,3.33333],"texture":"#4"},"east":{"uv":[11.73333,3.73333,12.13333,3.86667],"texture":"#4"},"south":{"uv":[11.73333,4.26667,12.13333,4.4],"texture":"#4"},"west":{"uv":[6.4,11.73333,6.8,11.86667],"texture":"#4"},"up":{"uv":[10.53333,7.06667,10.13333,6.66667],"texture":"#4"},"down":{"uv":[10.53333,7.46667,10.13333,7.86667],"texture":"#4"}}},{"from":[7.60355,7.81066,7.57322],"to":[8.85355,8.31066,8.82322],"rotation":{"angle":-45,"axis":"y","origin":[8.35355,7.81066,7.82322]},"faces":{"north":{"uv":[4,12.53333,4.33333,12.66667],"texture":"#4"},"east":{"uv":[4.8,12.53333,5.13333,12.66667],"texture":"#4"},"south":{"uv":[12.53333,5.33333,12.86667,5.46667],"texture":"#4"},"west":{"uv":[12.53333,5.86667,12.86667,6],"texture":"#4"}}},{"from":[7.35355,-3.68934,7.5],"to":[8.85355,-3.18934,9],"rotation":{"angle":-45,"axis":"y","origin":[8.35355,-3.68934,8]},"faces":{"north":{"uv":[12,9.6,12.4,9.73333],"texture":"#4"},"east":{"uv":[10.66667,12,11.06667,12.13333],"texture":"#4"},"south":{"uv":[11.46667,12,11.86667,12.13333],"texture":"#4"},"west":{"uv":[0,12.26667,0.4,12.4],"texture":"#4"},"up":{"uv":[4.66667,11.06667,4.26667,10.66667],"texture":"#4"},"down":{"uv":[11.06667,4.8,10.66667,5.2],"texture":"#4"}}},{"from":[7.35355,-2.68934,7.5],"to":[8.85355,-2.18934,9],"rotation":{"angle":-45,"axis":"y","origin":[8.35355,-2.68934,8]},"faces":{"north":{"uv":[12,7.46667,12.4,7.6],"texture":"#4"},"east":{"uv":[12,8,12.4,8.13333],"texture":"#4"},"south":{"uv":[12,8.53333,12.4,8.66667],"texture":"#4"},"west":{"uv":[12,9.06667,12.4,9.2],"texture":"#4"},"up":{"uv":[3.06667,11.06667,2.66667,10.66667],"texture":"#4"},"down":{"uv":[3.86667,10.66667,3.46667,11.06667],"texture":"#4"}}},{"from":[7.60355,-3.18934,7.57322],"to":[8.85355,-2.68934,8.82322],"rotation":{"angle":-45,"axis":"y","origin":[8.35355,-3.18934,7.82322]},"faces":{"north":{"uv":[12.53333,10.66667,12.86667,10.8],"texture":"#4"},"east":{"uv":[11.2,12.53333,11.53333,12.66667],"texture":"#4"},"south":{"uv":[12.53333,11.2,12.86667,11.33333],"texture":"#4"},"west":{"uv":[12,12.53333,12.33333,12.66667],"texture":"#4"}}},{"from":[7.35355,13.81066,7.5],"to":[8.85355,14.31066,9],"rotation":{"angle":-45,"axis":"y","origin":[8.35355,13.81066,8]},"faces":{"north":{"uv":[7.2,11.73333,7.6,11.86667],"texture":"#4"},"east":{"uv":[8,11.73333,8.4,11.86667],"texture":"#4"},"south":{"uv":[11.73333,10.4,12.13333,10.53333],"texture":"#4"},"west":{"uv":[11.73333,10.93333,12.13333,11.06667],"texture":"#4"},"up":{"uv":[10.53333,10,10.13333,9.6],"texture":"#4"},"down":{"uv":[10.8,3.2,10.4,3.6],"texture":"#4"}}},{"from":[7.60355,13.31066,7.57322],"to":[8.85355,13.81066,8.82322],"rotation":{"angle":-45,"axis":"y","origin":[8.35355,13.31066,7.82322]},"faces":{"north":{"uv":[12.53333,6.4,12.86667,6.53333],"texture":"#4"},"east":{"uv":[12.53333,6.93333,12.86667,7.06667],"texture":"#4"},"south":{"uv":[12.53333,10.13333,12.86667,10.26667],"texture":"#4"},"west":{"uv":[10.4,12.53333,10.73333,12.66667],"texture":"#4"}}},{"from":[7.35355,12.81066,7.5],"to":[8.85355,13.31066,9],"rotation":{"angle":-45,"axis":"y","origin":[8.35355,12.81066,8]},"faces":{"north":{"uv":[11.73333,11.46667,12.13333,11.6],"texture":"#4"},"east":{"uv":[12,0.53333,12.4,0.66667],"texture":"#4"},"south":{"uv":[12,1.06667,12.4,1.2],"texture":"#4"},"west":{"uv":[12,4.8,12.4,4.93333],"texture":"#4"},"up":{"uv":[10.53333,10.8,10.13333,10.4],"texture":"#4"},"down":{"uv":[11.06667,0.8,10.66667,1.2],"texture":"#4"}}},{"from":[7.85355,8.81066,7.64645],"to":[8.85355,12.81066,8.64645],"rotation":{"angle":-45,"axis":"y","origin":[8.35355,8.81066,7.64645]},"faces":{"north":{"uv":[8.26667,2.13333,8.53333,3.2],"texture":"#4"},"east":{"uv":[1.6,8.53333,1.86667,9.6],"texture":"#4"},"south":{"uv":[2.13333,8.53333,2.4,9.6],"texture":"#4"},"west":{"uv":[2.66667,8.53333,2.93333,9.6],"texture":"#4"}}},{"from":[7.35355,-0.18934,7.5],"to":[8.85355,0.31066,9],"rotation":{"angle":-45,"axis":"y","origin":[8.35355,-0.18934,8]},"faces":{"north":{"uv":[2.4,12.53333,2.8,12.66667],"texture":"#4"},"east":{"uv":[12.53333,2.66667,12.93333,2.8],"texture":"#4"},"south":{"uv":[3.2,12.53333,3.6,12.66667],"texture":"#4"},"west":{"uv":[12.53333,3.2,12.93333,3.33333],"texture":"#4"},"up":{"uv":[11.33333,2.8,10.93333,2.4],"texture":"#4"},"down":{"uv":[11.33333,4,10.93333,4.4],"texture":"#4"}}},{"from":[7.35355,0.81066,7.5],"to":[8.85355,1.31066,9],"rotation":{"angle":-45,"axis":"y","origin":[8.35355,0.81066,8]},"faces":{"north":{"uv":[0.8,12.53333,1.2,12.66667],"texture":"#4"},"east":{"uv":[1.6,12.53333,2,12.66667],"texture":"#4"},"south":{"uv":[12.53333,1.6,12.93333,1.73333],"texture":"#4"},"west":{"uv":[12.53333,2.13333,12.93333,2.26667],"texture":"#4"},"up":{"uv":[11.33333,0.4,10.93333,0],"texture":"#4"},"down":{"uv":[11.33333,1.6,10.93333,2],"texture":"#4"}}},{"from":[7.60355,0.31066,7.57322],"to":[8.85355,0.81066,8.82322],"rotation":{"angle":-45,"axis":"y","origin":[8.35355,0.31066,7.82322]},"faces":{"north":{"uv":[5.6,12.8,5.93333,12.93333],"texture":"#4"},"east":{"uv":[6.4,12.8,6.73333,12.93333],"texture":"#4"},"south":{"uv":[7.2,12.8,7.53333,12.93333],"texture":"#4"},"west":{"uv":[12.8,7.46667,13.13333,7.6],"texture":"#4"}}},{"from":[7.35355,6.31066,7.5],"to":[8.85355,6.81066,9],"rotation":{"angle":-45,"axis":"y","origin":[8.35355,6.31066,8]},"faces":{"north":{"uv":[8.8,12.26667,9.2,12.4],"texture":"#4"},"east":{"uv":[9.6,12.26667,10,12.4],"texture":"#4"},"south":{"uv":[12.26667,12,12.66667,12.13333],"texture":"#4"},"west":{"uv":[12.53333,0,12.93333,0.13333],"texture":"#4"},"up":{"uv":[9.73333,11.06667,9.33333,10.66667],"texture":"#4"},"down":{"uv":[0.4,10.93333,0,11.33333],"texture":"#4"}}},{"from":[7.60355,5.81066,7.57322],"to":[8.85355,6.31066,8.82322],"rotation":{"angle":-45,"axis":"y","origin":[8.35355,5.81066,7.82322]},"faces":{"north":{"uv":[0,12.8,0.33333,12.93333],"texture":"#4"},"east":{"uv":[12.8,0.53333,13.13333,0.66667],"texture":"#4"},"south":{"uv":[12.8,1.06667,13.13333,1.2],"texture":"#4"},"west":{"uv":[12.8,4.53333,13.13333,4.66667],"texture":"#4"}}},{"from":[7.35355,5.31066,7.5],"to":[8.85355,5.81066,9],"rotation":{"angle":-45,"axis":"y","origin":[8.35355,5.31066,8]},"faces":{"north":{"uv":[5.6,12.26667,6,12.4],"texture":"#4"},"east":{"uv":[6.4,12.26667,6.8,12.4],"texture":"#4"},"south":{"uv":[7.2,12.26667,7.6,12.4],"texture":"#4"},"west":{"uv":[8,12.26667,8.4,12.4],"texture":"#4"},"up":{"uv":[5.46667,11.06667,5.06667,10.66667],"texture":"#4"},"down":{"uv":[11.06667,8.26667,10.66667,8.66667],"texture":"#4"}}},{"from":[7.85355,1.31066,7.64645],"to":[8.85355,5.31066,8.64645],"rotation":{"angle":-45,"axis":"y","origin":[8.35355,1.31066,7.64645]},"faces":{"north":{"uv":[3.2,8.53333,3.46667,9.6],"texture":"#4"},"east":{"uv":[8.8,5.6,9.06667,6.66667],"texture":"#4"},"south":{"uv":[8.8,6.93333,9.06667,8],"texture":"#4"},"west":{"uv":[0,9.06667,0.26667,10.13333],"texture":"#4"}}},{"from":[6.75,22.87868,8],"to":[9.25,25.87868,11],"rotation":{"angle":-45,"axis":"x","origin":[7,22.87868,8]},"faces":{"north":{"uv":[6.13333,2.13333,6.8,2.93333],"texture":"#4"},"east":{"uv":[5.06667,2.13333,5.86667,2.93333],"texture":"#4"},"south":{"uv":[0,6.4,0.66667,7.2],"texture":"#4"},"west":{"uv":[0,5.33333,0.8,6.13333],"texture":"#4"},"up":{"uv":[1.73333,7.2,1.06667,6.4],"texture":"#4"},"down":{"uv":[2.8,6.4,2.13333,7.2],"texture":"#4"}}},{"from":[6.5,23.12868,8.25],"to":[9.5,25.62868,10.75],"rotation":{"angle":-45,"axis":"x","origin":[7,22.87868,8]},"faces":{"north":{"uv":[3.2,6.4,4,7.06667],"texture":"#4"},"east":{"uv":[7.2,2.13333,7.86667,2.8],"texture":"#4"},"south":{"uv":[4.26667,6.4,5.06667,7.06667],"texture":"#4"},"west":{"uv":[7.2,3.2,7.86667,3.86667],"texture":"#4"},"up":{"uv":[6.13333,7.06667,5.33333,6.4],"texture":"#4"},"down":{"uv":[7.2,6.4,6.4,7.06667],"texture":"#4"}}},{"from":[5.23953,24.625,6.48953],"to":[5.98953,25.375,7.23953],"rotation":{"angle":-45,"axis":"y","origin":[6.75,25,8]},"faces":{"north":{"uv":[8,12.8,8.2,13],"texture":"#4"},"east":{"uv":[12.8,8,13,8.2],"texture":"#4"},"south":{"uv":[8.53333,12.8,8.73333,13],"texture":"#4"},"west":{"uv":[12.8,8.53333,13,8.73333],"texture":"#4"},"up":{"uv":[9.26667,13,9.06667,12.8],"texture":"#4"},"down":{"uv":[13,9.06667,12.8,9.26667],"texture":"#4"}}},{"from":[5.23953,24.625,8.76047],"to":[5.98953,25.375,9.51047],"rotation":{"angle":45,"axis":"y","origin":[6.75,25,8]},"faces":{"north":{"uv":[9.6,12.8,9.8,13],"texture":"#4"},"east":{"uv":[12.8,9.6,13,9.8],"texture":"#4"},"south":{"uv":[12.8,12.53333,13,12.73333],"texture":"#4"},"west":{"uv":[0.8,13.06667,1,13.26667],"texture":"#4"},"up":{"uv":[1.53333,13.26667,1.33333,13.06667],"texture":"#4"},"down":{"uv":[2.06667,13.06667,1.86667,13.26667],"texture":"#4"}}},{"from":[6.375,23.0192,7.625],"to":[7.125,23.7692,8.375],"rotation":{"angle":45,"axis":"z","origin":[6.75,23.3942,8]},"faces":{"north":{"uv":[2.4,13.06667,2.6,13.26667],"texture":"#4"},"east":{"uv":[2.93333,13.06667,3.13333,13.26667],"texture":"#4"},"south":{"uv":[3.46667,13.06667,3.66667,13.26667],"texture":"#4"},"west":{"uv":[13.06667,3.73333,13.26667,3.93333],"texture":"#4"},"up":{"uv":[4.2,13.26667,4,13.06667],"texture":"#4"},"down":{"uv":[4.73333,13.06667,4.53333,13.26667],"texture":"#4"}}},{"from":[6.375,26.2308,7.625],"to":[7.125,26.9808,8.375],"rotation":{"angle":-45,"axis":"z","origin":[6.75,26.6058,8]},"faces":{"north":{"uv":[5.06667,13.06667,5.26667,13.26667],"texture":"#4"},"east":{"uv":[10.13333,13.06667,10.33333,13.26667],"texture":"#4"},"south":{"uv":[10.66667,13.06667,10.86667,13.26667],"texture":"#4"},"west":{"uv":[11.2,13.06667,11.4,13.26667],"texture":"#4"},"up":{"uv":[11.93333,13.26667,11.73333,13.06667],"texture":"#4"},"down":{"uv":[13.26667,11.73333,13.06667,11.93333],"texture":"#4"}}},{"from":[10.01047,24.625,8.76047],"to":[10.76047,25.375,9.51047],"rotation":{"angle":-45,"axis":"y","origin":[9.25,25,8]},"faces":{"north":{"uv":[12.26667,13.06667,12.46667,13.26667],"texture":"#4"},"east":{"uv":[12.8,13.06667,13,13.26667],"texture":"#4"},"south":{"uv":[0,13.33333,0.2,13.53333],"texture":"#4"},"west":{"uv":[13.33333,0,13.53333,0.2],"texture":"#4"},"up":{"uv":[13.53333,1.8,13.33333,1.6],"texture":"#4"},"down":{"uv":[13.53333,2.13333,13.33333,2.33333],"texture":"#4"}}},{"from":[8.875,26.2308,7.625],"to":[9.625,26.9808,8.375],"rotation":{"angle":45,"axis":"z","origin":[9.25,26.6058,8]},"faces":{"north":{"uv":[13.33333,2.66667,13.53333,2.86667],"texture":"#4"},"east":{"uv":[13.33333,3.2,13.53333,3.4],"texture":"#4"},"south":{"uv":[13.33333,5.06667,13.53333,5.26667],"texture":"#4"},"west":{"uv":[5.6,13.33333,5.8,13.53333],"texture":"#4"},"up":{"uv":[13.53333,5.8,13.33333,5.6],"texture":"#4"},"down":{"uv":[6.33333,13.33333,6.13333,13.53333],"texture":"#4"}}},{"from":[10.01047,24.625,6.48953],"to":[10.76047,25.375,7.23953],"rotation":{"angle":45,"axis":"y","origin":[9.25,25,8]},"faces":{"north":{"uv":[13.33333,6.13333,13.53333,6.33333],"texture":"#4"},"east":{"uv":[6.66667,13.33333,6.86667,13.53333],"texture":"#4"},"south":{"uv":[13.33333,6.66667,13.53333,6.86667],"texture":"#4"},"west":{"uv":[7.2,13.33333,7.4,13.53333],"texture":"#4"},"up":{"uv":[7.93333,13.53333,7.73333,13.33333],"texture":"#4"},"down":{"uv":[13.53333,8,13.33333,8.2],"texture":"#4"}}},{"from":[8.875,23.0192,7.625],"to":[9.625,23.7692,8.375],"rotation":{"angle":-45,"axis":"z","origin":[9.25,23.3942,8]},"faces":{"north":{"uv":[8.26667,13.33333,8.46667,13.53333],"texture":"#4"},"east":{"uv":[13.33333,8.53333,13.53333,8.73333],"texture":"#4"},"south":{"uv":[8.8,13.33333,9,13.53333],"texture":"#4"},"west":{"uv":[13.33333,9.06667,13.53333,9.26667],"texture":"#4"},"up":{"uv":[9.53333,13.53333,9.33333,13.33333],"texture":"#4"},"down":{"uv":[13.53333,9.6,13.33333,9.8],"texture":"#4"}}},{"from":[7.985,-8.25,5],"to":[8.015,-2.75,7.25],"rotation":{"angle":0,"axis":"y","origin":[7.985,-7,0]},"faces":{"east":{"uv":[4.6,1.33333,4,2.8],"texture":"#4"},"west":{"uv":[4,1.33333,4.6,2.8],"texture":"#4"}}},{"from":[7.7535,-6.375,8.75],"to":[8.2465,-4.125,9.75],"rotation":{"angle":0,"axis":"y","origin":[7.7535,-6.875,9.75]},"faces":{"east":{"uv":[10.4,4.8,10.13333,5.4],"texture":"#4"},"south":{"uv":[5.2,11.46667,5.06667,12.06667],"texture":"#4"},"west":{"uv":[6.13333,10.13333,5.86667,10.73333],"texture":"#4"}}},{"from":[7.75,-4.375,8.825],"to":[8.25,-3.625,9.75],"rotation":{"angle":-45,"axis":"x","origin":[7.75,-4.375,9.75]},"faces":{"east":{"uv":[11.46667,11.46667,11.2,11.66667],"texture":"#4"},"south":{"uv":[12.13333,13.6,12,13.8],"texture":"#4"},"west":{"uv":[0.26667,11.73333,0,11.93333],"texture":"#4"},"up":{"uv":[13.46667,10.13333,13.33333,10.4],"texture":"#4"},"down":{"uv":[13.46667,10.93333,13.33333,10.66667],"texture":"#4"}}},{"from":[7.75,-7.375,8.825],"to":[8.25,-6.125,9.75],"rotation":{"angle":45,"axis":"x","origin":[7.75,-6.125,9.75]},"faces":{"east":{"uv":[11.46667,3.2,11.2,3.53333],"texture":"#4"},"south":{"uv":[12.66667,3.73333,12.53333,4.06667],"texture":"#4"},"west":{"uv":[1.06667,11.46667,0.8,11.8],"texture":"#4"},"up":{"uv":[13.46667,11.2,13.33333,11.46667],"texture":"#4"},"down":{"uv":[13.46667,12.53333,13.33333,12.26667],"texture":"#4"}}},{"from":[7.985,-8.25,8.75],"to":[8.015,-2.75,11],"rotation":{"angle":0,"axis":"y","origin":[7.985,-7,16]},"faces":{"east":{"uv":[4,1.33333,4.6,2.8],"texture":"#4"},"west":{"uv":[4.6,1.33333,4,2.8],"texture":"#4"}}},{"from":[7.29289,14.31066,8],"to":[8.29289,14.81066,9],"rotation":{"angle":45,"axis":"y","origin":[7.29289,14.56066,8]},"faces":{"north":{"uv":[13.33333,12.8,13.6,12.93333],"texture":"#4"},"east":{"uv":[13.33333,13.33333,13.6,13.46667],"texture":"#4"},"south":{"uv":[0.53333,13.6,0.8,13.73333],"texture":"#4"},"west":{"uv":[13.6,0.53333,13.86667,0.66667],"texture":"#4"}}},{"from":[7.29289,6.81066,8],"to":[8.29289,7.31066,9],"rotation":{"angle":45,"axis":"y","origin":[7.29289,7.06066,8]},"faces":{"north":{"uv":[10.4,13.6,10.66667,13.73333],"texture":"#4"},"east":{"uv":[10.93333,13.6,11.2,13.73333],"texture":"#4"},"south":{"uv":[11.46667,13.6,11.73333,13.73333],"texture":"#4"},"west":{"uv":[13.6,11.73333,13.86667,11.86667],"texture":"#4"}}},{"from":[7.29289,22.81066,8],"to":[8.29289,23.56066,9],"rotation":{"angle":45,"axis":"y","origin":[7.29289,22.56066,8]},"faces":{"north":{"uv":[12,5.33333,12.26667,5.53333],"texture":"#4"},"east":{"uv":[12,5.86667,12.26667,6.06667],"texture":"#4"},"south":{"uv":[12,6.4,12.26667,6.6],"texture":"#4"},"west":{"uv":[12,6.93333,12.26667,7.13333],"texture":"#4"}}},{"from":[7.04289,14.81066,7.75],"to":[8.54289,17.81066,9.25],"rotation":{"angle":45,"axis":"y","origin":[7.29289,18.81066,8]},"faces":{"north":{"uv":[8,6.4,8.4,7.2],"texture":"#4"},"east":{"uv":[8,7.46667,8.4,8.26667],"texture":"#4"},"south":{"uv":[8.26667,0,8.66667,0.8],"texture":"#4"},"west":{"uv":[8.26667,1.06667,8.66667,1.86667],"texture":"#4"},"up":{"uv":[1.46667,11.06667,1.06667,10.66667],"texture":"#4"},"down":{"uv":[2.26667,10.66667,1.86667,11.06667],"texture":"#4"}}},{"from":[6.15,21.96447,8.5],"to":[6.15,25.96447,12.5],"rotation":{"angle":-45,"axis":"x","origin":[6.15,21.46447,8]},"faces":{"west":{"uv":[0,0,16,16],"texture":"#2"}}},{"from":[5.65,22.96447,9.5],"to":[5.65,24.96447,11.5],"rotation":{"angle":-45,"axis":"x","origin":[5.65,21.46447,8]},"faces":{"west":{"uv":[0,0,8,8],"texture":"#3"}}},{"from":[10.35,22.96447,9.5],"to":[10.35,24.96447,11.5],"rotation":{"angle":-45,"axis":"x","origin":[10.35,21.46447,8]},"faces":{"east":{"uv":[8,0,0,8],"texture":"#3"}}},{"from":[9.85,21.96447,8.5],"to":[9.85,25.96447,12.5],"rotation":{"angle":-45,"axis":"x","origin":[9.85,21.46447,8]},"faces":{"east":{"uv":[16,0,0,16],"texture":"#2"}}},{"from":[7.21967,-2.18934,7.75],"to":[8.46967,-0.18934,9],"rotation":{"angle":45,"axis":"y","origin":[7.46967,3.31066,8]},"faces":{"north":{"uv":[9.33333,5.6,9.66667,6.13333],"texture":"#4"},"east":{"uv":[9.33333,6.4,9.66667,6.93333],"texture":"#4"},"south":{"uv":[9.33333,7.2,9.66667,7.73333],"texture":"#4"},"west":{"uv":[9.33333,8,9.66667,8.53333],"texture":"#4"}}},{"from":[7.39645,-2.18934,7.75],"to":[8.39645,-0.18934,8.75],"rotation":{"angle":45,"axis":"y","origin":[7.64645,3.31066,8]},"faces":{"north":{"uv":[10.93333,5.6,11.2,6.13333],"texture":"#4"},"east":{"uv":[6.4,10.93333,6.66667,11.46667],"texture":"#4"},"south":{"uv":[10.93333,6.4,11.2,6.93333],"texture":"#4"},"west":{"uv":[6.93333,10.93333,7.2,11.46667],"texture":"#4"}}},{"from":[7.21967,17.81066,7.75],"to":[8.46967,22.81066,9],"rotation":{"angle":45,"axis":"y","origin":[7.46967,22.31066,8]},"faces":{"north":{"uv":[7.2,4.26667,7.53333,5.6],"texture":"#4"},"east":{"uv":[0,7.46667,0.33333,8.8],"texture":"#4"},"south":{"uv":[7.46667,0,7.8,1.33333],"texture":"#4"},"west":{"uv":[0.8,7.46667,1.13333,8.8],"texture":"#4"},"up":{"uv":[11.26667,11,10.93333,10.66667],"texture":"#4"}}},{"from":[7.39645,17.81066,7.75],"to":[8.39645,22.81066,8.75],"rotation":{"angle":45,"axis":"y","origin":[7.64645,22.31066,8]},"faces":{"north":{"uv":[5.33333,7.46667,5.6,8.8],"texture":"#4"},"east":{"uv":[5.86667,7.46667,6.13333,8.8],"texture":"#4"},"south":{"uv":[7.46667,5.86667,7.73333,7.2],"texture":"#4"},"west":{"uv":[6.4,7.46667,6.66667,8.8],"texture":"#4"}}},{"from":[7.775,25,8],"to":[8.225,27.5,10.5],"rotation":{"angle":-45,"axis":"x","origin":[7.775,25,8]},"faces":{"north":{"uv":[1.33333,11.46667,1.46667,12.13333],"texture":"#4"},"east":{"uv":[1.6,7.46667,2.26667,8.13333],"texture":"#4"},"south":{"uv":[1.86667,11.46667,2,12.13333],"texture":"#4"},"west":{"uv":[2.66667,7.46667,3.33333,8.13333],"texture":"#4"},"up":{"uv":[2.53333,12.13333,2.4,11.46667],"texture":"#4"},"down":{"uv":[3.06667,11.46667,2.93333,12.13333],"texture":"#4"}}},{"from":[7.775,29.47076,8.25],"to":[8.225,30.38576,9.165],"rotation":{"angle":-45,"axis":"x","origin":[7.775,29.22076,8]},"faces":{"north":{"uv":[13.6,1.06667,13.73333,1.33333],"texture":"#4"},"east":{"uv":[10.13333,8.26667,10.4,8.53333],"texture":"#4"},"south":{"uv":[1.6,13.6,1.73333,13.86667],"texture":"#4"},"west":{"uv":[0,10.4,0.26667,10.66667],"texture":"#4"},"up":{"uv":[2.26667,13.86667,2.13333,13.6],"texture":"#4"},"down":{"uv":[2.8,13.6,2.66667,13.86667],"texture":"#4"}}},{"from":[7.78,27.47132,7.5],"to":[8.22,30.47132,8.5],"rotation":{"angle":0,"axis":"y","origin":[8.005,27.97132,8]},"faces":{"north":{"uv":[5.86667,11.2,6,12],"texture":"#4"},"east":{"uv":[6.13333,9.06667,6.4,9.86667],"texture":"#4"},"south":{"uv":[10.13333,11.2,10.26667,12],"texture":"#4"},"west":{"uv":[6.66667,9.06667,6.93333,9.86667],"texture":"#4"},"down":{"uv":[1.2,13.6,1.06667,13.86667],"texture":"#4"}}},{"from":[6.25,22,0.25],"to":[9.75,28,4.25],"rotation":{"angle":0,"axis":"x","origin":[8,25,1.25]},"faces":{"east":{"uv":[0,2.13333,1.06667,3.73333],"texture":"#4"},"south":{"uv":[2.66667,0,3.6,1.6],"texture":"#4"},"west":{"uv":[1.33333,2.13333,2.4,3.73333],"texture":"#4"},"up":{"uv":[0.93333,5.06667,0,4],"texture":"#4"},"down":{"uv":[4.93333,0,4,1.06667],"texture":"#4"}}},{"from":[7,23,5.5],"to":[9,27,8],"rotation":{"angle":0,"axis":"x","origin":[8,25,5]},"faces":{"east":{"uv":[2.4,5.06667,3.06667,6.13333],"texture":"#4"},"west":{"uv":[3.46667,5.06667,4.13333,6.13333],"texture":"#4"},"up":{"uv":[8.53333,4.93333,8,4.26667],"texture":"#4"},"down":{"uv":[8.53333,5.33333,8,6],"texture":"#4"}}},{"from":[6.75,22.5,4.25],"to":[9.25,27.5,5.5],"rotation":{"angle":0,"axis":"x","origin":[8,25,4.25]},"faces":{"east":{"uv":[3.73333,7.46667,4.06667,8.8],"texture":"#4"},"south":{"uv":[1.33333,4,2,5.33333],"texture":"#4"},"west":{"uv":[4.53333,7.46667,4.86667,8.8],"texture":"#4"},"up":{"uv":[9.73333,0.33333,9.06667,0],"texture":"#4"},"down":{"uv":[1.2,9.06667,0.53333,9.4],"texture":"#4"}}},{"from":[6,21.75,2.25],"to":[10,28.25,3.25],"rotation":{"angle":0,"axis":"x","origin":[8,25,1.25]},"faces":{"north":{"uv":[0,0,1.06667,1.73333],"texture":"#4"},"east":{"uv":[6.66667,3.2,6.93333,4.93333],"texture":"#4"},"south":{"uv":[1.33333,0,2.4,1.73333],"texture":"#4"},"west":{"uv":[6.93333,0,7.2,1.73333],"texture":"#4"},"up":{"uv":[9.86667,4.8,8.8,4.53333],"texture":"#4"},"down":{"uv":[9.86667,5.06667,8.8,5.33333],"texture":"#4"}}},{"from":[5.5,23.75,2.25],"to":[6,26.25,3.25],"rotation":{"angle":0,"axis":"x","origin":[4,25,1.25]},"faces":{"north":{"uv":[3.46667,11.46667,3.6,12.13333],"texture":"#4"},"south":{"uv":[4,11.46667,4.13333,12.13333],"texture":"#4"},"west":{"uv":[9.33333,8.8,9.6,9.46667],"texture":"#4"},"up":{"uv":[13.73333,4.8,13.6,4.53333],"texture":"#4"},"down":{"uv":[4.93333,13.6,4.8,13.86667],"texture":"#4"}}},{"from":[10,23.75,2.25],"to":[10.5,26.25,3.25],"rotation":{"angle":0,"axis":"x","origin":[12,25,1.25]},"faces":{"north":{"uv":[4.53333,11.46667,4.66667,12.13333],"texture":"#4"},"east":{"uv":[0.53333,9.86667,0.8,10.53333],"texture":"#4"},"south":{"uv":[11.46667,4.8,11.6,5.46667],"texture":"#4"},"up":{"uv":[13.73333,7.46667,13.6,7.2],"texture":"#4"},"down":{"uv":[10,13.6,9.86667,13.86667],"texture":"#4"}}},{"from":[6.0035,22.5,-0.75],"to":[9.9965,27.5,0.25],"rotation":{"angle":0,"axis":"x","origin":[8,25,1.25]},"faces":{"north":{"uv":[2.66667,1.86667,3.73333,3.2],"texture":"#4"},"east":{"uv":[6.93333,7.46667,7.2,8.8],"texture":"#4"},"south":{"uv":[2.66667,3.46667,3.73333,4.8],"texture":"#4"},"west":{"uv":[7.46667,7.46667,7.73333,8.8],"texture":"#4"},"up":{"uv":[6.4,1.06667,5.33333,0.8],"texture":"#4"},"down":{"uv":[9.33333,3.46667,8.26667,3.73333],"texture":"#4"}}},{"from":[6,25.35355,-1.93198],"to":[10,27.35355,-0.93198],"rotation":{"angle":45,"axis":"x","origin":[8,25,1.25]},"faces":{"north":{"uv":[5.33333,0,6.4,0.53333],"texture":"#4"},"east":{"uv":[10.93333,7.2,11.2,7.73333],"texture":"#4"},"south":{"uv":[1.06667,5.6,2.13333,6.13333],"texture":"#4"},"west":{"uv":[7.46667,10.93333,7.73333,11.46667],"texture":"#4"},"up":{"uv":[9.06667,8.8,8,8.53333],"texture":"#4"},"down":{"uv":[9.86667,2.13333,8.8,2.4],"texture":"#4"}}},{"from":[6,22.64645,-1.93198],"to":[10,24.64645,-0.93198],"rotation":{"angle":-45,"axis":"x","origin":[8,25,1.25]},"faces":{"north":{"uv":[4.53333,5.6,5.6,6.13333],"texture":"#4"},"east":{"uv":[8,10.93333,8.26667,11.46667],"texture":"#4"},"south":{"uv":[5.86667,5.6,6.93333,6.13333],"texture":"#4"},"west":{"uv":[8.53333,10.93333,8.8,11.46667],"texture":"#4"},"up":{"uv":[9.86667,2.93333,8.8,2.66667],"texture":"#4"},"down":{"uv":[9.86667,4,8.8,4.26667],"texture":"#4"}}},{"from":[5.75,24,-1],"to":[6.25,26,4.25],"rotation":{"angle":0,"axis":"y","origin":[4.25,24,-0.75]},"faces":{"north":{"uv":[11.46667,0.8,11.6,1.33333],"texture":"#4"},"east":{"uv":[4.8,3.2,6.2,3.73333],"texture":"#4"},"south":{"uv":[11.46667,5.86667,11.6,6.4],"texture":"#4"},"west":{"uv":[4.8,4,6.2,4.53333],"texture":"#4"},"up":{"uv":[7.33333,10.46667,7.2,9.06667],"texture":"#4"},"down":{"uv":[7.86667,9.06667,7.73333,10.46667],"texture":"#4"}}},{"from":[6.25,24,-1],"to":[6.75,26,-0.75],"rotation":{"angle":0,"axis":"y","origin":[4.75,24,-0.75]},"faces":{"north":{"uv":[11.46667,6.66667,11.6,7.2],"texture":"#4"},"east":{"uv":[3.2,13.6,3.26667,14.13333],"texture":"#4"},"south":{"uv":[11.46667,7.46667,11.6,8],"texture":"#4"},"west":{"uv":[3.73333,13.6,3.8,14.13333],"texture":"#4"},"up":{"uv":[12.66667,13.66667,12.53333,13.6],"texture":"#4"},"down":{"uv":[0.13333,13.86667,0,13.93333],"texture":"#4"}}},{"from":[9.25,24,-1],"to":[9.75,26,-0.75],"rotation":{"angle":0,"axis":"y","origin":[11.25,24,-0.75]},"faces":{"north":{"uv":[11.46667,9.06667,11.6,9.6],"texture":"#4"},"east":{"uv":[13.6,3.73333,13.66667,4.26667],"texture":"#4"},"south":{"uv":[9.6,11.46667,9.73333,12],"texture":"#4"},"west":{"uv":[4.26667,13.6,4.33333,14.13333],"texture":"#4"},"up":{"uv":[14,0.06667,13.86667,0],"texture":"#4"},"down":{"uv":[14,1.6,13.86667,1.66667],"texture":"#4"}}},{"from":[9.75,24,-1],"to":[10.25,26,4.25],"rotation":{"angle":0,"axis":"y","origin":[11.75,24,-0.75]},"faces":{"north":{"uv":[11.46667,8.26667,11.6,8.8],"texture":"#4"},"east":{"uv":[4.8,4.8,6.2,5.33333],"texture":"#4"},"south":{"uv":[9.06667,11.46667,9.2,12],"texture":"#4"},"west":{"uv":[5.06667,1.33333,6.46667,1.86667],"texture":"#4"},"up":{"uv":[8.4,10.46667,8.26667,9.06667],"texture":"#4"},"down":{"uv":[8.93333,9.06667,8.8,10.46667],"texture":"#4"}}},{"from":[11.5,28.20711,0],"to":[12.5,29.20711,2],"rotation":{"angle":-45,"axis":"z","origin":[12,28.70711,1]},"faces":{"north":{"uv":[11.46667,9.86667,11.73333,10.13333],"texture":"#4"},"east":{"uv":[7.46667,1.6,8,1.86667],"texture":"#4"},"south":{"uv":[10.66667,11.46667,10.93333,11.73333],"texture":"#4"},"west":{"uv":[9.06667,1.6,9.6,1.86667],"texture":"#4"},"up":{"uv":[11.2,9.6,10.93333,9.06667],"texture":"#4"},"down":{"uv":[11.2,9.86667,10.93333,10.4],"texture":"#4"}}},{"from":[12,28.5,-3],"to":[14,28.53,3],"rotation":{"angle":45,"axis":"z","origin":[12,28,0]},"faces":{"up":{"uv":[4.53333,4.8,4,3.2],"texture":"#4"},"down":{"uv":[4.53333,3.2,4,4.8],"texture":"#4"}}},{"from":[3.5,28.20711,0],"to":[4.5,29.20711,2],"rotation":{"angle":45,"axis":"z","origin":[4,28.70711,1]},"faces":{"north":{"uv":[11.73333,9.86667,11.46667,10.13333],"texture":"#4"},"east":{"uv":[9.6,1.6,9.06667,1.86667],"texture":"#4"},"south":{"uv":[10.93333,11.46667,10.66667,11.73333],"texture":"#4"},"west":{"uv":[8,1.6,7.46667,1.86667],"texture":"#4"},"up":{"uv":[10.93333,9.6,11.2,9.06667],"texture":"#4"},"down":{"uv":[10.93333,9.86667,11.2,10.4],"texture":"#4"}}},{"from":[2,28.5,-3],"to":[4,28.53,3],"rotation":{"angle":-45,"axis":"z","origin":[4,28,0]},"faces":{"up":{"uv":[4,4.8,4.53333,3.2],"texture":"#4"},"down":{"uv":[4,3.2,4.53333,4.8],"texture":"#4"}}},{"from":[11.5,20.79289,0],"to":[12.5,21.79289,2],"rotation":{"angle":45,"axis":"z","origin":[12,21.29289,1]},"faces":{"north":{"uv":[11.46667,10.13333,11.73333,9.86667],"texture":"#4"},"east":{"uv":[7.46667,1.86667,8,1.6],"texture":"#4"},"south":{"uv":[10.66667,11.73333,10.93333,11.46667],"texture":"#4"},"west":{"uv":[9.06667,1.86667,9.6,1.6],"texture":"#4"},"up":{"uv":[11.2,10.4,10.93333,9.86667],"texture":"#4"},"down":{"uv":[11.2,9.06667,10.93333,9.6],"texture":"#4"}}},{"from":[12,21.47,-3],"to":[14,21.5,3],"rotation":{"angle":-45,"axis":"z","origin":[12,22,0]},"faces":{"up":{"uv":[4.53333,4.8,4,3.2],"texture":"#4"},"down":{"uv":[4.53333,3.2,4,4.8],"texture":"#4"}}},{"from":[2,21.47,-3],"to":[4,21.5,3],"rotation":{"angle":45,"axis":"z","origin":[4,22,0]},"faces":{"up":{"uv":[4,4.8,4.53333,3.2],"texture":"#4"},"down":{"uv":[4,3.2,4.53333,4.8],"texture":"#4"}}},{"from":[3.5,20.79289,0],"to":[4.5,21.79289,2],"rotation":{"angle":-45,"axis":"z","origin":[4,21.29289,1]},"faces":{"north":{"uv":[11.73333,10.13333,11.46667,9.86667],"texture":"#4"},"east":{"uv":[9.6,1.86667,9.06667,1.6],"texture":"#4"},"south":{"uv":[10.93333,11.73333,10.66667,11.46667],"texture":"#4"},"west":{"uv":[8,1.86667,7.46667,1.6],"texture":"#4"},"up":{"uv":[10.93333,10.4,11.2,9.86667],"texture":"#4"},"down":{"uv":[10.93333,9.06667,11.2,9.6],"texture":"#4"}}},{"from":[6.25,22,11.75],"to":[9.75,28,15.75],"rotation":{"angle":0,"axis":"x","origin":[8,25,14.75]},"faces":{"north":{"uv":[3.6,0,2.66667,1.6],"texture":"#4"},"east":{"uv":[1.06667,2.13333,0,3.73333],"texture":"#4"},"west":{"uv":[2.4,2.13333,1.33333,3.73333],"texture":"#4"},"up":{"uv":[0.93333,4,0,5.06667],"texture":"#4"},"down":{"uv":[4.93333,1.06667,4,0],"texture":"#4"}}},{"from":[6.0035,22.5,15.75],"to":[9.9965,27.5,16.75],"rotation":{"angle":0,"axis":"x","origin":[8,25,14.75]},"faces":{"north":{"uv":[3.73333,3.46667,2.66667,4.8],"texture":"#4"},"east":{"uv":[7.2,7.46667,6.93333,8.8],"texture":"#4"},"south":{"uv":[3.73333,1.86667,2.66667,3.2],"texture":"#4"},"west":{"uv":[7.73333,7.46667,7.46667,8.8],"texture":"#4"},"up":{"uv":[6.4,0.8,5.33333,1.06667],"texture":"#4"},"down":{"uv":[9.33333,3.73333,8.26667,3.46667],"texture":"#4"}}},{"from":[6,25.35355,16.93198],"to":[10,27.35355,17.93198],"rotation":{"angle":-45,"axis":"x","origin":[8,25,14.75]},"faces":{"north":{"uv":[2.13333,5.6,1.06667,6.13333],"texture":"#4"},"east":{"uv":[11.2,7.2,10.93333,7.73333],"texture":"#4"},"south":{"uv":[6.4,0,5.33333,0.53333],"texture":"#4"},"west":{"uv":[7.73333,10.93333,7.46667,11.46667],"texture":"#4"},"up":{"uv":[9.06667,8.53333,8,8.8],"texture":"#4"},"down":{"uv":[9.86667,2.4,8.8,2.13333],"texture":"#4"}}},{"from":[6,22.64645,16.93198],"to":[10,24.64645,17.93198],"rotation":{"angle":45,"axis":"x","origin":[8,25,14.75]},"faces":{"north":{"uv":[6.93333,5.6,5.86667,6.13333],"texture":"#4"},"east":{"uv":[8.26667,10.93333,8,11.46667],"texture":"#4"},"south":{"uv":[5.6,5.6,4.53333,6.13333],"texture":"#4"},"west":{"uv":[8.8,10.93333,8.53333,11.46667],"texture":"#4"},"up":{"uv":[9.86667,2.66667,8.8,2.93333],"texture":"#4"},"down":{"uv":[9.86667,4.26667,8.8,4],"texture":"#4"}}},{"from":[6,21.75,12.75],"to":[10,28.25,13.75],"rotation":{"angle":0,"axis":"x","origin":[8,25,14.75]},"faces":{"north":{"uv":[2.4,0,1.33333,1.73333],"texture":"#4"},"east":{"uv":[6.93333,3.2,6.66667,4.93333],"texture":"#4"},"south":{"uv":[1.06667,0,0,1.73333],"texture":"#4"},"west":{"uv":[7.2,0,6.93333,1.73333],"texture":"#4"},"up":{"uv":[9.86667,4.53333,8.8,4.8],"texture":"#4"},"down":{"uv":[9.86667,5.33333,8.8,5.06667],"texture":"#4"}}},{"from":[5.75,24,11.75],"to":[6.25,26,17],"rotation":{"angle":0,"axis":"y","origin":[4.25,24,16.75]},"faces":{"north":{"uv":[11.6,5.86667,11.46667,6.4],"texture":"#4"},"east":{"uv":[6.2,3.2,4.8,3.73333],"texture":"#4"},"south":{"uv":[11.6,0.8,11.46667,1.33333],"texture":"#4"},"west":{"uv":[6.2,4,4.8,4.53333],"texture":"#4"},"up":{"uv":[7.33333,9.06667,7.2,10.46667],"texture":"#4"},"down":{"uv":[7.86667,10.46667,7.73333,9.06667],"texture":"#4"}}},{"from":[6.25,24,16.75],"to":[6.75,26,17],"rotation":{"angle":0,"axis":"y","origin":[4.75,24,16.75]},"faces":{"north":{"uv":[11.6,7.46667,11.46667,8],"texture":"#4"},"east":{"uv":[3.26667,13.6,3.2,14.13333],"texture":"#4"},"south":{"uv":[11.6,6.66667,11.46667,7.2],"texture":"#4"},"west":{"uv":[3.8,13.6,3.73333,14.13333],"texture":"#4"},"up":{"uv":[12.66667,13.6,12.53333,13.66667],"texture":"#4"},"down":{"uv":[0.13333,13.93333,0,13.86667],"texture":"#4"}}},{"from":[9.75,24,11.75],"to":[10.25,26,17],"rotation":{"angle":0,"axis":"y","origin":[11.75,24,16.75]},"faces":{"north":{"uv":[9.2,11.46667,9.06667,12],"texture":"#4"},"east":{"uv":[6.2,4.8,4.8,5.33333],"texture":"#4"},"south":{"uv":[11.6,8.26667,11.46667,8.8],"texture":"#4"},"west":{"uv":[6.46667,1.33333,5.06667,1.86667],"texture":"#4"},"up":{"uv":[8.4,9.06667,8.26667,10.46667],"texture":"#4"},"down":{"uv":[8.93333,10.46667,8.8,9.06667],"texture":"#4"}}},{"from":[9.25,24,16.75],"to":[9.75,26,17],"rotation":{"angle":0,"axis":"y","origin":[11.25,24,16.75]},"faces":{"north":{"uv":[9.73333,11.46667,9.6,12],"texture":"#4"},"east":{"uv":[13.66667,3.73333,13.6,4.26667],"texture":"#4"},"south":{"uv":[11.6,9.06667,11.46667,9.6],"texture":"#4"},"west":{"uv":[4.33333,13.6,4.26667,14.13333],"texture":"#4"},"up":{"uv":[14,0,13.86667,0.06667],"texture":"#4"},"down":{"uv":[14,1.66667,13.86667,1.6],"texture":"#4"}}},{"from":[5.5,23.75,12.75],"to":[6,26.25,13.75],"rotation":{"angle":0,"axis":"x","origin":[4,25,14.75]},"faces":{"north":{"uv":[4.13333,11.46667,4,12.13333],"texture":"#4"},"south":{"uv":[3.6,11.46667,3.46667,12.13333],"texture":"#4"},"west":{"uv":[9.6,8.8,9.33333,9.46667],"texture":"#4"},"up":{"uv":[13.73333,4.53333,13.6,4.8],"texture":"#4"},"down":{"uv":[4.93333,13.86667,4.8,13.6],"texture":"#4"}}},{"from":[10,23.75,12.75],"to":[10.5,26.25,13.75],"rotation":{"angle":0,"axis":"x","origin":[12,25,14.75]},"faces":{"north":{"uv":[11.6,4.8,11.46667,5.46667],"texture":"#4"},"east":{"uv":[0.8,9.86667,0.53333,10.53333],"texture":"#4"},"south":{"uv":[4.66667,11.46667,4.53333,12.13333],"texture":"#4"},"up":{"uv":[13.73333,7.2,13.6,7.46667],"texture":"#4"},"down":{"uv":[10,13.86667,9.86667,13.6],"texture":"#4"}}},{"from":[7,23,8],"to":[9,27,10.5],"rotation":{"angle":0,"axis":"x","origin":[8,25,11]},"faces":{"east":{"uv":[3.06667,5.06667,2.4,6.13333],"texture":"#4"},"west":{"uv":[4.13333,5.06667,3.46667,6.13333],"texture":"#4"},"up":{"uv":[8.53333,4.26667,8,4.93333],"texture":"#4"},"down":{"uv":[8.53333,6,8,5.33333],"texture":"#4"}}},{"from":[6.75,22.5,10.5],"to":[9.25,27.5,11.75],"rotation":{"angle":0,"axis":"x","origin":[8,25,11.75]},"faces":{"north":{"uv":[2,4,1.33333,5.33333],"texture":"#4"},"east":{"uv":[4.06667,7.46667,3.73333,8.8],"texture":"#4"},"west":{"uv":[4.86667,7.46667,4.53333,8.8],"texture":"#4"},"up":{"uv":[9.73333,0,9.06667,0.33333],"texture":"#4"},"down":{"uv":[1.2,9.4,0.53333,9.06667],"texture":"#4"}}},{"from":[11.5,28.20711,14],"to":[12.5,29.20711,16],"rotation":{"angle":-45,"axis":"z","origin":[12,28.70711,15]},"faces":{"north":{"uv":[10.93333,11.46667,10.66667,11.73333],"texture":"#4"},"east":{"uv":[8,1.6,7.46667,1.86667],"texture":"#4"},"south":{"uv":[11.73333,9.86667,11.46667,10.13333],"texture":"#4"},"west":{"uv":[9.6,1.6,9.06667,1.86667],"texture":"#4"},"up":{"uv":[11.2,9.06667,10.93333,9.6],"texture":"#4"},"down":{"uv":[11.2,10.4,10.93333,9.86667],"texture":"#4"}}},{"from":[12,28.5,13],"to":[14,28.53,19],"rotation":{"angle":45,"axis":"z","origin":[12,28,16]},"faces":{"up":{"uv":[4.53333,3.2,4,4.8],"texture":"#4"},"down":{"uv":[4.53333,4.8,4,3.2],"texture":"#4"}}},{"from":[2,28.5,13],"to":[4,28.53,19],"rotation":{"angle":-45,"axis":"z","origin":[4,28,16]},"faces":{"up":{"uv":[4,3.2,4.53333,4.8],"texture":"#4"},"down":{"uv":[4,4.8,4.53333,3.2],"texture":"#4"}}},{"from":[3.5,28.20711,14],"to":[4.5,29.20711,16],"rotation":{"angle":45,"axis":"z","origin":[4,28.70711,15]},"faces":{"north":{"uv":[10.66667,11.46667,10.93333,11.73333],"texture":"#4"},"east":{"uv":[9.06667,1.6,9.6,1.86667],"texture":"#4"},"south":{"uv":[11.46667,9.86667,11.73333,10.13333],"texture":"#4"},"west":{"uv":[7.46667,1.6,8,1.86667],"texture":"#4"},"up":{"uv":[10.93333,9.06667,11.2,9.6],"texture":"#4"},"down":{"uv":[10.93333,10.4,11.2,9.86667],"texture":"#4"}}},{"from":[3.5,20.79289,14],"to":[4.5,21.79289,16],"rotation":{"angle":-45,"axis":"z","origin":[4,21.29289,15]},"faces":{"north":{"uv":[10.66667,11.73333,10.93333,11.46667],"texture":"#4"},"east":{"uv":[9.06667,1.86667,9.6,1.6],"texture":"#4"},"south":{"uv":[11.46667,10.13333,11.73333,9.86667],"texture":"#4"},"west":{"uv":[7.46667,1.86667,8,1.6],"texture":"#4"},"up":{"uv":[10.93333,9.86667,11.2,10.4],"texture":"#4"},"down":{"uv":[10.93333,9.6,11.2,9.06667],"texture":"#4"}}},{"from":[2,21.47,13],"to":[4,21.5,19],"rotation":{"angle":45,"axis":"z","origin":[4,22,16]},"faces":{"up":{"uv":[4,3.2,4.53333,4.8],"texture":"#4"},"down":{"uv":[4,4.8,4.53333,3.2],"texture":"#4"}}},{"from":[12,21.47,13],"to":[14,21.5,19],"rotation":{"angle":-45,"axis":"z","origin":[12,22,16]},"faces":{"up":{"uv":[4.53333,3.2,4,4.8],"texture":"#4"},"down":{"uv":[4.53333,4.8,4,3.2],"texture":"#4"}}},{"from":[11.5,20.79289,14],"to":[12.5,21.79289,16],"rotation":{"angle":45,"axis":"z","origin":[12,21.29289,15]},"faces":{"north":{"uv":[10.93333,11.73333,10.66667,11.46667],"texture":"#4"},"east":{"uv":[8,1.86667,7.46667,1.6],"texture":"#4"},"south":{"uv":[11.73333,10.13333,11.46667,9.86667],"texture":"#4"},"west":{"uv":[9.6,1.86667,9.06667,1.6],"texture":"#4"},"up":{"uv":[11.2,9.86667,10.93333,10.4],"texture":"#4"},"down":{"uv":[11.2,9.6,10.93333,9.06667],"texture":"#4"}}}],"gui_light":"front","display":{"thirdperson_righthand":{"translation":[0,1.25,1]},"thirdperson_lefthand":{"translation":[0,1.25,1]},"firstperson_righthand":{"rotation":[-10,0,0],"translation":[5,-0.5,-0.25],"scale":[0.7,0.7,0.7]},"firstperson_lefthand":{"rotation":[-10,0,0],"translation":[5,-0.5,-0.25],"scale":[0.7,0.7,0.7]},"ground":{"rotation":[-45,0,0],"translation":[0,3,0],"scale":[0.7,0.7,0.7]},"gui":{"rotation":[-90,45,90],"translation":[1.25,-1.25,0],"scale":[0.7,0.7,0.7]},"head":{"rotation":[0,-90,0]},"fixed":{"rotation":[0,-90,0],"translation":[0,0,-2.25],"scale":[2,2,2]}},"USER":"33672","NONCE":"250d30f3c9d7634129006a92dfa824a1","TIMESTAMP":"1740508157","RESOURCE":"12629","mcmodels":"250d30f3c9d7634129006a92dfa824a1"}