{"credit":"Pologony Creation Co.,Ltd.","texture_size":[48,48],"textures":{"0":"nanoedge_set:helmet","particle":"nanoedge_set:helmet"},"elements":[{"from":[4,2.84881,12],"to":[12,11.84881,13],"rotation":{"angle":0,"axis":"y","origin":[0,2.84881,0]},"faces":{"north":{"uv":[0,0,2.66667,3],"texture":"#0"},"south":{"uv":[3,0,5.66667,3],"texture":"#0"},"up":{"uv":[12.66667,2.66667,10,2.33333],"texture":"#0"},"down":{"uv":[14,12,11.33333,12.33333],"texture":"#0"}}},{"from":[5,8.84881,2],"to":[11,11.84881,4.5],"rotation":{"angle":0,"axis":"y","origin":[0,2.84881,-0.5]},"faces":{"north":{"uv":[7.66667,7.33333,9.66667,8.33333],"texture":"#0"},"east":{"uv":[0,12.66667,0.83333,13.66667],"texture":"#0"},"south":{"uv":[0,8.66667,2,9.66667],"texture":"#0"},"west":{"uv":[12.66667,0,13.5,1],"texture":"#0"},"up":{"uv":[4.33333,10.16667,2.33333,9.33333],"texture":"#0"},"down":{"uv":[6.66667,9.66667,4.66667,10.5],"texture":"#0"}}},{"from":[2.5,2.84881,3.5],"to":[4,4.84881,13],"rotation":{"angle":0,"axis":"y","origin":[0,2.84881,0]},"faces":{"north":{"uv":[14,0,14.5,0.66667],"texture":"#0"},"east":{"uv":[7.66667,5.33333,10.83333,6],"texture":"#0"},"south":{"uv":[1.33333,14,1.83333,14.66667],"texture":"#0"},"west":{"uv":[7.66667,6.33333,10.83333,7],"texture":"#0"},"up":{"uv":[7.5,12.83333,7,9.66667],"texture":"#0"},"down":{"uv":[8.5,9.66667,8,12.83333],"texture":"#0"}}},{"from":[3,8.84881,3.5],"to":[4,11.84881,13],"rotation":{"angle":0,"axis":"y","origin":[16,2.84881,0]},"faces":{"north":{"uv":[4,14,4.33333,15],"texture":"#0"},"east":{"uv":[2.33333,6.33333,5.5,7.33333],"texture":"#0"},"south":{"uv":[14,4.33333,14.33333,5.33333],"texture":"#0"},"west":{"uv":[7.66667,0,10.83333,1],"texture":"#0"},"up":{"uv":[3,13.83333,2.66667,10.66667],"texture":"#0"},"down":{"uv":[3.66667,10.66667,3.33333,13.83333],"texture":"#0"}}},{"from":[3,4.84881,7],"to":[4,8.84881,13],"rotation":{"angle":0,"axis":"y","origin":[16,2.84881,0]},"faces":{"north":{"uv":[0,14,0.33333,15.33333],"texture":"#0"},"east":{"uv":[7.66667,1.33333,9.66667,2.66667],"texture":"#0"},"south":{"uv":[0.66667,14,1,15.33333],"texture":"#0"},"west":{"uv":[2.33333,7.66667,4.33333,9],"texture":"#0"}}},{"from":[4,10.34881,4.5],"to":[12,11.84881,12],"rotation":{"angle":0,"axis":"y","origin":[0,2.34881,0]},"faces":{"north":{"uv":[10,1.33333,12.66667,1.83333],"texture":"#0"},"up":{"uv":[2.66667,5.83333,0,3.33333],"texture":"#0"},"down":{"uv":[5.66667,3.33333,3,5.83333],"texture":"#0"}}},{"from":[2.8488,2.84881,1.73986],"to":[5.3488,4.84881,2.73986],"rotation":{"angle":22.5,"axis":"y","origin":[7.3488,3.34881,2.23986]},"faces":{"north":{"uv":[13.66667,2.33333,14.5,3],"texture":"#0"},"east":{"uv":[6.33333,12.33333,6.66667,13],"texture":"#0"},"south":{"uv":[13.66667,3.33333,14.5,4],"texture":"#0"},"up":{"uv":[14.83333,8.66667,14,8.33333],"texture":"#0"},"down":{"uv":[15.16667,12,14.33333,12.33333],"texture":"#0"}}},{"from":[2.67178,9.35231,1.37045],"to":[5.67178,11.34531,2.37045],"rotation":{"angle":22.5,"axis":"y","origin":[7.17178,10.35231,2.62045]},"faces":{"north":{"uv":[4.66667,7.66667,5.66667,8.33333],"texture":"#0"},"up":{"uv":[15,6,14,5.66667],"texture":"#0"},"down":{"uv":[15,6.33333,14,6.66667],"texture":"#0"}}},{"from":[2.53597,9.34881,3.18768],"to":[3.53597,11.34881,12.18768],"rotation":{"angle":0,"axis":"y","origin":[3.03597,10.34881,4.93768]},"faces":{"north":{"uv":[14.66667,12.66667,15,13.33333],"texture":"#0"},"east":{"uv":[4.66667,8.66667,7.66667,9.33333],"texture":"#0"},"south":{"uv":[14.33333,14.66667,14.66667,15.33333],"texture":"#0"},"west":{"uv":[8,8.66667,11,9.33333],"texture":"#0"},"up":{"uv":[4.33333,13.66667,4,10.66667],"texture":"#0"},"down":{"uv":[11,9.66667,10.66667,12.66667],"texture":"#0"}}},{"from":[2.8488,8.85231,1.73986],"to":[5.3488,11.84531,3.73986],"rotation":{"angle":22.5,"axis":"y","origin":[7.3488,10.35231,2.23986]},"faces":{"north":{"uv":[12.66667,5,13.5,6],"texture":"#0"},"south":{"uv":[12.66667,6.33333,13.5,7.33333],"texture":"#0"},"up":{"uv":[14.5,9.66667,13.66667,9],"texture":"#0"},"down":{"uv":[14.5,10,13.66667,10.66667],"texture":"#0"}}},{"from":[5.38163,2.45986,2.54329],"to":[6.88163,5.45986,3.54329],"rotation":{"angle":22.5,"axis":"z","origin":[6.38163,2.45986,2.54329]},"faces":{"north":{"uv":[6,11,6.5,12],"texture":"#0"},"east":{"uv":[14,7,14.33333,8],"texture":"#0"},"south":{"uv":[11.33333,13.66667,11.83333,14.66667],"texture":"#0"},"west":{"uv":[8.66667,14,9,15],"texture":"#0"},"up":{"uv":[15.5,0.33333,15,0],"texture":"#0"},"down":{"uv":[1.83333,15,1.33333,15.33333],"texture":"#0"}}},{"from":[8,7.84881,1.75],"to":[11,10.84881,4.75],"rotation":{"angle":45,"axis":"z","origin":[8,7.84881,1.75]},"faces":{"north":{"uv":[10,7.33333,11,8.33333],"texture":"#0"},"east":{"uv":[4.66667,11,5.66667,12],"texture":"#0"},"south":{"uv":[11.33333,0,12.33333,1],"texture":"#0"},"west":{"uv":[11.33333,5,12.33333,6],"texture":"#0"},"up":{"uv":[12.33333,7.33333,11.33333,6.33333],"texture":"#0"},"down":{"uv":[12.33333,7.66667,11.33333,8.66667],"texture":"#0"}}},{"from":[8.5,8.34881,1.25],"to":[10.5,10.34881,1.75],"rotation":{"angle":45,"axis":"z","origin":[8,7.84881,1.25]},"faces":{"north":{"uv":[13.66667,11,14.33333,11.66667],"texture":"#0"},"east":{"uv":[15,2,15.16667,2.66667],"texture":"#0"},"west":{"uv":[15,3,15.16667,3.66667],"texture":"#0"},"up":{"uv":[8,15.16667,7.33333,15],"texture":"#0"},"down":{"uv":[15.66667,9,15,9.16667],"texture":"#0"}}},{"from":[5.87868,8.84881,2.25],"to":[8.37868,11.34881,3.25],"rotation":{"angle":-45,"axis":"z","origin":[5.87868,8.34881,2.25]},"faces":{"north":{"uv":[12.66667,7.66667,13.5,8.5],"texture":"#0"},"east":{"uv":[14.66667,4.33333,15,5.16667],"texture":"#0"},"south":{"uv":[9,12.66667,9.83333,13.5],"texture":"#0"},"west":{"uv":[14.66667,7,15,7.83333],"texture":"#0"},"up":{"uv":[10.83333,15,10,14.66667],"texture":"#0"},"down":{"uv":[15.5,11,14.66667,11.33333],"texture":"#0"}}},{"from":[5,3.34881,2.75],"to":[11,9.34881,2.75],"rotation":{"angle":0,"axis":"y","origin":[4,6.34881,2.75]},"faces":{"north":{"uv":[0,6.33333,2,8.33333],"texture":"#0"}}},{"from":[3.15324,3.34881,3.51537],"to":[3.15324,9.34881,7.01537],"rotation":{"angle":0,"axis":"y","origin":[3.15324,6.34881,2.51537]},"faces":{"west":{"uv":[7.66667,3,8.83333,5],"texture":"#0"}}},{"from":[3.07612,3.34881,3.13268],"to":[5.07612,9.34881,3.13268],"rotation":{"angle":22.5,"axis":"y","origin":[4.07612,7.34881,3.13268]},"faces":{"north":{"uv":[1.66667,10.66667,2.33333,12.66667],"texture":"#0"}}},{"from":[2,5.84881,8],"to":[3,8.84881,11],"rotation":{"angle":0,"axis":"y","origin":[3,5.84881,8]},"faces":{"north":{"uv":[9.33333,14,9.66667,15],"texture":"#0"},"south":{"uv":[2.33333,14.33333,2.66667,15.33333],"texture":"#0"},"west":{"uv":[9,11.33333,10,12.33333],"texture":"#0"},"up":{"uv":[3.33333,15.33333,3,14.33333],"texture":"#0"},"down":{"uv":[5,14.33333,4.66667,15.33333],"texture":"#0"}}},{"from":[6.0035,10.96267,0.99426],"to":[9.9965,12.34767,2.99426],"rotation":{"angle":-22.5,"axis":"x","origin":[6.0035,10.86267,0.99426]},"faces":{"north":{"uv":[11.33333,12.66667,12.66667,13.16667],"texture":"#0"},"east":{"uv":[5.33333,14.33333,6,14.83333],"texture":"#0"},"west":{"uv":[6.33333,14.33333,7,14.83333],"texture":"#0"},"up":{"uv":[1.33333,12.33333,0,11.66667],"texture":"#0"},"down":{"uv":[6,12.33333,4.66667,13],"texture":"#0"}}},{"from":[6.0035,8.87954,12.45195],"to":[9.9965,12.37954,13.85195],"rotation":{"angle":22.5,"axis":"x","origin":[6.0035,10.87954,11.85195]},"faces":{"north":{"uv":[9,9.66667,10.33333,10.83333],"texture":"#0"},"east":{"uv":[10.33333,13,10.83333,14.16667],"texture":"#0"},"south":{"uv":[0,10,1.33333,11.16667],"texture":"#0"},"west":{"uv":[7.66667,13.33333,8.16667,14.5],"texture":"#0"},"down":{"uv":[6,13.33333,4.66667,13.83333],"texture":"#0"}}},{"from":[6,11.5,2.27373],"to":[10,13,14.27373],"rotation":{"angle":0,"axis":"x","origin":[6,11.5,2.27373]},"faces":{"north":{"uv":[13,1.33333,14.33333,1.83333],"texture":"#0"},"east":{"uv":[9.33333,3,13.33333,3.5],"texture":"#0"},"south":{"uv":[13,12.66667,14.33333,13.16667],"texture":"#0"},"west":{"uv":[9.33333,4,13.33333,4.5],"texture":"#0"},"up":{"uv":[7.33333,4,6,0],"texture":"#0"},"down":{"uv":[7.33333,4.33333,6,8.33333],"texture":"#0"}}},{"from":[0.42362,8.09843,7.15642],"to":[0.45362,9.59843,13.15642],"rotation":{"angle":-22.5,"axis":"z","origin":[0.42362,8.09843,8.15642]},"faces":{"east":{"uv":[13.33333,11,11.33333,11.5],"texture":"#0"},"west":{"uv":[11.33333,11,13.33333,11.5],"texture":"#0"}}},{"from":[0.42362,6.59843,7.15642],"to":[0.45362,8.09843,13.15642],"rotation":{"angle":0,"axis":"y","origin":[0.42362,6.59843,8.15642]},"faces":{"east":{"uv":[13.33333,10,11.33333,10.5],"texture":"#0"},"west":{"uv":[11.33333,10,13.33333,10.5],"texture":"#0"}}},{"from":[0.8063,5.17455,7.15642],"to":[0.8363,6.67455,13.15642],"rotation":{"angle":22.5,"axis":"z","origin":[0.8063,5.67455,8.15642]},"faces":{"east":{"uv":[13.33333,9,11.33333,9.5],"texture":"#0"},"west":{"uv":[11.33333,9,13.33333,9.5],"texture":"#0"}}},{"from":[15.54638,8.09843,7.15642],"to":[15.57638,9.59843,13.15642],"rotation":{"angle":22.5,"axis":"z","origin":[15.57638,8.09843,8.15642]},"faces":{"east":{"uv":[13.33333,11,11.33333,11.5],"texture":"#0"},"west":{"uv":[11.33333,11,13.33333,11.5],"texture":"#0"}}},{"from":[15.54638,6.59843,7.15642],"to":[15.57638,8.09843,13.15642],"rotation":{"angle":0,"axis":"y","origin":[15.57638,6.59843,8.15642]},"faces":{"east":{"uv":[13.33333,10,11.33333,10.5],"texture":"#0"},"west":{"uv":[11.33333,10,13.33333,10.5],"texture":"#0"}}},{"from":[15.1637,5.17455,7.15642],"to":[15.1937,6.67455,13.15642],"rotation":{"angle":-22.5,"axis":"z","origin":[15.1937,5.67455,8.15642]},"faces":{"east":{"uv":[13.33333,9,11.33333,9.5],"texture":"#0"},"west":{"uv":[11.33333,9,13.33333,9.5],"texture":"#0"}}},{"from":[1.25,6.34881,8.5],"to":[2.75,8.34881,11.5],"rotation":{"angle":-22.5,"axis":"y","origin":[1.75,7.34881,9.5]},"faces":{"north":{"uv":[14.33333,13.66667,14.83333,14.33333],"texture":"#0"},"east":{"uv":[1.33333,13,2.33333,13.66667],"texture":"#0"},"south":{"uv":[14.66667,1,15.16667,1.66667],"texture":"#0"},"west":{"uv":[6.33333,13.33333,7.33333,14],"texture":"#0"},"up":{"uv":[12.83333,14.66667,12.33333,13.66667],"texture":"#0"},"down":{"uv":[13.83333,13.66667,13.33333,14.66667],"texture":"#0"}}},{"from":[12,8.84881,3.5],"to":[13,11.84881,13],"rotation":{"angle":0,"axis":"y","origin":[0,2.84881,0]},"faces":{"north":{"uv":[4.33333,14,4,15],"texture":"#0"},"east":{"uv":[10.83333,0,7.66667,1],"texture":"#0"},"south":{"uv":[14.33333,4.33333,14,5.33333],"texture":"#0"},"west":{"uv":[5.5,6.33333,2.33333,7.33333],"texture":"#0"},"up":{"uv":[2.66667,13.83333,3,10.66667],"texture":"#0"},"down":{"uv":[3.33333,10.66667,3.66667,13.83333],"texture":"#0"}}},{"from":[10.6512,8.85231,1.73986],"to":[13.1512,11.84531,3.73986],"rotation":{"angle":-22.5,"axis":"y","origin":[8.6512,10.35231,2.23986]},"faces":{"north":{"uv":[13.5,5,12.66667,6],"texture":"#0"},"south":{"uv":[13.5,6.33333,12.66667,7.33333],"texture":"#0"},"up":{"uv":[13.66667,9.66667,14.5,9],"texture":"#0"},"down":{"uv":[13.66667,10,14.5,10.66667],"texture":"#0"}}},{"from":[10.32822,9.35231,1.37045],"to":[13.32822,11.34531,2.37045],"rotation":{"angle":-22.5,"axis":"y","origin":[8.82822,10.35231,2.62045]},"faces":{"north":{"uv":[5.66667,7.66667,4.66667,8.33333],"texture":"#0"},"up":{"uv":[14,6,15,5.66667],"texture":"#0"},"down":{"uv":[14,6.33333,15,6.66667],"texture":"#0"}}},{"from":[12.46403,9.34881,3.18768],"to":[13.46403,11.34881,12.18768],"rotation":{"angle":0,"axis":"y","origin":[12.96403,10.34881,4.93768]},"faces":{"north":{"uv":[15,12.66667,14.66667,13.33333],"texture":"#0"},"east":{"uv":[11,8.66667,8,9.33333],"texture":"#0"},"south":{"uv":[14.66667,14.66667,14.33333,15.33333],"texture":"#0"},"west":{"uv":[7.66667,8.66667,4.66667,9.33333],"texture":"#0"},"up":{"uv":[4,13.66667,4.33333,10.66667],"texture":"#0"},"down":{"uv":[10.66667,9.66667,11,12.66667],"texture":"#0"}}},{"from":[12.84676,3.34881,3.51537],"to":[12.84676,9.34881,7.01537],"rotation":{"angle":0,"axis":"y","origin":[12.84676,6.34881,2.51537]},"faces":{"east":{"uv":[8.83333,3,7.66667,5],"texture":"#0"}}},{"from":[10.92388,3.34881,3.13268],"to":[12.92388,9.34881,3.13268],"rotation":{"angle":-22.5,"axis":"y","origin":[11.92388,7.34881,3.13268]},"faces":{"north":{"uv":[2.33333,10.66667,1.66667,12.66667],"texture":"#0"}}},{"from":[12,4.84881,7],"to":[13,8.84881,13],"rotation":{"angle":0,"axis":"y","origin":[0,2.84881,0]},"faces":{"north":{"uv":[0.33333,14,0,15.33333],"texture":"#0"},"east":{"uv":[4.33333,7.66667,2.33333,9],"texture":"#0"},"south":{"uv":[1,14,0.66667,15.33333],"texture":"#0"},"west":{"uv":[9.66667,1.33333,7.66667,2.66667],"texture":"#0"}}},{"from":[13,5.84881,8],"to":[14,8.84881,11],"rotation":{"angle":0,"axis":"y","origin":[13,5.84881,8]},"faces":{"north":{"uv":[9.66667,14,9.33333,15],"texture":"#0"},"east":{"uv":[10,11.33333,9,12.33333],"texture":"#0"},"south":{"uv":[2.66667,14.33333,2.33333,15.33333],"texture":"#0"},"up":{"uv":[3,15.33333,3.33333,14.33333],"texture":"#0"},"down":{"uv":[4.66667,14.33333,5,15.33333],"texture":"#0"}}},{"from":[13.25,6.34881,8.5],"to":[14.75,8.34881,11.5],"rotation":{"angle":22.5,"axis":"y","origin":[14.25,7.34881,9.5]},"faces":{"north":{"uv":[14.83333,13.66667,14.33333,14.33333],"texture":"#0"},"east":{"uv":[7.33333,13.33333,6.33333,14],"texture":"#0"},"south":{"uv":[15.16667,1,14.66667,1.66667],"texture":"#0"},"west":{"uv":[2.33333,13,1.33333,13.66667],"texture":"#0"},"up":{"uv":[12.33333,14.66667,12.83333,13.66667],"texture":"#0"},"down":{"uv":[13.33333,13.66667,13.83333,14.66667],"texture":"#0"}}},{"from":[12,2.84881,3.5],"to":[13.5,4.84881,13],"rotation":{"angle":0,"axis":"y","origin":[16,2.84881,0]},"faces":{"north":{"uv":[14.5,0,14,0.66667],"texture":"#0"},"east":{"uv":[10.83333,6.33333,7.66667,7],"texture":"#0"},"south":{"uv":[1.83333,14,1.33333,14.66667],"texture":"#0"},"west":{"uv":[10.83333,5.33333,7.66667,6],"texture":"#0"},"up":{"uv":[7,12.83333,7.5,9.66667],"texture":"#0"},"down":{"uv":[8,9.66667,8.5,12.83333],"texture":"#0"}}},{"from":[10.6512,2.84881,1.73986],"to":[13.1512,4.84881,2.73986],"rotation":{"angle":-22.5,"axis":"y","origin":[8.6512,3.34881,2.23986]},"faces":{"north":{"uv":[14.5,2.33333,13.66667,3],"texture":"#0"},"south":{"uv":[14.5,3.33333,13.66667,4],"texture":"#0"},"west":{"uv":[6.66667,12.33333,6.33333,13],"texture":"#0"},"up":{"uv":[14,8.66667,14.83333,8.33333],"texture":"#0"},"down":{"uv":[14.33333,12,15.16667,12.33333],"texture":"#0"}}},{"from":[9.11837,2.45986,2.54329],"to":[10.61837,5.45986,3.54329],"rotation":{"angle":-22.5,"axis":"z","origin":[9.61837,2.45986,2.54329]},"faces":{"north":{"uv":[6.5,11,6,12],"texture":"#0"},"east":{"uv":[9,14,8.66667,15],"texture":"#0"},"south":{"uv":[11.83333,13.66667,11.33333,14.66667],"texture":"#0"},"west":{"uv":[14.33333,7,14,8],"texture":"#0"},"up":{"uv":[15,0.33333,15.5,0],"texture":"#0"},"down":{"uv":[1.33333,15,1.83333,15.33333],"texture":"#0"}}}],"gui_light":"front","display":{"thirdperson_righthand":{"rotation":[57,0,0],"translation":[0,4,1.5],"scale":[0.7,0.7,0.7]},"thirdperson_lefthand":{"rotation":[57,0,0],"translation":[0,4,1.5],"scale":[0.7,0.7,0.7]},"firstperson_righthand":{"rotation":[157,0,180],"translation":[0,4,0],"scale":[0.7,0.7,0.7]},"firstperson_lefthand":{"rotation":[157,0,180],"translation":[0,4,0],"scale":[0.7,0.7,0.7]},"ground":{"translation":[0,3,0],"scale":[0.7,0.7,0.7]},"gui":{"rotation":[0,180,0],"scale":[1.4,1.4,1.4]},"head":{"translation":[0,1.5,0],"scale":[1.6,1.6,1.6]},"fixed":{"rotation":[-90,0,0],"translation":[0,0,-12],"scale":[2,2,2]}},"USER":"33672","NONCE":"250d30f3c9d7634129006a92dfa824a1","TIMESTAMP":"1740508157","RESOURCE":"12629","mcmodels":"250d30f3c9d7634129006a92dfa824a1"}