{"credit":"Pologony Creation Co.,Ltd.","texture_size":[32,32],"textures":{"2":"nanoedge_set:animations/animated_1","3":"nanoedge_set:animations/animated_2","5":"nanoedge_set:key","particle":"nanoedge_set:animations/animated_1"},"elements":[{"from":[7.245,11.622,11.622],"to":[8.755,13.122,13.122],"rotation":{"angle":-45,"axis":"x","origin":[8,8,8]},"faces":{"north":{"uv":[4,8,4.75,8.75],"rotation":180,"texture":"#5"},"east":{"uv":[8,1.5,8.75,2.25],"rotation":180,"texture":"#5"},"south":{"uv":[0,8,0.75,8.75],"rotation":180,"texture":"#5"},"west":{"uv":[8.5,3,9.25,3.75],"rotation":180,"texture":"#5"},"up":{"uv":[9.25,6,8.5,6.75],"texture":"#5"},"down":{"uv":[9.25,5.25,8.5,4.5],"texture":"#5"}}},{"from":[7.25,12.68295,6.93875],"to":[8.75,14.18295,9.06125],"rotation":{"angle":0,"axis":"y","origin":[8,8,8]},"faces":{"north":{"uv":[8.5,7.5,9.25,8.25],"rotation":180,"texture":"#5"},"east":{"uv":[7,4,8,4.75],"rotation":180,"texture":"#5"},"south":{"uv":[7,8.5,7.75,9.25],"rotation":180,"texture":"#5"},"west":{"uv":[7,5.5,8,6.25],"rotation":180,"texture":"#5"},"up":{"uv":[8.25,0,7.5,1],"texture":"#5"},"down":{"uv":[7.75,8,7,7],"texture":"#5"}}},{"from":[7.2425,10.56134,10.56134],"to":[8.7575,12.06134,12.06134],"rotation":{"angle":-45,"axis":"x","origin":[8,8,8]},"faces":{"north":{"uv":[5.5,9,6.25,9.75],"rotation":180,"texture":"#5"},"east":{"uv":[1.5,9,2.25,9.75],"rotation":180,"texture":"#5"},"south":{"uv":[9,0,9.75,0.75],"rotation":180,"texture":"#5"},"west":{"uv":[8.5,9,9.25,9.75],"rotation":180,"texture":"#5"},"up":{"uv":[10.25,1.5,9.5,2.25],"texture":"#5"},"down":{"uv":[0.75,10.25,0,9.5],"texture":"#5"}}},{"from":[7.7535,12.30795,8.75],"to":[8.2465,14.55795,9.75],"rotation":{"angle":0,"axis":"y","origin":[8,8,8]},"faces":{"east":{"uv":[3,9,3.5,10.125],"rotation":180,"texture":"#5"},"south":{"uv":[3,11,3.25,12.125],"rotation":180,"texture":"#5"},"west":{"uv":[4,9.5,4.5,10.625],"rotation":180,"texture":"#5"}}},{"from":[7.75,11.71039,5.08948],"to":[8.25,12.46039,6.01448],"rotation":{"angle":45,"axis":"x","origin":[8,8,8]},"faces":{"east":{"uv":[11.5,4.5,12,4.875],"rotation":180,"texture":"#5"},"south":{"uv":[15.5,0,15.75,0.375],"rotation":180,"texture":"#5"},"west":{"uv":[11.5,5.5,12,5.875],"rotation":180,"texture":"#5"},"up":{"uv":[5.25,15,5,15.5],"texture":"#5"},"down":{"uv":[15.25,4.5,15,4],"texture":"#5"}}},{"from":[7.75,11.22296,12.77283],"to":[8.25,12.47296,13.69783],"rotation":{"angle":-45,"axis":"x","origin":[8,8,8]},"faces":{"east":{"uv":[8.5,10.5,9,11.125],"rotation":180,"texture":"#5"},"south":{"uv":[5.5,12.5,5.75,13.125],"rotation":180,"texture":"#5"},"west":{"uv":[9.5,10.5,10,11.125],"rotation":180,"texture":"#5"},"up":{"uv":[8.25,15,8,15.5],"texture":"#5"},"down":{"uv":[7.25,15.5,7,15],"texture":"#5"}}},{"from":[7.25,11.37229,7.25],"to":[8.75,11.87229,8.75],"rotation":{"angle":45,"axis":"y","origin":[8,8,8]},"faces":{"north":{"uv":[11.5,7.5,12.25,7.75],"rotation":180,"texture":"#5"},"east":{"uv":[7,11.5,7.75,11.75],"rotation":180,"texture":"#5"},"south":{"uv":[11.5,6.5,12.25,6.75],"rotation":180,"texture":"#5"},"west":{"uv":[11.5,8.5,12.25,8.75],"rotation":180,"texture":"#5"},"up":{"uv":[10.75,4.5,10,5.25],"texture":"#5"},"down":{"uv":[10.75,3.75,10,3],"texture":"#5"}}},{"from":[7.25,10.37229,7.25],"to":[8.75,10.87229,8.75],"rotation":{"angle":45,"axis":"y","origin":[8,8,8]},"faces":{"north":{"uv":[11.5,11.5,12.25,11.75],"rotation":180,"texture":"#5"},"east":{"uv":[11.5,10.5,12.25,10.75],"rotation":180,"texture":"#5"},"south":{"uv":[11.5,9.5,12.25,9.75],"rotation":180,"texture":"#5"},"west":{"uv":[12,0,12.75,0.25],"rotation":180,"texture":"#5"},"up":{"uv":[7.75,10,7,10.75],"texture":"#5"},"down":{"uv":[10.75,6.75,10,6],"texture":"#5"}}},{"from":[7.375,10.87229,7.375],"to":[8.625,11.37229,8.625],"rotation":{"angle":45,"axis":"y","origin":[8,8,8]},"faces":{"north":{"uv":[1,13,1.625,13.25],"rotation":180,"texture":"#5"},"east":{"uv":[11.5,12.5,12.125,12.75],"rotation":180,"texture":"#5"},"south":{"uv":[6.5,12.5,7.125,12.75],"rotation":180,"texture":"#5"},"west":{"uv":[2.5,13,3.125,13.25],"rotation":180,"texture":"#5"}}},{"from":[7.25,4.87229,7.25],"to":[8.75,5.37229,8.75],"rotation":{"angle":45,"axis":"y","origin":[8,8,8]},"faces":{"north":{"uv":[10,12,10.75,12.25],"rotation":180,"texture":"#5"},"east":{"uv":[8.5,12,9.25,12.25],"rotation":180,"texture":"#5"},"south":{"uv":[1,12,1.75,12.25],"rotation":180,"texture":"#5"},"west":{"uv":[12.5,1,13.25,1.25],"rotation":180,"texture":"#5"},"up":{"uv":[10.75,9,10,9.75],"texture":"#5"},"down":{"uv":[10.75,8.25,10,7.5],"texture":"#5"}}},{"from":[7.375,5.37229,7.375],"to":[8.625,5.87229,8.625],"rotation":{"angle":45,"axis":"y","origin":[8,8,8]},"faces":{"north":{"uv":[8,13,8.625,13.25],"rotation":180,"texture":"#5"},"east":{"uv":[13,7,13.625,7.25],"rotation":180,"texture":"#5"},"south":{"uv":[13,6,13.625,6.25],"rotation":180,"texture":"#5"},"west":{"uv":[13,8,13.625,8.25],"rotation":180,"texture":"#5"}}},{"from":[7.25,5.87229,7.25],"to":[8.75,6.37229,8.75],"rotation":{"angle":45,"axis":"y","origin":[8,8,8]},"faces":{"north":{"uv":[4,12.5,4.75,12.75],"rotation":180,"texture":"#5"},"east":{"uv":[12.5,3,13.25,3.25],"rotation":180,"texture":"#5"},"south":{"uv":[12.5,2,13.25,2.25],"rotation":180,"texture":"#5"},"west":{"uv":[12.5,4,13.25,4.25],"rotation":180,"texture":"#5"},"up":{"uv":[2.25,10.5,1.5,11.25],"texture":"#5"},"down":{"uv":[11.25,0.75,10.5,0],"texture":"#5"}}},{"from":[7.5,6.37229,7.5],"to":[8.5,10.37229,8.5],"rotation":{"angle":45,"axis":"y","origin":[8,8,8]},"faces":{"north":{"uv":[3,6.5,3.5,8.5],"rotation":180,"texture":"#5"},"east":{"uv":[2,6.5,2.5,8.5],"rotation":180,"texture":"#5"},"south":{"uv":[6,4,6.5,6],"rotation":180,"texture":"#5"},"west":{"uv":[6,6.5,6.5,8.5],"rotation":180,"texture":"#5"}}},{"from":[6.75,3.09383,3.09383],"to":[9.25,6.09383,6.09383],"rotation":{"angle":-45,"axis":"x","origin":[8,8,8]},"faces":{"north":{"uv":[3.5,0,4.75,1.5],"rotation":180,"texture":"#5"},"east":{"uv":[0,0,1.5,1.5],"rotation":180,"texture":"#5"},"south":{"uv":[2,2.5,3.25,4],"rotation":180,"texture":"#5"},"west":{"uv":[0,2,1.5,3.5],"rotation":180,"texture":"#5"},"up":{"uv":[5.25,2,4,3.5],"texture":"#5"},"down":{"uv":[1.25,5.5,0,4],"texture":"#5"}}},{"from":[6.5,3.34383,3.34383],"to":[9.5,5.84383,5.84383],"rotation":{"angle":-45,"axis":"x","origin":[8,8,8]},"faces":{"north":{"uv":[2,4.5,3.5,5.75],"rotation":180,"texture":"#5"},"east":{"uv":[6,2,7.25,3.25],"rotation":180,"texture":"#5"},"south":{"uv":[4,4,5.5,5.25],"rotation":180,"texture":"#5"},"west":{"uv":[4,6,5.25,7.25],"rotation":180,"texture":"#5"},"up":{"uv":[1.5,6,0,7.25],"texture":"#5"},"down":{"uv":[7,1.25,5.5,0],"texture":"#5"}}},{"from":[5.60565,2.80795,7.87659],"to":[6.35565,3.55795,8.62659],"rotation":{"angle":45,"axis":"y","origin":[8,8,8]},"faces":{"north":{"uv":[13,10.5,13.375,10.875],"rotation":180,"texture":"#5"},"east":{"uv":[10.5,13,10.875,13.375],"rotation":180,"texture":"#5"},"south":{"uv":[9.5,13,9.875,13.375],"rotation":180,"texture":"#5"},"west":{"uv":[13,11.5,13.375,11.875],"rotation":180,"texture":"#5"},"up":{"uv":[0.375,13.5,0,13.875],"texture":"#5"},"down":{"uv":[13.375,12.875,13,12.5],"texture":"#5"}}},{"from":[5.60565,2.80795,7.37341],"to":[6.35565,3.55795,8.12341],"rotation":{"angle":-45,"axis":"y","origin":[8,8,8]},"faces":{"north":{"uv":[13.5,5,13.875,5.375],"rotation":180,"texture":"#5"},"east":{"uv":[4,13.5,4.375,13.875],"rotation":180,"texture":"#5"},"south":{"uv":[13.5,0,13.875,0.375],"rotation":180,"texture":"#5"},"west":{"uv":[6.5,13.5,6.875,13.875],"rotation":180,"texture":"#5"},"up":{"uv":[12.875,13.5,12.5,13.875],"texture":"#5"},"down":{"uv":[11.875,13.875,11.5,13.5],"texture":"#5"}}},{"from":[9.01181,4.47042,7.625],"to":[9.76181,5.22042,8.375],"rotation":{"angle":-45,"axis":"z","origin":[8,8,8]},"faces":{"north":{"uv":[14,1,14.375,1.375],"rotation":180,"texture":"#5"},"east":{"uv":[1,14,1.375,14.375],"rotation":180,"texture":"#5"},"south":{"uv":[13.5,13.5,13.875,13.875],"rotation":180,"texture":"#5"},"west":{"uv":[2,14,2.375,14.375],"rotation":180,"texture":"#5"},"up":{"uv":[3.375,14,3,14.375],"texture":"#5"},"down":{"uv":[14.375,2.375,14,2],"texture":"#5"}}},{"from":[2.19947,3.96724,7.625],"to":[2.94947,4.71724,8.375],"rotation":{"angle":45,"axis":"z","origin":[8,8,8]},"faces":{"north":{"uv":[5,14,5.375,14.375],"rotation":180,"texture":"#5"},"east":{"uv":[14,4,14.375,4.375],"rotation":180,"texture":"#5"},"south":{"uv":[14,3,14.375,3.375],"rotation":180,"texture":"#5"},"west":{"uv":[7.5,14,7.875,14.375],"rotation":180,"texture":"#5"},"up":{"uv":[14.375,9,14,9.375],"texture":"#5"},"down":{"uv":[8.875,14.375,8.5,14],"texture":"#5"}}},{"from":[9.64435,2.80795,7.37341],"to":[10.39435,3.55795,8.12341],"rotation":{"angle":45,"axis":"y","origin":[8,8,8]},"faces":{"north":{"uv":[10.5,14,10.875,14.375],"rotation":180,"texture":"#5"},"east":{"uv":[14,10,14.375,10.375],"rotation":180,"texture":"#5"},"south":{"uv":[9.5,14,9.875,14.375],"rotation":180,"texture":"#5"},"west":{"uv":[14,11,14.375,11.375],"rotation":180,"texture":"#5"},"up":{"uv":[0.375,14.5,0,14.875],"texture":"#5"},"down":{"uv":[14.375,12.375,14,12],"texture":"#5"}}},{"from":[13.05053,3.96724,7.625],"to":[13.80053,4.71724,8.375],"rotation":{"angle":-45,"axis":"z","origin":[8,8,8]},"faces":{"north":{"uv":[14.5,5,14.875,5.375],"rotation":180,"texture":"#5"},"east":{"uv":[4,14.5,4.375,14.875],"rotation":180,"texture":"#5"},"south":{"uv":[14.5,0,14.875,0.375],"rotation":180,"texture":"#5"},"west":{"uv":[6,14.5,6.375,14.875],"rotation":180,"texture":"#5"},"up":{"uv":[14.875,7,14.5,7.375],"texture":"#5"},"down":{"uv":[14.875,6.375,14.5,6],"texture":"#5"}}},{"from":[9.64435,2.80795,7.87659],"to":[10.39435,3.55795,8.62659],"rotation":{"angle":-45,"axis":"y","origin":[8,8,8]},"faces":{"north":{"uv":[12.5,14.5,12.875,14.875],"rotation":180,"texture":"#5"},"east":{"uv":[11.5,14.5,11.875,14.875],"rotation":180,"texture":"#5"},"south":{"uv":[14.5,8,14.875,8.375],"rotation":180,"texture":"#5"},"west":{"uv":[14.5,13,14.875,13.375],"rotation":180,"texture":"#5"},"up":{"uv":[14.875,14,14.5,14.375],"texture":"#5"},"down":{"uv":[13.875,14.875,13.5,14.5],"texture":"#5"}}},{"from":[6.23819,4.47042,7.625],"to":[6.98819,5.22042,8.375],"rotation":{"angle":45,"axis":"z","origin":[8,8,8]},"faces":{"north":{"uv":[2,15,2.375,15.375],"rotation":180,"texture":"#5"},"east":{"uv":[15,1,15.375,1.375],"rotation":180,"texture":"#5"},"south":{"uv":[1,15,1.375,15.375],"rotation":180,"texture":"#5"},"west":{"uv":[15,2,15.375,2.375],"rotation":180,"texture":"#5"},"up":{"uv":[15.375,3,15,3.375],"texture":"#5"},"down":{"uv":[3.375,15.375,3,15],"texture":"#5"}}},{"from":[7.7535,12.30795,6.25],"to":[8.2465,14.55795,7.25],"rotation":{"angle":0,"axis":"y","origin":[8,8,8]},"faces":{"north":{"uv":[11.5,1.5,11.75,2.625],"rotation":180,"texture":"#5"},"east":{"uv":[5,10.5,5.5,11.625],"rotation":180,"texture":"#5"},"west":{"uv":[6,10.5,6.5,11.625],"rotation":180,"texture":"#5"}}},{"from":[7.75,11.71039,9.98552],"to":[8.25,12.46039,10.91052],"rotation":{"angle":-45,"axis":"x","origin":[8,8,8]},"faces":{"north":{"uv":[4,15.5,4.25,15.875],"rotation":180,"texture":"#5"},"east":{"uv":[0,12.5,0.5,12.875],"rotation":180,"texture":"#5"},"west":{"uv":[12.5,5,13,5.375],"rotation":180,"texture":"#5"},"up":{"uv":[15.25,9,15,9.5],"texture":"#5"},"down":{"uv":[9.25,15.5,9,15],"texture":"#5"}}},{"from":[7.75,11.22296,2.30217],"to":[8.25,12.47296,3.22717],"rotation":{"angle":45,"axis":"x","origin":[8,8,8]},"faces":{"north":{"uv":[13,9,13.25,9.625],"rotation":180,"texture":"#5"},"east":{"uv":[10.5,10.5,11,11.125],"rotation":180,"texture":"#5"},"west":{"uv":[0,11,0.5,11.625],"rotation":180,"texture":"#5"},"up":{"uv":[15.25,10,15,10.5],"texture":"#5"},"down":{"uv":[10.25,15.5,10,15],"texture":"#5"}}},{"from":[6.15,2.59383,2.59383],"to":[6.15,6.59383,6.59383],"rotation":{"angle":-45,"axis":"x","origin":[8,8,8]},"faces":{"west":{"uv":[0,0,16,16],"rotation":180,"texture":"#2"}}},{"from":[5.65,3.59383,3.59383],"to":[5.65,5.59383,5.59383],"rotation":{"angle":-45,"axis":"x","origin":[8,8,8]},"faces":{"west":{"uv":[0,0,8,8],"rotation":180,"texture":"#3"}}},{"from":[10.35,3.59383,3.59383],"to":[10.35,5.59383,5.59383],"rotation":{"angle":-45,"axis":"x","origin":[8,8,8]},"faces":{"east":{"uv":[8,0,0,8],"rotation":180,"texture":"#3"}}},{"from":[9.85,2.59383,2.59383],"to":[9.85,6.59383,6.59383],"rotation":{"angle":-45,"axis":"x","origin":[8,8,8]},"faces":{"east":{"uv":[16,0,0,16],"rotation":180,"texture":"#2"}}},{"from":[7.75,12.78622,5.10287],"to":[8.25,13.78622,6.10287],"rotation":{"angle":45,"axis":"x","origin":[8,8,8]},"faces":{"north":{"uv":[15,12,15.25,12.5],"rotation":180,"texture":"#5"},"east":{"uv":[11.5,3.5,12,4],"rotation":180,"texture":"#5"},"south":{"uv":[15,11,15.25,11.5],"rotation":180,"texture":"#5"},"west":{"uv":[4,11.5,4.5,12],"rotation":180,"texture":"#5"},"up":{"uv":[0.25,15.5,0,16],"texture":"#5"},"down":{"uv":[14.75,15.5,14.5,15],"texture":"#5"}}},{"from":[7.985,11.43295,9.54289],"to":[8.015,15.43295,11.54289],"rotation":{"angle":0,"axis":"x","origin":[8,8,8]},"faces":{"east":{"uv":[2,0,3,2],"rotation":180,"texture":"#5"},"west":{"uv":[3,0,2,2],"rotation":180,"texture":"#5"}}},{"from":[7.985,11.43295,4.45711],"to":[8.015,15.43295,6.45711],"rotation":{"angle":0,"axis":"x","origin":[8,8,8]},"faces":{"east":{"uv":[3,0,2,2],"rotation":180,"texture":"#5"},"west":{"uv":[2,0,3,2],"rotation":180,"texture":"#5"}}},{"from":[7.75,12.78622,9.89713],"to":[8.25,13.78622,10.89713],"rotation":{"angle":-45,"axis":"x","origin":[8,8,8]},"faces":{"north":{"uv":[15.25,11,15,11.5],"rotation":180,"texture":"#5"},"east":{"uv":[12,3.5,11.5,4],"rotation":180,"texture":"#5"},"south":{"uv":[15.25,12,15,12.5],"rotation":180,"texture":"#5"},"west":{"uv":[4.5,11.5,4,12],"rotation":180,"texture":"#5"},"up":{"uv":[0.25,16,0,15.5],"texture":"#5"},"down":{"uv":[14.75,15,14.5,15.5],"texture":"#5"}}}],"gui_light":"front","display":{"thirdperson_righthand":{"translation":[0,6.25,1]},"thirdperson_lefthand":{"translation":[0,6.25,1]},"firstperson_righthand":{"rotation":[-17.25,0,0],"translation":[1.75,5,1],"scale":[0.7,0.7,0.7]},"firstperson_lefthand":{"rotation":[-17.25,0,0],"translation":[1.75,5,1],"scale":[0.7,0.7,0.7]},"ground":{"rotation":[-45,0,0],"translation":[0,3,0],"scale":[0.7,0.7,0.7]},"gui":{"rotation":[-90,45,90],"translation":[0.75,-1,0]},"head":{"rotation":[0,-90,0]},"fixed":{"rotation":[0,-90,0],"translation":[0,0,-2.25],"scale":[2,2,2]}},"USER":"33672","NONCE":"250d30f3c9d7634129006a92dfa824a1","TIMESTAMP":"1740508157","RESOURCE":"12629","mcmodels":"250d30f3c9d7634129006a92dfa824a1"}