{"credit":"Pologony Creation Co.,Ltd.","texture_size":[40,40],"textures":{"2":"nanoedge_set:animations/animated_1","3":"nanoedge_set:animations/animated_2","4":"nanoedge_set:pickaxe","particle":"nanoedge_set:animations/animated_1"},"elements":[{"from":[7.245,-4.06066,8],"to":[8.755,-2.56066,9.5],"rotation":{"angle":-45,"axis":"x","origin":[7.745,-4.06066,8]},"faces":{"north":{"uv":[9.2,9.2,9.8,9.8],"texture":"#4"},"east":{"uv":[0,9.6,0.6,10.2],"texture":"#4"},"south":{"uv":[9.6,1.2,10.2,1.8],"texture":"#4"},"west":{"uv":[6.4,9.6,7,10.2],"texture":"#4"},"up":{"uv":[10.2,7.4,9.6,6.8],"texture":"#4"},"down":{"uv":[10.6,0,10,0.6],"texture":"#4"}}},{"from":[7.25,-3,6.93875],"to":[8.75,-1.5,9.06125],"rotation":{"angle":0,"axis":"y","origin":[8.25,-2,7.68875]},"faces":{"north":{"uv":[1.2,10,1.8,10.6],"texture":"#4"},"east":{"uv":[8,8,8.8,8.6],"texture":"#4"},"south":{"uv":[2.4,10,3,10.6],"texture":"#4"},"west":{"uv":[0,8.4,0.8,9],"texture":"#4"},"up":{"uv":[9,2,8.4,1.2],"texture":"#4"},"down":{"uv":[7.4,8.4,6.8,9.2],"texture":"#4"}}},{"from":[7.2425,-2.56066,8],"to":[8.7575,-1.06066,9.5],"rotation":{"angle":-45,"axis":"x","origin":[7.7425,-2.56066,8]},"faces":{"north":{"uv":[10,2.4,10.6,3],"texture":"#4"},"east":{"uv":[3.6,10,4.2,10.6],"texture":"#4"},"south":{"uv":[10,3.6,10.6,4.2],"texture":"#4"},"west":{"uv":[10,4.8,10.6,5.4],"texture":"#4"},"up":{"uv":[8.2,11,7.6,10.4],"texture":"#4"},"down":{"uv":[11,8,10.4,8.6],"texture":"#4"}}},{"from":[7.7535,-3.375,6.25],"to":[8.2465,-1.125,7.25],"rotation":{"angle":0,"axis":"y","origin":[7.7535,-3.875,6.25]},"faces":{"north":{"uv":[12,10,12.2,10.9],"texture":"#4"},"east":{"uv":[8.8,10.4,9.2,11.3],"texture":"#4"},"west":{"uv":[10.4,9.2,10.8,10.1],"texture":"#4"}}},{"from":[7.75,-1.375,6.25],"to":[8.25,-0.625,7.175],"rotation":{"angle":45,"axis":"x","origin":[7.75,-1.375,6.25]},"faces":{"north":{"uv":[14.8,3.2,15,3.5],"texture":"#4"},"east":{"uv":[4,5.6,4.4,5.9],"texture":"#4"},"west":{"uv":[8.4,2.4,8.8,2.7],"texture":"#4"},"up":{"uv":[13.4,14.8,13.2,14.4],"texture":"#4"},"down":{"uv":[0.2,14.8,0,15.2],"texture":"#4"}}},{"from":[7.75,-4.375,6.25],"to":[8.25,-3.125,7.175],"rotation":{"angle":-45,"axis":"x","origin":[7.75,-3.125,6.25]},"faces":{"north":{"uv":[12.8,10.4,13,10.9],"texture":"#4"},"east":{"uv":[5.6,12,6,12.5],"texture":"#4"},"west":{"uv":[12,6,12.4,6.5],"texture":"#4"},"up":{"uv":[1,15.2,0.8,14.8],"texture":"#4"},"down":{"uv":[15,0.8,14.8,1.2],"texture":"#4"}}},{"from":[7.35355,-0.68934,7.5],"to":[8.85355,-0.18934,9],"rotation":{"angle":-45,"axis":"y","origin":[8.35355,-0.68934,8]},"faces":{"north":{"uv":[12,11.6,12.6,11.8],"texture":"#4"},"east":{"uv":[12.4,0,13,0.2],"texture":"#4"},"south":{"uv":[0.8,12.4,1.4,12.6],"texture":"#4"},"west":{"uv":[2,12.4,2.6,12.6],"texture":"#4"},"up":{"uv":[0.6,11.4,0,10.8],"texture":"#4"},"down":{"uv":[11.4,1.2,10.8,1.8],"texture":"#4"}}},{"from":[7.35355,0.31066,7.5],"to":[8.85355,0.81066,9],"rotation":{"angle":-45,"axis":"y","origin":[8.35355,0.31066,8]},"faces":{"north":{"uv":[12.4,2.4,13,2.6],"texture":"#4"},"east":{"uv":[3.2,12.4,3.8,12.6],"texture":"#4"},"south":{"uv":[12.4,4.4,13,4.6],"texture":"#4"},"west":{"uv":[12.4,5.2,13,5.4],"texture":"#4"},"up":{"uv":[5.4,11.4,4.8,10.8],"texture":"#4"},"down":{"uv":[6.6,10.8,6,11.4],"texture":"#4"}}},{"from":[7.60355,-0.18934,7.57322],"to":[8.85355,0.31066,8.82322],"rotation":{"angle":-45,"axis":"y","origin":[8.35355,-0.18934,7.82322]},"faces":{"north":{"uv":[0.8,13.2,1.3,13.4],"texture":"#4"},"east":{"uv":[2,13.2,2.5,13.4],"texture":"#4"},"south":{"uv":[3.2,13.2,3.7,13.4],"texture":"#4"},"west":{"uv":[5.6,13.2,6.1,13.4],"texture":"#4"}}},{"from":[7.35355,5.81066,7.5],"to":[8.85355,6.31066,9],"rotation":{"angle":-45,"axis":"y","origin":[8.35355,5.81066,8]},"faces":{"north":{"uv":[12.4,7.2,13,7.4],"texture":"#4"},"east":{"uv":[12.4,8,13,8.2],"texture":"#4"},"south":{"uv":[12.4,8.8,13,9],"texture":"#4"},"west":{"uv":[12,12.4,12.6,12.6],"texture":"#4"},"up":{"uv":[11.4,6.6,10.8,6],"texture":"#4"},"down":{"uv":[10.2,10.8,9.6,11.4],"texture":"#4"}}},{"from":[7.60355,5.31066,7.57322],"to":[8.85355,5.81066,8.82322],"rotation":{"angle":-45,"axis":"y","origin":[8.35355,5.31066,7.82322]},"faces":{"north":{"uv":[8.8,13.2,9.3,13.4],"texture":"#4"},"east":{"uv":[10,13.2,10.5,13.4],"texture":"#4"},"south":{"uv":[11.2,13.2,11.7,13.4],"texture":"#4"},"west":{"uv":[13.2,11.6,13.7,11.8],"texture":"#4"}}},{"from":[7.35355,4.81066,7.5],"to":[8.85355,5.31066,9],"rotation":{"angle":-45,"axis":"y","origin":[8.35355,4.81066,8]},"faces":{"north":{"uv":[12.8,0.8,13.4,1],"texture":"#4"},"east":{"uv":[12.8,1.6,13.4,1.8],"texture":"#4"},"south":{"uv":[12.8,3.2,13.4,3.4],"texture":"#4"},"west":{"uv":[12.8,6,13.4,6.2],"texture":"#4"},"up":{"uv":[11.4,11.4,10.8,10.8],"texture":"#4"},"down":{"uv":[11.8,0,11.2,0.6],"texture":"#4"}}},{"from":[7.85355,0.81066,7.64645],"to":[8.85355,4.81066,8.64645],"rotation":{"angle":-45,"axis":"y","origin":[8.35355,0.81066,7.64645]},"faces":{"north":{"uv":[7.6,1.2,8,2.8],"texture":"#4"},"east":{"uv":[1.2,8,1.6,9.6],"texture":"#4"},"south":{"uv":[2,8,2.4,9.6],"texture":"#4"},"west":{"uv":[2.8,8,3.2,9.6],"texture":"#4"}}},{"from":[7,12.5,5.5],"to":[9,15,6.5],"rotation":{"angle":-22.5,"axis":"x","origin":[6.5,11.5,5.5]},"faces":{"north":{"uv":[0,6.8,0.8,7.8],"texture":"#4"},"east":{"uv":[9.2,2.4,9.6,3.4],"texture":"#4"},"south":{"uv":[6.8,6.8,7.6,7.8],"texture":"#4"},"west":{"uv":[9.2,4,9.6,5],"texture":"#4"},"up":{"uv":[4.4,2,3.6,1.6],"texture":"#4"},"down":{"uv":[12,4.4,11.2,4.8],"texture":"#4"}}},{"from":[7.25,12.75,6.5],"to":[8.75,14.75,8.5],"rotation":{"angle":-22.5,"axis":"x","origin":[6.5,11.5,5.5]},"faces":{"east":{"uv":[8,3.2,8.8,4],"texture":"#4"},"south":{"uv":[8.8,0,9.4,0.8],"texture":"#4"},"west":{"uv":[8,4.4,8.8,5.2],"texture":"#4"},"up":{"uv":[4.2,9.6,3.6,8.8],"texture":"#4"},"down":{"uv":[9.4,5.6,8.8,6.4],"texture":"#4"}}},{"from":[6.75,11.87868,8],"to":[9.25,14.87868,11],"rotation":{"angle":-45,"axis":"x","origin":[7,11.87868,8]},"faces":{"north":{"uv":[3.6,0,4.6,1.2],"texture":"#4"},"east":{"uv":[1.6,2.4,2.8,3.6],"texture":"#4"},"south":{"uv":[1.6,4,2.6,5.2],"texture":"#4"},"west":{"uv":[3.2,2.4,4.4,3.6],"texture":"#4"},"up":{"uv":[4.2,5.2,3.2,4],"texture":"#4"},"down":{"uv":[5.8,1.6,4.8,2.8],"texture":"#4"}}},{"from":[6.5,12.12868,8.25],"to":[9.5,14.62868,10.75],"rotation":{"angle":-45,"axis":"x","origin":[7,11.87868,8]},"faces":{"north":{"uv":[4.8,3.2,6,4.2],"texture":"#4"},"east":{"uv":[6.4,4,7.4,5],"texture":"#4"},"south":{"uv":[4.8,4.8,6,5.8],"texture":"#4"},"west":{"uv":[5.2,6.4,6.2,7.4],"texture":"#4"},"up":{"uv":[1.2,6.2,0,5.2],"texture":"#4"},"down":{"uv":[6.4,0,5.2,1],"texture":"#4"}}},{"from":[7.75,14.1,2.85],"to":[8.25,14.85,5.6],"rotation":{"angle":45,"axis":"x","origin":[8,13.95,3.53661]},"faces":{"east":{"uv":[10.8,7.2,11.9,7.5],"texture":"#4"},"west":{"uv":[11.2,3.6,12.3,3.9],"texture":"#4"},"up":{"uv":[5,13.1,4.8,12],"texture":"#4"}}},{"from":[7.495,13.48091,2.45006],"to":[8.505,15.23091,3.70006],"rotation":{"angle":0,"axis":"y","origin":[8,13.89697,3.625]},"faces":{"north":{"uv":[11.6,8,12,8.7],"texture":"#4"},"east":{"uv":[11.2,2.4,11.7,3.1],"texture":"#4"},"south":{"uv":[12,1.2,12.4,1.9],"texture":"#4"},"west":{"uv":[3.6,11.2,4.1,11.9],"texture":"#4"},"up":{"uv":[6.8,12.5,6.4,12],"texture":"#4"},"down":{"uv":[9.2,12,8.8,12.5],"texture":"#4"}}},{"from":[7.5,12.85,3.1],"to":[8.5,14.1,5.6],"rotation":{"angle":45,"axis":"x","origin":[8,13.95,3.53661]},"faces":{"east":{"uv":[5.2,8,6.2,8.5],"texture":"#4"},"south":{"uv":[9.6,12,10,12.5],"texture":"#4"},"west":{"uv":[8,6.8,9,7.3],"texture":"#4"},"up":{"uv":[5.2,10.2,4.8,9.2],"texture":"#4"},"down":{"uv":[6,9.2,5.6,10.2],"texture":"#4"}}},{"from":[7.5,12.93753,5.94553],"to":[8.5,13.93753,7.94553],"rotation":{"angle":22.5,"axis":"x","origin":[7.5,13.03753,5.94553]},"faces":{"east":{"uv":[11.2,5.2,12,5.6],"texture":"#4"},"west":{"uv":[11.2,9.2,12,9.6],"texture":"#4"},"down":{"uv":[7.6,11.6,7.2,12.4],"texture":"#4"}}},{"from":[5.23953,13.625,6.48953],"to":[5.98953,14.375,7.23953],"rotation":{"angle":-45,"axis":"y","origin":[6.75,14,8]},"faces":{"north":{"uv":[13.6,0,13.9,0.3],"texture":"#4"},"east":{"uv":[13.6,2.4,13.9,2.7],"texture":"#4"},"south":{"uv":[13.6,4,13.9,4.3],"texture":"#4"},"west":{"uv":[4.4,13.6,4.7,13.9],"texture":"#4"},"up":{"uv":[13.9,5.1,13.6,4.8],"texture":"#4"},"down":{"uv":[7.1,13.6,6.8,13.9],"texture":"#4"}}},{"from":[5.23953,13.625,8.76047],"to":[5.98953,14.375,9.51047],"rotation":{"angle":45,"axis":"y","origin":[6.75,14,8]},"faces":{"north":{"uv":[13.6,6.8,13.9,7.1],"texture":"#4"},"east":{"uv":[7.6,13.6,7.9,13.9],"texture":"#4"},"south":{"uv":[13.6,7.6,13.9,7.9],"texture":"#4"},"west":{"uv":[13.6,8.4,13.9,8.7],"texture":"#4"},"up":{"uv":[13.9,9.5,13.6,9.2],"texture":"#4"},"down":{"uv":[13.9,10,13.6,10.3],"texture":"#4"}}},{"from":[6.375,12.0192,7.625],"to":[7.125,12.7692,8.375],"rotation":{"angle":45,"axis":"z","origin":[6.75,12.3942,8]},"faces":{"north":{"uv":[13.6,10.8,13.9,11.1],"texture":"#4"},"east":{"uv":[13.2,13.6,13.5,13.9],"texture":"#4"},"south":{"uv":[0,14,0.3,14.3],"texture":"#4"},"west":{"uv":[0.8,14,1.1,14.3],"texture":"#4"},"up":{"uv":[14.3,1.1,14,0.8],"texture":"#4"},"down":{"uv":[1.9,14,1.6,14.3],"texture":"#4"}}},{"from":[6.375,15.2308,7.625],"to":[7.125,15.9808,8.375],"rotation":{"angle":-45,"axis":"z","origin":[6.75,15.6058,8]},"faces":{"north":{"uv":[14,1.6,14.3,1.9],"texture":"#4"},"east":{"uv":[2.4,14,2.7,14.3],"texture":"#4"},"south":{"uv":[3.2,14,3.5,14.3],"texture":"#4"},"west":{"uv":[14,3.2,14.3,3.5],"texture":"#4"},"up":{"uv":[5.5,14.3,5.2,14],"texture":"#4"},"down":{"uv":[14.3,5.6,14,5.9],"texture":"#4"}}},{"from":[10.01047,13.625,8.76047],"to":[10.76047,14.375,9.51047],"rotation":{"angle":-45,"axis":"y","origin":[9.25,14,8]},"faces":{"north":{"uv":[6,14,6.3,14.3],"texture":"#4"},"east":{"uv":[8.4,14,8.7,14.3],"texture":"#4"},"south":{"uv":[9.2,14,9.5,14.3],"texture":"#4"},"west":{"uv":[10,14,10.3,14.3],"texture":"#4"},"up":{"uv":[11.1,14.3,10.8,14],"texture":"#4"},"down":{"uv":[11.9,14,11.6,14.3],"texture":"#4"}}},{"from":[8.875,15.2308,7.625],"to":[9.625,15.9808,8.375],"rotation":{"angle":45,"axis":"z","origin":[9.25,15.6058,8]},"faces":{"north":{"uv":[14,12.4,14.3,12.7],"texture":"#4"},"east":{"uv":[14,13.2,14.3,13.5],"texture":"#4"},"south":{"uv":[14,14,14.3,14.3],"texture":"#4"},"west":{"uv":[14.4,0,14.7,0.3],"texture":"#4"},"up":{"uv":[14.7,2.7,14.4,2.4],"texture":"#4"},"down":{"uv":[4.3,14.4,4,14.7],"texture":"#4"}}},{"from":[10.01047,13.625,6.48953],"to":[10.76047,14.375,7.23953],"rotation":{"angle":45,"axis":"y","origin":[9.25,14,8]},"faces":{"north":{"uv":[14.4,4,14.7,4.3],"texture":"#4"},"east":{"uv":[14.4,4.8,14.7,5.1],"texture":"#4"},"south":{"uv":[14.4,6.4,14.7,6.7],"texture":"#4"},"west":{"uv":[6.8,14.4,7.1,14.7],"texture":"#4"},"up":{"uv":[14.7,7.5,14.4,7.2],"texture":"#4"},"down":{"uv":[7.9,14.4,7.6,14.7],"texture":"#4"}}},{"from":[8.875,12.0192,7.625],"to":[9.625,12.7692,8.375],"rotation":{"angle":-45,"axis":"z","origin":[9.25,12.3942,8]},"faces":{"north":{"uv":[14.4,8,14.7,8.3],"texture":"#4"},"east":{"uv":[14.4,8.8,14.7,9.1],"texture":"#4"},"south":{"uv":[14.4,9.6,14.7,9.9],"texture":"#4"},"west":{"uv":[14.4,10.4,14.7,10.7],"texture":"#4"},"up":{"uv":[14.7,11.5,14.4,11.2],"texture":"#4"},"down":{"uv":[12.7,14.4,12.4,14.7],"texture":"#4"}}},{"from":[7.985,-5.25,5],"to":[8.015,0.25,7.25],"rotation":{"angle":0,"axis":"y","origin":[7.985,-4,0]},"faces":{"east":{"uv":[0.9,2.4,0,4.6],"texture":"#4"},"west":{"uv":[0,2.4,0.9,4.6],"texture":"#4"}}},{"from":[7.7535,-3.375,8.75],"to":[8.2465,-1.125,9.75],"rotation":{"angle":0,"axis":"y","origin":[7.7535,-3.875,9.75]},"faces":{"east":{"uv":[9.2,10.4,8.8,11.3],"texture":"#4"},"south":{"uv":[12.2,10,12,10.9],"texture":"#4"},"west":{"uv":[10.8,9.2,10.4,10.1],"texture":"#4"}}},{"from":[7.75,-1.375,8.825],"to":[8.25,-0.625,9.75],"rotation":{"angle":-45,"axis":"x","origin":[7.75,-1.375,9.75]},"faces":{"east":{"uv":[4.4,5.6,4,5.9],"texture":"#4"},"south":{"uv":[15,3.2,14.8,3.5],"texture":"#4"},"west":{"uv":[8.8,2.4,8.4,2.7],"texture":"#4"},"up":{"uv":[13.4,14.4,13.2,14.8],"texture":"#4"},"down":{"uv":[0.2,15.2,0,14.8],"texture":"#4"}}},{"from":[7.75,-4.375,8.825],"to":[8.25,-3.125,9.75],"rotation":{"angle":45,"axis":"x","origin":[7.75,-3.125,9.75]},"faces":{"east":{"uv":[6,12,5.6,12.5],"texture":"#4"},"south":{"uv":[13,10.4,12.8,10.9],"texture":"#4"},"west":{"uv":[12.4,6,12,6.5],"texture":"#4"},"up":{"uv":[1,14.8,0.8,15.2],"texture":"#4"},"down":{"uv":[15,1.2,14.8,0.8],"texture":"#4"}}},{"from":[7.985,-5.25,8.75],"to":[8.015,0.25,11],"rotation":{"angle":0,"axis":"y","origin":[7.985,-4,16]},"faces":{"east":{"uv":[0,2.4,0.9,4.6],"texture":"#4"},"west":{"uv":[0.9,2.4,0,4.6],"texture":"#4"}}},{"from":[7.29289,6.31066,8],"to":[8.29289,6.81066,9],"rotation":{"angle":45,"axis":"y","origin":[7.29289,6.56066,8]},"faces":{"north":{"uv":[1.6,14.8,2,15],"texture":"#4"},"east":{"uv":[14.8,1.6,15.2,1.8],"texture":"#4"},"south":{"uv":[2.4,14.8,2.8,15],"texture":"#4"},"west":{"uv":[3.2,14.8,3.6,15],"texture":"#4"}}},{"from":[7.29289,11.81066,8],"to":[8.29289,12.56066,9],"rotation":{"angle":45,"axis":"y","origin":[7.29289,11.56066,8]},"faces":{"north":{"uv":[10,6,10.4,6.3],"texture":"#4"},"east":{"uv":[11.2,10,11.6,10.3],"texture":"#4"},"south":{"uv":[7.2,12.8,7.6,13.1],"texture":"#4"},"west":{"uv":[12.8,9.6,13.2,9.9],"texture":"#4"}}},{"from":[7.04289,6.81066,7.75],"to":[8.54289,11.81066,9.25],"rotation":{"angle":45,"axis":"y","origin":[7.29289,10.81066,8]},"faces":{"north":{"uv":[1.6,5.6,2.2,7.6],"texture":"#4"},"east":{"uv":[2.8,5.6,3.4,7.6],"texture":"#4"},"south":{"uv":[6.4,1.6,7,3.6],"texture":"#4"},"west":{"uv":[4,6.4,4.6,8.4],"texture":"#4"},"up":{"uv":[1.8,11.8,1.2,11.2],"texture":"#4"},"down":{"uv":[3,11.2,2.4,11.8],"texture":"#4"}}},{"from":[6.15,10.96447,8.5],"to":[6.15,14.96447,12.5],"rotation":{"angle":-45,"axis":"x","origin":[6.15,10.46447,8]},"faces":{"west":{"uv":[0,0,16,16],"texture":"#2"}}},{"from":[5.65,11.96447,9.5],"to":[5.65,13.96447,11.5],"rotation":{"angle":-45,"axis":"x","origin":[5.65,10.46447,8]},"faces":{"west":{"uv":[0,0,8,8],"texture":"#3"}}},{"from":[10.35,11.96447,9.5],"to":[10.35,13.96447,11.5],"rotation":{"angle":-45,"axis":"x","origin":[10.35,10.46447,8]},"faces":{"east":{"uv":[8,0,0,8],"texture":"#3"}}},{"from":[9.85,10.96447,8.5],"to":[9.85,14.96447,12.5],"rotation":{"angle":-45,"axis":"x","origin":[9.85,10.46447,8]},"faces":{"east":{"uv":[16,0,0,16],"texture":"#2"}}},{"from":[7.775,12.15535,0.56601],"to":[8.225,13.65535,4.56601],"rotation":{"angle":-22.5,"axis":"x","origin":[7.5,12.15535,0.56601]},"faces":{"east":{"uv":[6.8,0,8.4,0.6],"texture":"#4"},"west":{"uv":[6.8,5.6,8.4,6.2],"texture":"#4"},"up":{"uv":[8.2,13.2,8,11.6],"texture":"#4"},"down":{"uv":[0.2,12,0,13.6],"texture":"#4"}}},{"from":[7.985,9.15535,-2.93399],"to":[8.015,13.65535,4.56601],"rotation":{"angle":-22.5,"axis":"x","origin":[7.26,12.15535,0.56601]},"faces":{"east":{"uv":[3,0,0,1.8],"texture":"#4"},"west":{"uv":[0,0,3,1.8],"texture":"#4"}}},{"from":[7.7725,11.27163,-1.65293],"to":[8.2275,13.27163,-0.40293],"rotation":{"angle":22.5,"axis":"x","origin":[7.4975,9.27163,-0.15293]},"faces":{"north":{"uv":[10.4,12,10.6,12.8],"texture":"#4"},"east":{"uv":[8,9.2,8.5,10],"texture":"#4"},"south":{"uv":[11.2,12,11.4,12.8],"texture":"#4"},"west":{"uv":[9.2,8,9.7,8.8],"texture":"#4"},"up":{"uv":[12.6,13.7,12.4,13.2],"texture":"#4"},"down":{"uv":[13.4,12.4,13.2,12.9],"texture":"#4"}}},{"from":[7,12.5,9.5],"to":[9,15,10.5],"rotation":{"angle":22.5,"axis":"x","origin":[6.5,11.5,10.5]},"faces":{"north":{"uv":[7.6,6.8,6.8,7.8],"texture":"#4"},"east":{"uv":[9.6,2.4,9.2,3.4],"texture":"#4"},"south":{"uv":[0.8,6.8,0,7.8],"texture":"#4"},"west":{"uv":[9.6,4,9.2,5],"texture":"#4"},"up":{"uv":[4.4,1.6,3.6,2],"texture":"#4"},"down":{"uv":[12,4.8,11.2,4.4],"texture":"#4"}}},{"from":[7.25,12.75,7.5],"to":[8.75,14.75,9.5],"rotation":{"angle":22.5,"axis":"x","origin":[6.5,11.5,10.5]},"faces":{"north":{"uv":[9.4,0,8.8,0.8],"texture":"#4"},"east":{"uv":[8.8,3.2,8,4],"texture":"#4"},"west":{"uv":[8.8,4.4,8,5.2],"texture":"#4"},"up":{"uv":[4.2,8.8,3.6,9.6],"texture":"#4"},"down":{"uv":[9.4,6.4,8.8,5.6],"texture":"#4"}}},{"from":[7.75,14.1,10.4],"to":[8.25,14.85,13.15],"rotation":{"angle":-45,"axis":"x","origin":[8,13.95,12.46339]},"faces":{"east":{"uv":[11.9,7.2,10.8,7.5],"texture":"#4"},"west":{"uv":[12.3,3.6,11.2,3.9],"texture":"#4"},"up":{"uv":[5,12,4.8,13.1],"texture":"#4"}}},{"from":[7.495,13.48091,12.29994],"to":[8.505,15.23091,13.54994],"rotation":{"angle":0,"axis":"y","origin":[8,13.89697,12.375]},"faces":{"north":{"uv":[12.4,1.2,12,1.9],"texture":"#4"},"east":{"uv":[11.7,2.4,11.2,3.1],"texture":"#4"},"south":{"uv":[12,8,11.6,8.7],"texture":"#4"},"west":{"uv":[4.1,11.2,3.6,11.9],"texture":"#4"},"up":{"uv":[6.8,12,6.4,12.5],"texture":"#4"},"down":{"uv":[9.2,12.5,8.8,12],"texture":"#4"}}},{"from":[7.5,12.85,10.4],"to":[8.5,14.1,12.9],"rotation":{"angle":-45,"axis":"x","origin":[8,13.95,12.46339]},"faces":{"north":{"uv":[10,12,9.6,12.5],"texture":"#4"},"east":{"uv":[6.2,8,5.2,8.5],"texture":"#4"},"west":{"uv":[9,6.8,8,7.3],"texture":"#4"},"up":{"uv":[5.2,9.2,4.8,10.2],"texture":"#4"},"down":{"uv":[6,10.2,5.6,9.2],"texture":"#4"}}},{"from":[7.775,12.15535,11.43399],"to":[8.225,13.65535,15.43399],"rotation":{"angle":22.5,"axis":"x","origin":[7.5,12.15535,15.43399]},"faces":{"east":{"uv":[8.4,0,6.8,0.6],"texture":"#4"},"west":{"uv":[8.4,5.6,6.8,6.2],"texture":"#4"},"up":{"uv":[8.2,11.6,8,13.2],"texture":"#4"},"down":{"uv":[0.2,13.6,0,12],"texture":"#4"}}},{"from":[7.7725,11.27163,16.40293],"to":[8.2275,13.27163,17.65293],"rotation":{"angle":-22.5,"axis":"x","origin":[7.4975,9.27163,16.15293]},"faces":{"north":{"uv":[11.4,12,11.2,12.8],"texture":"#4"},"east":{"uv":[8.5,9.2,8,10],"texture":"#4"},"south":{"uv":[10.6,12,10.4,12.8],"texture":"#4"},"west":{"uv":[9.7,8,9.2,8.8],"texture":"#4"},"up":{"uv":[12.6,13.2,12.4,13.7],"texture":"#4"},"down":{"uv":[13.4,12.9,13.2,12.4],"texture":"#4"}}},{"from":[7.985,9.15535,11.43399],"to":[8.015,13.65535,18.93399],"rotation":{"angle":22.5,"axis":"x","origin":[7.26,12.15535,15.43399]},"faces":{"east":{"uv":[0,0,3,1.8],"texture":"#4"},"west":{"uv":[3,0,0,1.8],"texture":"#4"}}},{"from":[7.5,12.93753,8.05447],"to":[8.5,13.93753,10.05447],"rotation":{"angle":-22.5,"axis":"x","origin":[7.5,13.03753,10.05447]},"faces":{"east":{"uv":[12,5.2,11.2,5.6],"texture":"#4"},"west":{"uv":[12,9.2,11.2,9.6],"texture":"#4"},"down":{"uv":[7.6,12.4,7.2,11.6],"texture":"#4"}}}],"gui_light":"front","display":{"thirdperson_righthand":{"translation":[0,3.25,1]},"thirdperson_lefthand":{"translation":[0,3.25,1]},"firstperson_righthand":{"rotation":[10,0,0],"translation":[2.25,3,1],"scale":[0.7,0.7,0.7]},"firstperson_lefthand":{"rotation":[10,0,0],"translation":[2.25,3,1],"scale":[0.7,0.7,0.7]},"ground":{"rotation":[-45,0,0],"translation":[0,3,0],"scale":[0.7,0.7,0.7]},"gui":{"rotation":[-90,45,90],"translation":[-0.5,0.5,0],"scale":[0.7,0.7,0.7]},"head":{"rotation":[0,-90,0]},"fixed":{"rotation":[0,-90,0],"translation":[0,0,-2.25],"scale":[2,2,2]}},"USER":"33672","NONCE":"250d30f3c9d7634129006a92dfa824a1","TIMESTAMP":"1740508157","RESOURCE":"12629","mcmodels":"250d30f3c9d7634129006a92dfa824a1"}