{"credit":"Pologony Creation Co.,Ltd.","texture_size":[20,20],"textures":{"2":"nanoedge_set:animations/animated_1","3":"nanoedge_set:animations/animated_2","4":"nanoedge_set:animations/shield_animated","5":"nanoedge_set:shield","particle":"nanoedge_set:animations/animated_1"},"elements":[{"from":[11.76748,2.73252,10.92],"to":[13.26748,4.23252,12.43],"rotation":{"angle":-45,"axis":"z","origin":[8,8,8]},"faces":{"north":{"uv":[11,4.33333,11.5,4.83333],"texture":"#5"},"east":{"uv":[11,1.33333,11.5,1.83333],"texture":"#5"},"south":{"uv":[11,2.33333,11.5,2.83333],"texture":"#5"},"west":{"uv":[11,3.33333,11.5,3.83333],"texture":"#5"},"up":{"uv":[0.5,11.83333,0,11.33333],"rotation":90,"texture":"#5"},"down":{"uv":[1.5,11.33333,1,11.83333],"rotation":270,"texture":"#5"}}},{"from":[6.93875,1.61131,10.925],"to":[9.06125,3.11131,12.425],"rotation":{"angle":0,"axis":"y","origin":[8,8,8]},"faces":{"north":{"uv":[10,2,10.66667,2.5],"texture":"#5"},"east":{"uv":[2,11.33333,2.5,11.83333],"texture":"#5"},"south":{"uv":[10,1,10.66667,1.5],"texture":"#5"},"west":{"uv":[3,11.33333,3.5,11.83333],"texture":"#5"},"up":{"uv":[10.5,3.66667,10,3],"rotation":90,"texture":"#5"},"down":{"uv":[10.5,4,10,4.66667],"rotation":270,"texture":"#5"}}},{"from":[10.70682,3.79318,10.9175],"to":[12.20682,5.29318,12.4325],"rotation":{"angle":-45,"axis":"z","origin":[8,8,8]},"faces":{"north":{"uv":[11.33333,7.66667,11.83333,8.16667],"texture":"#5"},"east":{"uv":[11.33333,5.33333,11.83333,5.83333],"texture":"#5"},"south":{"uv":[6,11.33333,6.5,11.83333],"texture":"#5"},"west":{"uv":[7,11.33333,7.5,11.83333],"texture":"#5"},"up":{"uv":[11.83333,9.16667,11.33333,8.66667],"rotation":90,"texture":"#5"},"down":{"uv":[11.83333,9.66667,11.33333,10.16667],"rotation":270,"texture":"#5"}}},{"from":[8.75,1.23631,11.4285],"to":[9.75,3.48631,11.9215],"rotation":{"angle":0,"axis":"y","origin":[8,8,8]},"faces":{"north":{"uv":[11.33333,10.66667,11.66667,11.41667],"texture":"#5"},"east":{"uv":[9.33333,13,9.5,13.75],"texture":"#5"},"south":{"uv":[4,11.33333,4.33333,12.08333],"texture":"#5"}}},{"from":[4.944,3.39413,11.425],"to":[5.869,4.14413,11.925],"rotation":{"angle":45,"axis":"z","origin":[8,8,8]},"faces":{"north":{"uv":[13.66667,8.33333,14,8.58333],"texture":"#5"},"east":{"uv":[6.66667,15.33333,6.83333,15.58333],"texture":"#5"},"south":{"uv":[13.66667,6.33333,14,6.58333],"texture":"#5"},"up":{"uv":[15.5,2.33333,15.33333,2],"rotation":90,"texture":"#5"},"down":{"uv":[2.83333,15.33333,2.66667,15.66667],"rotation":270,"texture":"#5"}}},{"from":[12.91831,3.38157,11.425],"to":[13.84331,4.63157,11.925],"rotation":{"angle":-45,"axis":"z","origin":[8,8,8]},"faces":{"north":{"uv":[6,13,6.33333,13.41667],"texture":"#5"},"east":{"uv":[14.33333,0,14.5,0.41667],"texture":"#5"},"south":{"uv":[5.33333,13,5.66667,13.41667],"texture":"#5"},"up":{"uv":[15.5,3,15.33333,2.66667],"rotation":90,"texture":"#5"},"down":{"uv":[3.5,15.33333,3.33333,15.66667],"rotation":270,"texture":"#5"}}},{"from":[9.84862,3.61131,9.84862],"to":[11.34862,4.11131,11.34862],"rotation":{"angle":-45,"axis":"y","origin":[8,8,8]},"faces":{"north":{"uv":[13.66667,11,14.16667,11.16667],"texture":"#5"},"east":{"uv":[13.66667,9,14.16667,9.16667],"texture":"#5"},"south":{"uv":[13.66667,9.66667,14.16667,9.83333],"texture":"#5"},"west":{"uv":[13.66667,10.33333,14.16667,10.5],"texture":"#5"},"up":{"uv":[12.16667,0.5,11.66667,0],"rotation":90,"texture":"#5"},"down":{"uv":[12.16667,6.33333,11.66667,6.83333],"rotation":270,"texture":"#5"}}},{"from":[9.84862,4.61131,9.84862],"to":[11.34862,5.11131,11.34862],"rotation":{"angle":-45,"axis":"y","origin":[8,8,8]},"faces":{"north":{"uv":[13,13.66667,13.5,13.83333],"texture":"#5"},"east":{"uv":[13.66667,11.66667,14.16667,11.83333],"texture":"#5"},"south":{"uv":[12,13.66667,12.5,13.83333],"texture":"#5"},"west":{"uv":[13.66667,12.33333,14.16667,12.5],"texture":"#5"},"up":{"uv":[12.5,1.5,12,1],"rotation":90,"texture":"#5"},"down":{"uv":[12.5,2,12,2.5],"rotation":270,"texture":"#5"}}},{"from":[9.97362,4.11131,9.97361],"to":[11.22362,4.61131,11.22361],"rotation":{"angle":-45,"axis":"y","origin":[8,8,8]},"faces":{"north":{"uv":[2,14.33333,2.41667,14.5],"texture":"#5"},"east":{"uv":[1,14.33333,1.41667,14.5],"texture":"#5"},"south":{"uv":[14.33333,1,14.75,1.16667],"texture":"#5"},"west":{"uv":[14.33333,1.66667,14.75,1.83333],"texture":"#5"}}},{"from":[9.84862,10.11131,9.84862],"to":[11.34862,10.61131,11.34862],"rotation":{"angle":-45,"axis":"y","origin":[8,8,8]},"faces":{"north":{"uv":[14,5.33333,14.5,5.5],"texture":"#5"},"east":{"uv":[0,14,0.5,14.16667],"texture":"#5"},"south":{"uv":[3.66667,14,4.16667,14.16667],"texture":"#5"},"west":{"uv":[4.66667,14,5.16667,14.16667],"texture":"#5"},"up":{"uv":[12.5,3.5,12,3],"rotation":90,"texture":"#5"},"down":{"uv":[12.5,4,12,4.5],"rotation":270,"texture":"#5"}}},{"from":[9.97362,9.61131,9.97361],"to":[11.22362,10.11131,11.22361],"rotation":{"angle":-45,"axis":"y","origin":[8,8,8]},"faces":{"north":{"uv":[14.33333,4.33333,14.75,4.5],"texture":"#5"},"east":{"uv":[14.33333,2.33333,14.75,2.5],"texture":"#5"},"south":{"uv":[14.33333,3,14.75,3.16667],"texture":"#5"},"west":{"uv":[14.33333,3.66667,14.75,3.83333],"texture":"#5"}}},{"from":[9.84862,9.11131,9.84862],"to":[11.34862,9.61131,11.34862],"rotation":{"angle":-45,"axis":"y","origin":[8,8,8]},"faces":{"north":{"uv":[7.66667,14,8.16667,14.16667],"texture":"#5"},"east":{"uv":[5.66667,14,6.16667,14.16667],"texture":"#5"},"south":{"uv":[6.66667,14,7.16667,14.16667],"texture":"#5"},"west":{"uv":[14,7,14.5,7.16667],"texture":"#5"},"up":{"uv":[9.83333,12.5,9.33333,12],"rotation":90,"texture":"#5"},"down":{"uv":[10.83333,12,10.33333,12.5],"rotation":270,"texture":"#5"}}},{"from":[10.09861,5.11131,10.09862],"to":[11.09861,9.11131,11.09862],"rotation":{"angle":-45,"axis":"y","origin":[8,8,8]},"faces":{"north":{"uv":[9.33333,1.66667,9.66667,3],"texture":"#5"},"east":{"uv":[3.33333,9,3.66667,10.33333],"texture":"#5"},"south":{"uv":[4,9,4.33333,10.33333],"texture":"#5"},"west":{"uv":[9.33333,0,9.66667,1.33333],"texture":"#5"}}},{"from":[7.54503,14.21701,5.675],"to":[8.54503,16.71701,7.675],"rotation":{"angle":-22.5,"axis":"z","origin":[8,8,8]},"faces":{"north":{"uv":[10,10.66667,10.33333,11.5],"texture":"#5"},"east":{"uv":[1.33333,9,2,9.83333],"texture":"#5"},"south":{"uv":[9.33333,10.66667,9.66667,11.5],"texture":"#5"},"west":{"uv":[2.33333,9,3,9.83333],"texture":"#5"},"up":{"uv":[13,6,12.33333,5.66667],"rotation":90,"texture":"#5"},"down":{"uv":[7.33333,12.33333,6.66667,12.66667],"rotation":270,"texture":"#5"}}},{"from":[5.54503,14.46701,5.925],"to":[7.54503,16.46701,7.425],"rotation":{"angle":-22.5,"axis":"z","origin":[8,8,8]},"faces":{"north":{"uv":[9.33333,6.66667,10,7.33333],"texture":"#5"},"south":{"uv":[6.66667,9.33333,7.33333,10],"texture":"#5"},"west":{"uv":[10,5,10.5,5.66667],"texture":"#5"},"up":{"uv":[1.83333,11,1.33333,10.33333],"rotation":90,"texture":"#5"},"down":{"uv":[2.83333,10.33333,2.33333,11],"rotation":270,"texture":"#5"}}},{"from":[1.47154,11.52846,5.425],"to":[4.47154,14.52846,7.925],"rotation":{"angle":-45,"axis":"z","origin":[8,8,8]},"faces":{"north":{"uv":[6,5.33333,7,6.33333],"texture":"#5"},"east":{"uv":[6.66667,6.66667,7.5,7.66667],"texture":"#5"},"south":{"uv":[6,4,7,5],"texture":"#5"},"west":{"uv":[7.33333,4,8.16667,5],"texture":"#5"},"up":{"uv":[8.16667,6.33333,7.33333,5.33333],"rotation":90,"texture":"#5"},"down":{"uv":[8.83333,0,8,1],"rotation":270,"texture":"#5"}}},{"from":[1.72154,11.77846,5.175],"to":[4.22154,14.27846,8.175],"rotation":{"angle":-45,"axis":"z","origin":[8,8,8]},"faces":{"north":{"uv":[8.66667,5.33333,9.5,6.16667],"texture":"#5"},"east":{"uv":[8,1.33333,9,2.16667],"texture":"#5"},"south":{"uv":[8.66667,4,9.5,4.83333],"texture":"#5"},"west":{"uv":[8,2.66667,9,3.5],"texture":"#5"},"up":{"uv":[7.66667,8.83333,6.66667,8],"rotation":90,"texture":"#5"},"down":{"uv":[9,6.66667,8,7.5],"rotation":270,"texture":"#5"}}},{"from":[14.08581,9.98701,6.425],"to":[16.83581,10.73701,6.925],"rotation":{"angle":45,"axis":"z","origin":[8,8,8]},"faces":{"north":{"uv":[5.33333,12.33333,6.25,12.58333],"texture":"#5"},"south":{"uv":[12.33333,5,13.25,5.25],"texture":"#5"},"up":{"uv":[13.16667,1.58333,13,0.66667],"rotation":90,"texture":"#5"}}},{"from":[12.29994,14.59222,6.17],"to":[13.54994,16.34222,7.18],"rotation":{"angle":0,"axis":"y","origin":[8,8,8]},"faces":{"north":{"uv":[0,12.33333,0.41667,12.91667],"texture":"#5"},"east":{"uv":[12.33333,9.66667,12.66667,10.25],"texture":"#5"},"south":{"uv":[11.33333,12,11.75,12.58333],"texture":"#5"},"west":{"uv":[12.33333,12,12.66667,12.58333],"texture":"#5"},"up":{"uv":[7,13.41667,6.66667,13],"rotation":90,"texture":"#5"},"down":{"uv":[7.66667,13,7.33333,13.41667],"rotation":270,"texture":"#5"}}},{"from":[14.08581,8.73701,6.175],"to":[16.58581,9.98701,7.175],"rotation":{"angle":45,"axis":"z","origin":[8,8,8]},"faces":{"north":{"uv":[9.33333,8.66667,10.16667,9.08333],"texture":"#5"},"south":{"uv":[9.33333,7.66667,10.16667,8.08333],"texture":"#5"},"west":{"uv":[8,13,8.33333,13.41667],"texture":"#5"},"up":{"uv":[11,11.5,10.66667,10.66667],"rotation":90,"texture":"#5"},"down":{"uv":[11.33333,0,11,0.83333],"rotation":270,"texture":"#5"}}},{"from":[10.25114,12.79458,6.175],"to":[12.25114,13.79458,7.175],"rotation":{"angle":22.5,"axis":"z","origin":[8,8,8]},"faces":{"north":{"uv":[12.33333,8,13,8.33333],"texture":"#5"},"south":{"uv":[12.33333,7.33333,13,7.66667],"texture":"#5"},"down":{"uv":[12.66667,8.66667,12.33333,9.33333],"rotation":270,"texture":"#5"}}},{"from":[8.45497,14.46701,5.925],"to":[10.45497,16.46701,7.425],"rotation":{"angle":22.5,"axis":"z","origin":[8,8,8]},"faces":{"north":{"uv":[10,6.66667,9.33333,7.33333],"texture":"#5"},"east":{"uv":[10.5,5,10,5.66667],"texture":"#5"},"south":{"uv":[7.33333,9.33333,6.66667,10],"texture":"#5"},"up":{"uv":[1.83333,10.33333,1.33333,11],"rotation":90,"texture":"#5"},"down":{"uv":[2.83333,11,2.33333,10.33333],"rotation":270,"texture":"#5"}}},{"from":[7.45497,14.21701,5.675],"to":[8.45497,16.71701,7.675],"rotation":{"angle":22.5,"axis":"z","origin":[8,8,8]},"faces":{"north":{"uv":[10.33333,10.66667,10,11.5],"texture":"#5"},"east":{"uv":[3,9,2.33333,9.83333],"texture":"#5"},"south":{"uv":[9.66667,10.66667,9.33333,11.5],"texture":"#5"},"west":{"uv":[2,9,1.33333,9.83333],"texture":"#5"},"up":{"uv":[13,5.66667,12.33333,6],"rotation":90,"texture":"#5"},"down":{"uv":[7.33333,12.66667,6.66667,12.33333],"rotation":270,"texture":"#5"}}},{"from":[-0.83581,9.98701,6.425],"to":[1.91419,10.73701,6.925],"rotation":{"angle":-45,"axis":"z","origin":[8,8,8]},"faces":{"north":{"uv":[6.25,12.33333,5.33333,12.58333],"texture":"#5"},"south":{"uv":[13.25,5,12.33333,5.25],"texture":"#5"},"up":{"uv":[13.16667,0.66667,13,1.58333],"rotation":90,"texture":"#5"}}},{"from":[2.45006,14.59222,6.17],"to":[3.70006,16.34222,7.18],"rotation":{"angle":0,"axis":"y","origin":[8,8,8]},"faces":{"north":{"uv":[0.41667,12.33333,0,12.91667],"texture":"#5"},"east":{"uv":[12.66667,12,12.33333,12.58333],"texture":"#5"},"south":{"uv":[11.75,12,11.33333,12.58333],"texture":"#5"},"west":{"uv":[12.66667,9.66667,12.33333,10.25],"texture":"#5"},"up":{"uv":[7,13,6.66667,13.41667],"rotation":90,"texture":"#5"},"down":{"uv":[7.66667,13.41667,7.33333,13],"rotation":270,"texture":"#5"}}},{"from":[-0.58581,8.73701,6.175],"to":[1.91419,9.98701,7.175],"rotation":{"angle":-45,"axis":"z","origin":[8,8,8]},"faces":{"north":{"uv":[10.16667,8.66667,9.33333,9.08333],"texture":"#5"},"east":{"uv":[8.33333,13,8,13.41667],"texture":"#5"},"south":{"uv":[10.16667,7.66667,9.33333,8.08333],"texture":"#5"},"up":{"uv":[11,10.66667,10.66667,11.5],"rotation":90,"texture":"#5"},"down":{"uv":[11.33333,0.83333,11,0],"rotation":270,"texture":"#5"}}},{"from":[3.74886,12.79458,6.175],"to":[5.74886,13.79458,7.175],"rotation":{"angle":-22.5,"axis":"z","origin":[8,8,8]},"faces":{"north":{"uv":[13,8,12.33333,8.33333],"texture":"#5"},"south":{"uv":[13,7.33333,12.33333,7.66667],"texture":"#5"},"down":{"uv":[12.66667,9.33333,12.33333,8.66667],"rotation":270,"texture":"#5"}}},{"from":[6.93967,14.73631,4.66873],"to":[7.68967,15.48631,5.41873],"rotation":{"angle":-45,"axis":"y","origin":[8,8,8]},"faces":{"north":{"uv":[10,14.33333,10.25,14.58333],"texture":"#5"},"east":{"uv":[14.33333,6,14.58333,6.25],"texture":"#5"},"south":{"uv":[14.33333,8.33333,14.58333,8.58333],"texture":"#5"},"west":{"uv":[9.33333,14.33333,9.58333,14.58333],"texture":"#5"},"up":{"uv":[12.25,14.58333,12,14.33333],"rotation":90,"texture":"#5"},"down":{"uv":[12.91667,14.33333,12.66667,14.58333],"rotation":270,"texture":"#5"}}},{"from":[8.31033,14.73631,4.66873],"to":[9.06033,15.48631,5.41873],"rotation":{"angle":45,"axis":"y","origin":[8,8,8]},"faces":{"north":{"uv":[4.33333,14.66667,4.58333,14.91667],"texture":"#5"},"east":{"uv":[13.33333,14.33333,13.58333,14.58333],"texture":"#5"},"south":{"uv":[0,14.66667,0.25,14.91667],"texture":"#5"},"west":{"uv":[3.66667,14.66667,3.91667,14.91667],"texture":"#5"},"up":{"uv":[5.25,14.91667,5,14.66667],"rotation":90,"texture":"#5"},"down":{"uv":[5.91667,14.66667,5.66667,14.91667],"rotation":270,"texture":"#5"}}},{"from":[7.625,13.33879,9.69719],"to":[8.375,14.08879,10.44719],"rotation":{"angle":-45,"axis":"x","origin":[8,8,8]},"faces":{"north":{"uv":[14.66667,7.66667,14.91667,7.91667],"texture":"#5"},"east":{"uv":[6.33333,14.66667,6.58333,14.91667],"texture":"#5"},"south":{"uv":[7,14.66667,7.25,14.91667],"texture":"#5"},"west":{"uv":[7.66667,14.66667,7.91667,14.91667],"texture":"#5"},"up":{"uv":[8.58333,14.91667,8.33333,14.66667],"rotation":90,"texture":"#5"},"down":{"uv":[14.91667,9,14.66667,9.25],"rotation":270,"texture":"#5"}}},{"from":[7.625,11.96813,-0.35973],"to":[8.375,12.71813,0.39027],"rotation":{"angle":45,"axis":"x","origin":[8,8,8]},"faces":{"north":{"uv":[14.66667,11.66667,14.91667,11.91667],"texture":"#5"},"east":{"uv":[14.66667,9.66667,14.91667,9.91667],"texture":"#5"},"south":{"uv":[14.66667,10.33333,14.91667,10.58333],"texture":"#5"},"west":{"uv":[14.66667,11,14.91667,11.25],"texture":"#5"},"up":{"uv":[14.91667,12.58333,14.66667,12.33333],"rotation":90,"texture":"#5"},"down":{"uv":[14.91667,13,14.66667,13.25],"rotation":270,"texture":"#5"}}},{"from":[6.4365,14.73631,8.70744],"to":[7.1865,15.48631,9.45744],"rotation":{"angle":-45,"axis":"y","origin":[8,8,8]},"faces":{"north":{"uv":[0.66667,15,0.91667,15.25],"texture":"#5"},"east":{"uv":[14.66667,13.66667,14.91667,13.91667],"texture":"#5"},"south":{"uv":[14.66667,14.33333,14.91667,14.58333],"texture":"#5"},"west":{"uv":[15,0,15.25,0.25],"texture":"#5"},"up":{"uv":[1.58333,15.25,1.33333,15],"rotation":90,"texture":"#5"},"down":{"uv":[2.25,15,2,15.25],"rotation":270,"texture":"#5"}}},{"from":[7.625,13.84196,13.7359],"to":[8.375,14.59196,14.4859],"rotation":{"angle":-45,"axis":"x","origin":[8,8,8]},"faces":{"north":{"uv":[15,7,15.25,7.25],"texture":"#5"},"east":{"uv":[15,5,15.25,5.25],"texture":"#5"},"south":{"uv":[15,5.66667,15.25,5.91667],"texture":"#5"},"west":{"uv":[15,6.33333,15.25,6.58333],"texture":"#5"},"up":{"uv":[15.25,8.58333,15,8.33333],"rotation":90,"texture":"#5"},"down":{"uv":[9.25,15,9,15.25],"rotation":270,"texture":"#5"}}},{"from":[8.8135,14.73631,8.70744],"to":[9.5635,15.48631,9.45744],"rotation":{"angle":45,"axis":"y","origin":[8,8,8]},"faces":{"north":{"uv":[11.66667,15,11.91667,15.25],"texture":"#5"},"east":{"uv":[9.66667,15,9.91667,15.25],"texture":"#5"},"south":{"uv":[10.33333,15,10.58333,15.25],"texture":"#5"},"west":{"uv":[11,15,11.25,15.25],"texture":"#5"},"up":{"uv":[12.58333,15.25,12.33333,15],"rotation":90,"texture":"#5"},"down":{"uv":[13.25,15,13,15.25],"rotation":270,"texture":"#5"}}},{"from":[7.625,11.46495,3.67898],"to":[8.375,12.21495,4.42898],"rotation":{"angle":45,"axis":"x","origin":[8,8,8]},"faces":{"north":{"uv":[0,15.33333,0.25,15.58333],"texture":"#5"},"east":{"uv":[13.66667,15,13.91667,15.25],"texture":"#5"},"south":{"uv":[14.33333,15,14.58333,15.25],"texture":"#5"},"west":{"uv":[15,15,15.25,15.25],"texture":"#5"},"up":{"uv":[15.58333,0.91667,15.33333,0.66667],"rotation":90,"texture":"#5"},"down":{"uv":[15.58333,1.33333,15.33333,1.58333],"rotation":270,"texture":"#5"}}},{"from":[6.25,1.23631,11.4285],"to":[7.25,3.48631,11.9215],"rotation":{"angle":0,"axis":"y","origin":[8,8,8]},"faces":{"north":{"uv":[12,10.66667,12.33333,11.41667],"texture":"#5"},"south":{"uv":[4.66667,11.66667,5,12.41667],"texture":"#5"},"west":{"uv":[10,13,10.16667,13.75],"texture":"#5"}}},{"from":[10.131,3.39413,11.425],"to":[11.056,4.14413,11.925],"rotation":{"angle":-45,"axis":"z","origin":[8,8,8]},"faces":{"north":{"uv":[8.66667,14,9,14.25],"texture":"#5"},"south":{"uv":[14,7.66667,14.33333,7.91667],"texture":"#5"},"west":{"uv":[7.33333,15.33333,7.5,15.58333],"texture":"#5"},"up":{"uv":[15.5,3.66667,15.33333,3.33333],"rotation":90,"texture":"#5"},"down":{"uv":[4.16667,15.33333,4,15.66667],"rotation":270,"texture":"#5"}}},{"from":[2.15669,3.38157,11.425],"to":[3.08169,4.63157,11.925],"rotation":{"angle":45,"axis":"z","origin":[8,8,8]},"faces":{"north":{"uv":[13,8.66667,13.33333,9.08333],"texture":"#5"},"south":{"uv":[8.66667,13,9,13.41667],"texture":"#5"},"west":{"uv":[3,14.33333,3.16667,14.75],"texture":"#5"},"up":{"uv":[15.5,4.33333,15.33333,4],"rotation":90,"texture":"#5"},"down":{"uv":[4.83333,15.33333,4.66667,15.66667],"rotation":270,"texture":"#5"}}},{"from":[5,0.36131,6.425],"to":[11,14.36131,6.925],"rotation":{"angle":0,"axis":"y","origin":[8,8,8]},"faces":{"north":{"uv":[2.33333,0,4.33333,4.66667],"texture":"#5"},"east":{"uv":[8,8,8.16667,12.66667],"texture":"#5"},"south":{"uv":[0,0,2,4.66667],"texture":"#5"},"west":{"uv":[8.66667,8,8.83333,12.66667],"texture":"#5"}}},{"from":[6.75,3.36131,6.3],"to":[9.25,14.36131,7.05],"rotation":{"angle":0,"axis":"y","origin":[8,8,8]},"faces":{"north":{"uv":[2.66667,5,3.5,8.66667],"texture":"#5"},"east":{"uv":[4,5,4.25,8.66667],"texture":"#5"},"south":{"uv":[1.33333,5,2.16667,8.66667],"texture":"#5"},"west":{"uv":[4.66667,6.33333,4.91667,10],"texture":"#5"}}},{"from":[10.38893,3.82884,6.2975],"to":[12.16393,5.60384,7.0525],"rotation":{"angle":-45,"axis":"z","origin":[8,8,8]},"faces":{"north":{"uv":[10,0,10.58333,0.58333],"texture":"#5"},"east":{"uv":[13,2,13.25,2.58333],"texture":"#5"},"south":{"uv":[9.33333,9.66667,9.91667,10.25],"texture":"#5"},"west":{"uv":[13,3,13.25,3.58333],"texture":"#5"},"up":{"uv":[13.25,4.58333,13,4],"rotation":90,"texture":"#5"},"down":{"uv":[4.91667,13,4.66667,13.58333],"rotation":270,"texture":"#5"}}},{"from":[0.47363,0.47363,6.4225],"to":[4.72363,4.72363,6.9275],"rotation":{"angle":45,"axis":"z","origin":[8,8,8]},"faces":{"north":{"uv":[6,2,7.41667,3.41667],"texture":"#5"},"east":{"uv":[1,12.33333,1.16667,13.75],"texture":"#5"},"south":{"uv":[6,0,7.41667,1.41667],"texture":"#5"},"west":{"uv":[1.66667,12.33333,1.83333,13.75],"texture":"#5"},"up":{"uv":[2.5,13.75,2.33333,12.33333],"rotation":90,"texture":"#5"},"down":{"uv":[3.16667,12.33333,3,13.75],"rotation":270,"texture":"#5"}}},{"from":[11,3.36131,6.425],"to":[12,11.36131,6.925],"rotation":{"angle":0,"axis":"y","origin":[8,8,8]},"faces":{"north":{"uv":[6,6.66667,6.33333,9.33333],"texture":"#5"},"east":{"uv":[5.33333,9.33333,5.5,12],"texture":"#5"},"south":{"uv":[5.33333,6.33333,5.66667,9],"texture":"#5"},"up":{"uv":[5.5,15.66667,5.33333,15.33333],"rotation":90,"texture":"#5"},"down":{"uv":[6.16667,15.33333,6,15.66667],"rotation":270,"texture":"#5"}}},{"from":[11.70523,7.54838,6.426],"to":[13.20523,9.54838,6.924],"rotation":{"angle":45,"axis":"z","origin":[8,8,8]},"faces":{"north":{"uv":[10.33333,6,10.83333,6.66667],"texture":"#5"},"east":{"uv":[13,9.66667,13.16667,10.33333],"texture":"#5"},"south":{"uv":[6,10.33333,6.5,11],"texture":"#5"},"west":{"uv":[10.66667,13,10.83333,13.66667],"texture":"#5"},"up":{"uv":[10.83333,14.5,10.66667,14],"rotation":90,"texture":"#5"},"down":{"uv":[11.5,14,11.33333,14.5],"rotation":270,"texture":"#5"}}},{"from":[12.60847,5.54838,6.426],"to":[14.10847,7.54838,6.924],"rotation":{"angle":-45,"axis":"z","origin":[8,8,8]},"faces":{"north":{"uv":[10.33333,9.66667,10.83333,10.33333],"texture":"#5"},"east":{"uv":[11.33333,13,11.5,13.66667],"texture":"#5"},"south":{"uv":[7,10.33333,7.5,11],"texture":"#5"},"west":{"uv":[13,11.33333,13.16667,12],"texture":"#5"},"up":{"uv":[14.16667,13.5,14,13],"rotation":90,"texture":"#5"},"down":{"uv":[14.16667,14,14,14.5],"rotation":270,"texture":"#5"}}},{"from":[1.33607,1.33607,6.175],"to":[2.33607,2.33607,7.175],"rotation":{"angle":45,"axis":"z","origin":[8,8,8]},"faces":{"north":{"uv":[13.33333,5.66667,13.66667,6],"texture":"#5"},"south":{"uv":[0,13.33333,0.33333,13.66667],"texture":"#5"},"west":{"uv":[3.66667,13.33333,4,13.66667],"texture":"#5"},"down":{"uv":[13.66667,7,13.33333,7.33333],"rotation":270,"texture":"#5"}}},{"from":[4.87868,1.16131,6.1785],"to":[5.87868,2.11131,7.1715],"rotation":{"angle":0,"axis":"y","origin":[8,8,8]},"faces":{"north":{"uv":[12,13,12.33333,13.33333],"texture":"#5"},"south":{"uv":[6,9.66667,6.33333,10],"texture":"#5"},"west":{"uv":[10.66667,9,11,9.33333],"texture":"#5"},"up":{"uv":[13.33333,12.66667,13,12.33333],"rotation":90,"texture":"#5"},"down":{"uv":[13,13,12.66667,13.33333],"rotation":270,"texture":"#5"}}},{"from":[10.66393,1.33607,6.175],"to":[13.66393,2.33607,7.175],"rotation":{"angle":-45,"axis":"z","origin":[8,8,8]},"faces":{"north":{"uv":[3.33333,10.66667,4.33333,11],"texture":"#5"},"south":{"uv":[10.33333,7,11.33333,7.33333],"texture":"#5"},"west":{"uv":[9.33333,3.33333,9.66667,3.66667],"texture":"#5"},"up":{"uv":[5,11.33333,4.66667,10.33333],"rotation":90,"texture":"#5"},"down":{"uv":[11,7.66667,10.66667,8.66667],"rotation":270,"texture":"#5"}}},{"from":[10.12132,1.16131,6.1785],"to":[11.12132,2.11131,7.1715],"rotation":{"angle":0,"axis":"y","origin":[8,8,8]},"faces":{"north":{"uv":[12.33333,13,12,13.33333],"texture":"#5"},"east":{"uv":[11,9,10.66667,9.33333],"texture":"#5"},"south":{"uv":[6.33333,9.66667,6,10],"texture":"#5"},"up":{"uv":[13.33333,12.33333,13,12.66667],"rotation":90,"texture":"#5"},"down":{"uv":[13,13.33333,12.66667,13],"rotation":270,"texture":"#5"}}},{"from":[2.33607,1.33607,6.175],"to":[5.33607,2.33607,7.175],"rotation":{"angle":45,"axis":"z","origin":[8,8,8]},"faces":{"north":{"uv":[4.33333,10.66667,3.33333,11],"texture":"#5"},"east":{"uv":[9.66667,3.33333,9.33333,3.66667],"texture":"#5"},"south":{"uv":[11.33333,7,10.33333,7.33333],"texture":"#5"},"up":{"uv":[5,10.33333,4.66667,11.33333],"rotation":90,"texture":"#5"},"down":{"uv":[11,8.66667,10.66667,7.66667],"rotation":270,"texture":"#5"}}},{"from":[10,-2.88869,6.675],"to":[13,15.11131,6.705],"rotation":{"angle":0,"axis":"y","origin":[8,8,8]},"faces":{"north":{"uv":[4.66667,0,5.66667,6],"texture":"#5"},"south":{"uv":[5.66667,0,4.66667,6],"texture":"#5"}}},{"from":[10.59862,-2.88869,3.52755],"to":[12.84862,15.11131,3.55755],"rotation":{"angle":-45,"axis":"y","origin":[8,8,8]},"faces":{"north":{"uv":[0,5,0.75,11],"texture":"#5"},"south":{"uv":[0.75,5,0,11],"texture":"#5"}}},{"from":[4,3.36131,6.425],"to":[5,11.36131,6.925],"rotation":{"angle":0,"axis":"y","origin":[8,8,8]},"faces":{"north":{"uv":[6.33333,6.66667,6,9.33333],"texture":"#5"},"south":{"uv":[5.66667,6.33333,5.33333,9],"texture":"#5"},"west":{"uv":[5.5,9.33333,5.33333,12],"texture":"#5"},"up":{"uv":[5.5,15.33333,5.33333,15.66667],"rotation":90,"texture":"#5"},"down":{"uv":[6.16667,15.66667,6,15.33333],"rotation":270,"texture":"#5"}}},{"from":[2.79477,7.54838,6.426],"to":[4.29477,9.54838,6.924],"rotation":{"angle":-45,"axis":"z","origin":[8,8,8]},"faces":{"north":{"uv":[10.83333,6,10.33333,6.66667],"texture":"#5"},"east":{"uv":[10.83333,13,10.66667,13.66667],"texture":"#5"},"south":{"uv":[6.5,10.33333,6,11],"texture":"#5"},"west":{"uv":[13.16667,9.66667,13,10.33333],"texture":"#5"},"up":{"uv":[10.83333,14,10.66667,14.5],"rotation":90,"texture":"#5"},"down":{"uv":[11.5,14.5,11.33333,14],"rotation":270,"texture":"#5"}}},{"from":[1.89153,5.54838,6.426],"to":[3.39153,7.54838,6.924],"rotation":{"angle":45,"axis":"z","origin":[8,8,8]},"faces":{"north":{"uv":[10.83333,9.66667,10.33333,10.33333],"texture":"#5"},"east":{"uv":[13.16667,11.33333,13,12],"texture":"#5"},"south":{"uv":[7.5,10.33333,7,11],"texture":"#5"},"west":{"uv":[11.5,13,11.33333,13.66667],"texture":"#5"},"up":{"uv":[14.16667,13,14,13.5],"rotation":90,"texture":"#5"},"down":{"uv":[14.16667,14.5,14,14],"rotation":270,"texture":"#5"}}},{"from":[3,-2.88869,6.675],"to":[6,15.11131,6.705],"rotation":{"angle":0,"axis":"y","origin":[8,8,8]},"faces":{"north":{"uv":[5.66667,0,4.66667,6],"texture":"#5"},"south":{"uv":[4.66667,0,5.66667,6],"texture":"#5"}}},{"from":[3.15138,-2.88869,3.52755],"to":[5.40138,15.11131,3.55755],"rotation":{"angle":45,"axis":"y","origin":[8,8,8]},"faces":{"north":{"uv":[0.75,5,0,11],"texture":"#5"},"south":{"uv":[0,5,0.75,11],"texture":"#5"}}},{"from":[3.51285,3.51285,9.925],"to":[4.51285,4.51285,10.925],"rotation":{"angle":45,"axis":"z","origin":[8,8,8]},"faces":{"north":{"uv":[13.66667,0,14,0.33333],"texture":"#5"},"east":{"uv":[13.33333,7.66667,13.66667,8],"texture":"#5"},"west":{"uv":[13.33333,13,13.66667,13.33333],"texture":"#5"},"up":{"uv":[14,1,13.66667,0.66667],"rotation":90,"texture":"#5"},"down":{"uv":[14,1.33333,13.66667,1.66667],"rotation":270,"texture":"#5"}}},{"from":[3.51285,3.51285,6.925],"to":[4.51285,4.51285,7.925],"rotation":{"angle":45,"axis":"z","origin":[8,8,8]},"faces":{"east":{"uv":[13.66667,2,14,2.33333],"texture":"#5"},"south":{"uv":[13.66667,2.66667,14,3],"texture":"#5"},"west":{"uv":[13.66667,3.33333,14,3.66667],"texture":"#5"},"up":{"uv":[14,4.33333,13.66667,4],"rotation":90,"texture":"#5"},"down":{"uv":[14,4.66667,13.66667,5],"rotation":270,"texture":"#5"}}},{"from":[3.63785,3.63785,7.925],"to":[4.38785,4.38785,9.925],"rotation":{"angle":45,"axis":"z","origin":[8,8,8]},"faces":{"east":{"uv":[12.66667,0,13.33333,0.25],"texture":"#5"},"west":{"uv":[3.66667,12.66667,4.33333,12.91667],"texture":"#5"},"up":{"uv":[13.33333,6.58333,12.66667,6.33333],"rotation":90,"texture":"#5"},"down":{"uv":[13.33333,10.66667,12.66667,10.91667],"rotation":270,"texture":"#5"}}},{"from":[10.51069,10.51069,10.92],"to":[12.01069,12.01069,12.43],"rotation":{"angle":45,"axis":"z","origin":[8,8,8]},"faces":{"north":{"uv":[11,4.83333,11.5,4.33333],"texture":"#5"},"east":{"uv":[11,1.83333,11.5,1.33333],"texture":"#5"},"south":{"uv":[11,2.83333,11.5,2.33333],"texture":"#5"},"west":{"uv":[11,3.83333,11.5,3.33333],"texture":"#5"},"up":{"uv":[1.5,11.83333,1,11.33333],"rotation":90,"texture":"#5"},"down":{"uv":[0.5,11.33333,0,11.83333],"rotation":270,"texture":"#5"}}},{"from":[6.93875,11.11131,10.925],"to":[9.06125,12.61131,12.425],"rotation":{"angle":0,"axis":"y","origin":[8,8,8]},"faces":{"north":{"uv":[10,2.5,10.66667,2],"texture":"#5"},"east":{"uv":[2,11.83333,2.5,11.33333],"texture":"#5"},"south":{"uv":[10,1.5,10.66667,1],"texture":"#5"},"west":{"uv":[3,11.83333,3.5,11.33333],"texture":"#5"},"up":{"uv":[10.5,4.66667,10,4],"rotation":90,"texture":"#5"},"down":{"uv":[10.5,3,10,3.66667],"rotation":270,"texture":"#5"}}},{"from":[9.45003,9.45003,10.9175],"to":[10.95003,10.95003,12.4325],"rotation":{"angle":45,"axis":"z","origin":[8,8,8]},"faces":{"north":{"uv":[11.33333,8.16667,11.83333,7.66667],"texture":"#5"},"east":{"uv":[11.33333,5.83333,11.83333,5.33333],"texture":"#5"},"south":{"uv":[6,11.83333,6.5,11.33333],"texture":"#5"},"west":{"uv":[7,11.83333,7.5,11.33333],"texture":"#5"},"up":{"uv":[11.83333,10.16667,11.33333,9.66667],"rotation":90,"texture":"#5"},"down":{"uv":[11.83333,8.66667,11.33333,9.16667],"rotation":270,"texture":"#5"}}},{"from":[8.75,10.73631,11.4285],"to":[9.75,12.98631,11.9215],"rotation":{"angle":0,"axis":"y","origin":[8,8,8]},"faces":{"north":{"uv":[11.33333,11.41667,11.66667,10.66667],"texture":"#5"},"east":{"uv":[9.33333,13.75,9.5,13],"texture":"#5"},"south":{"uv":[4,12.08333,4.33333,11.33333],"texture":"#5"}}},{"from":[6.20079,10.59908,11.425],"to":[7.12579,11.34908,11.925],"rotation":{"angle":-45,"axis":"z","origin":[8,8,8]},"faces":{"north":{"uv":[13.66667,8.58333,14,8.33333],"texture":"#5"},"east":{"uv":[6.66667,15.58333,6.83333,15.33333],"texture":"#5"},"south":{"uv":[13.66667,6.58333,14,6.33333],"texture":"#5"},"up":{"uv":[2.83333,15.66667,2.66667,15.33333],"rotation":90,"texture":"#5"},"down":{"uv":[15.5,2,15.33333,2.33333],"rotation":270,"texture":"#5"}}},{"from":[11.66152,10.11164,11.425],"to":[12.58652,11.36164,11.925],"rotation":{"angle":45,"axis":"z","origin":[8,8,8]},"faces":{"north":{"uv":[6,13.41667,6.33333,13],"texture":"#5"},"east":{"uv":[14.33333,0.41667,14.5,0],"texture":"#5"},"south":{"uv":[5.33333,13.41667,5.66667,13],"texture":"#5"},"up":{"uv":[3.5,15.66667,3.33333,15.33333],"rotation":90,"texture":"#5"},"down":{"uv":[15.5,2.66667,15.33333,3],"rotation":270,"texture":"#5"}}},{"from":[6.25,10.73631,11.4285],"to":[7.25,12.98631,11.9215],"rotation":{"angle":0,"axis":"y","origin":[8,8,8]},"faces":{"north":{"uv":[12,11.41667,12.33333,10.66667],"texture":"#5"},"south":{"uv":[4.66667,12.41667,5,11.66667],"texture":"#5"},"west":{"uv":[10,13.75,10.16667,13],"texture":"#5"}}},{"from":[8.87421,10.59908,11.425],"to":[9.79921,11.34908,11.925],"rotation":{"angle":45,"axis":"z","origin":[8,8,8]},"faces":{"north":{"uv":[8.66667,14.25,9,14],"texture":"#5"},"south":{"uv":[14,7.91667,14.33333,7.66667],"texture":"#5"},"west":{"uv":[7.33333,15.58333,7.5,15.33333],"texture":"#5"},"up":{"uv":[4.16667,15.66667,4,15.33333],"rotation":90,"texture":"#5"},"down":{"uv":[15.5,3.33333,15.33333,3.66667],"rotation":270,"texture":"#5"}}},{"from":[3.41348,10.11164,11.425],"to":[4.33848,11.36164,11.925],"rotation":{"angle":-45,"axis":"z","origin":[8,8,8]},"faces":{"north":{"uv":[13,9.08333,13.33333,8.66667],"texture":"#5"},"south":{"uv":[8.66667,13.41667,9,13],"texture":"#5"},"west":{"uv":[3,14.75,3.16667,14.33333],"texture":"#5"},"up":{"uv":[4.83333,15.66667,4.66667,15.33333],"rotation":90,"texture":"#5"},"down":{"uv":[15.5,4,15.33333,4.33333],"rotation":270,"texture":"#5"}}},{"from":[4.76964,10.23036,9.925],"to":[5.76964,11.23036,10.925],"rotation":{"angle":-45,"axis":"z","origin":[8,8,8]},"faces":{"north":{"uv":[13.66667,0.33333,14,0],"texture":"#5"},"east":{"uv":[13.33333,8,13.66667,7.66667],"texture":"#5"},"west":{"uv":[13.33333,13.33333,13.66667,13],"texture":"#5"},"up":{"uv":[14,1.66667,13.66667,1.33333],"rotation":90,"texture":"#5"},"down":{"uv":[14,0.66667,13.66667,1],"rotation":270,"texture":"#5"}}},{"from":[4.76964,10.23036,6.925],"to":[5.76964,11.23036,7.925],"rotation":{"angle":-45,"axis":"z","origin":[8,8,8]},"faces":{"east":{"uv":[13.66667,2.33333,14,2],"texture":"#5"},"south":{"uv":[13.66667,3,14,2.66667],"texture":"#5"},"west":{"uv":[13.66667,3.66667,14,3.33333],"texture":"#5"},"up":{"uv":[14,5,13.66667,4.66667],"rotation":90,"texture":"#5"},"down":{"uv":[14,4,13.66667,4.33333],"rotation":270,"texture":"#5"}}},{"from":[4.89464,10.35536,7.925],"to":[5.64464,11.10536,9.925],"rotation":{"angle":-45,"axis":"z","origin":[8,8,8]},"faces":{"east":{"uv":[12.66667,0.25,13.33333,0],"texture":"#5"},"west":{"uv":[3.66667,12.91667,4.33333,12.66667],"texture":"#5"},"up":{"uv":[13.33333,10.91667,12.66667,10.66667],"rotation":90,"texture":"#5"},"down":{"uv":[13.33333,6.33333,12.66667,6.58333],"rotation":270,"texture":"#5"}}},{"from":[0.97154,11.02846,4.825],"to":[4.97154,15.02846,4.825],"rotation":{"angle":-45,"axis":"z","origin":[8,8,8]},"faces":{"north":{"uv":[0,0,16,16],"texture":"#2"}}},{"from":[1.97154,12.02846,4.325],"to":[3.97154,14.02846,4.325],"rotation":{"angle":-45,"axis":"z","origin":[8,8,8]},"faces":{"north":{"uv":[0,0,8,8],"texture":"#3"}}},{"from":[4,-3,5.25],"to":[12,16,5.25],"rotation":{"angle":0,"axis":"y","origin":[0,1,5.25]},"faces":{"north":{"uv":[2.4,0,8.8,15.2],"texture":"#4"}}},{"from":[11.88582,-3,5.82403],"to":[14.88582,16,5.82403],"rotation":{"angle":-22.5,"axis":"y","origin":[13.38582,8.5,5.82403]},"faces":{"north":{"uv":[0,0,2.4,15.2],"texture":"#4"}}},{"from":[1.11418,-3,5.82403],"to":[4.11418,16,5.82403],"rotation":{"angle":22.5,"axis":"y","origin":[2.61418,8.5,5.82403]},"faces":{"north":{"uv":[8.8,0,11.2,15.2],"texture":"#4"}}}],"gui_light":"front","display":{"thirdperson_righthand":{"rotation":[0,-75,0],"translation":[3,-1,-0.25]},"thirdperson_lefthand":{"rotation":[0,-75,0],"translation":[3,-1,-0.25]},"firstperson_righthand":{"rotation":[0,0,8],"translation":[1.75,2.75,2.75],"scale":[0.7,0.7,0.7]},"firstperson_lefthand":{"rotation":[0,0,8],"translation":[1.75,2.75,2.75],"scale":[0.7,0.7,0.7]},"ground":{"rotation":[45,0,0],"translation":[0,3,0],"scale":[0.7,0.7,0.7]},"gui":{"rotation":[0,180,-45],"scale":[0.8,0.8,0.8]},"fixed":{"translation":[0,0,-2.25],"scale":[2,2,2]}},"USER":"33672","NONCE":"250d30f3c9d7634129006a92dfa824a1","TIMESTAMP":"1740508157","RESOURCE":"12629","mcmodels":"250d30f3c9d7634129006a92dfa824a1"}