{"credit":"Pologony Creation Co.,Ltd.","texture_size":[40,40],"textures":{"2":"nanoedge_set:animations/animated_1","3":"nanoedge_set:animations/animated_2","4":"nanoedge_set:shovel","particle":"nanoedge_set:animations/animated_1"},"elements":[{"from":[7.245,-4.06066,8],"to":[8.755,-2.56066,9.5],"rotation":{"angle":-45,"axis":"x","origin":[7.745,-4.06066,8]},"faces":{"north":{"uv":[2.8,10,3.4,10.6],"texture":"#4"},"east":{"uv":[10,4,10.6,4.6],"texture":"#4"},"south":{"uv":[10,6.8,10.6,7.4],"texture":"#4"},"west":{"uv":[10,8,10.6,8.6],"texture":"#4"},"up":{"uv":[9.4,10.6,8.8,10],"texture":"#4"},"down":{"uv":[10.6,9.2,10,9.8],"texture":"#4"}}},{"from":[7.25,-3,6.93875],"to":[8.75,-1.5,9.06125],"rotation":{"angle":0,"axis":"y","origin":[8.25,-2,7.68875]},"faces":{"north":{"uv":[10.4,0,11,0.6],"texture":"#4"},"east":{"uv":[8.8,4.4,9.6,5],"texture":"#4"},"south":{"uv":[10.4,5.2,11,5.8],"texture":"#4"},"west":{"uv":[8.8,7.6,9.6,8.2],"texture":"#4"},"up":{"uv":[9.4,9.6,8.8,8.8],"texture":"#4"},"down":{"uv":[9.8,0,9.2,0.8],"texture":"#4"}}},{"from":[7.2425,-2.56066,8],"to":[8.7575,-1.06066,9.5],"rotation":{"angle":-45,"axis":"x","origin":[7.7425,-2.56066,8]},"faces":{"north":{"uv":[10,10.4,10.6,11],"texture":"#4"},"east":{"uv":[0,10.8,0.6,11.4],"texture":"#4"},"south":{"uv":[10.8,1.2,11.4,1.8],"texture":"#4"},"west":{"uv":[10.8,2.4,11.4,3],"texture":"#4"},"up":{"uv":[3.4,11.8,2.8,11.2],"texture":"#4"},"down":{"uv":[11.8,3.6,11.2,4.2],"texture":"#4"}}},{"from":[7.7535,-3.375,6.25],"to":[8.2465,-1.125,7.25],"rotation":{"angle":0,"axis":"y","origin":[7.7535,-3.875,6.25]},"faces":{"north":{"uv":[1.2,12.8,1.4,13.7],"texture":"#4"},"east":{"uv":[4,10,4.4,10.9],"texture":"#4"},"west":{"uv":[7.2,10,7.6,10.9],"texture":"#4"}}},{"from":[7.75,-1.375,6.25],"to":[8.25,-0.625,7.175],"rotation":{"angle":45,"axis":"x","origin":[7.75,-1.375,6.25]},"faces":{"north":{"uv":[15.2,9.6,15.4,9.9],"texture":"#4"},"east":{"uv":[9.2,6.8,9.6,7.1],"texture":"#4"},"west":{"uv":[4,11.6,4.4,11.9],"texture":"#4"},"up":{"uv":[15.4,2.8,15.2,2.4],"texture":"#4"},"down":{"uv":[5.4,15.2,5.2,15.6],"texture":"#4"}}},{"from":[7.75,-4.375,6.25],"to":[8.25,-3.125,7.175],"rotation":{"angle":-45,"axis":"x","origin":[7.75,-3.125,6.25]},"faces":{"north":{"uv":[8.8,13.6,9,14.1],"texture":"#4"},"east":{"uv":[12.4,8.8,12.8,9.3],"texture":"#4"},"west":{"uv":[12.4,10,12.8,10.5],"texture":"#4"},"up":{"uv":[15.4,6,15.2,5.6],"texture":"#4"},"down":{"uv":[15.4,6.4,15.2,6.8],"texture":"#4"}}},{"from":[7.35355,-0.68934,7.5],"to":[8.85355,-0.18934,9],"rotation":{"angle":-45,"axis":"y","origin":[8.35355,-0.68934,8]},"faces":{"north":{"uv":[12.8,0,13.4,0.2],"texture":"#4"},"east":{"uv":[12.8,4.4,13.4,4.6],"texture":"#4"},"south":{"uv":[12.8,5.2,13.4,5.4],"texture":"#4"},"west":{"uv":[6.8,12.8,7.4,13],"texture":"#4"},"up":{"uv":[6.2,11.8,5.6,11.2],"texture":"#4"},"down":{"uv":[11.8,6.4,11.2,7],"texture":"#4"}}},{"from":[7.35355,0.31066,7.5],"to":[8.85355,0.81066,9],"rotation":{"angle":-45,"axis":"y","origin":[8.35355,0.31066,8]},"faces":{"north":{"uv":[10,12.8,10.6,13],"texture":"#4"},"east":{"uv":[12.8,12.4,13.4,12.6],"texture":"#4"},"south":{"uv":[0,13.2,0.6,13.4],"texture":"#4"},"west":{"uv":[2,13.2,2.6,13.4],"texture":"#4"},"up":{"uv":[11.8,8.2,11.2,7.6],"texture":"#4"},"down":{"uv":[8.6,11.2,8,11.8],"texture":"#4"}}},{"from":[7.60355,-0.18934,7.57322],"to":[8.85355,0.31066,8.82322],"rotation":{"angle":-45,"axis":"y","origin":[8.35355,-0.18934,7.82322]},"faces":{"north":{"uv":[13.6,3.6,14.1,3.8],"texture":"#4"},"east":{"uv":[9.6,13.6,10.1,13.8],"texture":"#4"},"south":{"uv":[10.8,13.6,11.3,13.8],"texture":"#4"},"west":{"uv":[13.6,13.2,14.1,13.4],"texture":"#4"}}},{"from":[7.35355,5.81066,7.5],"to":[8.85355,6.31066,9],"rotation":{"angle":-45,"axis":"y","origin":[8.35355,5.81066,8]},"faces":{"north":{"uv":[13.2,2.8,13.8,3],"texture":"#4"},"east":{"uv":[3.2,13.2,3.8,13.4],"texture":"#4"},"south":{"uv":[13.2,6,13.8,6.2],"texture":"#4"},"west":{"uv":[13.2,6.8,13.8,7],"texture":"#4"},"up":{"uv":[11.8,9.4,11.2,8.8],"texture":"#4"},"down":{"uv":[11.8,10,11.2,10.6],"texture":"#4"}}},{"from":[7.60355,5.31066,7.57322],"to":[8.85355,5.81066,8.82322],"rotation":{"angle":-45,"axis":"y","origin":[8.35355,5.31066,7.82322]},"faces":{"north":{"uv":[0,14,0.5,14.2],"texture":"#4"},"east":{"uv":[14,0,14.5,0.2],"texture":"#4"},"south":{"uv":[2,14,2.5,14.2],"texture":"#4"},"west":{"uv":[3.2,14,3.7,14.2],"texture":"#4"}}},{"from":[7.35355,4.81066,7.5],"to":[8.85355,5.31066,9],"rotation":{"angle":-45,"axis":"y","origin":[8.35355,4.81066,8]},"faces":{"north":{"uv":[13.2,7.6,13.8,7.8],"texture":"#4"},"east":{"uv":[13.2,8.4,13.8,8.6],"texture":"#4"},"south":{"uv":[13.2,9.2,13.8,9.4],"texture":"#4"},"west":{"uv":[13.2,10,13.8,10.2],"texture":"#4"},"up":{"uv":[11.8,11.8,11.2,11.2],"texture":"#4"},"down":{"uv":[12.2,0,11.6,0.6],"texture":"#4"}}},{"from":[7.85355,0.81066,7.64645],"to":[8.85355,4.81066,8.64645],"rotation":{"angle":-45,"axis":"y","origin":[8.35355,0.81066,7.64645]},"faces":{"north":{"uv":[7.2,8,7.6,9.6],"texture":"#4"},"east":{"uv":[8,7.6,8.4,9.2],"texture":"#4"},"south":{"uv":[8.4,0,8.8,1.6],"texture":"#4"},"west":{"uv":[1.2,8.4,1.6,10],"texture":"#4"}}},{"from":[7,10.5,5.5],"to":[9,13,6.5],"rotation":{"angle":-22.5,"axis":"x","origin":[6.5,9.5,5.5]},"faces":{"north":{"uv":[1.6,3.6,2.4,4.6],"texture":"#4"},"east":{"uv":[5.6,9.6,6,10.6],"texture":"#4"},"south":{"uv":[3.6,7.2,4.4,8.2],"texture":"#4"},"west":{"uv":[6.4,9.6,6.8,10.6],"texture":"#4"},"up":{"uv":[12.8,3.2,12,2.8],"texture":"#4"},"down":{"uv":[2.8,12.4,2,12.8],"texture":"#4"}}},{"from":[7.25,10.75,6.5],"to":[8.75,12.75,8.5],"rotation":{"angle":-22.5,"axis":"x","origin":[6.5,9.5,5.5]},"faces":{"east":{"uv":[2,8.4,2.8,9.2],"texture":"#4"},"south":{"uv":[9.2,5.6,9.8,6.4],"texture":"#4"},"west":{"uv":[8.4,2,9.2,2.8],"texture":"#4"},"up":{"uv":[0.6,10.4,0,9.6],"texture":"#4"},"down":{"uv":[10.2,1.2,9.6,2],"texture":"#4"}}},{"from":[6.75,9.87868,8],"to":[9.25,12.87868,11],"rotation":{"angle":-45,"axis":"x","origin":[7,9.87868,8]},"faces":{"north":{"uv":[5.2,3.2,6.2,4.4],"texture":"#4"},"east":{"uv":[5.2,0,6.4,1.2],"texture":"#4"},"south":{"uv":[5.2,4.8,6.2,6],"texture":"#4"},"west":{"uv":[5.2,1.6,6.4,2.8],"texture":"#4"},"up":{"uv":[2.6,6.8,1.6,5.6],"texture":"#4"},"down":{"uv":[4.2,5.6,3.2,6.8],"texture":"#4"}}},{"from":[6.5,10.12868,8.25],"to":[9.5,12.62868,10.75],"rotation":{"angle":-45,"axis":"x","origin":[7,9.87868,8]},"faces":{"north":{"uv":[0,6.4,1.2,7.4],"texture":"#4"},"east":{"uv":[6.8,1.6,7.8,2.6],"texture":"#4"},"south":{"uv":[4.8,6.4,6,7.4],"texture":"#4"},"west":{"uv":[6.8,3.2,7.8,4.2],"texture":"#4"},"up":{"uv":[7.6,7.4,6.4,6.4],"texture":"#4"},"down":{"uv":[8,0,6.8,1],"texture":"#4"}}},{"from":[7.75,15.09396,5.21796],"to":[8.25,15.84396,7.96796],"rotation":{"angle":45,"axis":"x","origin":[8,14.94396,5.90457]},"faces":{"east":{"uv":[12,1.2,13.1,1.5],"texture":"#4"},"west":{"uv":[12,2,13.1,2.3],"texture":"#4"},"up":{"uv":[12.6,8.3,12.4,7.2],"texture":"#4"},"down":{"uv":[8.2,12.4,8,13.5],"texture":"#4"}}},{"from":[7.495,14.47487,4.81802],"to":[8.505,16.22487,6.06802],"rotation":{"angle":0,"axis":"y","origin":[8,14.89093,5.99296]},"faces":{"north":{"uv":[6,12.4,6.4,13.1],"texture":"#4"},"east":{"uv":[10,11.6,10.5,12.3],"texture":"#4"},"south":{"uv":[12.4,6,12.8,6.7],"texture":"#4"},"west":{"uv":[0,12,0.5,12.7],"texture":"#4"},"up":{"uv":[11.6,12.9,11.2,12.4],"texture":"#4"},"down":{"uv":[12.8,11.2,12.4,11.7],"texture":"#4"}}},{"from":[7.5,13.84396,5.46796],"to":[8.5,15.09396,7.96796],"rotation":{"angle":45,"axis":"x","origin":[8,14.94396,5.90457]},"faces":{"east":{"uv":[8.4,3.2,9.4,3.7],"texture":"#4"},"south":{"uv":[12,12.4,12.4,12.9],"texture":"#4"},"west":{"uv":[3.2,8.8,4.2,9.3],"texture":"#4"},"up":{"uv":[8.4,10.6,8,9.6],"texture":"#4"},"down":{"uv":[10.4,2.4,10,3.4],"texture":"#4"}}},{"from":[7.5,13.84396,8.03204],"to":[8.5,15.09396,10.53204],"rotation":{"angle":-45,"axis":"x","origin":[8,14.94396,10.09543]},"faces":{"north":{"uv":[12.4,12.4,12,12.9],"texture":"#4"},"east":{"uv":[9.4,3.2,8.4,3.7],"texture":"#4"},"west":{"uv":[4.2,8.8,3.2,9.3],"texture":"#4"},"up":{"uv":[8.4,9.6,8,10.6],"texture":"#4"},"down":{"uv":[10.4,3.4,10,2.4],"texture":"#4"}}},{"from":[7.495,14.47487,9.93198],"to":[8.505,16.22487,11.18198],"rotation":{"angle":0,"axis":"y","origin":[8,14.89093,10.00704]},"faces":{"north":{"uv":[12.8,6,12.4,6.7],"texture":"#4"},"east":{"uv":[10.5,11.6,10,12.3],"texture":"#4"},"south":{"uv":[6.4,12.4,6,13.1],"texture":"#4"},"west":{"uv":[0.5,12,0,12.7],"texture":"#4"},"up":{"uv":[11.6,12.4,11.2,12.9],"texture":"#4"},"down":{"uv":[12.8,11.7,12.4,11.2],"texture":"#4"}}},{"from":[7.75,15.09396,8.03204],"to":[8.25,15.84396,10.78204],"rotation":{"angle":-45,"axis":"x","origin":[8,14.94396,10.09543]},"faces":{"east":{"uv":[13.1,1.2,12,1.5],"texture":"#4"},"west":{"uv":[13.1,2,12,2.3],"texture":"#4"},"up":{"uv":[12.6,7.2,12.4,8.3],"texture":"#4"},"down":{"uv":[8.2,13.5,8,12.4],"texture":"#4"}}},{"from":[7.5,10.93753,5.94553],"to":[8.5,11.93753,7.94553],"rotation":{"angle":22.5,"axis":"x","origin":[7.5,11.03753,5.94553]},"faces":{"east":{"uv":[3.2,12.4,4,12.8],"texture":"#4"},"west":{"uv":[12.4,3.6,13.2,4],"texture":"#4"},"down":{"uv":[4.8,12.4,4.4,13.2],"texture":"#4"}}},{"from":[7.25,10.75,7.5],"to":[8.75,12.75,9.5],"rotation":{"angle":22.5,"axis":"x","origin":[6.5,9.5,10.5]},"faces":{"north":{"uv":[9.8,5.6,9.2,6.4],"texture":"#4"},"east":{"uv":[2.8,8.4,2,9.2],"texture":"#4"},"west":{"uv":[9.2,2,8.4,2.8],"texture":"#4"},"up":{"uv":[0.6,9.6,0,10.4],"texture":"#4"},"down":{"uv":[10.2,2,9.6,1.2],"texture":"#4"}}},{"from":[7,10.5,9.5],"to":[9,13,10.5],"rotation":{"angle":22.5,"axis":"x","origin":[6.5,9.5,10.5]},"faces":{"north":{"uv":[4.4,7.2,3.6,8.2],"texture":"#4"},"east":{"uv":[6,9.6,5.6,10.6],"texture":"#4"},"south":{"uv":[2.4,3.6,1.6,4.6],"texture":"#4"},"west":{"uv":[6.8,9.6,6.4,10.6],"texture":"#4"},"up":{"uv":[12.8,2.8,12,3.2],"texture":"#4"},"down":{"uv":[2.8,12.8,2,12.4],"texture":"#4"}}},{"from":[7.5,10.93753,8.05447],"to":[8.5,11.93753,10.05447],"rotation":{"angle":-22.5,"axis":"x","origin":[7.5,11.03753,10.05447]},"faces":{"east":{"uv":[4,12.4,3.2,12.8],"texture":"#4"},"west":{"uv":[13.2,3.6,12.4,4],"texture":"#4"},"down":{"uv":[4.8,13.2,4.4,12.4],"texture":"#4"}}},{"from":[5.23953,11.625,6.48953],"to":[5.98953,12.375,7.23953],"rotation":{"angle":-45,"axis":"y","origin":[6.75,12,8]},"faces":{"north":{"uv":[12,13.6,12.3,13.9],"texture":"#4"},"east":{"uv":[14,4.4,14.3,4.7],"texture":"#4"},"south":{"uv":[14,5.2,14.3,5.5],"texture":"#4"},"west":{"uv":[7.6,14,7.9,14.3],"texture":"#4"},"up":{"uv":[14.3,11.1,14,10.8],"texture":"#4"},"down":{"uv":[14.3,11.6,14,11.9],"texture":"#4"}}},{"from":[5.23953,11.625,8.76047],"to":[5.98953,12.375,9.51047],"rotation":{"angle":45,"axis":"y","origin":[6.75,12,8]},"faces":{"north":{"uv":[14,12.4,14.3,12.7],"texture":"#4"},"east":{"uv":[12.8,14,13.1,14.3],"texture":"#4"},"south":{"uv":[13.6,14,13.9,14.3],"texture":"#4"},"west":{"uv":[14.4,0.8,14.7,1.1],"texture":"#4"},"up":{"uv":[1.5,14.7,1.2,14.4],"texture":"#4"},"down":{"uv":[14.7,1.6,14.4,1.9],"texture":"#4"}}},{"from":[6.375,10.0192,7.625],"to":[7.125,10.7692,8.375],"rotation":{"angle":45,"axis":"z","origin":[6.75,10.3942,8]},"faces":{"north":{"uv":[14.4,2.4,14.7,2.7],"texture":"#4"},"east":{"uv":[5.2,14.4,5.5,14.7],"texture":"#4"},"south":{"uv":[14.4,6,14.7,6.3],"texture":"#4"},"west":{"uv":[14.4,6.8,14.7,7.1],"texture":"#4"},"up":{"uv":[14.7,7.9,14.4,7.6],"texture":"#4"},"down":{"uv":[14.7,8.4,14.4,8.7],"texture":"#4"}}},{"from":[6.375,13.2308,7.625],"to":[7.125,13.9808,8.375],"rotation":{"angle":-45,"axis":"z","origin":[6.75,13.6058,8]},"faces":{"north":{"uv":[14.4,9.2,14.7,9.5],"texture":"#4"},"east":{"uv":[9.6,14.4,9.9,14.7],"texture":"#4"},"south":{"uv":[14.4,10,14.7,10.3],"texture":"#4"},"west":{"uv":[10.4,14.4,10.7,14.7],"texture":"#4"},"up":{"uv":[11.5,14.7,11.2,14.4],"texture":"#4"},"down":{"uv":[12.3,14.4,12,14.7],"texture":"#4"}}},{"from":[10.01047,11.625,8.76047],"to":[10.76047,12.375,9.51047],"rotation":{"angle":-45,"axis":"y","origin":[9.25,12,8]},"faces":{"north":{"uv":[14.4,14,14.7,14.3],"texture":"#4"},"east":{"uv":[0,14.8,0.3,15.1],"texture":"#4"},"south":{"uv":[2,14.8,2.3,15.1],"texture":"#4"},"west":{"uv":[2.8,14.8,3.1,15.1],"texture":"#4"},"up":{"uv":[15.1,3.5,14.8,3.2],"texture":"#4"},"down":{"uv":[3.9,14.8,3.6,15.1],"texture":"#4"}}},{"from":[8.875,13.2308,7.625],"to":[9.625,13.9808,8.375],"rotation":{"angle":45,"axis":"z","origin":[9.25,13.6058,8]},"faces":{"north":{"uv":[14.8,4,15.1,4.3],"texture":"#4"},"east":{"uv":[4.4,14.8,4.7,15.1],"texture":"#4"},"south":{"uv":[14.8,4.8,15.1,5.1],"texture":"#4"},"west":{"uv":[6,14.8,6.3,15.1],"texture":"#4"},"up":{"uv":[7.1,15.1,6.8,14.8],"texture":"#4"},"down":{"uv":[7.9,14.8,7.6,15.1],"texture":"#4"}}},{"from":[10.01047,11.625,6.48953],"to":[10.76047,12.375,7.23953],"rotation":{"angle":45,"axis":"y","origin":[9.25,12,8]},"faces":{"north":{"uv":[8.4,14.8,8.7,15.1],"texture":"#4"},"east":{"uv":[14.8,10.8,15.1,11.1],"texture":"#4"},"south":{"uv":[14.8,11.6,15.1,11.9],"texture":"#4"},"west":{"uv":[14.8,12.4,15.1,12.7],"texture":"#4"},"up":{"uv":[13.1,15.1,12.8,14.8],"texture":"#4"},"down":{"uv":[15.1,13.2,14.8,13.5],"texture":"#4"}}},{"from":[8.875,10.0192,7.625],"to":[9.625,10.7692,8.375],"rotation":{"angle":-45,"axis":"z","origin":[9.25,10.3942,8]},"faces":{"north":{"uv":[13.6,14.8,13.9,15.1],"texture":"#4"},"east":{"uv":[14.4,14.8,14.7,15.1],"texture":"#4"},"south":{"uv":[15.2,0,15.5,0.3],"texture":"#4"},"west":{"uv":[0.8,15.2,1.1,15.5],"texture":"#4"},"up":{"uv":[15.5,1.1,15.2,0.8],"texture":"#4"},"down":{"uv":[15.5,1.6,15.2,1.9],"texture":"#4"}}},{"from":[7.985,-5.25,5],"to":[8.015,0.25,7.25],"rotation":{"angle":0,"axis":"y","origin":[7.985,-4,0]},"faces":{"east":{"uv":[0.9,3.6,0,5.8],"texture":"#4"},"west":{"uv":[0,3.6,0.9,5.8],"texture":"#4"}}},{"from":[7.7535,-3.375,8.75],"to":[8.2465,-1.125,9.75],"rotation":{"angle":0,"axis":"y","origin":[7.7535,-3.875,9.75]},"faces":{"east":{"uv":[4.4,10,4,10.9],"texture":"#4"},"south":{"uv":[1.4,12.8,1.2,13.7],"texture":"#4"},"west":{"uv":[7.6,10,7.2,10.9],"texture":"#4"}}},{"from":[7.75,-1.375,8.825],"to":[8.25,-0.625,9.75],"rotation":{"angle":-45,"axis":"x","origin":[7.75,-1.375,9.75]},"faces":{"east":{"uv":[9.6,6.8,9.2,7.1],"texture":"#4"},"south":{"uv":[15.4,9.6,15.2,9.9],"texture":"#4"},"west":{"uv":[4.4,11.6,4,11.9],"texture":"#4"},"up":{"uv":[15.4,2.4,15.2,2.8],"texture":"#4"},"down":{"uv":[5.4,15.6,5.2,15.2],"texture":"#4"}}},{"from":[7.75,-4.375,8.825],"to":[8.25,-3.125,9.75],"rotation":{"angle":45,"axis":"x","origin":[7.75,-3.125,9.75]},"faces":{"east":{"uv":[12.8,8.8,12.4,9.3],"texture":"#4"},"south":{"uv":[9,13.6,8.8,14.1],"texture":"#4"},"west":{"uv":[12.8,10,12.4,10.5],"texture":"#4"},"up":{"uv":[15.4,5.6,15.2,6],"texture":"#4"},"down":{"uv":[15.4,6.8,15.2,6.4],"texture":"#4"}}},{"from":[7.985,-5.25,8.75],"to":[8.015,0.25,11],"rotation":{"angle":0,"axis":"y","origin":[7.985,-4,16]},"faces":{"east":{"uv":[0,3.6,0.9,5.8],"texture":"#4"},"west":{"uv":[0.9,3.6,0,5.8],"texture":"#4"}}},{"from":[7.29289,6.31066,8],"to":[8.29289,6.81066,9],"rotation":{"angle":45,"axis":"y","origin":[7.29289,6.56066,8]},"faces":{"north":{"uv":[15.2,7.2,15.6,7.4],"texture":"#4"},"east":{"uv":[15.2,8,15.6,8.2],"texture":"#4"},"south":{"uv":[15.2,8.8,15.6,9],"texture":"#4"},"west":{"uv":[9.2,15.2,9.6,15.4],"texture":"#4"}}},{"from":[7.29289,9.81066,8],"to":[8.29289,10.56066,9],"rotation":{"angle":45,"axis":"y","origin":[7.29289,9.56066,8]},"faces":{"north":{"uv":[13.2,10.8,13.6,11.1],"texture":"#4"},"east":{"uv":[13.2,11.6,13.6,11.9],"texture":"#4"},"south":{"uv":[12.8,13.2,13.2,13.5],"texture":"#4"},"west":{"uv":[13.6,0.8,14,1.1],"texture":"#4"}}},{"from":[7.04289,6.81066,7.75],"to":[8.54289,9.81066,9.25],"rotation":{"angle":45,"axis":"y","origin":[7.29289,10.81066,8]},"faces":{"north":{"uv":[0,8,0.6,9.2],"texture":"#4"},"east":{"uv":[4.8,8,5.4,9.2],"texture":"#4"},"south":{"uv":[6,8,6.6,9.2],"texture":"#4"},"west":{"uv":[8,6,8.6,7.2],"texture":"#4"},"up":{"uv":[12.2,5.4,11.6,4.8],"texture":"#4"},"down":{"uv":[7.4,11.6,6.8,12.2],"texture":"#4"}}},{"from":[6.15,8.96447,8.5],"to":[6.15,12.96447,12.5],"rotation":{"angle":-45,"axis":"x","origin":[6.15,8.46447,8]},"faces":{"west":{"uv":[0,0,16,16],"texture":"#2"}}},{"from":[5.65,9.96447,9.5],"to":[5.65,11.96447,11.5],"rotation":{"angle":-45,"axis":"x","origin":[5.65,8.46447,8]},"faces":{"west":{"uv":[0,0,8,8],"texture":"#3"}}},{"from":[10.35,9.96447,9.5],"to":[10.35,11.96447,11.5],"rotation":{"angle":-45,"axis":"x","origin":[10.35,8.46447,8]},"faces":{"east":{"uv":[8,0,0,8],"texture":"#3"}}},{"from":[9.85,8.96447,8.5],"to":[9.85,12.96447,12.5],"rotation":{"angle":-45,"axis":"x","origin":[9.85,8.46447,8]},"faces":{"east":{"uv":[16,0,0,16],"texture":"#2"}}},{"from":[7.775,13.5,5.75],"to":[8.225,19,10.25],"rotation":{"angle":0,"axis":"y","origin":[7.775,14,6]},"faces":{"north":{"uv":[2,9.6,2.2,11.8],"texture":"#4"},"east":{"uv":[2.8,0,4.6,2.2],"texture":"#4"},"south":{"uv":[4.8,9.6,5,11.8],"texture":"#4"},"west":{"uv":[2.8,2.8,4.6,5],"texture":"#4"},"up":{"uv":[1.4,12.2,1.2,10.4],"texture":"#4"},"down":{"uv":[9.4,11.2,9.2,13],"texture":"#4"}}},{"from":[7.781,17.85355,6.1035],"to":[8.219,19.35355,9.8965],"rotation":{"angle":0,"axis":"y","origin":[7.781,14.35355,6.3535]},"faces":{"east":{"uv":[6.8,4.8,8.3,5.4],"texture":"#4"},"west":{"uv":[1.6,7.2,3.1,7.8],"texture":"#4"},"up":{"uv":[5.4,13.9,5.2,12.4],"texture":"#4"}}},{"from":[7.776,17.67678,5.67678],"to":[8.224,19.17678,6.17678],"rotation":{"angle":-45,"axis":"x","origin":[7.776,19.17678,5.92678]},"faces":{"east":{"uv":[13.6,1.6,13.8,2.2],"texture":"#4"},"west":{"uv":[4.4,13.6,4.6,14.2],"texture":"#4"},"up":{"uv":[10.2,15.4,10,15.2],"texture":"#4"}}},{"from":[7.776,17.67678,9.82322],"to":[8.224,19.17678,10.32322],"rotation":{"angle":45,"axis":"x","origin":[7.776,19.17678,10.07322]},"faces":{"east":{"uv":[13.8,1.6,13.6,2.2],"texture":"#4"},"west":{"uv":[4.6,13.6,4.4,14.2],"texture":"#4"},"up":{"uv":[10.2,15.2,10,15.4],"texture":"#4"}}},{"from":[7.985,14,5],"to":[8.015,22,11],"rotation":{"angle":0,"axis":"y","origin":[7.985,14,4]},"faces":{"east":{"uv":[2.4,0,0,3.2],"texture":"#4"},"west":{"uv":[0,0,2.4,3.2],"texture":"#4"}}}],"gui_light":"front","display":{"thirdperson_righthand":{"translation":[0,3.25,1]},"thirdperson_lefthand":{"translation":[0,3.25,1]},"firstperson_righthand":{"rotation":[10,0,0],"translation":[2.25,3,1],"scale":[0.7,0.7,0.7]},"firstperson_lefthand":{"rotation":[10,0,0],"translation":[2.25,3,1],"scale":[0.7,0.7,0.7]},"ground":{"rotation":[-45,0,0],"translation":[0,3,0],"scale":[0.7,0.7,0.7]},"gui":{"rotation":[-90,45,90],"translation":[0.5,-0.5,0],"scale":[0.7,0.7,0.7]},"head":{"rotation":[0,-90,0]},"fixed":{"rotation":[0,-90,0],"translation":[0,0,-2.25],"scale":[2,2,2]}},"USER":"33672","NONCE":"250d30f3c9d7634129006a92dfa824a1","TIMESTAMP":"1740508157","RESOURCE":"12629","mcmodels":"250d30f3c9d7634129006a92dfa824a1"}