{"credit":"Pologony Creation Co.,Ltd.","texture_size":[12,12],"textures":{"1":"nanoedge_set:sword","2":"nanoedge_set:animations/animated_1","3":"nanoedge_set:animations/animated_2","4":"nanoedge_set:animations/animated_3","particle":"nanoedge_set:animations/animated_1"},"elements":[{"from":[7.245,-4.06066,8],"to":[8.755,-2.56066,9.5],"rotation":{"angle":-45,"axis":"x","origin":[7.745,-4.06066,8]},"faces":{"north":{"uv":[0,11.2,0.6,11.8],"texture":"#1"},"east":{"uv":[11.2,0,11.8,0.6],"texture":"#1"},"south":{"uv":[1.2,11.2,1.8,11.8],"texture":"#1"},"west":{"uv":[11.2,1.2,11.8,1.8],"texture":"#1"},"up":{"uv":[3,11.8,2.4,11.2],"texture":"#1"},"down":{"uv":[4.2,11.2,3.6,11.8],"texture":"#1"}}},{"from":[7.25,-3,6.93875],"to":[8.75,-1.5,9.06125],"rotation":{"angle":0,"axis":"x","origin":[8.25,-2,7.68875]},"faces":{"north":{"uv":[11.2,4,11.8,4.6],"texture":"#1"},"east":{"uv":[8,9.6,8.8,10.2],"texture":"#1"},"south":{"uv":[11.2,5.2,11.8,5.8],"texture":"#1"},"west":{"uv":[9.6,8.8,10.4,9.4],"texture":"#1"},"up":{"uv":[10.6,0.8,10,0],"texture":"#1"},"down":{"uv":[10.6,1.2,10,2],"texture":"#1"}}},{"from":[7.2425,-2.56066,8],"to":[8.7575,-1.06066,9.5],"rotation":{"angle":-45,"axis":"x","origin":[7.7425,-2.56066,8]},"faces":{"north":{"uv":[11.2,6.4,11.8,7],"texture":"#1"},"east":{"uv":[11.2,7.6,11.8,8.2],"texture":"#1"},"south":{"uv":[11.6,2.4,12.2,3],"texture":"#1"},"west":{"uv":[11.6,8.8,12.2,9.4],"texture":"#1"},"up":{"uv":[12.2,10.6,11.6,10],"texture":"#1"},"down":{"uv":[12.2,11.2,11.6,11.8],"texture":"#1"}}},{"from":[7.7535,-3.375,6.25],"to":[8.2465,-1.125,7.25],"rotation":{"angle":0,"axis":"y","origin":[7.7535,-3.875,6.25]},"faces":{"north":{"uv":[12,13.2,12.2,14.1],"texture":"#1"},"east":{"uv":[4.8,12,5.2,12.9],"texture":"#1"},"west":{"uv":[5.6,12,6,12.9],"texture":"#1"}}},{"from":[7.75,-1.375,6.25],"to":[8.25,-0.625,7.175],"rotation":{"angle":45,"axis":"x","origin":[7.75,-1.375,6.25]},"faces":{"north":{"uv":[15.6,4.8,15.8,5.1],"texture":"#1"},"east":{"uv":[2.4,9.2,2.8,9.5],"texture":"#1"},"west":{"uv":[10,2.4,10.4,2.7],"texture":"#1"},"up":{"uv":[15.8,2,15.6,1.6],"texture":"#1"},"down":{"uv":[15.8,2.4,15.6,2.8],"texture":"#1"}}},{"from":[7.75,-4.375,6.25],"to":[8.25,-3.125,7.175],"rotation":{"angle":-45,"axis":"x","origin":[7.75,-3.125,6.25]},"faces":{"north":{"uv":[8,13.6,8.2,14.1],"texture":"#1"},"east":{"uv":[7.2,13.2,7.6,13.7],"texture":"#1"},"west":{"uv":[8.8,13.2,9.2,13.7],"texture":"#1"},"up":{"uv":[15.8,3.6,15.6,3.2],"texture":"#1"},"down":{"uv":[15.8,4,15.6,4.4],"texture":"#1"}}},{"from":[7.35355,-0.68934,7.5],"to":[8.85355,-0.18934,9],"rotation":{"angle":-45,"axis":"y","origin":[8.35355,-0.68934,8]},"faces":{"north":{"uv":[12.8,13.2,13.4,13.4],"texture":"#1"},"east":{"uv":[0,13.6,0.6,13.8],"texture":"#1"},"south":{"uv":[13.6,0,14.2,0.2],"texture":"#1"},"west":{"uv":[13.6,0.8,14.2,1],"texture":"#1"},"up":{"uv":[9.4,12.6,8.8,12],"texture":"#1"},"down":{"uv":[10.6,12,10,12.6],"texture":"#1"}}},{"from":[7.35355,0.31066,7.5],"to":[8.85355,0.81066,9],"rotation":{"angle":-45,"axis":"y","origin":[8.35355,0.31066,8]},"faces":{"north":{"uv":[1.2,13.6,1.8,13.8],"texture":"#1"},"east":{"uv":[13.6,1.6,14.2,1.8],"texture":"#1"},"south":{"uv":[2.4,13.6,3,13.8],"texture":"#1"},"west":{"uv":[13.6,2.4,14.2,2.6],"texture":"#1"},"up":{"uv":[0.6,13,0,12.4],"texture":"#1"},"down":{"uv":[13,0,12.4,0.6],"texture":"#1"}}},{"from":[7.60355,-0.18934,7.57322],"to":[8.85355,0.31066,8.82322],"rotation":{"angle":-45,"axis":"y","origin":[8.35355,-0.18934,7.82322]},"faces":{"north":{"uv":[14,5.6,14.5,5.8],"texture":"#1"},"east":{"uv":[14,6.4,14.5,6.6],"texture":"#1"},"south":{"uv":[14,9.2,14.5,9.4],"texture":"#1"},"west":{"uv":[14,10,14.5,10.2],"texture":"#1"}}},{"from":[7.35355,5.81066,7.5],"to":[8.85355,6.31066,9],"rotation":{"angle":-45,"axis":"y","origin":[8.35355,5.81066,8]},"faces":{"north":{"uv":[13.6,4.8,14.2,5],"texture":"#1"},"east":{"uv":[13.6,7.6,14.2,7.8],"texture":"#1"},"south":{"uv":[13.6,8.4,14.2,8.6],"texture":"#1"},"west":{"uv":[13.6,12,14.2,12.2],"texture":"#1"},"up":{"uv":[3,13,2.4,12.4],"texture":"#1"},"down":{"uv":[4.2,12.4,3.6,13],"texture":"#1"}}},{"from":[7.60355,5.31066,7.57322],"to":[8.85355,5.81066,8.82322],"rotation":{"angle":-45,"axis":"y","origin":[8.35355,5.31066,7.82322]},"faces":{"north":{"uv":[0,14.4,0.5,14.6],"texture":"#1"},"east":{"uv":[1.2,14.4,1.7,14.6],"texture":"#1"},"south":{"uv":[2.4,14.4,2.9,14.6],"texture":"#1"},"west":{"uv":[3.6,14.4,4.1,14.6],"texture":"#1"}}},{"from":[7.35355,4.81066,7.5],"to":[8.85355,5.31066,9],"rotation":{"angle":-45,"axis":"y","origin":[8.35355,4.81066,8]},"faces":{"north":{"uv":[13.6,3.2,14.2,3.4],"texture":"#1"},"east":{"uv":[3.6,13.6,4.2,13.8],"texture":"#1"},"south":{"uv":[13.6,4,14.2,4.2],"texture":"#1"},"west":{"uv":[4.8,13.6,5.4,13.8],"texture":"#1"},"up":{"uv":[1.8,13,1.2,12.4],"texture":"#1"},"down":{"uv":[13,1.2,12.4,1.8],"texture":"#1"}}},{"from":[7.85355,0.81066,7.64645],"to":[8.85355,4.81066,8.64645],"rotation":{"angle":-45,"axis":"y","origin":[8.35355,0.81066,7.64645]},"faces":{"north":{"uv":[8.8,3.2,9.2,4.8],"texture":"#1"},"east":{"uv":[0,9.2,0.4,10.8],"texture":"#1"},"south":{"uv":[0.8,9.2,1.2,10.8],"texture":"#1"},"west":{"uv":[1.6,9.2,2,10.8],"texture":"#1"}}},{"from":[7,6.5,5.5],"to":[9,9,6.5],"rotation":{"angle":-22.5,"axis":"x","origin":[6.5,5.5,5.5]},"faces":{"north":{"uv":[8.8,0,9.6,1],"texture":"#1"},"east":{"uv":[10.8,2.4,11.2,3.4],"texture":"#1"},"south":{"uv":[8.8,1.6,9.6,2.6],"texture":"#1"},"west":{"uv":[8,10.8,8.4,11.8],"texture":"#1"},"up":{"uv":[10.8,6,10,5.6],"texture":"#1"},"down":{"uv":[13.2,7.6,12.4,8],"texture":"#1"}}},{"from":[7.25,6.75,6.5],"to":[8.75,8.75,8.5],"rotation":{"angle":-22.5,"axis":"x","origin":[6.5,5.5,5.5]},"faces":{"east":{"uv":[8.8,5.2,9.6,6],"texture":"#1"},"south":{"uv":[2.4,10,3,10.8],"texture":"#1"},"west":{"uv":[9.6,3.2,10.4,4],"texture":"#1"},"up":{"uv":[4.2,10.8,3.6,10],"texture":"#1"},"down":{"uv":[10.6,4.4,10,5.2],"texture":"#1"}}},{"from":[6.75,5.87868,8],"to":[9.25,8.87868,11],"rotation":{"angle":-45,"axis":"x","origin":[7,5.87868,8]},"faces":{"north":{"uv":[4.8,6.8,5.8,8],"texture":"#1"},"east":{"uv":[5.6,2.8,6.8,4],"texture":"#1"},"south":{"uv":[6.4,6.8,7.4,8],"texture":"#1"},"west":{"uv":[3.2,6.8,4.4,8],"texture":"#1"},"up":{"uv":[8.2,1.2,7.2,0],"texture":"#1"},"down":{"uv":[8.2,1.6,7.2,2.8],"texture":"#1"}}},{"from":[7.625,7.87868,8],"to":[8.375,11.62868,11.75],"rotation":{"angle":-45,"axis":"x","origin":[7.125,7.87868,8]},"faces":{"north":{"uv":[4.8,10,5.1,11.5],"texture":"#1"},"east":{"uv":[3.2,4.8,4.7,6.3],"texture":"#1"},"south":{"uv":[5.6,10,5.9,11.5],"texture":"#1"},"west":{"uv":[5.2,4.8,6.7,6.3],"texture":"#1"},"up":{"uv":[9.5,11.5,9.2,10],"texture":"#1"},"down":{"uv":[10.3,10,10,11.5],"texture":"#1"}}},{"from":[6.5,6.12868,8.25],"to":[9.5,8.62868,10.75],"rotation":{"angle":-45,"axis":"x","origin":[7,5.87868,8]},"faces":{"north":{"uv":[7.2,3.2,8.4,4.2],"texture":"#1"},"east":{"uv":[3.2,8.4,4.2,9.4],"texture":"#1"},"south":{"uv":[7.2,4.8,8.4,5.8],"texture":"#1"},"west":{"uv":[4.8,8.4,5.8,9.4],"texture":"#1"},"up":{"uv":[9.2,7.4,8,6.4],"texture":"#1"},"down":{"uv":[9.2,8,8,9],"texture":"#1"}}},{"from":[7.75,8.1,2.85],"to":[8.25,8.85,5.6],"rotation":{"angle":45,"axis":"x","origin":[8,7.95,3.53661]},"faces":{"east":{"uv":[12.4,6,13.5,6.3],"texture":"#1"},"west":{"uv":[12.4,6.8,13.5,7.1],"texture":"#1"},"up":{"uv":[6.6,14.3,6.4,13.2],"texture":"#1"}}},{"from":[7.495,7.48091,2.45006],"to":[8.505,9.23091,3.70006],"rotation":{"angle":0,"axis":"x","origin":[8,7.89697,3.625]},"faces":{"north":{"uv":[12.8,2.4,13.2,3.1],"texture":"#1"},"east":{"uv":[12.4,3.6,12.9,4.3],"texture":"#1"},"south":{"uv":[12.8,8.4,13.2,9.1],"texture":"#1"},"west":{"uv":[12.4,4.8,12.9,5.5],"texture":"#1"},"up":{"uv":[10,13.7,9.6,13.2],"texture":"#1"},"down":{"uv":[10.8,13.2,10.4,13.7],"texture":"#1"}}},{"from":[7.5,6.85,3.1],"to":[8.5,8.1,5.6],"rotation":{"angle":45,"axis":"x","origin":[8,7.95,3.53661]},"faces":{"east":{"uv":[9.6,6.4,10.6,6.9],"texture":"#1"},"south":{"uv":[11.2,13.2,11.6,13.7],"texture":"#1"},"west":{"uv":[9.6,7.6,10.6,8.1],"texture":"#1"},"up":{"uv":[11.2,9.8,10.8,8.8],"texture":"#1"},"down":{"uv":[11.2,10.4,10.8,11.4],"texture":"#1"}}},{"from":[7.5,6.93753,5.94553],"to":[8.5,7.93753,7.94553],"rotation":{"angle":22.5,"axis":"x","origin":[7.5,7.03753,5.94553]},"faces":{"east":{"uv":[11.2,12.4,12,12.8],"texture":"#1"},"west":{"uv":[12.4,12.4,13.2,12.8],"texture":"#1"},"down":{"uv":[8.4,12.4,8,13.2],"texture":"#1"}}},{"from":[7,6.5,9.5],"to":[9,9,10.5],"rotation":{"angle":22.5,"axis":"x","origin":[6.5,5.5,10.5]},"faces":{"north":{"uv":[9.6,1.6,8.8,2.6],"texture":"#1"},"east":{"uv":[11.2,2.4,10.8,3.4],"texture":"#1"},"south":{"uv":[9.6,0,8.8,1],"texture":"#1"},"west":{"uv":[8.4,10.8,8,11.8],"texture":"#1"},"up":{"uv":[10.8,5.6,10,6],"texture":"#1"},"down":{"uv":[13.2,8,12.4,7.6],"texture":"#1"}}},{"from":[7.25,6.75,7.5],"to":[8.75,8.75,9.5],"rotation":{"angle":22.5,"axis":"x","origin":[6.5,5.5,10.5]},"faces":{"north":{"uv":[3,10,2.4,10.8],"texture":"#1"},"east":{"uv":[9.6,5.2,8.8,6],"texture":"#1"},"west":{"uv":[10.4,3.2,9.6,4],"texture":"#1"},"up":{"uv":[4.2,10,3.6,10.8],"texture":"#1"},"down":{"uv":[10.6,5.2,10,4.4],"texture":"#1"}}},{"from":[7.75,8.1,10.4],"to":[8.25,8.85,13.15],"rotation":{"angle":-45,"axis":"x","origin":[8,7.95,12.46339]},"faces":{"east":{"uv":[13.5,6,12.4,6.3],"texture":"#1"},"west":{"uv":[13.5,6.8,12.4,7.1],"texture":"#1"},"up":{"uv":[6.6,13.2,6.4,14.3],"texture":"#1"}}},{"from":[7.495,7.48091,12.29994],"to":[8.505,9.23091,13.54994],"rotation":{"angle":0,"axis":"x","origin":[8,7.89697,12.375]},"faces":{"north":{"uv":[13.2,8.4,12.8,9.1],"texture":"#1"},"east":{"uv":[12.9,3.6,12.4,4.3],"texture":"#1"},"south":{"uv":[13.2,2.4,12.8,3.1],"texture":"#1"},"west":{"uv":[12.9,4.8,12.4,5.5],"texture":"#1"},"up":{"uv":[10,13.2,9.6,13.7],"texture":"#1"},"down":{"uv":[10.8,13.7,10.4,13.2],"texture":"#1"}}},{"from":[7.5,6.85,10.4],"to":[8.5,8.1,12.9],"rotation":{"angle":-45,"axis":"x","origin":[8,7.95,12.46339]},"faces":{"north":{"uv":[11.6,13.2,11.2,13.7],"texture":"#1"},"east":{"uv":[10.6,6.4,9.6,6.9],"texture":"#1"},"west":{"uv":[10.6,7.6,9.6,8.1],"texture":"#1"},"up":{"uv":[11.2,8.8,10.8,9.8],"texture":"#1"},"down":{"uv":[11.2,11.4,10.8,10.4],"texture":"#1"}}},{"from":[7.5,6.93753,8.05447],"to":[8.5,7.93753,10.05447],"rotation":{"angle":-22.5,"axis":"x","origin":[7.5,7.03753,10.05447]},"faces":{"east":{"uv":[12,12.4,11.2,12.8],"texture":"#1"},"west":{"uv":[13.2,12.4,12.4,12.8],"texture":"#1"},"down":{"uv":[8.4,13.2,8,12.4],"texture":"#1"}}},{"from":[5.23953,7.625,6.48953],"to":[5.98953,8.375,7.23953],"rotation":{"angle":-45,"axis":"y","origin":[6.75,8,8]},"faces":{"north":{"uv":[4.8,14.4,5.1,14.7],"texture":"#1"},"east":{"uv":[5.6,14.4,5.9,14.7],"texture":"#1"},"south":{"uv":[7.2,14.4,7.5,14.7],"texture":"#1"},"west":{"uv":[8.8,14.4,9.1,14.7],"texture":"#1"},"up":{"uv":[9.9,14.7,9.6,14.4],"texture":"#1"},"down":{"uv":[10.7,14.4,10.4,14.7],"texture":"#1"}}},{"from":[5.23953,7.625,8.76047],"to":[5.98953,8.375,9.51047],"rotation":{"angle":45,"axis":"y","origin":[6.75,8,8]},"faces":{"north":{"uv":[11.2,14.4,11.5,14.7],"texture":"#1"},"east":{"uv":[14.4,14,14.7,14.3],"texture":"#1"},"south":{"uv":[14.8,0,15.1,0.3],"texture":"#1"},"west":{"uv":[14.8,0.8,15.1,1.1],"texture":"#1"},"up":{"uv":[15.1,1.9,14.8,1.6],"texture":"#1"},"down":{"uv":[15.1,2.4,14.8,2.7],"texture":"#1"}}},{"from":[6.375,6.0192,7.625],"to":[7.125,6.7692,8.375],"rotation":{"angle":45,"axis":"z","origin":[6.75,6.3942,8]},"faces":{"north":{"uv":[14.8,8,15.1,8.3],"texture":"#1"},"east":{"uv":[14.8,10.8,15.1,11.1],"texture":"#1"},"south":{"uv":[14.8,11.6,15.1,11.9],"texture":"#1"},"west":{"uv":[12,14.8,12.3,15.1],"texture":"#1"},"up":{"uv":[15.1,12.7,14.8,12.4],"texture":"#1"},"down":{"uv":[15.1,13.2,14.8,13.5],"texture":"#1"}}},{"from":[6.375,9.2308,7.625],"to":[7.125,9.9808,8.375],"rotation":{"angle":-45,"axis":"z","origin":[6.75,9.6058,8]},"faces":{"north":{"uv":[14.8,3.2,15.1,3.5],"texture":"#1"},"east":{"uv":[14.8,4,15.1,4.3],"texture":"#1"},"south":{"uv":[14.8,4.8,15.1,5.1],"texture":"#1"},"west":{"uv":[6.4,14.8,6.7,15.1],"texture":"#1"},"up":{"uv":[15.1,7.5,14.8,7.2],"texture":"#1"},"down":{"uv":[8.3,14.8,8,15.1],"texture":"#1"}}},{"from":[10.01047,7.625,8.76047],"to":[10.76047,8.375,9.51047],"rotation":{"angle":-45,"axis":"y","origin":[9.25,8,8]},"faces":{"north":{"uv":[12.8,15.2,13.1,15.5],"texture":"#1"},"east":{"uv":[13.6,15.2,13.9,15.5],"texture":"#1"},"south":{"uv":[15.2,14,15.5,14.3],"texture":"#1"},"west":{"uv":[15.2,14.8,15.5,15.1],"texture":"#1"},"up":{"uv":[15.9,0.3,15.6,0],"texture":"#1"},"down":{"uv":[15.9,0.8,15.6,1.1],"texture":"#1"}}},{"from":[8.875,9.2308,7.625],"to":[9.625,9.9808,8.375],"rotation":{"angle":45,"axis":"z","origin":[9.25,9.6058,8]},"faces":{"north":{"uv":[8.8,15.2,9.1,15.5],"texture":"#1"},"east":{"uv":[15.2,8.8,15.5,9.1],"texture":"#1"},"south":{"uv":[9.6,15.2,9.9,15.5],"texture":"#1"},"west":{"uv":[15.2,9.6,15.5,9.9],"texture":"#1"},"up":{"uv":[10.7,15.5,10.4,15.2],"texture":"#1"},"down":{"uv":[11.5,15.2,11.2,15.5],"texture":"#1"}}},{"from":[10.01047,7.625,6.48953],"to":[10.76047,8.375,7.23953],"rotation":{"angle":45,"axis":"y","origin":[9.25,8,8]},"faces":{"north":{"uv":[4,15.2,4.3,15.5],"texture":"#1"},"east":{"uv":[4.8,15.2,5.1,15.5],"texture":"#1"},"south":{"uv":[5.6,15.2,5.9,15.5],"texture":"#1"},"west":{"uv":[15.2,5.6,15.5,5.9],"texture":"#1"},"up":{"uv":[15.5,6.7,15.2,6.4],"texture":"#1"},"down":{"uv":[7.5,15.2,7.2,15.5],"texture":"#1"}}},{"from":[8.875,6.0192,7.625],"to":[9.625,6.7692,8.375],"rotation":{"angle":-45,"axis":"z","origin":[9.25,6.3942,8]},"faces":{"north":{"uv":[14.4,14.8,14.7,15.1],"texture":"#1"},"east":{"uv":[0,15.2,0.3,15.5],"texture":"#1"},"south":{"uv":[0.8,15.2,1.1,15.5],"texture":"#1"},"west":{"uv":[1.6,15.2,1.9,15.5],"texture":"#1"},"up":{"uv":[2.7,15.5,2.4,15.2],"texture":"#1"},"down":{"uv":[3.5,15.2,3.2,15.5],"texture":"#1"}}},{"from":[7.75,10.5,6],"to":[8.25,21.25,7.5],"rotation":{"angle":0,"axis":"x","origin":[7.75,12.25,6.5]},"faces":{"north":{"uv":[6.4,8.4,6.6,12.7],"texture":"#1"},"east":{"uv":[3.2,0,3.8,4.3],"texture":"#1"},"south":{"uv":[7.2,8.4,7.4,12.7],"texture":"#1"},"west":{"uv":[4.4,0,5,4.3],"texture":"#1"}}},{"from":[7.7475,20.63388,6.98744],"to":[8.2525,21.88388,8.23744],"rotation":{"angle":45,"axis":"x","origin":[7.9975,22.13388,7.23744]},"faces":{"north":{"uv":[14,10.8,14.2,11.3],"texture":"#1"},"east":{"uv":[12.8,9.6,13.3,10.1],"texture":"#1"},"south":{"uv":[12.8,14,13,14.5],"texture":"#1"},"west":{"uv":[12.8,10.8,13.3,11.3],"texture":"#1"},"up":{"uv":[14.2,13.3,14,12.8],"texture":"#1"},"down":{"uv":[13.8,14,13.6,14.5],"texture":"#1"}}},{"from":[7.7475,20.63388,7.76256],"to":[8.2525,21.88388,9.01256],"rotation":{"angle":-45,"axis":"x","origin":[7.9975,22.13388,8.76256]},"faces":{"north":{"uv":[13,14,12.8,14.5],"texture":"#1"},"east":{"uv":[13.3,9.6,12.8,10.1],"texture":"#1"},"south":{"uv":[14.2,10.8,14,11.3],"texture":"#1"},"west":{"uv":[13.3,10.8,12.8,11.3],"texture":"#1"},"up":{"uv":[14.2,12.8,14,13.3],"texture":"#1"},"down":{"uv":[13.8,14.5,13.6,14],"texture":"#1"}}},{"from":[7.75,10.5,8.5],"to":[8.25,21.25,10],"rotation":{"angle":0,"axis":"x","origin":[7.75,12.25,9.5]},"faces":{"north":{"uv":[7.4,8.4,7.2,12.7],"texture":"#1"},"east":{"uv":[3.8,0,3.2,4.3],"texture":"#1"},"south":{"uv":[6.6,8.4,6.4,12.7],"texture":"#1"},"west":{"uv":[5,0,4.4,4.3],"texture":"#1"}}},{"from":[7.985,10,4.5],"to":[8.015,32,11.5],"rotation":{"angle":0,"axis":"y","origin":[7.985,12,5.5]},"faces":{"east":{"uv":[2.8,0,0,8.8],"texture":"#1"},"west":{"uv":[0,0,2.8,8.8],"texture":"#1"}}},{"from":[7.985,-5.25,5],"to":[8.015,0.25,7.25],"rotation":{"angle":0,"axis":"y","origin":[7.985,-4,0]},"faces":{"east":{"uv":[6.5,0,5.6,2.2],"texture":"#1"},"west":{"uv":[5.6,0,6.5,2.2],"texture":"#1"}}},{"from":[7.7535,-3.375,8.75],"to":[8.2465,-1.125,9.75],"rotation":{"angle":0,"axis":"y","origin":[7.7535,-3.875,9.75]},"faces":{"east":{"uv":[5.2,12,4.8,12.9],"texture":"#1"},"south":{"uv":[12.2,13.2,12,14.1],"texture":"#1"},"west":{"uv":[6,12,5.6,12.9],"texture":"#1"}}},{"from":[7.75,-1.375,8.825],"to":[8.25,-0.625,9.75],"rotation":{"angle":-45,"axis":"x","origin":[7.75,-1.375,9.75]},"faces":{"east":{"uv":[2.8,9.2,2.4,9.5],"texture":"#1"},"south":{"uv":[15.8,4.8,15.6,5.1],"texture":"#1"},"west":{"uv":[10.4,2.4,10,2.7],"texture":"#1"},"up":{"uv":[15.8,1.6,15.6,2],"texture":"#1"},"down":{"uv":[15.8,2.8,15.6,2.4],"texture":"#1"}}},{"from":[7.75,-4.375,8.825],"to":[8.25,-3.125,9.75],"rotation":{"angle":45,"axis":"x","origin":[7.75,-3.125,9.75]},"faces":{"east":{"uv":[7.6,13.2,7.2,13.7],"texture":"#1"},"south":{"uv":[8.2,13.6,8,14.1],"texture":"#1"},"west":{"uv":[9.2,13.2,8.8,13.7],"texture":"#1"},"up":{"uv":[15.8,3.2,15.6,3.6],"texture":"#1"},"down":{"uv":[15.8,4.4,15.6,4],"texture":"#1"}}},{"from":[7.985,-5.25,8.75],"to":[8.015,0.25,11],"rotation":{"angle":0,"axis":"y","origin":[7.985,-4,16]},"faces":{"east":{"uv":[5.6,0,6.5,2.2],"texture":"#1"},"west":{"uv":[6.5,0,5.6,2.2],"texture":"#1"}}},{"from":[6.15,4.96447,8.5],"to":[6.15,8.96447,12.5],"rotation":{"angle":-45,"axis":"x","origin":[6.15,4.46447,8]},"faces":{"west":{"uv":[0,0,16,16],"texture":"#2"}}},{"from":[5.65,5.96447,9.5],"to":[5.65,7.96447,11.5],"rotation":{"angle":-45,"axis":"x","origin":[5.65,4.46447,8]},"faces":{"west":{"uv":[0,0,8,8],"texture":"#3"}}},{"from":[10.35,5.96447,9.5],"to":[10.35,7.96447,11.5],"rotation":{"angle":-45,"axis":"x","origin":[10.35,4.46447,8]},"faces":{"east":{"uv":[8,0,0,8],"texture":"#3"}}},{"from":[9.85,4.96447,8.5],"to":[9.85,8.96447,12.5],"rotation":{"angle":-45,"axis":"x","origin":[9.85,4.46447,8]},"faces":{"east":{"uv":[16,0,0,16],"texture":"#2"}}},{"from":[7.875,12.25,7.5],"to":[8.125,21.25,8.5],"rotation":{"angle":0,"axis":"y","origin":[7.625,11,7]},"faces":{"east":{"uv":[1.33333,0,0,12],"texture":"#4"},"west":{"uv":[0,0,1.33333,12],"texture":"#4"}}}],"gui_light":"front","display":{"thirdperson_righthand":{"translation":[0,3.25,1]},"thirdperson_lefthand":{"translation":[0,3.25,1]},"firstperson_righthand":{"rotation":[10,0,0],"translation":[1.75,1.25,0],"scale":[0.7,0.7,0.7]},"firstperson_lefthand":{"rotation":[10,0,0],"translation":[1.75,1.25,0],"scale":[0.7,0.7,0.7]},"ground":{"rotation":[-45,0,0],"translation":[0,3,0],"scale":[0.7,0.7,0.7]},"gui":{"rotation":[-90,45,90],"translation":[2,-2,0],"scale":[0.6,0.6,0.6]},"head":{"rotation":[0,-90,0]},"fixed":{"rotation":[0,-90,0],"translation":[0,0,-2.25],"scale":[2,2,2]}},"USER":"33672","NONCE":"250d30f3c9d7634129006a92dfa824a1","TIMESTAMP":"1740508157","RESOURCE":"12629","mcmodels":"250d30f3c9d7634129006a92dfa824a1"}