{"credit":"Pologony Creation Co.,Ltd.","texture_size":[48,48],"textures":{"2":"nanoedge_set:animations/animated_1","3":"nanoedge_set:animations/animated_2","4":"nanoedge_set:trident","particle":"nanoedge_set:animations/animated_1"},"elements":[{"from":[7.245,-10.06066,8],"to":[8.755,-8.56066,9.5],"rotation":{"angle":-45,"axis":"x","origin":[7.745,-10.06066,8]},"faces":{"north":{"uv":[10.66667,7.33333,11.16667,7.83333],"texture":"#4"},"east":{"uv":[9,10.66667,9.5,11.16667],"texture":"#4"},"south":{"uv":[10,10.66667,10.5,11.16667],"texture":"#4"},"west":{"uv":[11,5.66667,11.5,6.16667],"texture":"#4"},"up":{"uv":[11.5,10.16667,11,9.66667],"texture":"#4"},"down":{"uv":[11.5,10.66667,11,11.16667],"texture":"#4"}}},{"from":[7.25,-9,6.93875],"to":[8.75,-7.5,9.06125],"rotation":{"angle":0,"axis":"y","origin":[8.25,-8,7.68875]},"faces":{"north":{"uv":[0,11.33333,0.5,11.83333],"texture":"#4"},"east":{"uv":[10,6.33333,10.66667,6.83333],"texture":"#4"},"south":{"uv":[11.33333,0.66667,11.83333,1.16667],"texture":"#4"},"west":{"uv":[10,9.66667,10.66667,10.16667],"texture":"#4"},"up":{"uv":[1.16667,11,0.66667,10.33333],"texture":"#4"},"down":{"uv":[10.83333,0.66667,10.33333,1.33333],"texture":"#4"}}},{"from":[7.2425,-8.56066,8],"to":[8.7575,-7.06066,9.5],"rotation":{"angle":-45,"axis":"x","origin":[7.7425,-8.56066,8]},"faces":{"north":{"uv":[1,11.33333,1.5,11.83333],"texture":"#4"},"east":{"uv":[11.33333,1.66667,11.83333,2.16667],"texture":"#4"},"south":{"uv":[11.33333,2.66667,11.83333,3.16667],"texture":"#4"},"west":{"uv":[11.33333,3.66667,11.83333,4.16667],"texture":"#4"},"up":{"uv":[11.83333,5.16667,11.33333,4.66667],"texture":"#4"},"down":{"uv":[11.83333,8.33333,11.33333,8.83333],"texture":"#4"}}},{"from":[7.7535,-9.375,6.25],"to":[8.2465,-7.125,7.25],"rotation":{"angle":0,"axis":"y","origin":[7.7535,-9.875,6.25]},"faces":{"north":{"uv":[5.66667,13,5.83333,13.75],"texture":"#4"},"east":{"uv":[6.33333,11,6.66667,11.75],"texture":"#4"},"west":{"uv":[2,11.33333,2.33333,12.08333],"texture":"#4"}}},{"from":[7.75,-7.375,6.25],"to":[8.25,-6.625,7.175],"rotation":{"angle":45,"axis":"x","origin":[7.75,-7.375,6.25]},"faces":{"north":{"uv":[15,8,15.16667,8.25],"texture":"#4"},"east":{"uv":[10,7.33333,10.33333,7.58333],"texture":"#4"},"west":{"uv":[10.33333,5.66667,10.66667,5.91667],"texture":"#4"},"up":{"uv":[2.83333,15.33333,2.66667,15],"texture":"#4"},"down":{"uv":[15.16667,2.66667,15,3],"texture":"#4"}}},{"from":[7.75,-10.375,6.25],"to":[8.25,-9.125,7.175],"rotation":{"angle":-45,"axis":"x","origin":[7.75,-9.125,6.25]},"faces":{"north":{"uv":[10.33333,13.66667,10.5,14.08333],"texture":"#4"},"east":{"uv":[9.66667,12.66667,10,13.08333],"texture":"#4"},"west":{"uv":[10.33333,12.66667,10.66667,13.08333],"texture":"#4"},"up":{"uv":[3.5,15.33333,3.33333,15],"texture":"#4"},"down":{"uv":[15.16667,3.33333,15,3.66667],"texture":"#4"}}},{"from":[7.35355,1.31066,7.5],"to":[8.85355,1.81066,9],"rotation":{"angle":-45,"axis":"y","origin":[8.35355,1.31066,8]},"faces":{"north":{"uv":[6.33333,13,6.83333,13.16667],"texture":"#4"},"east":{"uv":[13,8.33333,13.5,8.5],"texture":"#4"},"south":{"uv":[13,9,13.5,9.16667],"texture":"#4"},"west":{"uv":[13,9.66667,13.5,9.83333],"texture":"#4"},"up":{"uv":[3.16667,12.16667,2.66667,11.66667],"texture":"#4"},"down":{"uv":[12.16667,6.66667,11.66667,7.16667],"texture":"#4"}}},{"from":[7.35355,2.31066,7.5],"to":[8.85355,2.81066,9],"rotation":{"angle":-45,"axis":"y","origin":[8.35355,2.31066,8]},"faces":{"north":{"uv":[13,10.33333,13.5,10.5],"texture":"#4"},"east":{"uv":[13,11,13.5,11.16667],"texture":"#4"},"south":{"uv":[11.66667,13,12.16667,13.16667],"texture":"#4"},"west":{"uv":[13,11.66667,13.5,11.83333],"texture":"#4"},"up":{"uv":[9.5,12.16667,9,11.66667],"texture":"#4"},"down":{"uv":[10.5,11.66667,10,12.16667],"texture":"#4"}}},{"from":[7.60355,1.81066,7.57322],"to":[8.85355,2.31066,8.82322],"rotation":{"angle":-45,"axis":"y","origin":[8.35355,1.81066,7.82322]},"faces":{"north":{"uv":[11.66667,13.66667,12.08333,13.83333],"texture":"#4"},"east":{"uv":[12.66667,13.66667,13.08333,13.83333],"texture":"#4"},"south":{"uv":[13.66667,13,14.08333,13.16667],"texture":"#4"},"west":{"uv":[13.66667,13.66667,14.08333,13.83333],"texture":"#4"}}},{"from":[7.35355,-6.68934,7.5],"to":[8.85355,-6.18934,9],"rotation":{"angle":-45,"axis":"y","origin":[8.35355,-6.68934,8]},"faces":{"north":{"uv":[13.33333,6.66667,13.83333,6.83333],"texture":"#4"},"east":{"uv":[13.33333,7.33333,13.83333,7.5],"texture":"#4"},"south":{"uv":[13.66667,5.33333,14.16667,5.5],"texture":"#4"},"west":{"uv":[13.66667,6,14.16667,6.16667],"texture":"#4"},"up":{"uv":[12.83333,0.5,12.33333,0],"texture":"#4"},"down":{"uv":[1.5,12.33333,1,12.83333],"texture":"#4"}}},{"from":[7.35355,-5.68934,7.5],"to":[8.85355,-5.18934,9],"rotation":{"angle":-45,"axis":"y","origin":[8.35355,-5.68934,8]},"faces":{"north":{"uv":[13.33333,2.66667,13.83333,2.83333],"texture":"#4"},"east":{"uv":[13.33333,3.33333,13.83333,3.5],"texture":"#4"},"south":{"uv":[13.33333,4,13.83333,4.16667],"texture":"#4"},"west":{"uv":[13.33333,4.66667,13.83333,4.83333],"texture":"#4"},"up":{"uv":[12.5,11.83333,12,11.33333],"texture":"#4"},"down":{"uv":[0.5,12.33333,0,12.83333],"texture":"#4"}}},{"from":[7.60355,-6.18934,7.57322],"to":[8.85355,-5.68934,8.82322],"rotation":{"angle":-45,"axis":"y","origin":[8.35355,-6.18934,7.82322]},"faces":{"north":{"uv":[14,8,14.41667,8.16667],"texture":"#4"},"east":{"uv":[8.33333,14,8.75,14.16667],"texture":"#4"},"south":{"uv":[14,8.66667,14.41667,8.83333],"texture":"#4"},"west":{"uv":[14,9.33333,14.41667,9.5],"texture":"#4"}}},{"from":[7.35355,7.81066,7.5],"to":[8.85355,8.31066,9],"rotation":{"angle":-45,"axis":"y","origin":[8.35355,7.81066,8]},"faces":{"north":{"uv":[13,12.33333,13.5,12.5],"texture":"#4"},"east":{"uv":[12.66667,13,13.16667,13.16667],"texture":"#4"},"south":{"uv":[0,13.33333,0.5,13.5],"texture":"#4"},"west":{"uv":[13.33333,0,13.83333,0.16667],"texture":"#4"},"up":{"uv":[11.5,12.16667,11,11.66667],"texture":"#4"},"down":{"uv":[4.16667,12,3.66667,12.5],"texture":"#4"}}},{"from":[7.60355,7.31066,7.57322],"to":[8.85355,7.81066,8.82322],"rotation":{"angle":-45,"axis":"y","origin":[8.35355,7.31066,7.82322]},"faces":{"north":{"uv":[0,14,0.41667,14.16667],"texture":"#4"},"east":{"uv":[1,14,1.41667,14.16667],"texture":"#4"},"south":{"uv":[2,14,2.41667,14.16667],"texture":"#4"},"west":{"uv":[14,2,14.41667,2.16667],"texture":"#4"}}},{"from":[7.35355,6.81066,7.5],"to":[8.85355,7.31066,9],"rotation":{"angle":-45,"axis":"y","origin":[8.35355,6.81066,8]},"faces":{"north":{"uv":[13.33333,0.66667,13.83333,0.83333],"texture":"#4"},"east":{"uv":[1,13.33333,1.5,13.5],"texture":"#4"},"south":{"uv":[13.33333,1.33333,13.83333,1.5],"texture":"#4"},"west":{"uv":[2,13.33333,2.5,13.5],"texture":"#4"},"up":{"uv":[5.16667,12.5,4.66667,12],"texture":"#4"},"down":{"uv":[12.5,5.66667,12,6.16667],"texture":"#4"}}},{"from":[7.85355,2.81066,7.64645],"to":[8.85355,6.81066,8.64645],"rotation":{"angle":-45,"axis":"y","origin":[8.35355,2.81066,7.64645]},"faces":{"north":{"uv":[5.66667,0,6,1.33333],"texture":"#4"},"east":{"uv":[9.66667,1.33333,10,2.66667],"texture":"#4"},"south":{"uv":[9.66667,3,10,4.33333],"texture":"#4"},"west":{"uv":[9.66667,4.66667,10,6],"texture":"#4"}}},{"from":[7,20.5,5.5],"to":[9,23,6.5],"rotation":{"angle":-22.5,"axis":"x","origin":[6.5,19.5,5.5]},"faces":{"north":{"uv":[8.66667,1.33333,9.33333,2.16667],"texture":"#4"},"east":{"uv":[4.33333,10.66667,4.66667,11.5],"texture":"#4"},"south":{"uv":[8.66667,2.66667,9.33333,3.5],"texture":"#4"},"west":{"uv":[5,10.66667,5.33333,11.5],"texture":"#4"},"up":{"uv":[12.33333,8,11.66667,7.66667],"texture":"#4"},"down":{"uv":[13,3,12.33333,3.33333],"texture":"#4"}}},{"from":[7.25,20.75,6.5],"to":[8.75,22.75,8.5],"rotation":{"angle":-22.5,"axis":"x","origin":[6.5,19.5,5.5]},"faces":{"east":{"uv":[7,9.66667,7.66667,10.33333],"texture":"#4"},"south":{"uv":[1.66667,10.33333,2.16667,11],"texture":"#4"},"west":{"uv":[8,9.66667,8.66667,10.33333],"texture":"#4"},"up":{"uv":[10.83333,2.33333,10.33333,1.66667],"texture":"#4"},"down":{"uv":[10.83333,2.66667,10.33333,3.33333],"texture":"#4"}}},{"from":[6.75,19.87868,8],"to":[9.25,22.87868,11],"rotation":{"angle":-45,"axis":"x","origin":[7,19.87868,8]},"faces":{"north":{"uv":[5,6.66667,5.83333,7.66667],"texture":"#4"},"east":{"uv":[5.33333,4,6.33333,5],"texture":"#4"},"south":{"uv":[6.66667,5.66667,7.5,6.66667],"texture":"#4"},"west":{"uv":[5.33333,5.33333,6.33333,6.33333],"texture":"#4"},"up":{"uv":[7.16667,8,6.33333,7],"texture":"#4"},"down":{"uv":[8.16667,0,7.33333,1],"texture":"#4"}}},{"from":[6.5,20.12868,8.25],"to":[9.5,22.62868,10.75],"rotation":{"angle":-45,"axis":"x","origin":[7,19.87868,8]},"faces":{"north":{"uv":[7.33333,1.33333,8.33333,2.16667],"texture":"#4"},"east":{"uv":[8,5.33333,8.83333,6.16667],"texture":"#4"},"south":{"uv":[7.33333,2.66667,8.33333,3.5],"texture":"#4"},"west":{"uv":[7,8.33333,7.83333,9.16667],"texture":"#4"},"up":{"uv":[8.33333,4.83333,7.33333,4],"texture":"#4"},"down":{"uv":[8.66667,7,7.66667,7.83333],"texture":"#4"}}},{"from":[7.5,20.93753,5.94553],"to":[8.5,21.93753,7.94553],"rotation":{"angle":22.5,"axis":"x","origin":[7.5,21.03753,5.94553]},"faces":{"east":{"uv":[12.33333,3.66667,13,4],"texture":"#4"},"west":{"uv":[12.33333,4.33333,13,4.66667],"texture":"#4"},"down":{"uv":[6,12,5.66667,12.66667],"texture":"#4"}}},{"from":[7.25,20.75,7.5],"to":[8.75,22.75,9.5],"rotation":{"angle":22.5,"axis":"x","origin":[6.5,19.5,10.5]},"faces":{"north":{"uv":[10.33333,3.66667,10.83333,4.33333],"texture":"#4"},"east":{"uv":[9.66667,8,10.33333,8.66667],"texture":"#4"},"west":{"uv":[9,9.66667,9.66667,10.33333],"texture":"#4"},"up":{"uv":[10.83333,5.33333,10.33333,4.66667],"texture":"#4"},"down":{"uv":[3.16667,10.66667,2.66667,11.33333],"texture":"#4"}}},{"from":[7,20.5,9.5],"to":[9,23,10.5],"rotation":{"angle":22.5,"axis":"x","origin":[6.5,19.5,10.5]},"faces":{"north":{"uv":[8.66667,4,9.33333,4.83333],"texture":"#4"},"east":{"uv":[5.66667,10.66667,6,11.5],"texture":"#4"},"south":{"uv":[0.66667,9,1.33333,9.83333],"texture":"#4"},"west":{"uv":[7,10.66667,7.33333,11.5],"texture":"#4"},"up":{"uv":[12.66667,12.66667,12,12.33333],"texture":"#4"},"down":{"uv":[2.66667,12.66667,2,13],"texture":"#4"}}},{"from":[7.5,20.93753,8.05447],"to":[8.5,21.93753,10.05447],"rotation":{"angle":-22.5,"axis":"x","origin":[7.5,21.03753,10.05447]},"faces":{"east":{"uv":[12.33333,5,13,5.33333],"texture":"#4"},"west":{"uv":[6.33333,12.33333,7,12.66667],"texture":"#4"},"down":{"uv":[12.66667,8.33333,12.33333,9],"texture":"#4"}}},{"from":[5.23953,21.625,6.48953],"to":[5.98953,22.375,7.23953],"rotation":{"angle":-45,"axis":"y","origin":[6.75,22,8]},"faces":{"north":{"uv":[14,10,14.25,10.25],"texture":"#4"},"east":{"uv":[14,10.66667,14.25,10.91667],"texture":"#4"},"south":{"uv":[11,14,11.25,14.25],"texture":"#4"},"west":{"uv":[14,11.33333,14.25,11.58333],"texture":"#4"},"up":{"uv":[14.25,12.25,14,12],"texture":"#4"},"down":{"uv":[14.58333,0,14.33333,0.25],"texture":"#4"}}},{"from":[5.23953,21.625,8.76047],"to":[5.98953,22.375,9.51047],"rotation":{"angle":45,"axis":"y","origin":[6.75,22,8]},"faces":{"north":{"uv":[14.33333,0.66667,14.58333,0.91667],"texture":"#4"},"east":{"uv":[14.33333,1.33333,14.58333,1.58333],"texture":"#4"},"south":{"uv":[14.33333,2.66667,14.58333,2.91667],"texture":"#4"},"west":{"uv":[3,14.33333,3.25,14.58333],"texture":"#4"},"up":{"uv":[14.58333,3.58333,14.33333,3.33333],"texture":"#4"},"down":{"uv":[3.91667,14.33333,3.66667,14.58333],"texture":"#4"}}},{"from":[6.375,20.0192,7.625],"to":[7.125,20.7692,8.375],"rotation":{"angle":45,"axis":"z","origin":[6.75,20.3942,8]},"faces":{"north":{"uv":[14.33333,4,14.58333,4.25],"texture":"#4"},"east":{"uv":[4.33333,14.33333,4.58333,14.58333],"texture":"#4"},"south":{"uv":[14.33333,4.66667,14.58333,4.91667],"texture":"#4"},"west":{"uv":[5,14.33333,5.25,14.58333],"texture":"#4"},"up":{"uv":[5.91667,14.58333,5.66667,14.33333],"texture":"#4"},"down":{"uv":[14.58333,6.66667,14.33333,6.91667],"texture":"#4"}}},{"from":[6.375,23.2308,7.625],"to":[7.125,23.9808,8.375],"rotation":{"angle":-45,"axis":"z","origin":[6.75,23.6058,8]},"faces":{"north":{"uv":[14.33333,7.33333,14.58333,7.58333],"texture":"#4"},"east":{"uv":[11.66667,14.33333,11.91667,14.58333],"texture":"#4"},"south":{"uv":[12.33333,14.33333,12.58333,14.58333],"texture":"#4"},"west":{"uv":[13,14.33333,13.25,14.58333],"texture":"#4"},"up":{"uv":[13.91667,14.58333,13.66667,14.33333],"texture":"#4"},"down":{"uv":[14.58333,14.33333,14.33333,14.58333],"texture":"#4"}}},{"from":[10.01047,21.625,8.76047],"to":[10.76047,22.375,9.51047],"rotation":{"angle":-45,"axis":"y","origin":[9.25,22,8]},"faces":{"north":{"uv":[0,14.66667,0.25,14.91667],"texture":"#4"},"east":{"uv":[0.66667,14.66667,0.91667,14.91667],"texture":"#4"},"south":{"uv":[1.33333,14.66667,1.58333,14.91667],"texture":"#4"},"west":{"uv":[2,14.66667,2.25,14.91667],"texture":"#4"},"up":{"uv":[14.91667,5.58333,14.66667,5.33333],"texture":"#4"},"down":{"uv":[14.91667,6,14.66667,6.25],"texture":"#4"}}},{"from":[8.875,23.2308,7.625],"to":[9.625,23.9808,8.375],"rotation":{"angle":45,"axis":"z","origin":[9.25,23.6058,8]},"faces":{"north":{"uv":[6.33333,14.66667,6.58333,14.91667],"texture":"#4"},"east":{"uv":[7,14.66667,7.25,14.91667],"texture":"#4"},"south":{"uv":[7.66667,14.66667,7.91667,14.91667],"texture":"#4"},"west":{"uv":[8.33333,14.66667,8.58333,14.91667],"texture":"#4"},"up":{"uv":[9.25,14.91667,9,14.66667],"texture":"#4"},"down":{"uv":[9.91667,14.66667,9.66667,14.91667],"texture":"#4"}}},{"from":[10.01047,21.625,6.48953],"to":[10.76047,22.375,7.23953],"rotation":{"angle":45,"axis":"y","origin":[9.25,22,8]},"faces":{"north":{"uv":[14.66667,10,14.91667,10.25],"texture":"#4"},"east":{"uv":[10.33333,14.66667,10.58333,14.91667],"texture":"#4"},"south":{"uv":[14.66667,10.66667,14.91667,10.91667],"texture":"#4"},"west":{"uv":[11,14.66667,11.25,14.91667],"texture":"#4"},"up":{"uv":[14.91667,11.58333,14.66667,11.33333],"texture":"#4"},"down":{"uv":[14.91667,12,14.66667,12.25],"texture":"#4"}}},{"from":[8.875,20.0192,7.625],"to":[9.625,20.7692,8.375],"rotation":{"angle":-45,"axis":"z","origin":[9.25,20.3942,8]},"faces":{"north":{"uv":[14.66667,12.66667,14.91667,12.91667],"texture":"#4"},"east":{"uv":[14.66667,13.33333,14.91667,13.58333],"texture":"#4"},"south":{"uv":[15,0,15.25,0.25],"texture":"#4"},"west":{"uv":[15,0.66667,15.25,0.91667],"texture":"#4"},"up":{"uv":[15.25,1.58333,15,1.33333],"texture":"#4"},"down":{"uv":[15.25,2,15,2.25],"texture":"#4"}}},{"from":[7.985,-11.25,5],"to":[8.015,-5.75,7.25],"rotation":{"angle":0,"axis":"y","origin":[7.985,-10,0]},"faces":{"east":{"uv":[0.75,3.33333,0,5.16667],"texture":"#4"},"west":{"uv":[0,3.33333,0.75,5.16667],"texture":"#4"}}},{"from":[7.7535,-9.375,8.75],"to":[8.2465,-7.125,9.75],"rotation":{"angle":0,"axis":"y","origin":[7.7535,-9.875,9.75]},"faces":{"east":{"uv":[6.66667,11,6.33333,11.75],"texture":"#4"},"south":{"uv":[5.83333,13,5.66667,13.75],"texture":"#4"},"west":{"uv":[2.33333,11.33333,2,12.08333],"texture":"#4"}}},{"from":[7.75,-7.375,8.825],"to":[8.25,-6.625,9.75],"rotation":{"angle":-45,"axis":"x","origin":[7.75,-7.375,9.75]},"faces":{"east":{"uv":[10.33333,7.33333,10,7.58333],"texture":"#4"},"south":{"uv":[15.16667,8,15,8.25],"texture":"#4"},"west":{"uv":[10.66667,5.66667,10.33333,5.91667],"texture":"#4"},"up":{"uv":[2.83333,15,2.66667,15.33333],"texture":"#4"},"down":{"uv":[15.16667,3,15,2.66667],"texture":"#4"}}},{"from":[7.75,-10.375,8.825],"to":[8.25,-9.125,9.75],"rotation":{"angle":45,"axis":"x","origin":[7.75,-9.125,9.75]},"faces":{"east":{"uv":[10,12.66667,9.66667,13.08333],"texture":"#4"},"south":{"uv":[10.5,13.66667,10.33333,14.08333],"texture":"#4"},"west":{"uv":[10.66667,12.66667,10.33333,13.08333],"texture":"#4"},"up":{"uv":[3.5,15,3.33333,15.33333],"texture":"#4"},"down":{"uv":[15.16667,3.66667,15,3.33333],"texture":"#4"}}},{"from":[7.985,-11.25,8.75],"to":[8.015,-5.75,11],"rotation":{"angle":0,"axis":"y","origin":[7.985,-10,16]},"faces":{"east":{"uv":[0,3.33333,0.75,5.16667],"texture":"#4"},"west":{"uv":[0.75,3.33333,0,5.16667],"texture":"#4"}}},{"from":[7.29289,8.31066,8],"to":[8.29289,8.81066,9],"rotation":{"angle":45,"axis":"y","origin":[7.29289,8.56066,8]},"faces":{"north":{"uv":[4,15,4.33333,15.16667],"texture":"#4"},"east":{"uv":[15,4,15.33333,4.16667],"texture":"#4"},"south":{"uv":[4.66667,15,5,15.16667],"texture":"#4"},"west":{"uv":[15,4.66667,15.33333,4.83333],"texture":"#4"}}},{"from":[7.29289,19.81066,8],"to":[8.29289,20.56066,9],"rotation":{"angle":45,"axis":"y","origin":[7.29289,19.56066,8]},"faces":{"north":{"uv":[10.66667,8.33333,11,8.58333],"texture":"#4"},"east":{"uv":[11,6.66667,11.33333,6.91667],"texture":"#4"},"south":{"uv":[11.66667,0,12,0.25],"texture":"#4"},"west":{"uv":[13.33333,2,13.66667,2.25],"texture":"#4"}}},{"from":[7.04289,8.81066,7.75],"to":[8.54289,11.81066,9.25],"rotation":{"angle":45,"axis":"y","origin":[7.29289,12.81066,8]},"faces":{"north":{"uv":[1.66667,9,2.16667,10],"texture":"#4"},"east":{"uv":[9,6.66667,9.5,7.66667],"texture":"#4"},"south":{"uv":[2.66667,9.33333,3.16667,10.33333],"texture":"#4"},"west":{"uv":[3.66667,9.33333,4.16667,10.33333],"texture":"#4"},"up":{"uv":[12.5,9.83333,12,9.33333],"texture":"#4"},"down":{"uv":[12.5,10.33333,12,10.83333],"texture":"#4"}}},{"from":[6.15,18.96447,8.5],"to":[6.15,22.96447,12.5],"rotation":{"angle":-45,"axis":"x","origin":[6.15,18.46447,8]},"faces":{"west":{"uv":[0,0,16,16],"texture":"#2"}}},{"from":[5.65,19.96447,9.5],"to":[5.65,21.96447,11.5],"rotation":{"angle":-45,"axis":"x","origin":[5.65,18.46447,8]},"faces":{"west":{"uv":[0,0,8,8],"texture":"#3"}}},{"from":[10.35,19.96447,9.5],"to":[10.35,21.96447,11.5],"rotation":{"angle":-45,"axis":"x","origin":[10.35,18.46447,8]},"faces":{"east":{"uv":[8,0,0,8],"texture":"#3"}}},{"from":[9.85,18.96447,8.5],"to":[9.85,22.96447,12.5],"rotation":{"angle":-45,"axis":"x","origin":[9.85,18.46447,8]},"faces":{"east":{"uv":[16,0,0,16],"texture":"#2"}}},{"from":[7.21967,-5.18934,7.75],"to":[8.46967,1.31066,9],"rotation":{"angle":45,"axis":"y","origin":[7.46967,0.31066,8]},"faces":{"north":{"uv":[0,5.66667,0.41667,7.83333],"texture":"#4"},"east":{"uv":[6.33333,0,6.75,2.16667],"texture":"#4"},"south":{"uv":[1,6.33333,1.41667,8.5],"texture":"#4"},"west":{"uv":[2,6.33333,2.41667,8.5],"texture":"#4"}}},{"from":[7.39645,-5.18934,7.75],"to":[8.39645,1.31066,8.75],"rotation":{"angle":45,"axis":"y","origin":[7.64645,0.31066,8]},"faces":{"north":{"uv":[5,8,5.33333,10.16667],"texture":"#4"},"east":{"uv":[5.66667,8,6,10.16667],"texture":"#4"},"south":{"uv":[0,8.33333,0.33333,10.5],"texture":"#4"},"west":{"uv":[6.33333,8.33333,6.66667,10.5],"texture":"#4"}}},{"from":[7.21967,11.81066,7.75],"to":[8.46967,19.81066,9],"rotation":{"angle":45,"axis":"y","origin":[7.46967,19.31066,8]},"faces":{"north":{"uv":[1.33333,3.33333,1.75,6],"texture":"#4"},"east":{"uv":[2.33333,3.33333,2.75,6],"texture":"#4"},"south":{"uv":[3.33333,3.33333,3.75,6],"texture":"#4"},"west":{"uv":[4.33333,3.33333,4.75,6],"texture":"#4"},"up":{"uv":[7.75,13.08333,7.33333,12.66667],"texture":"#4"}}},{"from":[7.39645,11.81066,7.75],"to":[8.39645,19.81066,8.75],"rotation":{"angle":45,"axis":"y","origin":[7.64645,19.31066,8]},"faces":{"north":{"uv":[3,6.33333,3.33333,9],"texture":"#4"},"east":{"uv":[3.66667,6.33333,4,9],"texture":"#4"},"south":{"uv":[4.33333,6.33333,4.66667,9],"texture":"#4"},"west":{"uv":[6.66667,2.66667,7,5.33333],"texture":"#4"}}},{"from":[7.775,22,8],"to":[8.225,24.5,10.5],"rotation":{"angle":-45,"axis":"x","origin":[7.775,22,8]},"faces":{"north":{"uv":[11,12.66667,11.16667,13.5],"texture":"#4"},"east":{"uv":[8.33333,8.33333,9.16667,9.16667],"texture":"#4"},"south":{"uv":[3.66667,13,3.83333,13.83333],"texture":"#4"},"west":{"uv":[8.66667,0,9.5,0.83333],"texture":"#4"},"up":{"uv":[4.5,13.83333,4.33333,13],"texture":"#4"},"down":{"uv":[5.16667,13,5,13.83333],"texture":"#4"}}},{"from":[7.775,27.37076,8],"to":[8.225,28.78576,9.415],"rotation":{"angle":-45,"axis":"x","origin":[7.775,27.37076,8]},"faces":{"north":{"uv":[6.33333,13.66667,6.5,14.16667],"texture":"#4"},"east":{"uv":[12.33333,1,12.83333,1.5],"texture":"#4"},"south":{"uv":[7,13.66667,7.16667,14.16667],"texture":"#4"},"west":{"uv":[12.33333,2,12.83333,2.5],"texture":"#4"},"up":{"uv":[7.83333,14.16667,7.66667,13.66667],"texture":"#4"},"down":{"uv":[9.83333,13.66667,9.66667,14.16667],"texture":"#4"}}},{"from":[7.78,23.62132,7],"to":[8.22,28.62132,9],"rotation":{"angle":0,"axis":"y","origin":[8.005,26.12132,8]},"faces":{"north":{"uv":[7.66667,10.66667,7.83333,12.33333],"texture":"#4"},"east":{"uv":[4.66667,0,5.33333,1.66667],"texture":"#4"},"south":{"uv":[8.33333,10.66667,8.5,12.33333],"texture":"#4"},"west":{"uv":[5.33333,2,6,3.66667],"texture":"#4"},"down":{"uv":[13.16667,5.66667,13,6.33333],"texture":"#4"}}},{"from":[7.985,23,5.375],"to":[8.015,32,10.625],"rotation":{"angle":0,"axis":"y","origin":[7.985,23,6.375]},"faces":{"east":{"uv":[1.75,0,0,3],"texture":"#4"},"west":{"uv":[0,0,1.75,3],"texture":"#4"}}},{"from":[7.995,22.13422,-0.02879],"to":[8.005,31.13422,5.22121],"rotation":{"angle":22.5,"axis":"x","origin":[7.995,22.91173,-3.72879]},"faces":{"east":{"uv":[4.08333,0,2.33333,3],"texture":"#4"},"west":{"uv":[2.33333,0,4.08333,3],"texture":"#4"}}},{"from":[7.75,21.532,2.28531],"to":[8.25,22.532,6.03531],"rotation":{"angle":22.5,"axis":"x","origin":[8,23.532,3.84781]},"faces":{"north":{"uv":[5.33333,15,5.5,15.33333],"texture":"#4"},"east":{"uv":[9.66667,9,10.91667,9.33333],"texture":"#4"},"south":{"uv":[15,6.66667,15.16667,7],"texture":"#4"},"west":{"uv":[10,0,11.25,0.33333],"texture":"#4"},"up":{"uv":[3.16667,13.91667,3,12.66667],"texture":"#4"},"down":{"uv":[12.83333,6.66667,12.66667,7.91667],"texture":"#4"}}},{"from":[7.75,22.532,2.28531],"to":[8.25,25.282,3.28531],"rotation":{"angle":22.5,"axis":"x","origin":[8,23.532,3.84781]},"faces":{"north":{"uv":[8.33333,12.66667,8.5,13.58333],"texture":"#4"},"east":{"uv":[4.66667,2,5,2.91667],"texture":"#4"},"south":{"uv":[9,12.66667,9.16667,13.58333],"texture":"#4"},"west":{"uv":[3.66667,10.66667,4,11.58333],"texture":"#4"},"up":{"uv":[15.16667,7.66667,15,7.33333],"texture":"#4"}}},{"from":[7.75,24.782,3.28531],"to":[8.25,25.282,3.78531],"rotation":{"angle":22.5,"axis":"x","origin":[8,23.532,3.84781]},"faces":{"east":{"uv":[15,8.66667,15.16667,8.83333],"texture":"#4"},"south":{"uv":[15,9.33333,15.16667,9.5],"texture":"#4"},"west":{"uv":[11.66667,15,11.83333,15.16667],"texture":"#4"},"up":{"uv":[12.5,15.16667,12.33333,15],"texture":"#4"},"down":{"uv":[13.16667,15,13,15.16667],"texture":"#4"}}},{"from":[7.75,21.532,9.96469],"to":[8.25,22.532,13.71469],"rotation":{"angle":-22.5,"axis":"x","origin":[8,23.532,12.15219]},"faces":{"north":{"uv":[15.16667,6.66667,15,7],"texture":"#4"},"east":{"uv":[10.91667,9,9.66667,9.33333],"texture":"#4"},"south":{"uv":[5.5,15,5.33333,15.33333],"texture":"#4"},"west":{"uv":[11.25,0,10,0.33333],"texture":"#4"},"up":{"uv":[3.16667,12.66667,3,13.91667],"texture":"#4"},"down":{"uv":[12.83333,7.91667,12.66667,6.66667],"texture":"#4"}}},{"from":[7.75,22.532,12.71469],"to":[8.25,25.282,13.71469],"rotation":{"angle":-22.5,"axis":"x","origin":[8,23.532,12.15219]},"faces":{"north":{"uv":[9.16667,12.66667,9,13.58333],"texture":"#4"},"east":{"uv":[5,2,4.66667,2.91667],"texture":"#4"},"south":{"uv":[8.5,12.66667,8.33333,13.58333],"texture":"#4"},"west":{"uv":[4,10.66667,3.66667,11.58333],"texture":"#4"},"up":{"uv":[15.16667,7.33333,15,7.66667],"texture":"#4"}}},{"from":[7.75,24.782,12.21469],"to":[8.25,25.282,12.71469],"rotation":{"angle":-22.5,"axis":"x","origin":[8,23.532,12.15219]},"faces":{"north":{"uv":[15.16667,9.33333,15,9.5],"texture":"#4"},"east":{"uv":[15.16667,8.66667,15,8.83333],"texture":"#4"},"west":{"uv":[11.83333,15,11.66667,15.16667],"texture":"#4"},"up":{"uv":[12.5,15,12.33333,15.16667],"texture":"#4"},"down":{"uv":[13.16667,15.16667,13,15],"texture":"#4"}}},{"from":[7.995,22.13422,10.77879],"to":[8.005,31.13422,16.02879],"rotation":{"angle":-22.5,"axis":"x","origin":[7.995,22.91173,19.72879]},"faces":{"east":{"uv":[2.33333,0,4.08333,3],"texture":"#4"},"west":{"uv":[4.08333,0,2.33333,3],"texture":"#4"}}}],"gui_light":"front","display":{"thirdperson_righthand":{"translation":[0,1.25,1]},"thirdperson_lefthand":{"translation":[0,1.25,1]},"firstperson_righthand":{"rotation":[-10,0,0],"translation":[5,-0.5,-0.25],"scale":[0.7,0.7,0.7]},"firstperson_lefthand":{"rotation":[-10,0,0],"translation":[5,-0.5,-0.25],"scale":[0.7,0.7,0.7]},"ground":{"rotation":[-45,0,0],"translation":[0,3,0],"scale":[0.7,0.7,0.7]},"gui":{"rotation":[-90,45,90],"translation":[0.5,-0.5,0],"scale":[0.7,0.7,0.7]},"head":{"rotation":[0,-90,0]},"fixed":{"rotation":[0,-90,0],"translation":[0,0,-2.25],"scale":[2,2,2]}},"USER":"33672","NONCE":"250d30f3c9d7634129006a92dfa824a1","TIMESTAMP":"1740508157","RESOURCE":"12629","mcmodels":"250d30f3c9d7634129006a92dfa824a1"}