{
	"credit": "Pologony Creation Co.,Ltd.",
	"texture_size": [52, 52],
	"textures": {
		"1": "nanoedge_set:wings",
		"2": "nanoedge_set:animations/animated_1",
		"3": "nanoedge_set:animations/animated_2",
		"particle": "nanoedge_set:animations/animated_1"
	},
	"elements": [
		{
			"from": [8.882, 1.386, 7.748],
			"to": [10.142, 2.646, 8.252],
			"rotation": {"angle": 45, "axis": "z", "origin": [9.008, 1.512, 7.748]},
			"faces": {
				"north": {"uv": [4, 4.88889, 5.11111, 6], "texture": "#1"},
				"east": {"uv": [9.33333, 8.88889, 9.77778, 10], "texture": "#1"},
				"south": {"uv": [0, 5.33333, 1.11111, 6.44444], "texture": "#1"},
				"west": {"uv": [0, 9.77778, 0.44444, 10.88889], "texture": "#1"},
				"up": {"uv": [10.88889, 3.55556, 9.77778, 3.11111], "texture": "#1"},
				"down": {"uv": [5.11111, 9.77778, 4, 10.22222], "texture": "#1"}
			}
		},
		{
			"from": [10.142, 1.89, 7.622],
			"to": [10.394, 2.646, 8.378],
			"rotation": {"angle": 45, "axis": "z", "origin": [9.008, 1.512, 7.748]},
			"faces": {
				"north": {"uv": [13.33333, 12.88889, 13.55556, 13.55556], "texture": "#1"},
				"east": {"uv": [10.22222, 8.44444, 10.88889, 9.11111], "texture": "#1"},
				"south": {"uv": [13.77778, 1.77778, 14, 2.44444], "texture": "#1"},
				"west": {"uv": [10.22222, 9.77778, 10.88889, 10.44444], "texture": "#1"},
				"up": {"uv": [14, 10, 13.77778, 9.33333], "texture": "#1"},
				"down": {"uv": [10, 13.77778, 9.77778, 14.44444], "texture": "#1"}
			}
		},
		{
			"from": [11.276, 2.268, 7.622],
			"to": [11.528, 2.646, 8.378],
			"rotation": {"angle": 45, "axis": "z", "origin": [9.008, 1.512, 7.748]},
			"faces": {
				"north": {"uv": [12.44444, 15.11111, 12.66667, 15.44444], "texture": "#1"},
				"east": {"uv": [4, 12.44444, 4.66667, 12.77778], "texture": "#1"},
				"south": {"uv": [13.33333, 15.11111, 13.55556, 15.44444], "texture": "#1"},
				"west": {"uv": [12.44444, 4, 13.11111, 4.33333], "texture": "#1"},
				"up": {"uv": [0.22222, 14.88889, 0, 14.22222], "texture": "#1"}
			}
		},
		{
			"from": [12.536, 1.89, 7.622],
			"to": [12.788, 2.646, 8.378],
			"rotation": {"angle": 45, "axis": "z", "origin": [9.008, 1.512, 7.748]},
			"faces": {
				"north": {"uv": [10.66667, 13.77778, 10.88889, 14.44444], "texture": "#1"},
				"south": {"uv": [13.77778, 10.66667, 14, 11.33333], "texture": "#1"},
				"west": {"uv": [0.88889, 10.66667, 1.55556, 11.33333], "texture": "#1"},
				"up": {"uv": [11.77778, 14.44444, 11.55556, 13.77778], "texture": "#1"},
				"down": {"uv": [12.66667, 13.77778, 12.44444, 14.44444], "texture": "#1"}
			}
		},
		{
			"from": [10.394, 1.89, 7.622],
			"to": [12.536, 2.268, 8.378],
			"rotation": {"angle": 45, "axis": "z", "origin": [9.008, 1.512, 7.748]},
			"faces": {
				"north": {"uv": [8.44444, 1.33333, 10.33333, 1.66667], "texture": "#1"},
				"south": {"uv": [8.44444, 2.22222, 10.33333, 2.55556], "texture": "#1"},
				"up": {"uv": [5.88889, 4.22222, 4, 3.55556], "texture": "#1"},
				"down": {"uv": [6.33333, 1.77778, 4.44444, 2.44444], "texture": "#1"}
			}
		},
		{
			"from": [10.394, 2.268, 7.748],
			"to": [12.536, 2.52, 8.252],
			"rotation": {"angle": 45, "axis": "z", "origin": [9.008, 1.512, 7.748]},
			"faces": {
				"north": {"uv": [11.11111, 2.22222, 13, 2.44444], "texture": "#1"},
				"south": {"uv": [10.22222, 11.11111, 12.11111, 11.33333], "texture": "#1"},
				"up": {"uv": [7.22222, 1.33333, 5.33333, 0.88889], "texture": "#1"}
			}
		},
		{
			"from": [10.142, 1.638, 7.748],
			"to": [12.788, 1.89, 8.252],
			"rotation": {"angle": 45, "axis": "z", "origin": [9.008, 1.512, 7.748]},
			"faces": {
				"north": {"uv": [9.33333, 5.77778, 11.66667, 6], "texture": "#1"},
				"south": {"uv": [9.33333, 6.66667, 11.66667, 6.88889], "texture": "#1"},
				"down": {"uv": [7.66667, 0, 5.33333, 0.44444], "texture": "#1"}
			}
		},
		{
			"from": [11.16965, 5.28559, 7.685],
			"to": [11.42165, 6.04159, 8.315],
			"rotation": {"angle": 22.5, "axis": "z", "origin": [12.24065, 5.50609, 8]},
			"faces": {
				"north": {"uv": [1.77778, 14.22222, 2, 14.88889], "texture": "#1"},
				"east": {"uv": [2.66667, 12, 3.22222, 12.66667], "texture": "#1"},
				"south": {"uv": [2.66667, 14.22222, 2.88889, 14.88889], "texture": "#1"},
				"up": {"uv": [14.88889, 10.77778, 14.66667, 10.22222], "texture": "#1"}
			}
		},
		{
			"from": [11.42165, 5.66359, 7.811],
			"to": [13.05965, 5.91559, 8.189],
			"rotation": {"angle": 22.5, "axis": "z", "origin": [12.24065, 5.50609, 8]},
			"faces": {
				"north": {"uv": [12, 7.55556, 13.44444, 7.77778], "texture": "#1"},
				"south": {"uv": [10.22222, 12, 11.66667, 12.22222], "texture": "#1"},
				"up": {"uv": [8.55556, 10.55556, 7.11111, 10.22222], "texture": "#1"}
			}
		},
		{
			"from": [12.05165, 5.66359, 7.685],
			"to": [12.30365, 6.04159, 8.315],
			"rotation": {"angle": 22.5, "axis": "z", "origin": [12.24065, 5.50609, 8]},
			"faces": {
				"north": {"uv": [0.88889, 15.55556, 1.11111, 15.88889], "texture": "#1"},
				"east": {"uv": [8.44444, 13.33333, 9, 13.66667], "texture": "#1"},
				"south": {"uv": [15.55556, 0.88889, 15.77778, 1.22222], "texture": "#1"},
				"west": {"uv": [13.33333, 12, 13.88889, 12.33333], "texture": "#1"},
				"up": {"uv": [14.88889, 9.44444, 14.66667, 8.88889], "texture": "#1"}
			}
		},
		{
			"from": [13.05965, 5.28559, 7.685],
			"to": [13.31165, 6.04159, 8.315],
			"rotation": {"angle": 22.5, "axis": "z", "origin": [12.24065, 5.50609, 8]},
			"faces": {
				"north": {"uv": [14.22222, 0, 14.44444, 0.66667], "texture": "#1"},
				"east": {"uv": [0, 12, 0.55556, 12.66667], "texture": "#1"},
				"south": {"uv": [0.88889, 14.22222, 1.11111, 14.88889], "texture": "#1"},
				"west": {"uv": [1.33333, 12, 1.88889, 12.66667], "texture": "#1"},
				"up": {"uv": [14.88889, 1.88889, 14.66667, 1.33333], "texture": "#1"},
				"down": {"uv": [14.88889, 5.33333, 14.66667, 5.88889], "texture": "#1"}
			}
		},
		{
			"from": [11.42165, 5.28559, 7.685],
			"to": [13.05965, 5.66359, 8.315],
			"rotation": {"angle": 22.5, "axis": "z", "origin": [12.24065, 5.50609, 8]},
			"faces": {
				"north": {"uv": [9.77778, 7.55556, 11.22222, 7.88889], "texture": "#1"},
				"south": {"uv": [10.22222, 0, 11.66667, 0.33333], "texture": "#1"},
				"up": {"uv": [7.22222, 6.77778, 5.77778, 6.22222], "texture": "#1"},
				"down": {"uv": [3.22222, 6.66667, 1.77778, 7.22222], "texture": "#1"}
			}
		},
		{
			"from": [11.16965, 5.03359, 7.811],
			"to": [13.31165, 5.28559, 8.189],
			"rotation": {"angle": 22.5, "axis": "z", "origin": [12.24065, 5.50609, 8]},
			"faces": {
				"north": {"uv": [11.55556, 3.11111, 13.44444, 3.33333], "texture": "#1"},
				"east": {"uv": [0, 15.55556, 0.33333, 15.77778], "texture": "#1"},
				"south": {"uv": [11.55556, 8.44444, 13.44444, 8.66667], "texture": "#1"},
				"down": {"uv": [7.22222, 8.88889, 5.33333, 9.22222], "texture": "#1"}
			}
		},
		{
			"from": [9.008, 1.512, 7.622],
			"to": [10.016, 2.52, 8.378],
			"rotation": {"angle": 45, "axis": "z", "origin": [9.008, 1.512, 7.748]},
			"faces": {
				"north": {"uv": [6.66667, 3.11111, 7.55556, 4], "texture": "#1"},
				"east": {"uv": [0, 8.44444, 0.66667, 9.33333], "texture": "#1"},
				"south": {"uv": [4, 6.66667, 4.88889, 7.55556], "texture": "#1"},
				"west": {"uv": [8, 8.88889, 8.66667, 9.77778], "texture": "#1"},
				"up": {"uv": [2.22222, 10, 1.33333, 9.33333], "texture": "#1"},
				"down": {"uv": [3.55556, 9.33333, 2.66667, 10], "texture": "#1"}
			}
		},
		{
			"from": [10.89226, 4.31285, 7.496],
			"to": [11.90026, 5.32085, 8.504],
			"rotation": {"angle": -22.5, "axis": "z", "origin": [11.64826, 5.06885, 8]},
			"faces": {
				"north": {"uv": [0, 7.11111, 0.88889, 8], "texture": "#1"},
				"east": {"uv": [7.11111, 1.77778, 8, 2.66667], "texture": "#1"},
				"south": {"uv": [5.33333, 7.55556, 6.22222, 8.44444], "texture": "#1"},
				"west": {"uv": [6.66667, 7.55556, 7.55556, 8.44444], "texture": "#1"},
				"up": {"uv": [2.22222, 8.88889, 1.33333, 8], "texture": "#1"},
				"down": {"uv": [3.55556, 8, 2.66667, 8.88889], "texture": "#1"}
			}
		},
		{
			"from": [11.01826, 4.43885, 7.37],
			"to": [11.77426, 5.19485, 8.63],
			"rotation": {"angle": -22.5, "axis": "z", "origin": [11.64826, 5.06885, 8]},
			"faces": {
				"north": {"uv": [2.22222, 10.66667, 2.88889, 11.33333], "texture": "#1"},
				"east": {"uv": [8, 3.11111, 9.11111, 3.77778], "texture": "#1"},
				"south": {"uv": [3.55556, 10.66667, 4.22222, 11.33333], "texture": "#1"},
				"west": {"uv": [8, 4.44444, 9.11111, 5.11111], "texture": "#1"},
				"up": {"uv": [4.66667, 9.11111, 4, 8], "texture": "#1"},
				"down": {"uv": [8.66667, 5.77778, 8, 6.88889], "texture": "#1"}
			}
		},
		{
			"from": [14.02547, 4.85195, 7.748],
			"to": [14.52947, 5.35594, 8.252],
			"rotation": {"angle": -45, "axis": "z", "origin": [15.23181, 6.08623, 8]},
			"faces": {
				"north": {"uv": [12.44444, 4.88889, 12.88889, 5.33333], "texture": "#1"},
				"east": {"uv": [5.33333, 12.44444, 5.77778, 12.88889], "texture": "#1"},
				"south": {"uv": [12.44444, 5.77778, 12.88889, 6.22222], "texture": "#1"},
				"west": {"uv": [6.22222, 12.44444, 6.66667, 12.88889], "texture": "#1"},
				"up": {"uv": [12.88889, 7.11111, 12.44444, 6.66667], "texture": "#1"},
				"down": {"uv": [7.55556, 12.44444, 7.11111, 12.88889], "texture": "#1"}
			}
		},
		{
			"from": [13.89947, 4.72595, 7.874],
			"to": [14.65547, 5.48195, 8.126],
			"rotation": {"angle": -45, "axis": "z", "origin": [15.23181, 6.08623, 8]},
			"faces": {
				"north": {"uv": [11.11111, 0.88889, 11.77778, 1.55556], "texture": "#1"},
				"east": {"uv": [14.22222, 3.11111, 14.44444, 3.77778], "texture": "#1"},
				"south": {"uv": [11.11111, 4, 11.77778, 4.66667], "texture": "#1"},
				"west": {"uv": [3.55556, 14.22222, 3.77778, 14.88889], "texture": "#1"},
				"up": {"uv": [5.11111, 14.44444, 4.44444, 14.22222], "texture": "#1"},
				"down": {"uv": [14.88889, 4.44444, 14.22222, 4.66667], "texture": "#1"}
			}
		},
		{
			"from": [15.51848, 5.63666, 7.874],
			"to": [16.02248, 6.14066, 8.126],
			"rotation": {"angle": 45, "axis": "z", "origin": [15.23181, 6.08623, 8]},
			"faces": {
				"north": {"uv": [8, 12.44444, 8.44444, 12.88889], "texture": "#1"},
				"east": {"uv": [14.66667, 11.55556, 14.88889, 12], "texture": "#1"},
				"south": {"uv": [8.88889, 12.44444, 9.33333, 12.88889], "texture": "#1"},
				"west": {"uv": [14.66667, 13.77778, 14.88889, 14.22222], "texture": "#1"},
				"up": {"uv": [15.11111, 14.88889, 14.66667, 14.66667], "texture": "#1"},
				"down": {"uv": [15.55556, 0, 15.11111, 0.22222], "texture": "#1"}
			}
		},
		{
			"from": [13.86241, 5.97104, 7.87576],
			"to": [15.87841, 6.60104, 8.12424],
			"rotation": {"angle": 0, "axis": "z", "origin": [15.23181, 6.08623, 8]},
			"faces": {
				"north": {"uv": [1.77778, 5.33333, 3.55556, 5.88889], "texture": "#1"},
				"south": {"uv": [5.77778, 4.88889, 7.55556, 5.44444], "texture": "#1"},
				"up": {"uv": [13.33333, 9.55556, 11.55556, 9.33333], "texture": "#1"},
				"down": {"uv": [13.33333, 10.22222, 11.55556, 10.44444], "texture": "#1"}
			}
		},
		{
			"from": [13.86241, 5.08904, 7.99244],
			"to": [19.34, 6.60104, 8.00756],
			"rotation": {"angle": 0, "axis": "z", "origin": [15.23181, 6.08623, 8]},
			"faces": {
				"north": {"uv": [0, 0, 4.77778, 1.33333], "texture": "#1"},
				"south": {"uv": [4.77778, 0, 0, 1.33333], "texture": "#1"}
			}
		},
		{
			"from": [13.06017, 4.51292, 7.874],
			"to": [13.81617, 5.26892, 8.126],
			"rotation": {"angle": 22.5, "axis": "z", "origin": [14.28681, 4.07023, 8]},
			"faces": {
				"north": {"uv": [4.88889, 11.11111, 5.55556, 11.77778], "rotation": 270, "texture": "#1"},
				"east": {"uv": [14.88889, 6.88889, 14.22222, 6.66667], "rotation": 90, "texture": "#1"},
				"south": {"uv": [6.22222, 11.11111, 6.88889, 11.77778], "rotation": 90, "texture": "#1"},
				"west": {"uv": [8.22222, 14.22222, 7.55556, 14.44444], "rotation": 90, "texture": "#1"},
				"up": {"uv": [6.66667, 14.22222, 6.88889, 14.88889], "rotation": 90, "texture": "#1"},
				"down": {"uv": [5.77778, 14.22222, 6, 14.88889], "rotation": 90, "texture": "#1"}
			}
		},
		{
			"from": [13.18617, 4.63892, 7.748],
			"to": [13.69017, 5.14292, 8.252],
			"rotation": {"angle": 22.5, "axis": "z", "origin": [14.28681, 4.07023, 8]},
			"faces": {
				"north": {"uv": [10.66667, 12.88889, 11.11111, 13.33333], "rotation": 270, "texture": "#1"},
				"east": {"uv": [0.44444, 13.77778, 0, 13.33333], "rotation": 90, "texture": "#1"},
				"south": {"uv": [11.55556, 12.88889, 12, 13.33333], "rotation": 90, "texture": "#1"},
				"west": {"uv": [1.33333, 13.33333, 0.88889, 13.77778], "rotation": 90, "texture": "#1"},
				"up": {"uv": [12.44444, 12.88889, 12.88889, 13.33333], "rotation": 90, "texture": "#1"},
				"down": {"uv": [12.88889, 11.11111, 13.33333, 11.55556], "rotation": 90, "texture": "#1"}
			}
		},
		{
			"from": [13.10641, 3.95504, 7.87576],
			"to": [14.61841, 4.58504, 8.12424],
			"rotation": {"angle": -22.5, "axis": "z", "origin": [14.28681, 4.07023, 8]},
			"faces": {
				"north": {"uv": [8, 7.55556, 9.33333, 8.11111], "texture": "#1"},
				"south": {"uv": [8.44444, 0, 9.77778, 0.55556], "texture": "#1"},
				"up": {"uv": [13.77778, 0.22222, 12.44444, 0], "texture": "#1"},
				"down": {"uv": [13.77778, 0.88889, 12.44444, 1.11111], "texture": "#1"}
			}
		},
		{
			"from": [14.35074, 3.8434, 7.874],
			"to": [14.85474, 4.3474, 8.126],
			"rotation": {"angle": 22.5, "axis": "z", "origin": [14.28681, 4.07023, 8]},
			"faces": {
				"north": {"uv": [12.44444, 12, 12.88889, 12.44444], "texture": "#1"},
				"east": {"uv": [15.11111, 2.66667, 15.33333, 3.11111], "texture": "#1"},
				"south": {"uv": [9.77778, 12.88889, 10.22222, 13.33333], "texture": "#1"},
				"west": {"uv": [15.11111, 3.55556, 15.33333, 4], "texture": "#1"},
				"up": {"uv": [4.88889, 15.33333, 4.44444, 15.11111], "texture": "#1"},
				"down": {"uv": [8, 15.11111, 7.55556, 15.33333], "texture": "#1"}
			}
		},
		{
			"from": [13.23241, 3.07304, 7.99244],
			"to": [17.702, 4.58504, 8.00756],
			"rotation": {"angle": -22.5, "axis": "z", "origin": [14.28681, 4.07023, 8]},
			"faces": {
				"north": {"uv": [0, 1.77778, 3.88889, 3.11111], "texture": "#1"},
				"south": {"uv": [3.88889, 1.77778, 0, 3.11111], "texture": "#1"}
			}
		},
		{
			"from": [12.56793, 6.7213, 7.874],
			"to": [13.32393, 7.4773, 8.126],
			"rotation": {"angle": -22.5, "axis": "z", "origin": [13.85888, 7.85569, 8]},
			"faces": {
				"north": {"uv": [4.88889, 11.11111, 5.55556, 11.77778], "texture": "#1"},
				"east": {"uv": [5.77778, 14.22222, 6, 14.88889], "texture": "#1"},
				"south": {"uv": [6.22222, 11.11111, 6.88889, 11.77778], "texture": "#1"},
				"west": {"uv": [6.66667, 14.22222, 6.88889, 14.88889], "texture": "#1"},
				"up": {"uv": [14.88889, 6.88889, 14.22222, 6.66667], "texture": "#1"},
				"down": {"uv": [8.22222, 14.22222, 7.55556, 14.44444], "texture": "#1"}
			}
		},
		{
			"from": [12.69393, 6.8473, 7.748],
			"to": [13.19793, 7.3513, 8.252],
			"rotation": {"angle": -22.5, "axis": "z", "origin": [13.85888, 7.85569, 8]},
			"faces": {
				"north": {"uv": [10.66667, 12.88889, 11.11111, 13.33333], "texture": "#1"},
				"east": {"uv": [12.88889, 11.11111, 13.33333, 11.55556], "texture": "#1"},
				"south": {"uv": [11.55556, 12.88889, 12, 13.33333], "texture": "#1"},
				"west": {"uv": [12.44444, 12.88889, 12.88889, 13.33333], "texture": "#1"},
				"up": {"uv": [0.44444, 13.77778, 0, 13.33333], "texture": "#1"},
				"down": {"uv": [1.33333, 13.33333, 0.88889, 13.77778], "texture": "#1"}
			}
		},
		{
			"from": [12.67848, 7.87097, 7.87576],
			"to": [14.19048, 8.50097, 8.12424],
			"rotation": {"angle": 22.5, "axis": "z", "origin": [13.85888, 7.85569, 8]},
			"faces": {
				"north": {"uv": [8, 7.55556, 9.33333, 8.11111], "texture": "#1"},
				"south": {"uv": [8.44444, 0, 9.77778, 0.55556], "texture": "#1"},
				"up": {"uv": [13.77778, 0.22222, 12.44444, 0], "texture": "#1"},
				"down": {"uv": [13.77778, 0.88889, 12.44444, 1.11111], "texture": "#1"}
			}
		},
		{
			"from": [13.48945, 8.01188, 7.874],
			"to": [13.99345, 8.51588, 8.126],
			"rotation": {"angle": -22.5, "axis": "z", "origin": [13.85888, 7.85569, 8]},
			"faces": {
				"north": {"uv": [12.44444, 12, 12.88889, 12.44444], "rotation": 90, "texture": "#1"},
				"east": {"uv": [8, 15.11111, 7.55556, 15.33333], "rotation": 270, "texture": "#1"},
				"south": {"uv": [9.77778, 12.88889, 10.22222, 13.33333], "rotation": 270, "texture": "#1"},
				"west": {"uv": [4.88889, 15.33333, 4.44444, 15.11111], "rotation": 270, "texture": "#1"},
				"up": {"uv": [15.11111, 2.66667, 15.33333, 3.11111], "rotation": 270, "texture": "#1"},
				"down": {"uv": [15.11111, 3.55556, 15.33333, 4], "rotation": 270, "texture": "#1"}
			}
		},
		{
			"from": [12.80448, 6.98897, 7.99244],
			"to": [17.27407, 8.50097, 8.00756],
			"rotation": {"angle": 22.5, "axis": "z", "origin": [13.85888, 7.85569, 8]},
			"faces": {
				"north": {"uv": [0, 1.77778, 3.88889, 3.11111], "texture": "#1"},
				"south": {"uv": [3.88889, 1.77778, 0, 3.11111], "texture": "#1"}
			}
		},
		{
			"from": [10.94095, 5.4564, 9.1828],
			"to": [11.57095, 6.2124, 9.4348],
			"rotation": {"angle": -22.5, "axis": "x", "origin": [11.25595, 3.82222, 10.39764]},
			"faces": {
				"east": {"uv": [1.77778, 14.22222, 2, 14.88889], "texture": "#1"},
				"south": {"uv": [2.66667, 12, 3.22222, 12.66667], "texture": "#1"},
				"west": {"uv": [2.66667, 14.22222, 2.88889, 14.88889], "texture": "#1"},
				"up": {"uv": [14.88889, 10.77778, 14.66667, 10.22222], "rotation": 90, "texture": "#1"}
			}
		},
		{
			"from": [11.06695, 5.8344, 9.4348],
			"to": [11.44495, 6.0864, 11.0728],
			"rotation": {"angle": -22.5, "axis": "x", "origin": [11.25595, 3.82222, 10.39764]},
			"faces": {
				"east": {"uv": [12, 7.55556, 13.44444, 7.77778], "texture": "#1"},
				"west": {"uv": [10.22222, 12, 11.66667, 12.22222], "texture": "#1"},
				"up": {"uv": [8.55556, 10.55556, 7.11111, 10.22222], "rotation": 90, "texture": "#1"}
			}
		},
		{
			"from": [10.94095, 5.8344, 10.0648],
			"to": [11.57095, 6.2124, 10.3168],
			"rotation": {"angle": -22.5, "axis": "x", "origin": [11.25595, 3.82222, 10.39764]},
			"faces": {
				"north": {"uv": [13.33333, 12, 13.88889, 12.33333], "texture": "#1"},
				"east": {"uv": [0.88889, 15.55556, 1.11111, 15.88889], "texture": "#1"},
				"south": {"uv": [8.44444, 13.33333, 9, 13.66667], "texture": "#1"},
				"west": {"uv": [15.55556, 0.88889, 15.77778, 1.22222], "texture": "#1"},
				"up": {"uv": [14.88889, 9.44444, 14.66667, 8.88889], "rotation": 90, "texture": "#1"}
			}
		},
		{
			"from": [10.94095, 5.4564, 11.0728],
			"to": [11.57095, 6.2124, 11.3248],
			"rotation": {"angle": -22.5, "axis": "x", "origin": [11.25595, 3.82222, 10.39764]},
			"faces": {
				"north": {"uv": [1.33333, 12, 1.88889, 12.66667], "texture": "#1"},
				"east": {"uv": [14.22222, 0, 14.44444, 0.66667], "texture": "#1"},
				"south": {"uv": [0, 12, 0.55556, 12.66667], "texture": "#1"},
				"west": {"uv": [0.88889, 14.22222, 1.11111, 14.88889], "texture": "#1"},
				"up": {"uv": [14.88889, 1.88889, 14.66667, 1.33333], "rotation": 90, "texture": "#1"},
				"down": {"uv": [14.88889, 5.33333, 14.66667, 5.88889], "rotation": 270, "texture": "#1"}
			}
		},
		{
			"from": [10.94095, 5.4564, 9.4348],
			"to": [11.57095, 5.8344, 11.0728],
			"rotation": {"angle": -22.5, "axis": "x", "origin": [11.25595, 3.82222, 10.39764]},
			"faces": {
				"east": {"uv": [9.77778, 7.55556, 11.22222, 7.88889], "texture": "#1"},
				"west": {"uv": [10.22222, 0, 11.66667, 0.33333], "texture": "#1"},
				"up": {"uv": [7.22222, 6.77778, 5.77778, 6.22222], "rotation": 90, "texture": "#1"},
				"down": {"uv": [3.22222, 6.66667, 1.77778, 7.22222], "rotation": 270, "texture": "#1"}
			}
		},
		{
			"from": [11.06695, 5.2044, 9.1828],
			"to": [11.44495, 5.4564, 11.3248],
			"rotation": {"angle": -22.5, "axis": "x", "origin": [11.25595, 3.82222, 10.39764]},
			"faces": {
				"east": {"uv": [11.55556, 3.11111, 13.44444, 3.33333], "texture": "#1"},
				"south": {"uv": [0, 15.55556, 0.33333, 15.77778], "texture": "#1"},
				"west": {"uv": [11.55556, 8.44444, 13.44444, 8.66667], "texture": "#1"},
				"down": {"uv": [7.22222, 8.88889, 5.33333, 9.22222], "rotation": 270, "texture": "#1"}
			}
		},
		{
			"from": [10.75195, 3.64531, 7.84851],
			"to": [11.75995, 4.65331, 8.85651],
			"rotation": {"angle": 22.5, "axis": "x", "origin": [11.25595, 3.82222, 10.39764]},
			"faces": {
				"north": {"uv": [6.66667, 7.55556, 7.55556, 8.44444], "texture": "#1"},
				"east": {"uv": [0, 7.11111, 0.88889, 8], "texture": "#1"},
				"south": {"uv": [7.11111, 1.77778, 8, 2.66667], "texture": "#1"},
				"west": {"uv": [5.33333, 7.55556, 6.22222, 8.44444], "texture": "#1"},
				"up": {"uv": [2.22222, 8.88889, 1.33333, 8], "rotation": 90, "texture": "#1"},
				"down": {"uv": [3.55556, 8, 2.66667, 8.88889], "rotation": 270, "texture": "#1"}
			}
		},
		{
			"from": [10.62595, 3.77131, 7.97451],
			"to": [11.88595, 4.52731, 8.73051],
			"rotation": {"angle": 22.5, "axis": "x", "origin": [11.25595, 3.82222, 10.39764]},
			"faces": {
				"north": {"uv": [8, 4.44444, 9.11111, 5.11111], "texture": "#1"},
				"east": {"uv": [2.22222, 10.66667, 2.88889, 11.33333], "texture": "#1"},
				"south": {"uv": [8, 3.11111, 9.11111, 3.77778], "texture": "#1"},
				"west": {"uv": [3.55556, 10.66667, 4.22222, 11.33333], "texture": "#1"},
				"up": {"uv": [4.66667, 9.11111, 4, 8], "rotation": 90, "texture": "#1"},
				"down": {"uv": [8.66667, 5.77778, 8, 6.88889], "rotation": 270, "texture": "#1"}
			}
		},
		{
			"from": [11.00395, 3.75681, 9.52163],
			"to": [11.50795, 4.26081, 10.02563],
			"rotation": {"angle": 45, "axis": "x", "origin": [11.25595, 3.82222, 10.39764]},
			"faces": {
				"north": {"uv": [7.55556, 12.44444, 7.11111, 12.88889], "rotation": 90, "texture": "#1"},
				"east": {"uv": [12.44444, 4.88889, 12.88889, 5.33333], "rotation": 270, "texture": "#1"},
				"south": {"uv": [12.88889, 7.11111, 12.44444, 6.66667], "rotation": 90, "texture": "#1"},
				"west": {"uv": [12.44444, 5.77778, 12.88889, 6.22222], "rotation": 90, "texture": "#1"},
				"up": {"uv": [6.22222, 12.44444, 6.66667, 12.88889], "rotation": 180, "texture": "#1"},
				"down": {"uv": [5.33333, 12.44444, 5.77778, 12.88889], "texture": "#1"}
			}
		},
		{
			"from": [11.12995, 3.63081, 9.39563],
			"to": [11.38195, 4.38681, 10.15163],
			"rotation": {"angle": 45, "axis": "x", "origin": [11.25595, 3.82222, 10.39764]},
			"faces": {
				"north": {"uv": [14.88889, 4.44444, 14.22222, 4.66667], "rotation": 90, "texture": "#1"},
				"east": {"uv": [11.11111, 0.88889, 11.77778, 1.55556], "rotation": 270, "texture": "#1"},
				"south": {"uv": [5.11111, 14.44444, 4.44444, 14.22222], "rotation": 90, "texture": "#1"},
				"west": {"uv": [11.11111, 4, 11.77778, 4.66667], "rotation": 90, "texture": "#1"},
				"up": {"uv": [3.55556, 14.22222, 3.77778, 14.88889], "rotation": 180, "texture": "#1"},
				"down": {"uv": [14.22222, 3.11111, 14.44444, 3.77778], "texture": "#1"}
			}
		},
		{
			"from": [11.12995, 2.6049, 11.04259],
			"to": [11.38195, 3.1089, 11.54659],
			"rotation": {"angle": 45, "axis": "x", "origin": [11.25595, 3.82222, 10.39764]},
			"faces": {
				"north": {"uv": [14.66667, 13.77778, 14.88889, 14.22222], "texture": "#1"},
				"east": {"uv": [8, 12.44444, 8.44444, 12.88889], "texture": "#1"},
				"south": {"uv": [14.66667, 11.55556, 14.88889, 12], "texture": "#1"},
				"west": {"uv": [8.88889, 12.44444, 9.33333, 12.88889], "texture": "#1"},
				"up": {"uv": [15.11111, 14.88889, 14.66667, 14.66667], "rotation": 90, "texture": "#1"},
				"down": {"uv": [15.55556, 0, 15.11111, 0.22222], "rotation": 270, "texture": "#1"}
			}
		},
		{
			"from": [11.13172, 2.3794, 9.99291],
			"to": [11.38019, 4.3954, 10.62291],
			"rotation": {"angle": 0, "axis": "z", "origin": [11.25595, 3.82222, 10.39764]},
			"faces": {
				"north": {"uv": [13.33333, 10.22222, 11.55556, 10.44444], "rotation": 90, "texture": "#1"},
				"east": {"uv": [1.77778, 5.33333, 3.55556, 5.88889], "rotation": 270, "texture": "#1"},
				"south": {"uv": [13.33333, 9.55556, 11.55556, 9.33333], "rotation": 90, "texture": "#1"},
				"west": {"uv": [5.77778, 4.88889, 7.55556, 5.44444], "rotation": 90, "texture": "#1"}
			}
		},
		{
			"from": [11.24839, -1.08219, 9.11091],
			"to": [11.26351, 4.3954, 10.62291],
			"rotation": {"angle": 0, "axis": "z", "origin": [11.25595, 3.82222, 10.39764]},
			"faces": {
				"east": {"uv": [0, 0, 4.77778, 1.33333], "rotation": 270, "texture": "#1"},
				"west": {"uv": [4.77778, 0, 0, 1.33333], "rotation": 90, "texture": "#1"}
			}
		},
		{
			"from": [11.24839, 0.55731, 10.95427],
			"to": [11.26351, 5.0269, 12.46627],
			"rotation": {"angle": -22.5, "axis": "x", "origin": [11.25595, 4.07422, 10.39764]},
			"faces": {
				"east": {"uv": [0, 1.77778, 3.88889, 3.11111], "rotation": 270, "texture": "#1"},
				"west": {"uv": [3.88889, 1.77778, 0, 3.11111], "rotation": 90, "texture": "#1"}
			}
		},
		{
			"from": [11.12995, 4.87418, 11.63221],
			"to": [11.38195, 5.37818, 12.13621],
			"rotation": {"angle": 22.5, "axis": "x", "origin": [11.25595, 4.07422, 10.39764]},
			"faces": {
				"north": {"uv": [15.11111, 3.55556, 15.33333, 4], "texture": "#1"},
				"east": {"uv": [12.44444, 12, 12.88889, 12.44444], "texture": "#1"},
				"south": {"uv": [15.11111, 2.66667, 15.33333, 3.11111], "texture": "#1"},
				"west": {"uv": [9.77778, 12.88889, 10.22222, 13.33333], "texture": "#1"},
				"up": {"uv": [4.88889, 15.33333, 4.44444, 15.11111], "rotation": 90, "texture": "#1"},
				"down": {"uv": [8, 15.11111, 7.55556, 15.33333], "rotation": 270, "texture": "#1"}
			}
		},
		{
			"from": [11.13172, 3.6409, 11.83627],
			"to": [11.38019, 5.1529, 12.46627],
			"rotation": {"angle": -22.5, "axis": "x", "origin": [11.25595, 4.07422, 10.39764]},
			"faces": {
				"north": {"uv": [13.77778, 0.88889, 12.44444, 1.11111], "rotation": 90, "texture": "#1"},
				"east": {"uv": [8, 7.55556, 9.33333, 8.11111], "rotation": 270, "texture": "#1"},
				"south": {"uv": [13.77778, 0.22222, 12.44444, 0], "rotation": 90, "texture": "#1"},
				"west": {"uv": [8.44444, 0, 9.77778, 0.55556], "rotation": 90, "texture": "#1"}
			}
		},
		{
			"from": [11.00395, 5.66971, 10.46764],
			"to": [11.50795, 6.17371, 10.97164],
			"rotation": {"angle": 22.5, "axis": "x", "origin": [11.25595, 4.07422, 10.39764]},
			"faces": {
				"north": {"uv": [1.33333, 13.33333, 0.88889, 13.77778], "rotation": 90, "texture": "#1"},
				"east": {"uv": [10.66667, 12.88889, 11.11111, 13.33333], "rotation": 270, "texture": "#1"},
				"south": {"uv": [0.44444, 13.77778, 0, 13.33333], "rotation": 90, "texture": "#1"},
				"west": {"uv": [11.55556, 12.88889, 12, 13.33333], "rotation": 90, "texture": "#1"},
				"up": {"uv": [12.44444, 12.88889, 12.88889, 13.33333], "rotation": 180, "texture": "#1"},
				"down": {"uv": [12.88889, 11.11111, 13.33333, 11.55556], "texture": "#1"}
			}
		},
		{
			"from": [11.12995, 5.54371, 10.34164],
			"to": [11.38195, 6.29971, 11.09764],
			"rotation": {"angle": 22.5, "axis": "x", "origin": [11.25595, 4.07422, 10.39764]},
			"faces": {
				"north": {"uv": [8.22222, 14.22222, 7.55556, 14.44444], "rotation": 90, "texture": "#1"},
				"east": {"uv": [4.88889, 11.11111, 5.55556, 11.77778], "rotation": 270, "texture": "#1"},
				"south": {"uv": [14.88889, 6.88889, 14.22222, 6.66667], "rotation": 90, "texture": "#1"},
				"west": {"uv": [6.22222, 11.11111, 6.88889, 11.77778], "rotation": 90, "texture": "#1"},
				"up": {"uv": [6.66667, 14.22222, 6.88889, 14.88889], "rotation": 180, "texture": "#1"},
				"down": {"uv": [5.77778, 14.22222, 6, 14.88889], "texture": "#1"}
			}
		},
		{
			"from": [11.39962, -0.35295, 7.99244],
			"to": [12.91162, 3.61263, 8.00756],
			"rotation": {"angle": 22.5, "axis": "z", "origin": [12.39681, 2.68423, 8]},
			"faces": {
				"north": {"uv": [0, 3.55556, 3.44444, 4.88889], "rotation": 270, "texture": "#1"},
				"south": {"uv": [3.44444, 3.55556, 0, 4.88889], "rotation": 90, "texture": "#1"}
			}
		},
		{
			"from": [12.19346, 2.72469, 7.874],
			"to": [12.69745, 3.22869, 8.126],
			"rotation": {"angle": -22.5, "axis": "z", "origin": [12.39681, 2.68423, 8]},
			"faces": {
				"north": {"uv": [13.33333, 6.66667, 13.77778, 7.11111], "texture": "#1"},
				"east": {"uv": [15.11111, 7.55556, 15.33333, 8], "texture": "#1"},
				"south": {"uv": [7.55556, 13.33333, 8, 13.77778], "texture": "#1"},
				"west": {"uv": [9.77778, 15.11111, 10, 15.55556], "texture": "#1"},
				"up": {"uv": [11.11111, 15.33333, 10.66667, 15.11111], "texture": "#1"},
				"down": {"uv": [12, 15.11111, 11.55556, 15.33333], "texture": "#1"}
			}
		},
		{
			"from": [12.28162, 2.73063, 7.87576],
			"to": [12.91162, 3.73863, 8.12424],
			"rotation": {"angle": 22.5, "axis": "z", "origin": [12.39681, 2.68423, 8]},
			"faces": {
				"north": {"uv": [9.77778, 4, 10.66667, 4.55556], "rotation": 270, "texture": "#1"},
				"east": {"uv": [14.22222, 6, 13.33333, 5.77778], "rotation": 90, "texture": "#1"},
				"south": {"uv": [5.77778, 9.77778, 6.66667, 10.33333], "rotation": 90, "texture": "#1"},
				"west": {"uv": [7.11111, 13.33333, 6.22222, 13.55556], "rotation": 90, "texture": "#1"}
			}
		},
		{
			"from": [11.38527, 3.16383, 7.748],
			"to": [11.88927, 3.66782, 8.252],
			"rotation": {"angle": -22.5, "axis": "z", "origin": [12.39681, 2.68423, 8]},
			"faces": {
				"north": {"uv": [1.77778, 13.33333, 2.22222, 13.77778], "rotation": 270, "texture": "#1"},
				"east": {"uv": [13.77778, 5.33333, 13.33333, 4.88889], "rotation": 90, "texture": "#1"},
				"south": {"uv": [3.55556, 13.33333, 4, 13.77778], "rotation": 90, "texture": "#1"},
				"west": {"uv": [5.77778, 13.33333, 5.33333, 13.77778], "rotation": 90, "texture": "#1"},
				"up": {"uv": [4.44444, 13.33333, 4.88889, 13.77778], "rotation": 90, "texture": "#1"},
				"down": {"uv": [2.66667, 13.33333, 3.11111, 13.77778], "rotation": 90, "texture": "#1"}
			}
		},
		{
			"from": [11.25927, 3.03783, 7.874],
			"to": [12.01527, 3.79382, 8.126],
			"rotation": {"angle": -22.5, "axis": "z", "origin": [12.39681, 2.68423, 8]},
			"faces": {
				"north": {"uv": [7.55556, 11.11111, 8.22222, 11.77778], "rotation": 270, "texture": "#1"},
				"east": {"uv": [14.88889, 13.11111, 14.22222, 12.88889], "rotation": 90, "texture": "#1"},
				"south": {"uv": [8.88889, 11.11111, 9.55556, 11.77778], "rotation": 90, "texture": "#1"},
				"west": {"uv": [14, 14.22222, 13.33333, 14.44444], "rotation": 90, "texture": "#1"},
				"up": {"uv": [8.88889, 14.22222, 9.11111, 14.88889], "rotation": 90, "texture": "#1"},
				"down": {"uv": [14.22222, 7.55556, 14.44444, 8.22222], "rotation": 90, "texture": "#1"}
			}
		},
		{
			"from": [5.858, 1.386, 7.748],
			"to": [7.118, 2.646, 8.252],
			"rotation": {"angle": -45, "axis": "z", "origin": [6.992, 1.512, 7.748]},
			"faces": {
				"north": {"uv": [5.11111, 4.88889, 4, 6], "texture": "#1"},
				"east": {"uv": [0.44444, 9.77778, 0, 10.88889], "texture": "#1"},
				"south": {"uv": [1.11111, 5.33333, 0, 6.44444], "texture": "#1"},
				"west": {"uv": [9.77778, 8.88889, 9.33333, 10], "texture": "#1"},
				"up": {"uv": [9.77778, 3.55556, 10.88889, 3.11111], "texture": "#1"},
				"down": {"uv": [4, 9.77778, 5.11111, 10.22222], "texture": "#1"}
			}
		},
		{
			"from": [5.606, 1.89, 7.622],
			"to": [5.858, 2.646, 8.378],
			"rotation": {"angle": -45, "axis": "z", "origin": [6.992, 1.512, 7.748]},
			"faces": {
				"north": {"uv": [13.55556, 12.88889, 13.33333, 13.55556], "texture": "#1"},
				"east": {"uv": [10.88889, 9.77778, 10.22222, 10.44444], "texture": "#1"},
				"south": {"uv": [14, 1.77778, 13.77778, 2.44444], "texture": "#1"},
				"west": {"uv": [10.88889, 8.44444, 10.22222, 9.11111], "texture": "#1"},
				"up": {"uv": [13.77778, 10, 14, 9.33333], "texture": "#1"},
				"down": {"uv": [9.77778, 13.77778, 10, 14.44444], "texture": "#1"}
			}
		},
		{
			"from": [4.472, 2.268, 7.622],
			"to": [4.724, 2.646, 8.378],
			"rotation": {"angle": -45, "axis": "z", "origin": [6.992, 1.512, 7.748]},
			"faces": {
				"north": {"uv": [12.66667, 15.11111, 12.44444, 15.44444], "texture": "#1"},
				"east": {"uv": [13.11111, 4, 12.44444, 4.33333], "texture": "#1"},
				"south": {"uv": [13.55556, 15.11111, 13.33333, 15.44444], "texture": "#1"},
				"west": {"uv": [4.66667, 12.44444, 4, 12.77778], "texture": "#1"},
				"up": {"uv": [0, 14.88889, 0.22222, 14.22222], "texture": "#1"}
			}
		},
		{
			"from": [3.212, 1.89, 7.622],
			"to": [3.464, 2.646, 8.378],
			"rotation": {"angle": -45, "axis": "z", "origin": [6.992, 1.512, 7.748]},
			"faces": {
				"north": {"uv": [10.88889, 13.77778, 10.66667, 14.44444], "texture": "#1"},
				"east": {"uv": [1.55556, 10.66667, 0.88889, 11.33333], "texture": "#1"},
				"south": {"uv": [14, 10.66667, 13.77778, 11.33333], "texture": "#1"},
				"up": {"uv": [11.55556, 14.44444, 11.77778, 13.77778], "texture": "#1"},
				"down": {"uv": [12.44444, 13.77778, 12.66667, 14.44444], "texture": "#1"}
			}
		},
		{
			"from": [3.464, 1.89, 7.622],
			"to": [5.606, 2.268, 8.378],
			"rotation": {"angle": -45, "axis": "z", "origin": [6.992, 1.512, 7.748]},
			"faces": {
				"north": {"uv": [10.33333, 1.33333, 8.44444, 1.66667], "texture": "#1"},
				"south": {"uv": [10.33333, 2.22222, 8.44444, 2.55556], "texture": "#1"},
				"up": {"uv": [4, 4.22222, 5.88889, 3.55556], "texture": "#1"},
				"down": {"uv": [4.44444, 1.77778, 6.33333, 2.44444], "texture": "#1"}
			}
		},
		{
			"from": [3.464, 2.268, 7.748],
			"to": [5.606, 2.52, 8.252],
			"rotation": {"angle": -45, "axis": "z", "origin": [6.992, 1.512, 7.748]},
			"faces": {
				"north": {"uv": [13, 2.22222, 11.11111, 2.44444], "texture": "#1"},
				"south": {"uv": [12.11111, 11.11111, 10.22222, 11.33333], "texture": "#1"},
				"up": {"uv": [5.33333, 1.33333, 7.22222, 0.88889], "texture": "#1"}
			}
		},
		{
			"from": [3.212, 1.638, 7.748],
			"to": [5.858, 1.89, 8.252],
			"rotation": {"angle": -45, "axis": "z", "origin": [6.992, 1.512, 7.748]},
			"faces": {
				"north": {"uv": [11.66667, 5.77778, 9.33333, 6], "texture": "#1"},
				"south": {"uv": [11.66667, 6.66667, 9.33333, 6.88889], "texture": "#1"},
				"down": {"uv": [5.33333, 0, 7.66667, 0.44444], "texture": "#1"}
			}
		},
		{
			"from": [4.57835, 5.28559, 7.685],
			"to": [4.83035, 6.04159, 8.315],
			"rotation": {"angle": -22.5, "axis": "z", "origin": [3.75935, 5.50609, 8]},
			"faces": {
				"north": {"uv": [2, 14.22222, 1.77778, 14.88889], "texture": "#1"},
				"south": {"uv": [2.88889, 14.22222, 2.66667, 14.88889], "texture": "#1"},
				"west": {"uv": [3.22222, 12, 2.66667, 12.66667], "texture": "#1"},
				"up": {"uv": [14.66667, 10.77778, 14.88889, 10.22222], "texture": "#1"}
			}
		},
		{
			"from": [2.94035, 5.66359, 7.811],
			"to": [4.57835, 5.91559, 8.189],
			"rotation": {"angle": -22.5, "axis": "z", "origin": [3.75935, 5.50609, 8]},
			"faces": {
				"north": {"uv": [13.44444, 7.55556, 12, 7.77778], "texture": "#1"},
				"south": {"uv": [11.66667, 12, 10.22222, 12.22222], "texture": "#1"},
				"up": {"uv": [7.11111, 10.55556, 8.55556, 10.22222], "texture": "#1"}
			}
		},
		{
			"from": [3.69635, 5.66359, 7.685],
			"to": [3.94835, 6.04159, 8.315],
			"rotation": {"angle": -22.5, "axis": "z", "origin": [3.75935, 5.50609, 8]},
			"faces": {
				"north": {"uv": [1.11111, 15.55556, 0.88889, 15.88889], "texture": "#1"},
				"east": {"uv": [13.88889, 12, 13.33333, 12.33333], "texture": "#1"},
				"south": {"uv": [15.77778, 0.88889, 15.55556, 1.22222], "texture": "#1"},
				"west": {"uv": [9, 13.33333, 8.44444, 13.66667], "texture": "#1"},
				"up": {"uv": [14.66667, 9.44444, 14.88889, 8.88889], "texture": "#1"}
			}
		},
		{
			"from": [2.68835, 5.28559, 7.685],
			"to": [2.94035, 6.04159, 8.315],
			"rotation": {"angle": -22.5, "axis": "z", "origin": [3.75935, 5.50609, 8]},
			"faces": {
				"north": {"uv": [14.44444, 0, 14.22222, 0.66667], "texture": "#1"},
				"east": {"uv": [1.88889, 12, 1.33333, 12.66667], "texture": "#1"},
				"south": {"uv": [1.11111, 14.22222, 0.88889, 14.88889], "texture": "#1"},
				"west": {"uv": [0.55556, 12, 0, 12.66667], "texture": "#1"},
				"up": {"uv": [14.66667, 1.88889, 14.88889, 1.33333], "texture": "#1"},
				"down": {"uv": [14.66667, 5.33333, 14.88889, 5.88889], "texture": "#1"}
			}
		},
		{
			"from": [2.94035, 5.28559, 7.685],
			"to": [4.57835, 5.66359, 8.315],
			"rotation": {"angle": -22.5, "axis": "z", "origin": [3.75935, 5.50609, 8]},
			"faces": {
				"north": {"uv": [11.22222, 7.55556, 9.77778, 7.88889], "texture": "#1"},
				"south": {"uv": [11.66667, 0, 10.22222, 0.33333], "texture": "#1"},
				"up": {"uv": [5.77778, 6.77778, 7.22222, 6.22222], "texture": "#1"},
				"down": {"uv": [1.77778, 6.66667, 3.22222, 7.22222], "texture": "#1"}
			}
		},
		{
			"from": [2.68835, 5.03359, 7.811],
			"to": [4.83035, 5.28559, 8.189],
			"rotation": {"angle": -22.5, "axis": "z", "origin": [3.75935, 5.50609, 8]},
			"faces": {
				"north": {"uv": [13.44444, 3.11111, 11.55556, 3.33333], "texture": "#1"},
				"south": {"uv": [13.44444, 8.44444, 11.55556, 8.66667], "texture": "#1"},
				"west": {"uv": [0.33333, 15.55556, 0, 15.77778], "texture": "#1"},
				"down": {"uv": [5.33333, 8.88889, 7.22222, 9.22222], "texture": "#1"}
			}
		},
		{
			"from": [5.984, 1.512, 7.622],
			"to": [6.992, 2.52, 8.378],
			"rotation": {"angle": -45, "axis": "z", "origin": [6.992, 1.512, 7.748]},
			"faces": {
				"north": {"uv": [7.55556, 3.11111, 6.66667, 4], "texture": "#1"},
				"east": {"uv": [8.66667, 8.88889, 8, 9.77778], "texture": "#1"},
				"south": {"uv": [4.88889, 6.66667, 4, 7.55556], "texture": "#1"},
				"west": {"uv": [0.66667, 8.44444, 0, 9.33333], "texture": "#1"},
				"up": {"uv": [1.33333, 10, 2.22222, 9.33333], "texture": "#1"},
				"down": {"uv": [2.66667, 9.33333, 3.55556, 10], "texture": "#1"}
			}
		},
		{
			"from": [4.09974, 4.31285, 7.496],
			"to": [5.10774, 5.32085, 8.504],
			"rotation": {"angle": 22.5, "axis": "z", "origin": [4.35174, 5.06885, 8]},
			"faces": {
				"north": {"uv": [0.88889, 7.11111, 0, 8], "texture": "#1"},
				"east": {"uv": [7.55556, 7.55556, 6.66667, 8.44444], "texture": "#1"},
				"south": {"uv": [6.22222, 7.55556, 5.33333, 8.44444], "texture": "#1"},
				"west": {"uv": [8, 1.77778, 7.11111, 2.66667], "texture": "#1"},
				"up": {"uv": [1.33333, 8.88889, 2.22222, 8], "texture": "#1"},
				"down": {"uv": [2.66667, 8, 3.55556, 8.88889], "texture": "#1"}
			}
		},
		{
			"from": [4.22574, 4.43885, 7.37],
			"to": [4.98174, 5.19485, 8.63],
			"rotation": {"angle": 22.5, "axis": "z", "origin": [4.35174, 5.06885, 8]},
			"faces": {
				"north": {"uv": [2.88889, 10.66667, 2.22222, 11.33333], "texture": "#1"},
				"east": {"uv": [9.11111, 4.44444, 8, 5.11111], "texture": "#1"},
				"south": {"uv": [4.22222, 10.66667, 3.55556, 11.33333], "texture": "#1"},
				"west": {"uv": [9.11111, 3.11111, 8, 3.77778], "texture": "#1"},
				"up": {"uv": [4, 9.11111, 4.66667, 8], "texture": "#1"},
				"down": {"uv": [8, 5.77778, 8.66667, 6.88889], "texture": "#1"}
			}
		},
		{
			"from": [1.47053, 4.85195, 7.748],
			"to": [1.97453, 5.35594, 8.252],
			"rotation": {"angle": 45, "axis": "z", "origin": [0.76819, 6.08623, 8]},
			"faces": {
				"north": {"uv": [12.88889, 4.88889, 12.44444, 5.33333], "texture": "#1"},
				"east": {"uv": [6.66667, 12.44444, 6.22222, 12.88889], "texture": "#1"},
				"south": {"uv": [12.88889, 5.77778, 12.44444, 6.22222], "texture": "#1"},
				"west": {"uv": [5.77778, 12.44444, 5.33333, 12.88889], "texture": "#1"},
				"up": {"uv": [12.44444, 7.11111, 12.88889, 6.66667], "texture": "#1"},
				"down": {"uv": [7.11111, 12.44444, 7.55556, 12.88889], "texture": "#1"}
			}
		},
		{
			"from": [1.34453, 4.72595, 7.874],
			"to": [2.10053, 5.48195, 8.126],
			"rotation": {"angle": 45, "axis": "z", "origin": [0.76819, 6.08623, 8]},
			"faces": {
				"north": {"uv": [11.77778, 0.88889, 11.11111, 1.55556], "texture": "#1"},
				"east": {"uv": [3.77778, 14.22222, 3.55556, 14.88889], "texture": "#1"},
				"south": {"uv": [11.77778, 4, 11.11111, 4.66667], "texture": "#1"},
				"west": {"uv": [14.44444, 3.11111, 14.22222, 3.77778], "texture": "#1"},
				"up": {"uv": [4.44444, 14.44444, 5.11111, 14.22222], "texture": "#1"},
				"down": {"uv": [14.22222, 4.44444, 14.88889, 4.66667], "texture": "#1"}
			}
		},
		{
			"from": [-0.02248, 5.63666, 7.874],
			"to": [0.48152, 6.14066, 8.126],
			"rotation": {"angle": -45, "axis": "z", "origin": [0.76819, 6.08623, 8]},
			"faces": {
				"north": {"uv": [8.44444, 12.44444, 8, 12.88889], "texture": "#1"},
				"east": {"uv": [14.88889, 13.77778, 14.66667, 14.22222], "texture": "#1"},
				"south": {"uv": [9.33333, 12.44444, 8.88889, 12.88889], "texture": "#1"},
				"west": {"uv": [14.88889, 11.55556, 14.66667, 12], "texture": "#1"},
				"up": {"uv": [14.66667, 14.88889, 15.11111, 14.66667], "texture": "#1"},
				"down": {"uv": [15.11111, 0, 15.55556, 0.22222], "texture": "#1"}
			}
		},
		{
			"from": [0.12159, 5.97104, 7.87576],
			"to": [2.13759, 6.60104, 8.12424],
			"rotation": {"angle": 0, "axis": "z", "origin": [0.76819, 6.08623, 8]},
			"faces": {
				"north": {"uv": [3.55556, 5.33333, 1.77778, 5.88889], "texture": "#1"},
				"south": {"uv": [7.55556, 4.88889, 5.77778, 5.44444], "texture": "#1"},
				"up": {"uv": [11.55556, 9.55556, 13.33333, 9.33333], "texture": "#1"},
				"down": {"uv": [11.55556, 10.22222, 13.33333, 10.44444], "texture": "#1"}
			}
		},
		{
			"from": [-3.34, 5.08904, 7.99244],
			"to": [2.13759, 6.60104, 8.00756],
			"rotation": {"angle": 0, "axis": "z", "origin": [0.76819, 6.08623, 8]},
			"faces": {
				"north": {"uv": [4.77778, 0, 0, 1.33333], "texture": "#1"},
				"south": {"uv": [0, 0, 4.77778, 1.33333], "texture": "#1"}
			}
		},
		{
			"from": [2.18383, 4.51292, 7.874],
			"to": [2.93983, 5.26892, 8.126],
			"rotation": {"angle": -22.5, "axis": "z", "origin": [1.71319, 4.07023, 8]},
			"faces": {
				"north": {"uv": [4.88889, 11.77778, 5.55556, 11.11111], "rotation": 270, "texture": "#1"},
				"east": {"uv": [8.22222, 14.44444, 7.55556, 14.22222], "rotation": 90, "texture": "#1"},
				"south": {"uv": [6.22222, 11.77778, 6.88889, 11.11111], "rotation": 90, "texture": "#1"},
				"west": {"uv": [14.88889, 6.66667, 14.22222, 6.88889], "rotation": 90, "texture": "#1"},
				"up": {"uv": [6.66667, 14.88889, 6.88889, 14.22222], "rotation": 90, "texture": "#1"},
				"down": {"uv": [5.77778, 14.88889, 6, 14.22222], "rotation": 90, "texture": "#1"}
			}
		},
		{
			"from": [2.30983, 4.63892, 7.748],
			"to": [2.81383, 5.14292, 8.252],
			"rotation": {"angle": -22.5, "axis": "z", "origin": [1.71319, 4.07023, 8]},
			"faces": {
				"north": {"uv": [10.66667, 13.33333, 11.11111, 12.88889], "rotation": 270, "texture": "#1"},
				"east": {"uv": [1.33333, 13.77778, 0.88889, 13.33333], "rotation": 90, "texture": "#1"},
				"south": {"uv": [11.55556, 13.33333, 12, 12.88889], "rotation": 90, "texture": "#1"},
				"west": {"uv": [0.44444, 13.33333, 0, 13.77778], "rotation": 90, "texture": "#1"},
				"up": {"uv": [12.44444, 13.33333, 12.88889, 12.88889], "rotation": 90, "texture": "#1"},
				"down": {"uv": [12.88889, 11.55556, 13.33333, 11.11111], "rotation": 90, "texture": "#1"}
			}
		},
		{
			"from": [1.38159, 3.95504, 7.87576],
			"to": [2.89359, 4.58504, 8.12424],
			"rotation": {"angle": 22.5, "axis": "z", "origin": [1.71319, 4.07023, 8]},
			"faces": {
				"north": {"uv": [9.33333, 7.55556, 8, 8.11111], "texture": "#1"},
				"south": {"uv": [9.77778, 0, 8.44444, 0.55556], "texture": "#1"},
				"up": {"uv": [12.44444, 0.22222, 13.77778, 0], "texture": "#1"},
				"down": {"uv": [12.44444, 0.88889, 13.77778, 1.11111], "texture": "#1"}
			}
		},
		{
			"from": [1.14526, 3.8434, 7.874],
			"to": [1.64926, 4.3474, 8.126],
			"rotation": {"angle": -22.5, "axis": "z", "origin": [1.71319, 4.07023, 8]},
			"faces": {
				"north": {"uv": [12.88889, 12, 12.44444, 12.44444], "texture": "#1"},
				"east": {"uv": [15.33333, 3.55556, 15.11111, 4], "texture": "#1"},
				"south": {"uv": [10.22222, 12.88889, 9.77778, 13.33333], "texture": "#1"},
				"west": {"uv": [15.33333, 2.66667, 15.11111, 3.11111], "texture": "#1"},
				"up": {"uv": [4.44444, 15.33333, 4.88889, 15.11111], "texture": "#1"},
				"down": {"uv": [7.55556, 15.11111, 8, 15.33333], "texture": "#1"}
			}
		},
		{
			"from": [-1.702, 3.07304, 7.99244],
			"to": [2.76759, 4.58504, 8.00756],
			"rotation": {"angle": 22.5, "axis": "z", "origin": [1.71319, 4.07023, 8]},
			"faces": {
				"north": {"uv": [3.88889, 1.77778, 0, 3.11111], "texture": "#1"},
				"south": {"uv": [0, 1.77778, 3.88889, 3.11111], "texture": "#1"}
			}
		},
		{
			"from": [3.08838, -0.35295, 7.99244],
			"to": [4.60038, 3.61263, 8.00756],
			"rotation": {"angle": -22.5, "axis": "z", "origin": [3.60319, 2.68423, 8]},
			"faces": {
				"north": {"uv": [0, 4.88889, 3.44444, 3.55556], "rotation": 270, "texture": "#1"},
				"south": {"uv": [3.44444, 4.88889, 0, 3.55556], "rotation": 90, "texture": "#1"}
			}
		},
		{
			"from": [3.30255, 2.72469, 7.874],
			"to": [3.80655, 3.22869, 8.126],
			"rotation": {"angle": 22.5, "axis": "z", "origin": [3.60319, 2.68423, 8]},
			"faces": {
				"north": {"uv": [13.77778, 6.66667, 13.33333, 7.11111], "texture": "#1"},
				"east": {"uv": [10, 15.11111, 9.77778, 15.55556], "texture": "#1"},
				"south": {"uv": [8, 13.33333, 7.55556, 13.77778], "texture": "#1"},
				"west": {"uv": [15.33333, 7.55556, 15.11111, 8], "texture": "#1"},
				"up": {"uv": [10.66667, 15.33333, 11.11111, 15.11111], "texture": "#1"},
				"down": {"uv": [11.55556, 15.11111, 12, 15.33333], "texture": "#1"}
			}
		},
		{
			"from": [3.08838, 2.73063, 7.87576],
			"to": [3.71838, 3.73863, 8.12424],
			"rotation": {"angle": -22.5, "axis": "z", "origin": [3.60319, 2.68423, 8]},
			"faces": {
				"north": {"uv": [9.77778, 4.55556, 10.66667, 4], "rotation": 270, "texture": "#1"},
				"east": {"uv": [7.11111, 13.55556, 6.22222, 13.33333], "rotation": 90, "texture": "#1"},
				"south": {"uv": [5.77778, 10.33333, 6.66667, 9.77778], "rotation": 90, "texture": "#1"},
				"west": {"uv": [14.22222, 5.77778, 13.33333, 6], "rotation": 90, "texture": "#1"}
			}
		},
		{
			"from": [4.11073, 3.16383, 7.748],
			"to": [4.61473, 3.66782, 8.252],
			"rotation": {"angle": 22.5, "axis": "z", "origin": [3.60319, 2.68423, 8]},
			"faces": {
				"north": {"uv": [1.77778, 13.77778, 2.22222, 13.33333], "rotation": 270, "texture": "#1"},
				"east": {"uv": [5.77778, 13.77778, 5.33333, 13.33333], "rotation": 90, "texture": "#1"},
				"south": {"uv": [3.55556, 13.77778, 4, 13.33333], "rotation": 90, "texture": "#1"},
				"west": {"uv": [13.77778, 4.88889, 13.33333, 5.33333], "rotation": 90, "texture": "#1"},
				"up": {"uv": [4.44444, 13.77778, 4.88889, 13.33333], "rotation": 90, "texture": "#1"},
				"down": {"uv": [2.66667, 13.77778, 3.11111, 13.33333], "rotation": 90, "texture": "#1"}
			}
		},
		{
			"from": [3.98473, 3.03783, 7.874],
			"to": [4.74073, 3.79382, 8.126],
			"rotation": {"angle": 22.5, "axis": "z", "origin": [3.60319, 2.68423, 8]},
			"faces": {
				"north": {"uv": [7.55556, 11.77778, 8.22222, 11.11111], "rotation": 270, "texture": "#1"},
				"east": {"uv": [14, 14.44444, 13.33333, 14.22222], "rotation": 90, "texture": "#1"},
				"south": {"uv": [8.88889, 11.77778, 9.55556, 11.11111], "rotation": 90, "texture": "#1"},
				"west": {"uv": [14.88889, 12.88889, 14.22222, 13.11111], "rotation": 90, "texture": "#1"},
				"up": {"uv": [8.88889, 14.88889, 9.11111, 14.22222], "rotation": 90, "texture": "#1"},
				"down": {"uv": [14.22222, 8.22222, 14.44444, 7.55556], "rotation": 90, "texture": "#1"}
			}
		},
		{
			"from": [-1.27407, 6.98897, 7.99244],
			"to": [3.19552, 8.50097, 8.00756],
			"rotation": {"angle": -22.5, "axis": "z", "origin": [2.14112, 7.85569, 8]},
			"faces": {
				"north": {"uv": [3.88889, 1.77778, 0, 3.11111], "texture": "#1"},
				"south": {"uv": [0, 1.77778, 3.88889, 3.11111], "texture": "#1"}
			}
		},
		{
			"from": [2.00655, 8.01188, 7.874],
			"to": [2.51055, 8.51588, 8.126],
			"rotation": {"angle": 22.5, "axis": "z", "origin": [2.14112, 7.85569, 8]},
			"faces": {
				"north": {"uv": [12.44444, 12.44444, 12.88889, 12], "rotation": 90, "texture": "#1"},
				"east": {"uv": [4.88889, 15.11111, 4.44444, 15.33333], "rotation": 270, "texture": "#1"},
				"south": {"uv": [9.77778, 13.33333, 10.22222, 12.88889], "rotation": 270, "texture": "#1"},
				"west": {"uv": [8, 15.33333, 7.55556, 15.11111], "rotation": 270, "texture": "#1"},
				"up": {"uv": [15.11111, 3.11111, 15.33333, 2.66667], "rotation": 270, "texture": "#1"},
				"down": {"uv": [15.11111, 4, 15.33333, 3.55556], "rotation": 270, "texture": "#1"}
			}
		},
		{
			"from": [1.80952, 7.87097, 7.87576],
			"to": [3.32152, 8.50097, 8.12424],
			"rotation": {"angle": -22.5, "axis": "z", "origin": [2.14112, 7.85569, 8]},
			"faces": {
				"north": {"uv": [9.33333, 7.55556, 8, 8.11111], "texture": "#1"},
				"south": {"uv": [9.77778, 0, 8.44444, 0.55556], "texture": "#1"},
				"up": {"uv": [12.44444, 0.22222, 13.77778, 0], "texture": "#1"},
				"down": {"uv": [12.44444, 0.88889, 13.77778, 1.11111], "texture": "#1"}
			}
		},
		{
			"from": [2.80207, 6.8473, 7.748],
			"to": [3.30607, 7.3513, 8.252],
			"rotation": {"angle": 22.5, "axis": "z", "origin": [2.14112, 7.85569, 8]},
			"faces": {
				"north": {"uv": [11.11111, 12.88889, 10.66667, 13.33333], "texture": "#1"},
				"east": {"uv": [12.88889, 12.88889, 12.44444, 13.33333], "texture": "#1"},
				"south": {"uv": [12, 12.88889, 11.55556, 13.33333], "texture": "#1"},
				"west": {"uv": [13.33333, 11.11111, 12.88889, 11.55556], "texture": "#1"},
				"up": {"uv": [0, 13.77778, 0.44444, 13.33333], "texture": "#1"},
				"down": {"uv": [0.88889, 13.33333, 1.33333, 13.77778], "texture": "#1"}
			}
		},
		{
			"from": [2.67607, 6.7213, 7.874],
			"to": [3.43207, 7.4773, 8.126],
			"rotation": {"angle": 22.5, "axis": "z", "origin": [2.14112, 7.85569, 8]},
			"faces": {
				"north": {"uv": [5.55556, 11.11111, 4.88889, 11.77778], "texture": "#1"},
				"east": {"uv": [6.88889, 14.22222, 6.66667, 14.88889], "texture": "#1"},
				"south": {"uv": [6.88889, 11.11111, 6.22222, 11.77778], "texture": "#1"},
				"west": {"uv": [6, 14.22222, 5.77778, 14.88889], "texture": "#1"},
				"up": {"uv": [14.22222, 6.88889, 14.88889, 6.66667], "texture": "#1"},
				"down": {"uv": [7.55556, 14.22222, 8.22222, 14.44444], "texture": "#1"}
			}
		},
		{
			"from": [4.61805, 5.54371, 10.34164],
			"to": [4.87005, 6.29971, 11.09764],
			"rotation": {"angle": 22.5, "axis": "x", "origin": [4.74405, 4.07422, 10.39764]},
			"faces": {
				"north": {"uv": [8.22222, 14.44444, 7.55556, 14.22222], "rotation": 90, "texture": "#1"},
				"east": {"uv": [6.22222, 11.77778, 6.88889, 11.11111], "rotation": 90, "texture": "#1"},
				"south": {"uv": [14.88889, 6.66667, 14.22222, 6.88889], "rotation": 90, "texture": "#1"},
				"west": {"uv": [4.88889, 11.77778, 5.55556, 11.11111], "rotation": 270, "texture": "#1"},
				"up": {"uv": [6.88889, 14.22222, 6.66667, 14.88889], "rotation": 180, "texture": "#1"},
				"down": {"uv": [6, 14.22222, 5.77778, 14.88889], "texture": "#1"}
			}
		},
		{
			"from": [4.49205, 5.66971, 10.46764],
			"to": [4.99605, 6.17371, 10.97164],
			"rotation": {"angle": 22.5, "axis": "x", "origin": [4.74405, 4.07422, 10.39764]},
			"faces": {
				"north": {"uv": [1.33333, 13.77778, 0.88889, 13.33333], "rotation": 90, "texture": "#1"},
				"east": {"uv": [11.55556, 13.33333, 12, 12.88889], "rotation": 90, "texture": "#1"},
				"south": {"uv": [0.44444, 13.33333, 0, 13.77778], "rotation": 90, "texture": "#1"},
				"west": {"uv": [10.66667, 13.33333, 11.11111, 12.88889], "rotation": 270, "texture": "#1"},
				"up": {"uv": [12.88889, 12.88889, 12.44444, 13.33333], "rotation": 180, "texture": "#1"},
				"down": {"uv": [13.33333, 11.11111, 12.88889, 11.55556], "texture": "#1"}
			}
		},
		{
			"from": [4.61981, 3.6409, 11.83627],
			"to": [4.86828, 5.1529, 12.46627],
			"rotation": {"angle": -22.5, "axis": "x", "origin": [4.74405, 4.07422, 10.39764]},
			"faces": {
				"north": {"uv": [13.77778, 1.11111, 12.44444, 0.88889], "rotation": 90, "texture": "#1"},
				"east": {"uv": [8.44444, 0.55556, 9.77778, 0], "rotation": 90, "texture": "#1"},
				"south": {"uv": [13.77778, 0, 12.44444, 0.22222], "rotation": 90, "texture": "#1"},
				"west": {"uv": [8, 8.11111, 9.33333, 7.55556], "rotation": 270, "texture": "#1"}
			}
		},
		{
			"from": [4.61805, 4.87418, 11.63221],
			"to": [4.87005, 5.37818, 12.13621],
			"rotation": {"angle": 22.5, "axis": "x", "origin": [4.74405, 4.07422, 10.39764]},
			"faces": {
				"north": {"uv": [15.33333, 3.55556, 15.11111, 4], "texture": "#1"},
				"east": {"uv": [10.22222, 12.88889, 9.77778, 13.33333], "texture": "#1"},
				"south": {"uv": [15.33333, 2.66667, 15.11111, 3.11111], "texture": "#1"},
				"west": {"uv": [12.88889, 12, 12.44444, 12.44444], "texture": "#1"},
				"up": {"uv": [4.88889, 15.11111, 4.44444, 15.33333], "rotation": 90, "texture": "#1"},
				"down": {"uv": [8, 15.33333, 7.55556, 15.11111], "rotation": 270, "texture": "#1"}
			}
		},
		{
			"from": [4.73649, 0.55731, 10.95427],
			"to": [4.75161, 5.0269, 12.46627],
			"rotation": {"angle": -22.5, "axis": "x", "origin": [4.74405, 4.07422, 10.39764]},
			"faces": {
				"east": {"uv": [3.88889, 3.11111, 0, 1.77778], "rotation": 90, "texture": "#1"},
				"west": {"uv": [0, 3.11111, 3.88889, 1.77778], "rotation": 270, "texture": "#1"}
			}
		},
		{
			"from": [4.73649, -1.08219, 9.11091],
			"to": [4.75161, 4.3954, 10.62291],
			"rotation": {"angle": 0, "axis": "z", "origin": [4.74405, 3.82222, 10.39764]},
			"faces": {
				"east": {"uv": [4.77778, 1.33333, 0, 0], "rotation": 90, "texture": "#1"},
				"west": {"uv": [0, 1.33333, 4.77778, 0], "rotation": 270, "texture": "#1"}
			}
		},
		{
			"from": [4.61981, 2.3794, 9.99291],
			"to": [4.86828, 4.3954, 10.62291],
			"rotation": {"angle": 0, "axis": "z", "origin": [4.74405, 3.82222, 10.39764]},
			"faces": {
				"north": {"uv": [13.33333, 10.44444, 11.55556, 10.22222], "rotation": 90, "texture": "#1"},
				"east": {"uv": [5.77778, 5.44444, 7.55556, 4.88889], "rotation": 90, "texture": "#1"},
				"south": {"uv": [13.33333, 9.33333, 11.55556, 9.55556], "rotation": 90, "texture": "#1"},
				"west": {"uv": [1.77778, 5.88889, 3.55556, 5.33333], "rotation": 270, "texture": "#1"}
			}
		},
		{
			"from": [4.61805, 2.6049, 11.04259],
			"to": [4.87005, 3.1089, 11.54659],
			"rotation": {"angle": 45, "axis": "x", "origin": [4.74405, 3.82222, 10.39764]},
			"faces": {
				"north": {"uv": [14.88889, 13.77778, 14.66667, 14.22222], "texture": "#1"},
				"east": {"uv": [9.33333, 12.44444, 8.88889, 12.88889], "texture": "#1"},
				"south": {"uv": [14.88889, 11.55556, 14.66667, 12], "texture": "#1"},
				"west": {"uv": [8.44444, 12.44444, 8, 12.88889], "texture": "#1"},
				"up": {"uv": [15.11111, 14.66667, 14.66667, 14.88889], "rotation": 90, "texture": "#1"},
				"down": {"uv": [15.55556, 0.22222, 15.11111, 0], "rotation": 270, "texture": "#1"}
			}
		},
		{
			"from": [4.61805, 3.63081, 9.39563],
			"to": [4.87005, 4.38681, 10.15163],
			"rotation": {"angle": 45, "axis": "x", "origin": [4.74405, 3.82222, 10.39764]},
			"faces": {
				"north": {"uv": [14.88889, 4.66667, 14.22222, 4.44444], "rotation": 90, "texture": "#1"},
				"east": {"uv": [11.11111, 4.66667, 11.77778, 4], "rotation": 90, "texture": "#1"},
				"south": {"uv": [5.11111, 14.22222, 4.44444, 14.44444], "rotation": 90, "texture": "#1"},
				"west": {"uv": [11.11111, 1.55556, 11.77778, 0.88889], "rotation": 270, "texture": "#1"},
				"up": {"uv": [3.77778, 14.22222, 3.55556, 14.88889], "rotation": 180, "texture": "#1"},
				"down": {"uv": [14.44444, 3.11111, 14.22222, 3.77778], "texture": "#1"}
			}
		},
		{
			"from": [4.49205, 3.75681, 9.52163],
			"to": [4.99605, 4.26081, 10.02563],
			"rotation": {"angle": 45, "axis": "x", "origin": [4.74405, 3.82222, 10.39764]},
			"faces": {
				"north": {"uv": [7.55556, 12.88889, 7.11111, 12.44444], "rotation": 90, "texture": "#1"},
				"east": {"uv": [12.44444, 6.22222, 12.88889, 5.77778], "rotation": 90, "texture": "#1"},
				"south": {"uv": [12.88889, 6.66667, 12.44444, 7.11111], "rotation": 90, "texture": "#1"},
				"west": {"uv": [12.44444, 5.33333, 12.88889, 4.88889], "rotation": 270, "texture": "#1"},
				"up": {"uv": [6.66667, 12.44444, 6.22222, 12.88889], "rotation": 180, "texture": "#1"},
				"down": {"uv": [5.77778, 12.44444, 5.33333, 12.88889], "texture": "#1"}
			}
		},
		{
			"from": [4.11405, 3.77131, 7.97451],
			"to": [5.37405, 4.52731, 8.73051],
			"rotation": {"angle": 22.5, "axis": "x", "origin": [4.74405, 3.82222, 10.39764]},
			"faces": {
				"north": {"uv": [9.11111, 4.44444, 8, 5.11111], "texture": "#1"},
				"east": {"uv": [4.22222, 10.66667, 3.55556, 11.33333], "texture": "#1"},
				"south": {"uv": [9.11111, 3.11111, 8, 3.77778], "texture": "#1"},
				"west": {"uv": [2.88889, 10.66667, 2.22222, 11.33333], "texture": "#1"},
				"up": {"uv": [4.66667, 8, 4, 9.11111], "rotation": 90, "texture": "#1"},
				"down": {"uv": [8.66667, 6.88889, 8, 5.77778], "rotation": 270, "texture": "#1"}
			}
		},
		{
			"from": [4.24005, 3.64531, 7.84851],
			"to": [5.24805, 4.65331, 8.85651],
			"rotation": {"angle": 22.5, "axis": "x", "origin": [4.74405, 3.82222, 10.39764]},
			"faces": {
				"north": {"uv": [7.55556, 7.55556, 6.66667, 8.44444], "texture": "#1"},
				"east": {"uv": [6.22222, 7.55556, 5.33333, 8.44444], "texture": "#1"},
				"south": {"uv": [8, 1.77778, 7.11111, 2.66667], "texture": "#1"},
				"west": {"uv": [0.88889, 7.11111, 0, 8], "texture": "#1"},
				"up": {"uv": [2.22222, 8, 1.33333, 8.88889], "rotation": 90, "texture": "#1"},
				"down": {"uv": [3.55556, 8.88889, 2.66667, 8], "rotation": 270, "texture": "#1"}
			}
		},
		{
			"from": [4.55505, 5.2044, 9.1828],
			"to": [4.93305, 5.4564, 11.3248],
			"rotation": {"angle": -22.5, "axis": "x", "origin": [4.74405, 3.82222, 10.39764]},
			"faces": {
				"east": {"uv": [13.44444, 8.44444, 11.55556, 8.66667], "texture": "#1"},
				"south": {"uv": [0.33333, 15.55556, 0, 15.77778], "texture": "#1"},
				"west": {"uv": [13.44444, 3.11111, 11.55556, 3.33333], "texture": "#1"},
				"down": {"uv": [7.22222, 9.22222, 5.33333, 8.88889], "rotation": 270, "texture": "#1"}
			}
		},
		{
			"from": [4.42905, 5.4564, 9.4348],
			"to": [5.05905, 5.8344, 11.0728],
			"rotation": {"angle": -22.5, "axis": "x", "origin": [4.74405, 3.82222, 10.39764]},
			"faces": {
				"east": {"uv": [11.66667, 0, 10.22222, 0.33333], "texture": "#1"},
				"west": {"uv": [11.22222, 7.55556, 9.77778, 7.88889], "texture": "#1"},
				"up": {"uv": [7.22222, 6.22222, 5.77778, 6.77778], "rotation": 90, "texture": "#1"},
				"down": {"uv": [3.22222, 7.22222, 1.77778, 6.66667], "rotation": 270, "texture": "#1"}
			}
		},
		{
			"from": [4.42905, 5.4564, 11.0728],
			"to": [5.05905, 6.2124, 11.3248],
			"rotation": {"angle": -22.5, "axis": "x", "origin": [4.74405, 3.82222, 10.39764]},
			"faces": {
				"north": {"uv": [1.88889, 12, 1.33333, 12.66667], "texture": "#1"},
				"east": {"uv": [1.11111, 14.22222, 0.88889, 14.88889], "texture": "#1"},
				"south": {"uv": [0.55556, 12, 0, 12.66667], "texture": "#1"},
				"west": {"uv": [14.44444, 0, 14.22222, 0.66667], "texture": "#1"},
				"up": {"uv": [14.88889, 1.33333, 14.66667, 1.88889], "rotation": 90, "texture": "#1"},
				"down": {"uv": [14.88889, 5.88889, 14.66667, 5.33333], "rotation": 270, "texture": "#1"}
			}
		},
		{
			"from": [4.42905, 5.8344, 10.0648],
			"to": [5.05905, 6.2124, 10.3168],
			"rotation": {"angle": -22.5, "axis": "x", "origin": [4.74405, 3.82222, 10.39764]},
			"faces": {
				"north": {"uv": [13.88889, 12, 13.33333, 12.33333], "texture": "#1"},
				"east": {"uv": [15.77778, 0.88889, 15.55556, 1.22222], "texture": "#1"},
				"south": {"uv": [9, 13.33333, 8.44444, 13.66667], "texture": "#1"},
				"west": {"uv": [1.11111, 15.55556, 0.88889, 15.88889], "texture": "#1"},
				"up": {"uv": [14.88889, 8.88889, 14.66667, 9.44444], "rotation": 90, "texture": "#1"}
			}
		},
		{
			"from": [4.55505, 5.8344, 9.4348],
			"to": [4.93305, 6.0864, 11.0728],
			"rotation": {"angle": -22.5, "axis": "x", "origin": [4.74405, 3.82222, 10.39764]},
			"faces": {
				"east": {"uv": [11.66667, 12, 10.22222, 12.22222], "texture": "#1"},
				"west": {"uv": [13.44444, 7.55556, 12, 7.77778], "texture": "#1"},
				"up": {"uv": [8.55556, 10.22222, 7.11111, 10.55556], "rotation": 90, "texture": "#1"}
			}
		},
		{
			"from": [4.42905, 5.4564, 9.1828],
			"to": [5.05905, 6.2124, 9.4348],
			"rotation": {"angle": -22.5, "axis": "x", "origin": [4.74405, 3.82222, 10.39764]},
			"faces": {
				"east": {"uv": [2.88889, 14.22222, 2.66667, 14.88889], "texture": "#1"},
				"south": {"uv": [3.22222, 12, 2.66667, 12.66667], "texture": "#1"},
				"west": {"uv": [2, 14.22222, 1.77778, 14.88889], "texture": "#1"},
				"up": {"uv": [14.88889, 10.22222, 14.66667, 10.77778], "rotation": 90, "texture": "#1"}
			}
		},
		{
			"from": [6.992, 1.26, 9.37844],
			"to": [9.008, 3.276, 9.39356],
			"rotation": {"angle": 45, "axis": "z", "origin": [8, 2.268, 9.512]},
			"faces": {
				"north": {"uv": [16, 0, 0, 16], "texture": "#2"},
				"south": {"uv": [0, 0, 16, 16], "texture": "#2"}
			}
		},
		{
			"from": [7.496, 1.764, 9.63044],
			"to": [8.504, 2.772, 9.64556],
			"rotation": {"angle": 45, "axis": "z", "origin": [8, 2.268, 9.512]},
			"faces": {
				"north": {"uv": [8, 0, 0, 8], "texture": "#3"},
				"south": {"uv": [0, 0, 8, 8], "texture": "#3"}
			}
		},
		{
			"from": [4.1696, 4.4352, 7.21124],
			"to": [5.1776, 5.4432, 7.22636],
			"rotation": {"angle": 45, "axis": "z", "origin": [4.6736, 4.9392, 7.2188]},
			"faces": {
				"north": {"uv": [8, 0, 0, 8], "texture": "#3"},
				"south": {"uv": [0, 0, 8, 8], "texture": "#3"}
			}
		},
		{
			"from": [10.8224, 4.4352, 7.21124],
			"to": [11.8304, 5.4432, 7.22636],
			"rotation": {"angle": -45, "axis": "z", "origin": [11.3264, 4.9392, 7.2188]},
			"faces": {
				"north": {"uv": [0, 0, 8, 8], "texture": "#3"},
				"south": {"uv": [8, 0, 0, 8], "texture": "#3"}
			}
		}
	],
	"gui_light": "front",
	"display": {
		"thirdperson_righthand": {
			"rotation": [-131.5, 0, -180],
			"translation": [0, 1.75, 2.5],
			"scale": [0.6, 0.6, 0.6]
		},
		"thirdperson_lefthand": {
			"rotation": [68.25, 0, 0],
			"translation": [-5.5, -5.5, 11.75]
		},
		"firstperson_righthand": {
			"rotation": [163.5, 0, -180],
			"translation": [2.75, 2, 0],
			"scale": [0.5, 0.5, 0.5]
		},
		"firstperson_lefthand": {
			"scale": [0, 0, 0]
		},
		"ground": {
			"rotation": [-45, 0, 0],
			"translation": [0, 3, 0],
			"scale": [0.6, 0.6, 0.6]
		},
		"gui": {
			"rotation": [0, 180, 0],
			"translation": [0, -0.25, 0],
			"scale": [0.45, 0.45, 0.45]
		},
		"head": {
			"translation": [0, -3.75, 5.75],
			"scale": [2, 2, 2]
		},
		"fixed": {
			"rotation": [0, 180, 0],
			"translation": [0, 6.25, -1.5],
			"scale": [2, 2, 2]
		}
	},
	"USER": "33672",
	"NONCE": "250d30f3c9d7634129006a92dfa824a1",
	"TIMESTAMP": "1740508157",
	"RESOURCE": "12629",
	"mcmodels": "250d30f3c9d7634129006a92dfa824a1"
}