{
	"credit": "Pologony Creation Co.,Ltd.",
	"texture_size": [52, 52],
	"textures": {
		"1": "nanoedge_set:wings",
		"2": "nanoedge_set:animations/animated_1",
		"3": "nanoedge_set:animations/animated_2",
		"particle": "nanoedge_set:animations/animated_1"
	},
	"elements": [
		{
			"from": [9.26, 1.98, 7.64],
			"to": [11.06, 3.78, 8.36],
			"rotation": {"angle": 45, "axis": "z", "origin": [9.44, 2.16, 7.64]},
			"faces": {
				"north": {"uv": [4, 4.88889, 5.11111, 6], "texture": "#1"},
				"east": {"uv": [9.33333, 8.88889, 9.77778, 10], "texture": "#1"},
				"south": {"uv": [0, 5.33333, 1.11111, 6.44444], "texture": "#1"},
				"west": {"uv": [0, 9.77778, 0.44444, 10.88889], "texture": "#1"},
				"up": {"uv": [10.88889, 3.55556, 9.77778, 3.11111], "texture": "#1"},
				"down": {"uv": [5.11111, 9.77778, 4, 10.22222], "texture": "#1"}
			}
		},
		{
			"from": [11.06, 2.7, 7.46],
			"to": [11.42, 3.78, 8.54],
			"rotation": {"angle": 45, "axis": "z", "origin": [9.44, 2.16, 7.64]},
			"faces": {
				"north": {"uv": [13.33333, 12.88889, 13.55556, 13.55556], "texture": "#1"},
				"east": {"uv": [10.22222, 8.44444, 10.88889, 9.11111], "texture": "#1"},
				"south": {"uv": [13.77778, 1.77778, 14, 2.44444], "texture": "#1"},
				"west": {"uv": [10.22222, 9.77778, 10.88889, 10.44444], "texture": "#1"},
				"up": {"uv": [14, 10, 13.77778, 9.33333], "texture": "#1"},
				"down": {"uv": [10, 13.77778, 9.77778, 14.44444], "texture": "#1"}
			}
		},
		{
			"from": [12.68, 3.24, 7.46],
			"to": [13.04, 3.78, 8.54],
			"rotation": {"angle": 45, "axis": "z", "origin": [9.44, 2.16, 7.64]},
			"faces": {
				"north": {"uv": [12.44444, 15.11111, 12.66667, 15.44444], "texture": "#1"},
				"east": {"uv": [4, 12.44444, 4.66667, 12.77778], "texture": "#1"},
				"south": {"uv": [13.33333, 15.11111, 13.55556, 15.44444], "texture": "#1"},
				"west": {"uv": [12.44444, 4, 13.11111, 4.33333], "texture": "#1"},
				"up": {"uv": [0.22222, 14.88889, 0, 14.22222], "texture": "#1"}
			}
		},
		{
			"from": [14.48, 2.7, 7.46],
			"to": [14.84, 3.78, 8.54],
			"rotation": {"angle": 45, "axis": "z", "origin": [9.44, 2.16, 7.64]},
			"faces": {
				"north": {"uv": [10.66667, 13.77778, 10.88889, 14.44444], "texture": "#1"},
				"south": {"uv": [13.77778, 10.66667, 14, 11.33333], "texture": "#1"},
				"west": {"uv": [0.88889, 10.66667, 1.55556, 11.33333], "texture": "#1"},
				"up": {"uv": [11.77778, 14.44444, 11.55556, 13.77778], "texture": "#1"},
				"down": {"uv": [12.66667, 13.77778, 12.44444, 14.44444], "texture": "#1"}
			}
		},
		{
			"from": [11.42, 2.7, 7.46],
			"to": [14.48, 3.24, 8.54],
			"rotation": {"angle": 45, "axis": "z", "origin": [9.44, 2.16, 7.64]},
			"faces": {
				"north": {"uv": [8.44444, 1.33333, 10.33333, 1.66667], "texture": "#1"},
				"south": {"uv": [8.44444, 2.22222, 10.33333, 2.55556], "texture": "#1"},
				"up": {"uv": [5.88889, 4.22222, 4, 3.55556], "texture": "#1"},
				"down": {"uv": [6.33333, 1.77778, 4.44444, 2.44444], "texture": "#1"}
			}
		},
		{
			"from": [11.42, 3.24, 7.64],
			"to": [14.48, 3.6, 8.36],
			"rotation": {"angle": 45, "axis": "z", "origin": [9.44, 2.16, 7.64]},
			"faces": {
				"north": {"uv": [11.11111, 2.22222, 13, 2.44444], "texture": "#1"},
				"south": {"uv": [10.22222, 11.11111, 12.11111, 11.33333], "texture": "#1"},
				"up": {"uv": [7.22222, 1.33333, 5.33333, 0.88889], "texture": "#1"}
			}
		},
		{
			"from": [11.06, 2.34, 7.64],
			"to": [14.84, 2.7, 8.36],
			"rotation": {"angle": 45, "axis": "z", "origin": [9.44, 2.16, 7.64]},
			"faces": {
				"north": {"uv": [9.33333, 5.77778, 11.66667, 6], "texture": "#1"},
				"south": {"uv": [9.33333, 6.66667, 11.66667, 6.88889], "texture": "#1"},
				"down": {"uv": [7.66667, 0, 5.33333, 0.44444], "texture": "#1"}
			}
		},
		{
			"from": [12.52807, 7.55084, 7.55],
			"to": [12.88807, 8.63084, 8.45],
			"rotation": {"angle": 22.5, "axis": "z", "origin": [14.05807, 7.86584, 8]},
			"faces": {
				"north": {"uv": [1.77778, 14.22222, 2, 14.88889], "texture": "#1"},
				"east": {"uv": [2.66667, 12, 3.22222, 12.66667], "texture": "#1"},
				"south": {"uv": [2.66667, 14.22222, 2.88889, 14.88889], "texture": "#1"},
				"up": {"uv": [14.88889, 10.77778, 14.66667, 10.22222], "texture": "#1"}
			}
		},
		{
			"from": [12.88807, 8.09084, 7.73],
			"to": [15.22807, 8.45084, 8.27],
			"rotation": {"angle": 22.5, "axis": "z", "origin": [14.05807, 7.86584, 8]},
			"faces": {
				"north": {"uv": [12, 7.55556, 13.44444, 7.77778], "texture": "#1"},
				"south": {"uv": [10.22222, 12, 11.66667, 12.22222], "texture": "#1"},
				"up": {"uv": [8.55556, 10.55556, 7.11111, 10.22222], "texture": "#1"}
			}
		},
		{
			"from": [13.78807, 8.09084, 7.55],
			"to": [14.14807, 8.63084, 8.45],
			"rotation": {"angle": 22.5, "axis": "z", "origin": [14.05807, 7.86584, 8]},
			"faces": {
				"north": {"uv": [0.88889, 15.55556, 1.11111, 15.88889], "texture": "#1"},
				"east": {"uv": [8.44444, 13.33333, 9, 13.66667], "texture": "#1"},
				"south": {"uv": [15.55556, 0.88889, 15.77778, 1.22222], "texture": "#1"},
				"west": {"uv": [13.33333, 12, 13.88889, 12.33333], "texture": "#1"},
				"up": {"uv": [14.88889, 9.44444, 14.66667, 8.88889], "texture": "#1"}
			}
		},
		{
			"from": [15.22807, 7.55084, 7.55],
			"to": [15.58807, 8.63084, 8.45],
			"rotation": {"angle": 22.5, "axis": "z", "origin": [14.05807, 7.86584, 8]},
			"faces": {
				"north": {"uv": [14.22222, 0, 14.44444, 0.66667], "texture": "#1"},
				"east": {"uv": [0, 12, 0.55556, 12.66667], "texture": "#1"},
				"south": {"uv": [0.88889, 14.22222, 1.11111, 14.88889], "texture": "#1"},
				"west": {"uv": [1.33333, 12, 1.88889, 12.66667], "texture": "#1"},
				"up": {"uv": [14.88889, 1.88889, 14.66667, 1.33333], "texture": "#1"},
				"down": {"uv": [14.88889, 5.33333, 14.66667, 5.88889], "texture": "#1"}
			}
		},
		{
			"from": [12.88807, 7.55084, 7.55],
			"to": [15.22807, 8.09084, 8.45],
			"rotation": {"angle": 22.5, "axis": "z", "origin": [14.05807, 7.86584, 8]},
			"faces": {
				"north": {"uv": [9.77778, 7.55556, 11.22222, 7.88889], "texture": "#1"},
				"south": {"uv": [10.22222, 0, 11.66667, 0.33333], "texture": "#1"},
				"up": {"uv": [7.22222, 6.77778, 5.77778, 6.22222], "texture": "#1"},
				"down": {"uv": [3.22222, 6.66667, 1.77778, 7.22222], "texture": "#1"}
			}
		},
		{
			"from": [12.52807, 7.19084, 7.73],
			"to": [15.58807, 7.55084, 8.27],
			"rotation": {"angle": 22.5, "axis": "z", "origin": [14.05807, 7.86584, 8]},
			"faces": {
				"north": {"uv": [11.55556, 3.11111, 13.44444, 3.33333], "texture": "#1"},
				"east": {"uv": [0, 15.55556, 0.33333, 15.77778], "texture": "#1"},
				"south": {"uv": [11.55556, 8.44444, 13.44444, 8.66667], "texture": "#1"},
				"down": {"uv": [7.22222, 8.88889, 5.33333, 9.22222], "texture": "#1"}
			}
		},
		{
			"from": [9.44, 2.16, 7.46],
			"to": [10.88, 3.6, 8.54],
			"rotation": {"angle": 45, "axis": "z", "origin": [9.44, 2.16, 7.64]},
			"faces": {
				"north": {"uv": [6.66667, 3.11111, 7.55556, 4], "texture": "#1"},
				"east": {"uv": [0, 8.44444, 0.66667, 9.33333], "texture": "#1"},
				"south": {"uv": [4, 6.66667, 4.88889, 7.55556], "texture": "#1"},
				"west": {"uv": [8, 8.88889, 8.66667, 9.77778], "texture": "#1"},
				"up": {"uv": [2.22222, 10, 1.33333, 9.33333], "texture": "#1"},
				"down": {"uv": [3.55556, 9.33333, 2.66667, 10], "texture": "#1"}
			}
		},
		{
			"from": [12.1318, 6.16121, 7.28],
			"to": [13.5718, 7.60121, 8.72],
			"rotation": {"angle": -22.5, "axis": "z", "origin": [13.2118, 7.24121, 8]},
			"faces": {
				"north": {"uv": [0, 7.11111, 0.88889, 8], "texture": "#1"},
				"east": {"uv": [7.11111, 1.77778, 8, 2.66667], "texture": "#1"},
				"south": {"uv": [5.33333, 7.55556, 6.22222, 8.44444], "texture": "#1"},
				"west": {"uv": [6.66667, 7.55556, 7.55556, 8.44444], "texture": "#1"},
				"up": {"uv": [2.22222, 8.88889, 1.33333, 8], "texture": "#1"},
				"down": {"uv": [3.55556, 8, 2.66667, 8.88889], "texture": "#1"}
			}
		},
		{
			"from": [12.3118, 6.34121, 7.1],
			"to": [13.3918, 7.42121, 8.9],
			"rotation": {"angle": -22.5, "axis": "z", "origin": [13.2118, 7.24121, 8]},
			"faces": {
				"north": {"uv": [2.22222, 10.66667, 2.88889, 11.33333], "texture": "#1"},
				"east": {"uv": [8, 3.11111, 9.11111, 3.77778], "texture": "#1"},
				"south": {"uv": [3.55556, 10.66667, 4.22222, 11.33333], "texture": "#1"},
				"west": {"uv": [8, 4.44444, 9.11111, 5.11111], "texture": "#1"},
				"up": {"uv": [4.66667, 9.11111, 4, 8], "texture": "#1"},
				"down": {"uv": [8.66667, 5.77778, 8, 6.88889], "texture": "#1"}
			}
		},
		{
			"from": [16.60782, 6.93135, 7.64],
			"to": [17.32782, 7.65135, 8.36],
			"rotation": {"angle": -45, "axis": "z", "origin": [18.33116, 8.69462, 8]},
			"faces": {
				"north": {"uv": [12.44444, 4.88889, 12.88889, 5.33333], "texture": "#1"},
				"east": {"uv": [5.33333, 12.44444, 5.77778, 12.88889], "texture": "#1"},
				"south": {"uv": [12.44444, 5.77778, 12.88889, 6.22222], "texture": "#1"},
				"west": {"uv": [6.22222, 12.44444, 6.66667, 12.88889], "texture": "#1"},
				"up": {"uv": [12.88889, 7.11111, 12.44444, 6.66667], "texture": "#1"},
				"down": {"uv": [7.55556, 12.44444, 7.11111, 12.88889], "texture": "#1"}
			}
		},
		{
			"from": [16.42782, 6.75135, 7.82],
			"to": [17.50782, 7.83135, 8.18],
			"rotation": {"angle": -45, "axis": "z", "origin": [18.33116, 8.69462, 8]},
			"faces": {
				"north": {"uv": [11.11111, 0.88889, 11.77778, 1.55556], "texture": "#1"},
				"east": {"uv": [14.22222, 3.11111, 14.44444, 3.77778], "texture": "#1"},
				"south": {"uv": [11.11111, 4, 11.77778, 4.66667], "texture": "#1"},
				"west": {"uv": [3.55556, 14.22222, 3.77778, 14.88889], "texture": "#1"},
				"up": {"uv": [5.11111, 14.44444, 4.44444, 14.22222], "texture": "#1"},
				"down": {"uv": [14.88889, 4.44444, 14.22222, 4.66667], "texture": "#1"}
			}
		},
		{
			"from": [18.74069, 8.05237, 7.82],
			"to": [19.46069, 8.77237, 8.18],
			"rotation": {"angle": 45, "axis": "z", "origin": [18.33116, 8.69462, 8]},
			"faces": {
				"north": {"uv": [8, 12.44444, 8.44444, 12.88889], "texture": "#1"},
				"east": {"uv": [14.66667, 11.55556, 14.88889, 12], "texture": "#1"},
				"south": {"uv": [8.88889, 12.44444, 9.33333, 12.88889], "texture": "#1"},
				"west": {"uv": [14.66667, 13.77778, 14.88889, 14.22222], "texture": "#1"},
				"up": {"uv": [15.11111, 14.88889, 14.66667, 14.66667], "texture": "#1"},
				"down": {"uv": [15.55556, 0, 15.11111, 0.22222], "texture": "#1"}
			}
		},
		{
			"from": [16.37487, 8.53006, 7.82252],
			"to": [19.25487, 9.43006, 8.17748],
			"rotation": {"angle": 0, "axis": "z", "origin": [18.33116, 8.69462, 8]},
			"faces": {
				"north": {"uv": [1.77778, 5.33333, 3.55556, 5.88889], "texture": "#1"},
				"south": {"uv": [5.77778, 4.88889, 7.55556, 5.44444], "texture": "#1"},
				"up": {"uv": [13.33333, 9.55556, 11.55556, 9.33333], "texture": "#1"},
				"down": {"uv": [13.33333, 10.22222, 11.55556, 10.44444], "texture": "#1"}
			}
		},
		{
			"from": [16.37487, 7.27006, 7.9892],
			"to": [24.2, 9.43006, 8.0108],
			"rotation": {"angle": 0, "axis": "z", "origin": [18.33116, 8.69462, 8]},
			"faces": {
				"north": {"uv": [0, 0, 4.77778, 1.33333], "texture": "#1"},
				"south": {"uv": [4.77778, 0, 0, 1.33333], "texture": "#1"}
			}
		},
		{
			"from": [15.22881, 6.44703, 7.82],
			"to": [16.30881, 7.52703, 8.18],
			"rotation": {"angle": 22.5, "axis": "z", "origin": [16.98116, 5.81462, 8]},
			"faces": {
				"north": {"uv": [4.88889, 11.11111, 5.55556, 11.77778], "rotation": 270, "texture": "#1"},
				"east": {"uv": [14.88889, 6.88889, 14.22222, 6.66667], "rotation": 90, "texture": "#1"},
				"south": {"uv": [6.22222, 11.11111, 6.88889, 11.77778], "rotation": 90, "texture": "#1"},
				"west": {"uv": [8.22222, 14.22222, 7.55556, 14.44444], "rotation": 90, "texture": "#1"},
				"up": {"uv": [6.66667, 14.22222, 6.88889, 14.88889], "rotation": 90, "texture": "#1"},
				"down": {"uv": [5.77778, 14.22222, 6, 14.88889], "rotation": 90, "texture": "#1"}
			}
		},
		{
			"from": [15.40881, 6.62703, 7.64],
			"to": [16.12881, 7.34703, 8.36],
			"rotation": {"angle": 22.5, "axis": "z", "origin": [16.98116, 5.81462, 8]},
			"faces": {
				"north": {"uv": [10.66667, 12.88889, 11.11111, 13.33333], "rotation": 270, "texture": "#1"},
				"east": {"uv": [0.44444, 13.77778, 0, 13.33333], "rotation": 90, "texture": "#1"},
				"south": {"uv": [11.55556, 12.88889, 12, 13.33333], "rotation": 90, "texture": "#1"},
				"west": {"uv": [1.33333, 13.33333, 0.88889, 13.77778], "rotation": 90, "texture": "#1"},
				"up": {"uv": [12.44444, 12.88889, 12.88889, 13.33333], "rotation": 90, "texture": "#1"},
				"down": {"uv": [12.88889, 11.11111, 13.33333, 11.55556], "rotation": 90, "texture": "#1"}
			}
		},
		{
			"from": [15.29487, 5.65006, 7.82252],
			"to": [17.45487, 6.55006, 8.17748],
			"rotation": {"angle": -22.5, "axis": "z", "origin": [16.98116, 5.81462, 8]},
			"faces": {
				"north": {"uv": [8, 7.55556, 9.33333, 8.11111], "texture": "#1"},
				"south": {"uv": [8.44444, 0, 9.77778, 0.55556], "texture": "#1"},
				"up": {"uv": [13.77778, 0.22222, 12.44444, 0], "texture": "#1"},
				"down": {"uv": [13.77778, 0.88889, 12.44444, 1.11111], "texture": "#1"}
			}
		},
		{
			"from": [17.07249, 5.49057, 7.82],
			"to": [17.79249, 6.21057, 8.18],
			"rotation": {"angle": 22.5, "axis": "z", "origin": [16.98116, 5.81462, 8]},
			"faces": {
				"north": {"uv": [12.44444, 12, 12.88889, 12.44444], "texture": "#1"},
				"east": {"uv": [15.11111, 2.66667, 15.33333, 3.11111], "texture": "#1"},
				"south": {"uv": [9.77778, 12.88889, 10.22222, 13.33333], "texture": "#1"},
				"west": {"uv": [15.11111, 3.55556, 15.33333, 4], "texture": "#1"},
				"up": {"uv": [4.88889, 15.33333, 4.44444, 15.11111], "texture": "#1"},
				"down": {"uv": [8, 15.11111, 7.55556, 15.33333], "texture": "#1"}
			}
		},
		{
			"from": [15.47487, 4.39006, 7.9892],
			"to": [21.86, 6.55006, 8.0108],
			"rotation": {"angle": -22.5, "axis": "z", "origin": [16.98116, 5.81462, 8]},
			"faces": {
				"north": {"uv": [0, 1.77778, 3.88889, 3.11111], "texture": "#1"},
				"south": {"uv": [3.88889, 1.77778, 0, 3.11111], "texture": "#1"}
			}
		},
		{
			"from": [14.52561, 9.60186, 7.82],
			"to": [15.60561, 10.68186, 8.18],
			"rotation": {"angle": -22.5, "axis": "z", "origin": [16.36983, 11.22241, 8]},
			"faces": {
				"north": {"uv": [4.88889, 11.11111, 5.55556, 11.77778], "texture": "#1"},
				"east": {"uv": [5.77778, 14.22222, 6, 14.88889], "texture": "#1"},
				"south": {"uv": [6.22222, 11.11111, 6.88889, 11.77778], "texture": "#1"},
				"west": {"uv": [6.66667, 14.22222, 6.88889, 14.88889], "texture": "#1"},
				"up": {"uv": [14.88889, 6.88889, 14.22222, 6.66667], "texture": "#1"},
				"down": {"uv": [8.22222, 14.22222, 7.55556, 14.44444], "texture": "#1"}
			}
		},
		{
			"from": [14.70561, 9.78186, 7.64],
			"to": [15.42561, 10.50186, 8.36],
			"rotation": {"angle": -22.5, "axis": "z", "origin": [16.36983, 11.22241, 8]},
			"faces": {
				"north": {"uv": [10.66667, 12.88889, 11.11111, 13.33333], "texture": "#1"},
				"east": {"uv": [12.88889, 11.11111, 13.33333, 11.55556], "texture": "#1"},
				"south": {"uv": [11.55556, 12.88889, 12, 13.33333], "texture": "#1"},
				"west": {"uv": [12.44444, 12.88889, 12.88889, 13.33333], "texture": "#1"},
				"up": {"uv": [0.44444, 13.77778, 0, 13.33333], "texture": "#1"},
				"down": {"uv": [1.33333, 13.33333, 0.88889, 13.77778], "texture": "#1"}
			}
		},
		{
			"from": [14.68354, 11.24425, 7.82252],
			"to": [16.84354, 12.14425, 8.17748],
			"rotation": {"angle": 22.5, "axis": "z", "origin": [16.36983, 11.22241, 8]},
			"faces": {
				"north": {"uv": [8, 7.55556, 9.33333, 8.11111], "texture": "#1"},
				"south": {"uv": [8.44444, 0, 9.77778, 0.55556], "texture": "#1"},
				"up": {"uv": [13.77778, 0.22222, 12.44444, 0], "texture": "#1"},
				"down": {"uv": [13.77778, 0.88889, 12.44444, 1.11111], "texture": "#1"}
			}
		},
		{
			"from": [15.84207, 11.44554, 7.82],
			"to": [16.56207, 12.16554, 8.18],
			"rotation": {"angle": -22.5, "axis": "z", "origin": [16.36983, 11.22241, 8]},
			"faces": {
				"north": {"uv": [12.44444, 12, 12.88889, 12.44444], "rotation": 90, "texture": "#1"},
				"east": {"uv": [8, 15.11111, 7.55556, 15.33333], "rotation": 270, "texture": "#1"},
				"south": {"uv": [9.77778, 12.88889, 10.22222, 13.33333], "rotation": 270, "texture": "#1"},
				"west": {"uv": [4.88889, 15.33333, 4.44444, 15.11111], "rotation": 270, "texture": "#1"},
				"up": {"uv": [15.11111, 2.66667, 15.33333, 3.11111], "rotation": 270, "texture": "#1"},
				"down": {"uv": [15.11111, 3.55556, 15.33333, 4], "rotation": 270, "texture": "#1"}
			}
		},
		{
			"from": [14.86354, 9.98425, 7.9892],
			"to": [21.24867, 12.14425, 8.0108],
			"rotation": {"angle": 22.5, "axis": "z", "origin": [16.36983, 11.22241, 8]},
			"faces": {
				"north": {"uv": [0, 1.77778, 3.88889, 3.11111], "texture": "#1"},
				"south": {"uv": [3.88889, 1.77778, 0, 3.11111], "texture": "#1"}
			}
		},
		{
			"from": [12.20136, 7.79486, 9.68972],
			"to": [13.10136, 8.87486, 10.04972],
			"rotation": {"angle": -22.5, "axis": "x", "origin": [12.65136, 5.46031, 11.4252]},
			"faces": {
				"east": {"uv": [1.77778, 14.22222, 2, 14.88889], "texture": "#1"},
				"south": {"uv": [2.66667, 12, 3.22222, 12.66667], "texture": "#1"},
				"west": {"uv": [2.66667, 14.22222, 2.88889, 14.88889], "texture": "#1"},
				"up": {"uv": [14.88889, 10.77778, 14.66667, 10.22222], "rotation": 90, "texture": "#1"}
			}
		},
		{
			"from": [12.38136, 8.33486, 10.04972],
			"to": [12.92136, 8.69486, 12.38972],
			"rotation": {"angle": -22.5, "axis": "x", "origin": [12.65136, 5.46031, 11.4252]},
			"faces": {
				"east": {"uv": [12, 7.55556, 13.44444, 7.77778], "texture": "#1"},
				"west": {"uv": [10.22222, 12, 11.66667, 12.22222], "texture": "#1"},
				"up": {"uv": [8.55556, 10.55556, 7.11111, 10.22222], "rotation": 90, "texture": "#1"}
			}
		},
		{
			"from": [12.20136, 8.33486, 10.94972],
			"to": [13.10136, 8.87486, 11.30972],
			"rotation": {"angle": -22.5, "axis": "x", "origin": [12.65136, 5.46031, 11.4252]},
			"faces": {
				"north": {"uv": [13.33333, 12, 13.88889, 12.33333], "texture": "#1"},
				"east": {"uv": [0.88889, 15.55556, 1.11111, 15.88889], "texture": "#1"},
				"south": {"uv": [8.44444, 13.33333, 9, 13.66667], "texture": "#1"},
				"west": {"uv": [15.55556, 0.88889, 15.77778, 1.22222], "texture": "#1"},
				"up": {"uv": [14.88889, 9.44444, 14.66667, 8.88889], "rotation": 90, "texture": "#1"}
			}
		},
		{
			"from": [12.20136, 7.79486, 12.38972],
			"to": [13.10136, 8.87486, 12.74972],
			"rotation": {"angle": -22.5, "axis": "x", "origin": [12.65136, 5.46031, 11.4252]},
			"faces": {
				"north": {"uv": [1.33333, 12, 1.88889, 12.66667], "texture": "#1"},
				"east": {"uv": [14.22222, 0, 14.44444, 0.66667], "texture": "#1"},
				"south": {"uv": [0, 12, 0.55556, 12.66667], "texture": "#1"},
				"west": {"uv": [0.88889, 14.22222, 1.11111, 14.88889], "texture": "#1"},
				"up": {"uv": [14.88889, 1.88889, 14.66667, 1.33333], "rotation": 90, "texture": "#1"},
				"down": {"uv": [14.88889, 5.33333, 14.66667, 5.88889], "rotation": 270, "texture": "#1"}
			}
		},
		{
			"from": [12.20136, 7.79486, 10.04972],
			"to": [13.10136, 8.33486, 12.38972],
			"rotation": {"angle": -22.5, "axis": "x", "origin": [12.65136, 5.46031, 11.4252]},
			"faces": {
				"east": {"uv": [9.77778, 7.55556, 11.22222, 7.88889], "texture": "#1"},
				"west": {"uv": [10.22222, 0, 11.66667, 0.33333], "texture": "#1"},
				"up": {"uv": [7.22222, 6.77778, 5.77778, 6.22222], "rotation": 90, "texture": "#1"},
				"down": {"uv": [3.22222, 6.66667, 1.77778, 7.22222], "rotation": 270, "texture": "#1"}
			}
		},
		{
			"from": [12.38136, 7.43486, 9.68972],
			"to": [12.92136, 7.79486, 12.74972],
			"rotation": {"angle": -22.5, "axis": "x", "origin": [12.65136, 5.46031, 11.4252]},
			"faces": {
				"east": {"uv": [11.55556, 3.11111, 13.44444, 3.33333], "texture": "#1"},
				"south": {"uv": [0, 15.55556, 0.33333, 15.77778], "texture": "#1"},
				"west": {"uv": [11.55556, 8.44444, 13.44444, 8.66667], "texture": "#1"},
				"down": {"uv": [7.22222, 8.88889, 5.33333, 9.22222], "rotation": 270, "texture": "#1"}
			}
		},
		{
			"from": [11.93136, 5.20759, 7.78358],
			"to": [13.37136, 6.64759, 9.22358],
			"rotation": {"angle": 22.5, "axis": "x", "origin": [12.65136, 5.46031, 11.4252]},
			"faces": {
				"north": {"uv": [6.66667, 7.55556, 7.55556, 8.44444], "texture": "#1"},
				"east": {"uv": [0, 7.11111, 0.88889, 8], "texture": "#1"},
				"south": {"uv": [7.11111, 1.77778, 8, 2.66667], "texture": "#1"},
				"west": {"uv": [5.33333, 7.55556, 6.22222, 8.44444], "texture": "#1"},
				"up": {"uv": [2.22222, 8.88889, 1.33333, 8], "rotation": 90, "texture": "#1"},
				"down": {"uv": [3.55556, 8, 2.66667, 8.88889], "rotation": 270, "texture": "#1"}
			}
		},
		{
			"from": [11.75136, 5.38759, 7.96358],
			"to": [13.55136, 6.46759, 9.04358],
			"rotation": {"angle": 22.5, "axis": "x", "origin": [12.65136, 5.46031, 11.4252]},
			"faces": {
				"north": {"uv": [8, 4.44444, 9.11111, 5.11111], "texture": "#1"},
				"east": {"uv": [2.22222, 10.66667, 2.88889, 11.33333], "texture": "#1"},
				"south": {"uv": [8, 3.11111, 9.11111, 3.77778], "texture": "#1"},
				"west": {"uv": [3.55556, 10.66667, 4.22222, 11.33333], "texture": "#1"},
				"up": {"uv": [4.66667, 9.11111, 4, 8], "rotation": 90, "texture": "#1"},
				"down": {"uv": [8.66667, 5.77778, 8, 6.88889], "rotation": 270, "texture": "#1"}
			}
		},
		{
			"from": [12.29136, 5.36687, 10.17376],
			"to": [13.01136, 6.08687, 10.89376],
			"rotation": {"angle": 45, "axis": "x", "origin": [12.65136, 5.46031, 11.4252]},
			"faces": {
				"north": {"uv": [7.55556, 12.44444, 7.11111, 12.88889], "rotation": 90, "texture": "#1"},
				"east": {"uv": [12.44444, 4.88889, 12.88889, 5.33333], "rotation": 270, "texture": "#1"},
				"south": {"uv": [12.88889, 7.11111, 12.44444, 6.66667], "rotation": 90, "texture": "#1"},
				"west": {"uv": [12.44444, 5.77778, 12.88889, 6.22222], "rotation": 90, "texture": "#1"},
				"up": {"uv": [6.22222, 12.44444, 6.66667, 12.88889], "rotation": 180, "texture": "#1"},
				"down": {"uv": [5.33333, 12.44444, 5.77778, 12.88889], "texture": "#1"}
			}
		},
		{
			"from": [12.47136, 5.18687, 9.99376],
			"to": [12.83136, 6.26687, 11.07376],
			"rotation": {"angle": 45, "axis": "x", "origin": [12.65136, 5.46031, 11.4252]},
			"faces": {
				"north": {"uv": [14.88889, 4.44444, 14.22222, 4.66667], "rotation": 90, "texture": "#1"},
				"east": {"uv": [11.11111, 0.88889, 11.77778, 1.55556], "rotation": 270, "texture": "#1"},
				"south": {"uv": [5.11111, 14.44444, 4.44444, 14.22222], "rotation": 90, "texture": "#1"},
				"west": {"uv": [11.11111, 4, 11.77778, 4.66667], "rotation": 90, "texture": "#1"},
				"up": {"uv": [3.55556, 14.22222, 3.77778, 14.88889], "rotation": 180, "texture": "#1"},
				"down": {"uv": [14.22222, 3.11111, 14.44444, 3.77778], "texture": "#1"}
			}
		},
		{
			"from": [12.47136, 3.72129, 12.34655],
			"to": [12.83136, 4.44129, 13.06655],
			"rotation": {"angle": 45, "axis": "x", "origin": [12.65136, 5.46031, 11.4252]},
			"faces": {
				"north": {"uv": [14.66667, 13.77778, 14.88889, 14.22222], "texture": "#1"},
				"east": {"uv": [8, 12.44444, 8.44444, 12.88889], "texture": "#1"},
				"south": {"uv": [14.66667, 11.55556, 14.88889, 12], "texture": "#1"},
				"west": {"uv": [8.88889, 12.44444, 9.33333, 12.88889], "texture": "#1"},
				"up": {"uv": [15.11111, 14.88889, 14.66667, 14.66667], "rotation": 90, "texture": "#1"},
				"down": {"uv": [15.55556, 0, 15.11111, 0.22222], "rotation": 270, "texture": "#1"}
			}
		},
		{
			"from": [12.47388, 3.39915, 10.84702],
			"to": [12.82884, 6.27915, 11.74702],
			"rotation": {"angle": 0, "axis": "z", "origin": [12.65136, 5.46031, 11.4252]},
			"faces": {
				"north": {"uv": [13.33333, 10.22222, 11.55556, 10.44444], "rotation": 90, "texture": "#1"},
				"east": {"uv": [1.77778, 5.33333, 3.55556, 5.88889], "rotation": 270, "texture": "#1"},
				"south": {"uv": [13.33333, 9.55556, 11.55556, 9.33333], "rotation": 90, "texture": "#1"},
				"west": {"uv": [5.77778, 4.88889, 7.55556, 5.44444], "rotation": 90, "texture": "#1"}
			}
		},
		{
			"from": [12.64056, -1.54598, 9.58702],
			"to": [12.66216, 6.27915, 11.74702],
			"rotation": {"angle": 0, "axis": "z", "origin": [12.65136, 5.46031, 11.4252]},
			"faces": {
				"east": {"uv": [0, 0, 4.77778, 1.33333], "rotation": 270, "texture": "#1"},
				"west": {"uv": [4.77778, 0, 0, 1.33333], "rotation": 90, "texture": "#1"}
			}
		},
		{
			"from": [12.64056, 0.79616, 12.22038],
			"to": [12.66216, 7.18129, 14.38038],
			"rotation": {"angle": -22.5, "axis": "x", "origin": [12.65136, 5.82031, 11.4252]},
			"faces": {
				"east": {"uv": [0, 1.77778, 3.88889, 3.11111], "rotation": 270, "texture": "#1"},
				"west": {"uv": [3.88889, 1.77778, 0, 3.11111], "rotation": 90, "texture": "#1"}
			}
		},
		{
			"from": [12.47136, 6.96311, 13.18887],
			"to": [12.83136, 7.68311, 13.90887],
			"rotation": {"angle": 22.5, "axis": "x", "origin": [12.65136, 5.82031, 11.4252]},
			"faces": {
				"north": {"uv": [15.11111, 3.55556, 15.33333, 4], "texture": "#1"},
				"east": {"uv": [12.44444, 12, 12.88889, 12.44444], "texture": "#1"},
				"south": {"uv": [15.11111, 2.66667, 15.33333, 3.11111], "texture": "#1"},
				"west": {"uv": [9.77778, 12.88889, 10.22222, 13.33333], "texture": "#1"},
				"up": {"uv": [4.88889, 15.33333, 4.44444, 15.11111], "rotation": 90, "texture": "#1"},
				"down": {"uv": [8, 15.11111, 7.55556, 15.33333], "rotation": 270, "texture": "#1"}
			}
		},
		{
			"from": [12.47388, 5.20129, 13.48038],
			"to": [12.82884, 7.36129, 14.38038],
			"rotation": {"angle": -22.5, "axis": "x", "origin": [12.65136, 5.82031, 11.4252]},
			"faces": {
				"north": {"uv": [13.77778, 0.88889, 12.44444, 1.11111], "rotation": 90, "texture": "#1"},
				"east": {"uv": [8, 7.55556, 9.33333, 8.11111], "rotation": 270, "texture": "#1"},
				"south": {"uv": [13.77778, 0.22222, 12.44444, 0], "rotation": 90, "texture": "#1"},
				"west": {"uv": [8.44444, 0, 9.77778, 0.55556], "rotation": 90, "texture": "#1"}
			}
		},
		{
			"from": [12.29136, 8.09958, 11.5252],
			"to": [13.01136, 8.81958, 12.2452],
			"rotation": {"angle": 22.5, "axis": "x", "origin": [12.65136, 5.82031, 11.4252]},
			"faces": {
				"north": {"uv": [1.33333, 13.33333, 0.88889, 13.77778], "rotation": 90, "texture": "#1"},
				"east": {"uv": [10.66667, 12.88889, 11.11111, 13.33333], "rotation": 270, "texture": "#1"},
				"south": {"uv": [0.44444, 13.77778, 0, 13.33333], "rotation": 90, "texture": "#1"},
				"west": {"uv": [11.55556, 12.88889, 12, 13.33333], "rotation": 90, "texture": "#1"},
				"up": {"uv": [12.44444, 12.88889, 12.88889, 13.33333], "rotation": 180, "texture": "#1"},
				"down": {"uv": [12.88889, 11.11111, 13.33333, 11.55556], "texture": "#1"}
			}
		},
		{
			"from": [12.47136, 7.91958, 11.3452],
			"to": [12.83136, 8.99958, 12.4252],
			"rotation": {"angle": 22.5, "axis": "x", "origin": [12.65136, 5.82031, 11.4252]},
			"faces": {
				"north": {"uv": [8.22222, 14.22222, 7.55556, 14.44444], "rotation": 90, "texture": "#1"},
				"east": {"uv": [4.88889, 11.11111, 5.55556, 11.77778], "rotation": 270, "texture": "#1"},
				"south": {"uv": [14.88889, 6.88889, 14.22222, 6.66667], "rotation": 90, "texture": "#1"},
				"west": {"uv": [6.22222, 11.11111, 6.88889, 11.77778], "rotation": 90, "texture": "#1"},
				"up": {"uv": [6.66667, 14.22222, 6.88889, 14.88889], "rotation": 180, "texture": "#1"},
				"down": {"uv": [5.77778, 14.22222, 6, 14.88889], "texture": "#1"}
			}
		},
		{
			"from": [12.8566, -0.50422, 7.9892],
			"to": [15.0166, 5.1609, 8.0108],
			"rotation": {"angle": 22.5, "axis": "z", "origin": [14.28116, 3.83462, 8]},
			"faces": {
				"north": {"uv": [0, 3.55556, 3.44444, 4.88889], "rotation": 270, "texture": "#1"},
				"south": {"uv": [3.44444, 3.55556, 0, 4.88889], "rotation": 90, "texture": "#1"}
			}
		},
		{
			"from": [13.99065, 3.89241, 7.82],
			"to": [14.71065, 4.61241, 8.18],
			"rotation": {"angle": -22.5, "axis": "z", "origin": [14.28116, 3.83462, 8]},
			"faces": {
				"north": {"uv": [13.33333, 6.66667, 13.77778, 7.11111], "texture": "#1"},
				"east": {"uv": [15.11111, 7.55556, 15.33333, 8], "texture": "#1"},
				"south": {"uv": [7.55556, 13.33333, 8, 13.77778], "texture": "#1"},
				"west": {"uv": [9.77778, 15.11111, 10, 15.55556], "texture": "#1"},
				"up": {"uv": [11.11111, 15.33333, 10.66667, 15.11111], "texture": "#1"},
				"down": {"uv": [12, 15.11111, 11.55556, 15.33333], "texture": "#1"}
			}
		},
		{
			"from": [14.1166, 3.9009, 7.82252],
			"to": [15.0166, 5.3409, 8.17748],
			"rotation": {"angle": 22.5, "axis": "z", "origin": [14.28116, 3.83462, 8]},
			"faces": {
				"north": {"uv": [9.77778, 4, 10.66667, 4.55556], "rotation": 270, "texture": "#1"},
				"east": {"uv": [14.22222, 6, 13.33333, 5.77778], "rotation": 90, "texture": "#1"},
				"south": {"uv": [5.77778, 9.77778, 6.66667, 10.33333], "rotation": 90, "texture": "#1"},
				"west": {"uv": [7.11111, 13.33333, 6.22222, 13.55556], "rotation": 90, "texture": "#1"}
			}
		},
		{
			"from": [12.8361, 4.51975, 7.64],
			"to": [13.5561, 5.23975, 8.36],
			"rotation": {"angle": -22.5, "axis": "z", "origin": [14.28116, 3.83462, 8]},
			"faces": {
				"north": {"uv": [1.77778, 13.33333, 2.22222, 13.77778], "rotation": 270, "texture": "#1"},
				"east": {"uv": [13.77778, 5.33333, 13.33333, 4.88889], "rotation": 90, "texture": "#1"},
				"south": {"uv": [3.55556, 13.33333, 4, 13.77778], "rotation": 90, "texture": "#1"},
				"west": {"uv": [5.77778, 13.33333, 5.33333, 13.77778], "rotation": 90, "texture": "#1"},
				"up": {"uv": [4.44444, 13.33333, 4.88889, 13.77778], "rotation": 90, "texture": "#1"},
				"down": {"uv": [2.66667, 13.33333, 3.11111, 13.77778], "rotation": 90, "texture": "#1"}
			}
		},
		{
			"from": [12.6561, 4.33975, 7.82],
			"to": [13.7361, 5.41975, 8.18],
			"rotation": {"angle": -22.5, "axis": "z", "origin": [14.28116, 3.83462, 8]},
			"faces": {
				"north": {"uv": [7.55556, 11.11111, 8.22222, 11.77778], "rotation": 270, "texture": "#1"},
				"east": {"uv": [14.88889, 13.11111, 14.22222, 12.88889], "rotation": 90, "texture": "#1"},
				"south": {"uv": [8.88889, 11.11111, 9.55556, 11.77778], "rotation": 90, "texture": "#1"},
				"west": {"uv": [14, 14.22222, 13.33333, 14.44444], "rotation": 90, "texture": "#1"},
				"up": {"uv": [8.88889, 14.22222, 9.11111, 14.88889], "rotation": 90, "texture": "#1"},
				"down": {"uv": [14.22222, 7.55556, 14.44444, 8.22222], "rotation": 90, "texture": "#1"}
			}
		},
		{
			"from": [4.94, 1.98, 7.64],
			"to": [6.74, 3.78, 8.36],
			"rotation": {"angle": -45, "axis": "z", "origin": [6.56, 2.16, 7.64]},
			"faces": {
				"north": {"uv": [5.11111, 4.88889, 4, 6], "texture": "#1"},
				"east": {"uv": [0.44444, 9.77778, 0, 10.88889], "texture": "#1"},
				"south": {"uv": [1.11111, 5.33333, 0, 6.44444], "texture": "#1"},
				"west": {"uv": [9.77778, 8.88889, 9.33333, 10], "texture": "#1"},
				"up": {"uv": [9.77778, 3.55556, 10.88889, 3.11111], "texture": "#1"},
				"down": {"uv": [4, 9.77778, 5.11111, 10.22222], "texture": "#1"}
			}
		},
		{
			"from": [4.58, 2.7, 7.46],
			"to": [4.94, 3.78, 8.54],
			"rotation": {"angle": -45, "axis": "z", "origin": [6.56, 2.16, 7.64]},
			"faces": {
				"north": {"uv": [13.55556, 12.88889, 13.33333, 13.55556], "texture": "#1"},
				"east": {"uv": [10.88889, 9.77778, 10.22222, 10.44444], "texture": "#1"},
				"south": {"uv": [14, 1.77778, 13.77778, 2.44444], "texture": "#1"},
				"west": {"uv": [10.88889, 8.44444, 10.22222, 9.11111], "texture": "#1"},
				"up": {"uv": [13.77778, 10, 14, 9.33333], "texture": "#1"},
				"down": {"uv": [9.77778, 13.77778, 10, 14.44444], "texture": "#1"}
			}
		},
		{
			"from": [2.96, 3.24, 7.46],
			"to": [3.32, 3.78, 8.54],
			"rotation": {"angle": -45, "axis": "z", "origin": [6.56, 2.16, 7.64]},
			"faces": {
				"north": {"uv": [12.66667, 15.11111, 12.44444, 15.44444], "texture": "#1"},
				"east": {"uv": [13.11111, 4, 12.44444, 4.33333], "texture": "#1"},
				"south": {"uv": [13.55556, 15.11111, 13.33333, 15.44444], "texture": "#1"},
				"west": {"uv": [4.66667, 12.44444, 4, 12.77778], "texture": "#1"},
				"up": {"uv": [0, 14.88889, 0.22222, 14.22222], "texture": "#1"}
			}
		},
		{
			"from": [1.16, 2.7, 7.46],
			"to": [1.52, 3.78, 8.54],
			"rotation": {"angle": -45, "axis": "z", "origin": [6.56, 2.16, 7.64]},
			"faces": {
				"north": {"uv": [10.88889, 13.77778, 10.66667, 14.44444], "texture": "#1"},
				"east": {"uv": [1.55556, 10.66667, 0.88889, 11.33333], "texture": "#1"},
				"south": {"uv": [14, 10.66667, 13.77778, 11.33333], "texture": "#1"},
				"up": {"uv": [11.55556, 14.44444, 11.77778, 13.77778], "texture": "#1"},
				"down": {"uv": [12.44444, 13.77778, 12.66667, 14.44444], "texture": "#1"}
			}
		},
		{
			"from": [1.52, 2.7, 7.46],
			"to": [4.58, 3.24, 8.54],
			"rotation": {"angle": -45, "axis": "z", "origin": [6.56, 2.16, 7.64]},
			"faces": {
				"north": {"uv": [10.33333, 1.33333, 8.44444, 1.66667], "texture": "#1"},
				"south": {"uv": [10.33333, 2.22222, 8.44444, 2.55556], "texture": "#1"},
				"up": {"uv": [4, 4.22222, 5.88889, 3.55556], "texture": "#1"},
				"down": {"uv": [4.44444, 1.77778, 6.33333, 2.44444], "texture": "#1"}
			}
		},
		{
			"from": [1.52, 3.24, 7.64],
			"to": [4.58, 3.6, 8.36],
			"rotation": {"angle": -45, "axis": "z", "origin": [6.56, 2.16, 7.64]},
			"faces": {
				"north": {"uv": [13, 2.22222, 11.11111, 2.44444], "texture": "#1"},
				"south": {"uv": [12.11111, 11.11111, 10.22222, 11.33333], "texture": "#1"},
				"up": {"uv": [5.33333, 1.33333, 7.22222, 0.88889], "texture": "#1"}
			}
		},
		{
			"from": [1.16, 2.34, 7.64],
			"to": [4.94, 2.7, 8.36],
			"rotation": {"angle": -45, "axis": "z", "origin": [6.56, 2.16, 7.64]},
			"faces": {
				"north": {"uv": [11.66667, 5.77778, 9.33333, 6], "texture": "#1"},
				"south": {"uv": [11.66667, 6.66667, 9.33333, 6.88889], "texture": "#1"},
				"down": {"uv": [5.33333, 0, 7.66667, 0.44444], "texture": "#1"}
			}
		},
		{
			"from": [3.11193, 7.55084, 7.55],
			"to": [3.47193, 8.63084, 8.45],
			"rotation": {"angle": -22.5, "axis": "z", "origin": [1.94193, 7.86584, 8]},
			"faces": {
				"north": {"uv": [2, 14.22222, 1.77778, 14.88889], "texture": "#1"},
				"south": {"uv": [2.88889, 14.22222, 2.66667, 14.88889], "texture": "#1"},
				"west": {"uv": [3.22222, 12, 2.66667, 12.66667], "texture": "#1"},
				"up": {"uv": [14.66667, 10.77778, 14.88889, 10.22222], "texture": "#1"}
			}
		},
		{
			"from": [0.77193, 8.09084, 7.73],
			"to": [3.11193, 8.45084, 8.27],
			"rotation": {"angle": -22.5, "axis": "z", "origin": [1.94193, 7.86584, 8]},
			"faces": {
				"north": {"uv": [13.44444, 7.55556, 12, 7.77778], "texture": "#1"},
				"south": {"uv": [11.66667, 12, 10.22222, 12.22222], "texture": "#1"},
				"up": {"uv": [7.11111, 10.55556, 8.55556, 10.22222], "texture": "#1"}
			}
		},
		{
			"from": [1.85193, 8.09084, 7.55],
			"to": [2.21193, 8.63084, 8.45],
			"rotation": {"angle": -22.5, "axis": "z", "origin": [1.94193, 7.86584, 8]},
			"faces": {
				"north": {"uv": [1.11111, 15.55556, 0.88889, 15.88889], "texture": "#1"},
				"east": {"uv": [13.88889, 12, 13.33333, 12.33333], "texture": "#1"},
				"south": {"uv": [15.77778, 0.88889, 15.55556, 1.22222], "texture": "#1"},
				"west": {"uv": [9, 13.33333, 8.44444, 13.66667], "texture": "#1"},
				"up": {"uv": [14.66667, 9.44444, 14.88889, 8.88889], "texture": "#1"}
			}
		},
		{
			"from": [0.41193, 7.55084, 7.55],
			"to": [0.77193, 8.63084, 8.45],
			"rotation": {"angle": -22.5, "axis": "z", "origin": [1.94193, 7.86584, 8]},
			"faces": {
				"north": {"uv": [14.44444, 0, 14.22222, 0.66667], "texture": "#1"},
				"east": {"uv": [1.88889, 12, 1.33333, 12.66667], "texture": "#1"},
				"south": {"uv": [1.11111, 14.22222, 0.88889, 14.88889], "texture": "#1"},
				"west": {"uv": [0.55556, 12, 0, 12.66667], "texture": "#1"},
				"up": {"uv": [14.66667, 1.88889, 14.88889, 1.33333], "texture": "#1"},
				"down": {"uv": [14.66667, 5.33333, 14.88889, 5.88889], "texture": "#1"}
			}
		},
		{
			"from": [0.77193, 7.55084, 7.55],
			"to": [3.11193, 8.09084, 8.45],
			"rotation": {"angle": -22.5, "axis": "z", "origin": [1.94193, 7.86584, 8]},
			"faces": {
				"north": {"uv": [11.22222, 7.55556, 9.77778, 7.88889], "texture": "#1"},
				"south": {"uv": [11.66667, 0, 10.22222, 0.33333], "texture": "#1"},
				"up": {"uv": [5.77778, 6.77778, 7.22222, 6.22222], "texture": "#1"},
				"down": {"uv": [1.77778, 6.66667, 3.22222, 7.22222], "texture": "#1"}
			}
		},
		{
			"from": [0.41193, 7.19084, 7.73],
			"to": [3.47193, 7.55084, 8.27],
			"rotation": {"angle": -22.5, "axis": "z", "origin": [1.94193, 7.86584, 8]},
			"faces": {
				"north": {"uv": [13.44444, 3.11111, 11.55556, 3.33333], "texture": "#1"},
				"south": {"uv": [13.44444, 8.44444, 11.55556, 8.66667], "texture": "#1"},
				"west": {"uv": [0.33333, 15.55556, 0, 15.77778], "texture": "#1"},
				"down": {"uv": [5.33333, 8.88889, 7.22222, 9.22222], "texture": "#1"}
			}
		},
		{
			"from": [5.12, 2.16, 7.46],
			"to": [6.56, 3.6, 8.54],
			"rotation": {"angle": -45, "axis": "z", "origin": [6.56, 2.16, 7.64]},
			"faces": {
				"north": {"uv": [7.55556, 3.11111, 6.66667, 4], "texture": "#1"},
				"east": {"uv": [8.66667, 8.88889, 8, 9.77778], "texture": "#1"},
				"south": {"uv": [4.88889, 6.66667, 4, 7.55556], "texture": "#1"},
				"west": {"uv": [0.66667, 8.44444, 0, 9.33333], "texture": "#1"},
				"up": {"uv": [1.33333, 10, 2.22222, 9.33333], "texture": "#1"},
				"down": {"uv": [2.66667, 9.33333, 3.55556, 10], "texture": "#1"}
			}
		},
		{
			"from": [2.4282, 6.16121, 7.28],
			"to": [3.8682, 7.60121, 8.72],
			"rotation": {"angle": 22.5, "axis": "z", "origin": [2.7882, 7.24121, 8]},
			"faces": {
				"north": {"uv": [0.88889, 7.11111, 0, 8], "texture": "#1"},
				"east": {"uv": [7.55556, 7.55556, 6.66667, 8.44444], "texture": "#1"},
				"south": {"uv": [6.22222, 7.55556, 5.33333, 8.44444], "texture": "#1"},
				"west": {"uv": [8, 1.77778, 7.11111, 2.66667], "texture": "#1"},
				"up": {"uv": [1.33333, 8.88889, 2.22222, 8], "texture": "#1"},
				"down": {"uv": [2.66667, 8, 3.55556, 8.88889], "texture": "#1"}
			}
		},
		{
			"from": [2.6082, 6.34121, 7.1],
			"to": [3.6882, 7.42121, 8.9],
			"rotation": {"angle": 22.5, "axis": "z", "origin": [2.7882, 7.24121, 8]},
			"faces": {
				"north": {"uv": [2.88889, 10.66667, 2.22222, 11.33333], "texture": "#1"},
				"east": {"uv": [9.11111, 4.44444, 8, 5.11111], "texture": "#1"},
				"south": {"uv": [4.22222, 10.66667, 3.55556, 11.33333], "texture": "#1"},
				"west": {"uv": [9.11111, 3.11111, 8, 3.77778], "texture": "#1"},
				"up": {"uv": [4, 9.11111, 4.66667, 8], "texture": "#1"},
				"down": {"uv": [8, 5.77778, 8.66667, 6.88889], "texture": "#1"}
			}
		},
		{
			"from": [-1.32782, 6.93135, 7.64],
			"to": [-0.60782, 7.65135, 8.36],
			"rotation": {"angle": 45, "axis": "z", "origin": [-2.33116, 8.69462, 8]},
			"faces": {
				"north": {"uv": [12.88889, 4.88889, 12.44444, 5.33333], "texture": "#1"},
				"east": {"uv": [6.66667, 12.44444, 6.22222, 12.88889], "texture": "#1"},
				"south": {"uv": [12.88889, 5.77778, 12.44444, 6.22222], "texture": "#1"},
				"west": {"uv": [5.77778, 12.44444, 5.33333, 12.88889], "texture": "#1"},
				"up": {"uv": [12.44444, 7.11111, 12.88889, 6.66667], "texture": "#1"},
				"down": {"uv": [7.11111, 12.44444, 7.55556, 12.88889], "texture": "#1"}
			}
		},
		{
			"from": [-1.50782, 6.75135, 7.82],
			"to": [-0.42782, 7.83135, 8.18],
			"rotation": {"angle": 45, "axis": "z", "origin": [-2.33116, 8.69462, 8]},
			"faces": {
				"north": {"uv": [11.77778, 0.88889, 11.11111, 1.55556], "texture": "#1"},
				"east": {"uv": [3.77778, 14.22222, 3.55556, 14.88889], "texture": "#1"},
				"south": {"uv": [11.77778, 4, 11.11111, 4.66667], "texture": "#1"},
				"west": {"uv": [14.44444, 3.11111, 14.22222, 3.77778], "texture": "#1"},
				"up": {"uv": [4.44444, 14.44444, 5.11111, 14.22222], "texture": "#1"},
				"down": {"uv": [14.22222, 4.44444, 14.88889, 4.66667], "texture": "#1"}
			}
		},
		{
			"from": [-3.46069, 8.05237, 7.82],
			"to": [-2.74069, 8.77237, 8.18],
			"rotation": {"angle": -45, "axis": "z", "origin": [-2.33116, 8.69462, 8]},
			"faces": {
				"north": {"uv": [8.44444, 12.44444, 8, 12.88889], "texture": "#1"},
				"east": {"uv": [14.88889, 13.77778, 14.66667, 14.22222], "texture": "#1"},
				"south": {"uv": [9.33333, 12.44444, 8.88889, 12.88889], "texture": "#1"},
				"west": {"uv": [14.88889, 11.55556, 14.66667, 12], "texture": "#1"},
				"up": {"uv": [14.66667, 14.88889, 15.11111, 14.66667], "texture": "#1"},
				"down": {"uv": [15.11111, 0, 15.55556, 0.22222], "texture": "#1"}
			}
		},
		{
			"from": [-3.25487, 8.53006, 7.82252],
			"to": [-0.37487, 9.43006, 8.17748],
			"rotation": {"angle": 0, "axis": "z", "origin": [-2.33116, 8.69462, 8]},
			"faces": {
				"north": {"uv": [3.55556, 5.33333, 1.77778, 5.88889], "texture": "#1"},
				"south": {"uv": [7.55556, 4.88889, 5.77778, 5.44444], "texture": "#1"},
				"up": {"uv": [11.55556, 9.55556, 13.33333, 9.33333], "texture": "#1"},
				"down": {"uv": [11.55556, 10.22222, 13.33333, 10.44444], "texture": "#1"}
			}
		},
		{
			"from": [-8.2, 7.27006, 7.9892],
			"to": [-0.37487, 9.43006, 8.0108],
			"rotation": {"angle": 0, "axis": "z", "origin": [-2.33116, 8.69462, 8]},
			"faces": {
				"north": {"uv": [4.77778, 0, 0, 1.33333], "texture": "#1"},
				"south": {"uv": [0, 0, 4.77778, 1.33333], "texture": "#1"}
			}
		},
		{
			"from": [-0.30881, 6.44703, 7.82],
			"to": [0.77119, 7.52703, 8.18],
			"rotation": {"angle": -22.5, "axis": "z", "origin": [-0.98116, 5.81462, 8]},
			"faces": {
				"north": {"uv": [4.88889, 11.77778, 5.55556, 11.11111], "rotation": 270, "texture": "#1"},
				"east": {"uv": [8.22222, 14.44444, 7.55556, 14.22222], "rotation": 90, "texture": "#1"},
				"south": {"uv": [6.22222, 11.77778, 6.88889, 11.11111], "rotation": 90, "texture": "#1"},
				"west": {"uv": [14.88889, 6.66667, 14.22222, 6.88889], "rotation": 90, "texture": "#1"},
				"up": {"uv": [6.66667, 14.88889, 6.88889, 14.22222], "rotation": 90, "texture": "#1"},
				"down": {"uv": [5.77778, 14.88889, 6, 14.22222], "rotation": 90, "texture": "#1"}
			}
		},
		{
			"from": [-0.12881, 6.62703, 7.64],
			"to": [0.59119, 7.34703, 8.36],
			"rotation": {"angle": -22.5, "axis": "z", "origin": [-0.98116, 5.81462, 8]},
			"faces": {
				"north": {"uv": [10.66667, 13.33333, 11.11111, 12.88889], "rotation": 270, "texture": "#1"},
				"east": {"uv": [1.33333, 13.77778, 0.88889, 13.33333], "rotation": 90, "texture": "#1"},
				"south": {"uv": [11.55556, 13.33333, 12, 12.88889], "rotation": 90, "texture": "#1"},
				"west": {"uv": [0.44444, 13.33333, 0, 13.77778], "rotation": 90, "texture": "#1"},
				"up": {"uv": [12.44444, 13.33333, 12.88889, 12.88889], "rotation": 90, "texture": "#1"},
				"down": {"uv": [12.88889, 11.55556, 13.33333, 11.11111], "rotation": 90, "texture": "#1"}
			}
		},
		{
			"from": [-1.45487, 5.65006, 7.82252],
			"to": [0.70513, 6.55006, 8.17748],
			"rotation": {"angle": 22.5, "axis": "z", "origin": [-0.98116, 5.81462, 8]},
			"faces": {
				"north": {"uv": [9.33333, 7.55556, 8, 8.11111], "texture": "#1"},
				"south": {"uv": [9.77778, 0, 8.44444, 0.55556], "texture": "#1"},
				"up": {"uv": [12.44444, 0.22222, 13.77778, 0], "texture": "#1"},
				"down": {"uv": [12.44444, 0.88889, 13.77778, 1.11111], "texture": "#1"}
			}
		},
		{
			"from": [-1.79249, 5.49057, 7.82],
			"to": [-1.07249, 6.21057, 8.18],
			"rotation": {"angle": -22.5, "axis": "z", "origin": [-0.98116, 5.81462, 8]},
			"faces": {
				"north": {"uv": [12.88889, 12, 12.44444, 12.44444], "texture": "#1"},
				"east": {"uv": [15.33333, 3.55556, 15.11111, 4], "texture": "#1"},
				"south": {"uv": [10.22222, 12.88889, 9.77778, 13.33333], "texture": "#1"},
				"west": {"uv": [15.33333, 2.66667, 15.11111, 3.11111], "texture": "#1"},
				"up": {"uv": [4.44444, 15.33333, 4.88889, 15.11111], "texture": "#1"},
				"down": {"uv": [7.55556, 15.11111, 8, 15.33333], "texture": "#1"}
			}
		},
		{
			"from": [-5.86, 4.39006, 7.9892],
			"to": [0.52513, 6.55006, 8.0108],
			"rotation": {"angle": 22.5, "axis": "z", "origin": [-0.98116, 5.81462, 8]},
			"faces": {
				"north": {"uv": [3.88889, 1.77778, 0, 3.11111], "texture": "#1"},
				"south": {"uv": [0, 1.77778, 3.88889, 3.11111], "texture": "#1"}
			}
		},
		{
			"from": [0.9834, -0.50422, 7.9892],
			"to": [3.1434, 5.1609, 8.0108],
			"rotation": {"angle": -22.5, "axis": "z", "origin": [1.71884, 3.83462, 8]},
			"faces": {
				"north": {"uv": [0, 4.88889, 3.44444, 3.55556], "rotation": 270, "texture": "#1"},
				"south": {"uv": [3.44444, 4.88889, 0, 3.55556], "rotation": 90, "texture": "#1"}
			}
		},
		{
			"from": [1.28935, 3.89241, 7.82],
			"to": [2.00935, 4.61241, 8.18],
			"rotation": {"angle": 22.5, "axis": "z", "origin": [1.71884, 3.83462, 8]},
			"faces": {
				"north": {"uv": [13.77778, 6.66667, 13.33333, 7.11111], "texture": "#1"},
				"east": {"uv": [10, 15.11111, 9.77778, 15.55556], "texture": "#1"},
				"south": {"uv": [8, 13.33333, 7.55556, 13.77778], "texture": "#1"},
				"west": {"uv": [15.33333, 7.55556, 15.11111, 8], "texture": "#1"},
				"up": {"uv": [10.66667, 15.33333, 11.11111, 15.11111], "texture": "#1"},
				"down": {"uv": [11.55556, 15.11111, 12, 15.33333], "texture": "#1"}
			}
		},
		{
			"from": [0.9834, 3.9009, 7.82252],
			"to": [1.8834, 5.3409, 8.17748],
			"rotation": {"angle": -22.5, "axis": "z", "origin": [1.71884, 3.83462, 8]},
			"faces": {
				"north": {"uv": [9.77778, 4.55556, 10.66667, 4], "rotation": 270, "texture": "#1"},
				"east": {"uv": [7.11111, 13.55556, 6.22222, 13.33333], "rotation": 90, "texture": "#1"},
				"south": {"uv": [5.77778, 10.33333, 6.66667, 9.77778], "rotation": 90, "texture": "#1"},
				"west": {"uv": [14.22222, 5.77778, 13.33333, 6], "rotation": 90, "texture": "#1"}
			}
		},
		{
			"from": [2.4439, 4.51975, 7.64],
			"to": [3.1639, 5.23975, 8.36],
			"rotation": {"angle": 22.5, "axis": "z", "origin": [1.71884, 3.83462, 8]},
			"faces": {
				"north": {"uv": [1.77778, 13.77778, 2.22222, 13.33333], "rotation": 270, "texture": "#1"},
				"east": {"uv": [5.77778, 13.77778, 5.33333, 13.33333], "rotation": 90, "texture": "#1"},
				"south": {"uv": [3.55556, 13.77778, 4, 13.33333], "rotation": 90, "texture": "#1"},
				"west": {"uv": [13.77778, 4.88889, 13.33333, 5.33333], "rotation": 90, "texture": "#1"},
				"up": {"uv": [4.44444, 13.77778, 4.88889, 13.33333], "rotation": 90, "texture": "#1"},
				"down": {"uv": [2.66667, 13.77778, 3.11111, 13.33333], "rotation": 90, "texture": "#1"}
			}
		},
		{
			"from": [2.2639, 4.33975, 7.82],
			"to": [3.3439, 5.41975, 8.18],
			"rotation": {"angle": 22.5, "axis": "z", "origin": [1.71884, 3.83462, 8]},
			"faces": {
				"north": {"uv": [7.55556, 11.77778, 8.22222, 11.11111], "rotation": 270, "texture": "#1"},
				"east": {"uv": [14, 14.44444, 13.33333, 14.22222], "rotation": 90, "texture": "#1"},
				"south": {"uv": [8.88889, 11.77778, 9.55556, 11.11111], "rotation": 90, "texture": "#1"},
				"west": {"uv": [14.88889, 12.88889, 14.22222, 13.11111], "rotation": 90, "texture": "#1"},
				"up": {"uv": [8.88889, 14.88889, 9.11111, 14.22222], "rotation": 90, "texture": "#1"},
				"down": {"uv": [14.22222, 8.22222, 14.44444, 7.55556], "rotation": 90, "texture": "#1"}
			}
		},
		{
			"from": [-5.24867, 9.98425, 7.9892],
			"to": [1.13646, 12.14425, 8.0108],
			"rotation": {"angle": -22.5, "axis": "z", "origin": [-0.36983, 11.22241, 8]},
			"faces": {
				"north": {"uv": [3.88889, 1.77778, 0, 3.11111], "texture": "#1"},
				"south": {"uv": [0, 1.77778, 3.88889, 3.11111], "texture": "#1"}
			}
		},
		{
			"from": [-0.56207, 11.44554, 7.82],
			"to": [0.15793, 12.16554, 8.18],
			"rotation": {"angle": 22.5, "axis": "z", "origin": [-0.36983, 11.22241, 8]},
			"faces": {
				"north": {"uv": [12.44444, 12.44444, 12.88889, 12], "rotation": 90, "texture": "#1"},
				"east": {"uv": [4.88889, 15.11111, 4.44444, 15.33333], "rotation": 270, "texture": "#1"},
				"south": {"uv": [9.77778, 13.33333, 10.22222, 12.88889], "rotation": 270, "texture": "#1"},
				"west": {"uv": [8, 15.33333, 7.55556, 15.11111], "rotation": 270, "texture": "#1"},
				"up": {"uv": [15.11111, 3.11111, 15.33333, 2.66667], "rotation": 270, "texture": "#1"},
				"down": {"uv": [15.11111, 4, 15.33333, 3.55556], "rotation": 270, "texture": "#1"}
			}
		},
		{
			"from": [-0.84354, 11.24425, 7.82252],
			"to": [1.31646, 12.14425, 8.17748],
			"rotation": {"angle": -22.5, "axis": "z", "origin": [-0.36983, 11.22241, 8]},
			"faces": {
				"north": {"uv": [9.33333, 7.55556, 8, 8.11111], "texture": "#1"},
				"south": {"uv": [9.77778, 0, 8.44444, 0.55556], "texture": "#1"},
				"up": {"uv": [12.44444, 0.22222, 13.77778, 0], "texture": "#1"},
				"down": {"uv": [12.44444, 0.88889, 13.77778, 1.11111], "texture": "#1"}
			}
		},
		{
			"from": [0.57439, 9.78186, 7.64],
			"to": [1.29439, 10.50186, 8.36],
			"rotation": {"angle": 22.5, "axis": "z", "origin": [-0.36983, 11.22241, 8]},
			"faces": {
				"north": {"uv": [11.11111, 12.88889, 10.66667, 13.33333], "texture": "#1"},
				"east": {"uv": [12.88889, 12.88889, 12.44444, 13.33333], "texture": "#1"},
				"south": {"uv": [12, 12.88889, 11.55556, 13.33333], "texture": "#1"},
				"west": {"uv": [13.33333, 11.11111, 12.88889, 11.55556], "texture": "#1"},
				"up": {"uv": [0, 13.77778, 0.44444, 13.33333], "texture": "#1"},
				"down": {"uv": [0.88889, 13.33333, 1.33333, 13.77778], "texture": "#1"}
			}
		},
		{
			"from": [0.39439, 9.60186, 7.82],
			"to": [1.47439, 10.68186, 8.18],
			"rotation": {"angle": 22.5, "axis": "z", "origin": [-0.36983, 11.22241, 8]},
			"faces": {
				"north": {"uv": [5.55556, 11.11111, 4.88889, 11.77778], "texture": "#1"},
				"east": {"uv": [6.88889, 14.22222, 6.66667, 14.88889], "texture": "#1"},
				"south": {"uv": [6.88889, 11.11111, 6.22222, 11.77778], "texture": "#1"},
				"west": {"uv": [6, 14.22222, 5.77778, 14.88889], "texture": "#1"},
				"up": {"uv": [14.22222, 6.88889, 14.88889, 6.66667], "texture": "#1"},
				"down": {"uv": [7.55556, 14.22222, 8.22222, 14.44444], "texture": "#1"}
			}
		},
		{
			"from": [3.16864, 7.91958, 11.3452],
			"to": [3.52864, 8.99958, 12.4252],
			"rotation": {"angle": 22.5, "axis": "x", "origin": [3.34864, 5.82031, 11.4252]},
			"faces": {
				"north": {"uv": [8.22222, 14.44444, 7.55556, 14.22222], "rotation": 90, "texture": "#1"},
				"east": {"uv": [6.22222, 11.77778, 6.88889, 11.11111], "rotation": 90, "texture": "#1"},
				"south": {"uv": [14.88889, 6.66667, 14.22222, 6.88889], "rotation": 90, "texture": "#1"},
				"west": {"uv": [4.88889, 11.77778, 5.55556, 11.11111], "rotation": 270, "texture": "#1"},
				"up": {"uv": [6.88889, 14.22222, 6.66667, 14.88889], "rotation": 180, "texture": "#1"},
				"down": {"uv": [6, 14.22222, 5.77778, 14.88889], "texture": "#1"}
			}
		},
		{
			"from": [2.98864, 8.09958, 11.5252],
			"to": [3.70864, 8.81958, 12.2452],
			"rotation": {"angle": 22.5, "axis": "x", "origin": [3.34864, 5.82031, 11.4252]},
			"faces": {
				"north": {"uv": [1.33333, 13.77778, 0.88889, 13.33333], "rotation": 90, "texture": "#1"},
				"east": {"uv": [11.55556, 13.33333, 12, 12.88889], "rotation": 90, "texture": "#1"},
				"south": {"uv": [0.44444, 13.33333, 0, 13.77778], "rotation": 90, "texture": "#1"},
				"west": {"uv": [10.66667, 13.33333, 11.11111, 12.88889], "rotation": 270, "texture": "#1"},
				"up": {"uv": [12.88889, 12.88889, 12.44444, 13.33333], "rotation": 180, "texture": "#1"},
				"down": {"uv": [13.33333, 11.11111, 12.88889, 11.55556], "texture": "#1"}
			}
		},
		{
			"from": [3.17116, 5.20129, 13.48038],
			"to": [3.52612, 7.36129, 14.38038],
			"rotation": {"angle": -22.5, "axis": "x", "origin": [3.34864, 5.82031, 11.4252]},
			"faces": {
				"north": {"uv": [13.77778, 1.11111, 12.44444, 0.88889], "rotation": 90, "texture": "#1"},
				"east": {"uv": [8.44444, 0.55556, 9.77778, 0], "rotation": 90, "texture": "#1"},
				"south": {"uv": [13.77778, 0, 12.44444, 0.22222], "rotation": 90, "texture": "#1"},
				"west": {"uv": [8, 8.11111, 9.33333, 7.55556], "rotation": 270, "texture": "#1"}
			}
		},
		{
			"from": [3.16864, 6.96311, 13.18887],
			"to": [3.52864, 7.68311, 13.90887],
			"rotation": {"angle": 22.5, "axis": "x", "origin": [3.34864, 5.82031, 11.4252]},
			"faces": {
				"north": {"uv": [15.33333, 3.55556, 15.11111, 4], "texture": "#1"},
				"east": {"uv": [10.22222, 12.88889, 9.77778, 13.33333], "texture": "#1"},
				"south": {"uv": [15.33333, 2.66667, 15.11111, 3.11111], "texture": "#1"},
				"west": {"uv": [12.88889, 12, 12.44444, 12.44444], "texture": "#1"},
				"up": {"uv": [4.88889, 15.11111, 4.44444, 15.33333], "rotation": 90, "texture": "#1"},
				"down": {"uv": [8, 15.33333, 7.55556, 15.11111], "rotation": 270, "texture": "#1"}
			}
		},
		{
			"from": [3.33784, 0.79616, 12.22038],
			"to": [3.35944, 7.18129, 14.38038],
			"rotation": {"angle": -22.5, "axis": "x", "origin": [3.34864, 5.82031, 11.4252]},
			"faces": {
				"east": {"uv": [3.88889, 3.11111, 0, 1.77778], "rotation": 90, "texture": "#1"},
				"west": {"uv": [0, 3.11111, 3.88889, 1.77778], "rotation": 270, "texture": "#1"}
			}
		},
		{
			"from": [3.33784, -1.54598, 9.58702],
			"to": [3.35944, 6.27915, 11.74702],
			"rotation": {"angle": 0, "axis": "z", "origin": [3.34864, 5.46031, 11.4252]},
			"faces": {
				"east": {"uv": [4.77778, 1.33333, 0, 0], "rotation": 90, "texture": "#1"},
				"west": {"uv": [0, 1.33333, 4.77778, 0], "rotation": 270, "texture": "#1"}
			}
		},
		{
			"from": [3.17116, 3.39915, 10.84702],
			"to": [3.52612, 6.27915, 11.74702],
			"rotation": {"angle": 0, "axis": "z", "origin": [3.34864, 5.46031, 11.4252]},
			"faces": {
				"north": {"uv": [13.33333, 10.44444, 11.55556, 10.22222], "rotation": 90, "texture": "#1"},
				"east": {"uv": [5.77778, 5.44444, 7.55556, 4.88889], "rotation": 90, "texture": "#1"},
				"south": {"uv": [13.33333, 9.33333, 11.55556, 9.55556], "rotation": 90, "texture": "#1"},
				"west": {"uv": [1.77778, 5.88889, 3.55556, 5.33333], "rotation": 270, "texture": "#1"}
			}
		},
		{
			"from": [3.16864, 3.72129, 12.34655],
			"to": [3.52864, 4.44129, 13.06655],
			"rotation": {"angle": 45, "axis": "x", "origin": [3.34864, 5.46031, 11.4252]},
			"faces": {
				"north": {"uv": [14.88889, 13.77778, 14.66667, 14.22222], "texture": "#1"},
				"east": {"uv": [9.33333, 12.44444, 8.88889, 12.88889], "texture": "#1"},
				"south": {"uv": [14.88889, 11.55556, 14.66667, 12], "texture": "#1"},
				"west": {"uv": [8.44444, 12.44444, 8, 12.88889], "texture": "#1"},
				"up": {"uv": [15.11111, 14.66667, 14.66667, 14.88889], "rotation": 90, "texture": "#1"},
				"down": {"uv": [15.55556, 0.22222, 15.11111, 0], "rotation": 270, "texture": "#1"}
			}
		},
		{
			"from": [3.16864, 5.18687, 9.99376],
			"to": [3.52864, 6.26687, 11.07376],
			"rotation": {"angle": 45, "axis": "x", "origin": [3.34864, 5.46031, 11.4252]},
			"faces": {
				"north": {"uv": [14.88889, 4.66667, 14.22222, 4.44444], "rotation": 90, "texture": "#1"},
				"east": {"uv": [11.11111, 4.66667, 11.77778, 4], "rotation": 90, "texture": "#1"},
				"south": {"uv": [5.11111, 14.22222, 4.44444, 14.44444], "rotation": 90, "texture": "#1"},
				"west": {"uv": [11.11111, 1.55556, 11.77778, 0.88889], "rotation": 270, "texture": "#1"},
				"up": {"uv": [3.77778, 14.22222, 3.55556, 14.88889], "rotation": 180, "texture": "#1"},
				"down": {"uv": [14.44444, 3.11111, 14.22222, 3.77778], "texture": "#1"}
			}
		},
		{
			"from": [2.98864, 5.36687, 10.17376],
			"to": [3.70864, 6.08687, 10.89376],
			"rotation": {"angle": 45, "axis": "x", "origin": [3.34864, 5.46031, 11.4252]},
			"faces": {
				"north": {"uv": [7.55556, 12.88889, 7.11111, 12.44444], "rotation": 90, "texture": "#1"},
				"east": {"uv": [12.44444, 6.22222, 12.88889, 5.77778], "rotation": 90, "texture": "#1"},
				"south": {"uv": [12.88889, 6.66667, 12.44444, 7.11111], "rotation": 90, "texture": "#1"},
				"west": {"uv": [12.44444, 5.33333, 12.88889, 4.88889], "rotation": 270, "texture": "#1"},
				"up": {"uv": [6.66667, 12.44444, 6.22222, 12.88889], "rotation": 180, "texture": "#1"},
				"down": {"uv": [5.77778, 12.44444, 5.33333, 12.88889], "texture": "#1"}
			}
		},
		{
			"from": [2.44864, 5.38759, 7.96358],
			"to": [4.24864, 6.46759, 9.04358],
			"rotation": {"angle": 22.5, "axis": "x", "origin": [3.34864, 5.46031, 11.4252]},
			"faces": {
				"north": {"uv": [9.11111, 4.44444, 8, 5.11111], "texture": "#1"},
				"east": {"uv": [4.22222, 10.66667, 3.55556, 11.33333], "texture": "#1"},
				"south": {"uv": [9.11111, 3.11111, 8, 3.77778], "texture": "#1"},
				"west": {"uv": [2.88889, 10.66667, 2.22222, 11.33333], "texture": "#1"},
				"up": {"uv": [4.66667, 8, 4, 9.11111], "rotation": 90, "texture": "#1"},
				"down": {"uv": [8.66667, 6.88889, 8, 5.77778], "rotation": 270, "texture": "#1"}
			}
		},
		{
			"from": [2.62864, 5.20759, 7.78358],
			"to": [4.06864, 6.64759, 9.22358],
			"rotation": {"angle": 22.5, "axis": "x", "origin": [3.34864, 5.46031, 11.4252]},
			"faces": {
				"north": {"uv": [7.55556, 7.55556, 6.66667, 8.44444], "texture": "#1"},
				"east": {"uv": [6.22222, 7.55556, 5.33333, 8.44444], "texture": "#1"},
				"south": {"uv": [8, 1.77778, 7.11111, 2.66667], "texture": "#1"},
				"west": {"uv": [0.88889, 7.11111, 0, 8], "texture": "#1"},
				"up": {"uv": [2.22222, 8, 1.33333, 8.88889], "rotation": 90, "texture": "#1"},
				"down": {"uv": [3.55556, 8.88889, 2.66667, 8], "rotation": 270, "texture": "#1"}
			}
		},
		{
			"from": [3.07864, 7.43486, 9.68972],
			"to": [3.61864, 7.79486, 12.74972],
			"rotation": {"angle": -22.5, "axis": "x", "origin": [3.34864, 5.46031, 11.4252]},
			"faces": {
				"east": {"uv": [13.44444, 8.44444, 11.55556, 8.66667], "texture": "#1"},
				"south": {"uv": [0.33333, 15.55556, 0, 15.77778], "texture": "#1"},
				"west": {"uv": [13.44444, 3.11111, 11.55556, 3.33333], "texture": "#1"},
				"down": {"uv": [7.22222, 9.22222, 5.33333, 8.88889], "rotation": 270, "texture": "#1"}
			}
		},
		{
			"from": [2.89864, 7.79486, 10.04972],
			"to": [3.79864, 8.33486, 12.38972],
			"rotation": {"angle": -22.5, "axis": "x", "origin": [3.34864, 5.46031, 11.4252]},
			"faces": {
				"east": {"uv": [11.66667, 0, 10.22222, 0.33333], "texture": "#1"},
				"west": {"uv": [11.22222, 7.55556, 9.77778, 7.88889], "texture": "#1"},
				"up": {"uv": [7.22222, 6.22222, 5.77778, 6.77778], "rotation": 90, "texture": "#1"},
				"down": {"uv": [3.22222, 7.22222, 1.77778, 6.66667], "rotation": 270, "texture": "#1"}
			}
		},
		{
			"from": [2.89864, 7.79486, 12.38972],
			"to": [3.79864, 8.87486, 12.74972],
			"rotation": {"angle": -22.5, "axis": "x", "origin": [3.34864, 5.46031, 11.4252]},
			"faces": {
				"north": {"uv": [1.88889, 12, 1.33333, 12.66667], "texture": "#1"},
				"east": {"uv": [1.11111, 14.22222, 0.88889, 14.88889], "texture": "#1"},
				"south": {"uv": [0.55556, 12, 0, 12.66667], "texture": "#1"},
				"west": {"uv": [14.44444, 0, 14.22222, 0.66667], "texture": "#1"},
				"up": {"uv": [14.88889, 1.33333, 14.66667, 1.88889], "rotation": 90, "texture": "#1"},
				"down": {"uv": [14.88889, 5.88889, 14.66667, 5.33333], "rotation": 270, "texture": "#1"}
			}
		},
		{
			"from": [2.89864, 8.33486, 10.94972],
			"to": [3.79864, 8.87486, 11.30972],
			"rotation": {"angle": -22.5, "axis": "x", "origin": [3.34864, 5.46031, 11.4252]},
			"faces": {
				"north": {"uv": [13.88889, 12, 13.33333, 12.33333], "texture": "#1"},
				"east": {"uv": [15.77778, 0.88889, 15.55556, 1.22222], "texture": "#1"},
				"south": {"uv": [9, 13.33333, 8.44444, 13.66667], "texture": "#1"},
				"west": {"uv": [1.11111, 15.55556, 0.88889, 15.88889], "texture": "#1"},
				"up": {"uv": [14.88889, 8.88889, 14.66667, 9.44444], "rotation": 90, "texture": "#1"}
			}
		},
		{
			"from": [3.07864, 8.33486, 10.04972],
			"to": [3.61864, 8.69486, 12.38972],
			"rotation": {"angle": -22.5, "axis": "x", "origin": [3.34864, 5.46031, 11.4252]},
			"faces": {
				"east": {"uv": [11.66667, 12, 10.22222, 12.22222], "texture": "#1"},
				"west": {"uv": [13.44444, 7.55556, 12, 7.77778], "texture": "#1"},
				"up": {"uv": [8.55556, 10.22222, 7.11111, 10.55556], "rotation": 90, "texture": "#1"}
			}
		},
		{
			"from": [2.89864, 7.79486, 9.68972],
			"to": [3.79864, 8.87486, 10.04972],
			"rotation": {"angle": -22.5, "axis": "x", "origin": [3.34864, 5.46031, 11.4252]},
			"faces": {
				"east": {"uv": [2.88889, 14.22222, 2.66667, 14.88889], "texture": "#1"},
				"south": {"uv": [3.22222, 12, 2.66667, 12.66667], "texture": "#1"},
				"west": {"uv": [2, 14.22222, 1.77778, 14.88889], "texture": "#1"},
				"up": {"uv": [14.88889, 10.22222, 14.66667, 10.77778], "rotation": 90, "texture": "#1"}
			}
		},
		{
			"from": [6.56, 1.8, 9.9692],
			"to": [9.44, 4.68, 9.9908],
			"rotation": {"angle": 45, "axis": "z", "origin": [8, 3.24, 10.16]},
			"faces": {
				"north": {"uv": [16, 0, 0, 16], "texture": "#2"},
				"south": {"uv": [0, 0, 16, 16], "texture": "#2"}
			}
		},
		{
			"from": [7.28, 2.52, 10.3292],
			"to": [8.72, 3.96, 10.3508],
			"rotation": {"angle": 45, "axis": "z", "origin": [8, 3.24, 10.16]},
			"faces": {
				"north": {"uv": [8, 0, 0, 8], "texture": "#3"},
				"south": {"uv": [0, 0, 8, 8], "texture": "#3"}
			}
		},
		{
			"from": [2.528, 6.336, 6.8732],
			"to": [3.968, 7.776, 6.8948],
			"rotation": {"angle": 45, "axis": "z", "origin": [3.248, 7.056, 6.884]},
			"faces": {
				"north": {"uv": [8, 0, 0, 8], "texture": "#3"},
				"south": {"uv": [0, 0, 8, 8], "texture": "#3"}
			}
		},
		{
			"from": [12.032, 6.336, 6.8732],
			"to": [13.472, 7.776, 6.8948],
			"rotation": {"angle": -45, "axis": "z", "origin": [12.752, 7.056, 6.884]},
			"faces": {
				"north": {"uv": [0, 0, 8, 8], "texture": "#3"},
				"south": {"uv": [8, 0, 0, 8], "texture": "#3"}
			}
		}
	],
	"gui_light": "front",
	"display": {
		"thirdperson_righthand": {
			"rotation": [-131.5, 0, -180],
			"translation": [0, 1.75, 2.5],
			"scale": [0.6, 0.6, 0.6]
		},
		"thirdperson_lefthand": {
			"rotation": [68.25, 0, 0],
			"translation": [-5.5, -5.5, 11.75]
		},
		"firstperson_righthand": {
			"rotation": [163.5, 0, -180],
			"translation": [2.75, 2, 0],
			"scale": [0.5, 0.5, 0.5]
		},
		"firstperson_lefthand": {
			"scale": [0, 0, 0]
		},
		"ground": {
			"rotation": [-45, 0, 0],
			"translation": [0, 3, 0],
			"scale": [0.6, 0.6, 0.6]
		},
		"gui": {
			"rotation": [0, 180, 0],
			"translation": [0, -0.25, 0],
			"scale": [0.45, 0.45, 0.45]
		},
		"head": {
			"translation": [0, -6.25, 5.75],
			"scale": [2, 2, 2]
		},
		"fixed": {
			"rotation": [0, 180, 0],
			"translation": [0, 6.25, -1.5],
			"scale": [2, 2, 2]
		}
	},
	"USER": "33672",
	"NONCE": "250d30f3c9d7634129006a92dfa824a1",
	"TIMESTAMP": "1740508157",
	"RESOURCE": "12629",
	"mcmodels": "250d30f3c9d7634129006a92dfa824a1"
}