{"credit":"Pologony Creation Co.,Ltd.","texture_size":[52,52],"textures":{"1":"nanoedge_set:wings","2":"nanoedge_set:animations/animated_1","3":"nanoedge_set:animations/animated_2","particle":"nanoedge_set:animations/animated_1"},"elements":[{"from":[9.75,2.75,7.5],"to":[12.25,5.25,8.5],"rotation":{"angle":45,"axis":"z","origin":[10,3,7.5]},"faces":{"north":{"uv":[4,4.88889,5.11111,6],"texture":"#1"},"east":{"uv":[9.33333,8.88889,9.77778,10],"texture":"#1"},"south":{"uv":[0,5.33333,1.11111,6.44444],"texture":"#1"},"west":{"uv":[0,9.77778,0.44444,10.88889],"texture":"#1"},"up":{"uv":[10.88889,3.55556,9.77778,3.11111],"texture":"#1"},"down":{"uv":[5.11111,9.77778,4,10.22222],"texture":"#1"}}},{"from":[12.25,3.75,7.25],"to":[12.75,5.25,8.75],"rotation":{"angle":45,"axis":"z","origin":[10,3,7.5]},"faces":{"north":{"uv":[13.33333,12.88889,13.55556,13.55556],"texture":"#1"},"east":{"uv":[10.22222,8.44444,10.88889,9.11111],"texture":"#1"},"south":{"uv":[13.77778,1.77778,14,2.44444],"texture":"#1"},"west":{"uv":[10.22222,9.77778,10.88889,10.44444],"texture":"#1"},"up":{"uv":[14,10,13.77778,9.33333],"texture":"#1"},"down":{"uv":[10,13.77778,9.77778,14.44444],"texture":"#1"}}},{"from":[14.5,4.5,7.25],"to":[15,5.25,8.75],"rotation":{"angle":45,"axis":"z","origin":[10,3,7.5]},"faces":{"north":{"uv":[12.44444,15.11111,12.66667,15.44444],"texture":"#1"},"east":{"uv":[4,12.44444,4.66667,12.77778],"texture":"#1"},"south":{"uv":[13.33333,15.11111,13.55556,15.44444],"texture":"#1"},"west":{"uv":[12.44444,4,13.11111,4.33333],"texture":"#1"},"up":{"uv":[0.22222,14.88889,0,14.22222],"texture":"#1"}}},{"from":[17,3.75,7.25],"to":[17.5,5.25,8.75],"rotation":{"angle":45,"axis":"z","origin":[10,3,7.5]},"faces":{"north":{"uv":[10.66667,13.77778,10.88889,14.44444],"texture":"#1"},"south":{"uv":[13.77778,10.66667,14,11.33333],"texture":"#1"},"west":{"uv":[0.88889,10.66667,1.55556,11.33333],"texture":"#1"},"up":{"uv":[11.77778,14.44444,11.55556,13.77778],"texture":"#1"},"down":{"uv":[12.66667,13.77778,12.44444,14.44444],"texture":"#1"}}},{"from":[12.75,3.75,7.25],"to":[17,4.5,8.75],"rotation":{"angle":45,"axis":"z","origin":[10,3,7.5]},"faces":{"north":{"uv":[8.44444,1.33333,10.33333,1.66667],"texture":"#1"},"south":{"uv":[8.44444,2.22222,10.33333,2.55556],"texture":"#1"},"up":{"uv":[5.88889,4.22222,4,3.55556],"texture":"#1"},"down":{"uv":[6.33333,1.77778,4.44444,2.44444],"texture":"#1"}}},{"from":[12.75,4.5,7.5],"to":[17,5,8.5],"rotation":{"angle":45,"axis":"z","origin":[10,3,7.5]},"faces":{"north":{"uv":[11.11111,2.22222,13,2.44444],"texture":"#1"},"south":{"uv":[10.22222,11.11111,12.11111,11.33333],"texture":"#1"},"up":{"uv":[7.22222,1.33333,5.33333,0.88889],"texture":"#1"}}},{"from":[12.25,3.25,7.5],"to":[17.5,3.75,8.5],"rotation":{"angle":45,"axis":"z","origin":[10,3,7.5]},"faces":{"north":{"uv":[9.33333,5.77778,11.66667,6],"texture":"#1"},"south":{"uv":[9.33333,6.66667,11.66667,6.88889],"texture":"#1"},"down":{"uv":[7.66667,0,5.33333,0.44444],"texture":"#1"}}},{"from":[14.28898,10.48728,7.375],"to":[14.78898,11.98728,8.625],"rotation":{"angle":22.5,"axis":"z","origin":[16.41398,10.92478,8]},"faces":{"north":{"uv":[1.77778,14.22222,2,14.88889],"texture":"#1"},"east":{"uv":[2.66667,12,3.22222,12.66667],"texture":"#1"},"south":{"uv":[2.66667,14.22222,2.88889,14.88889],"texture":"#1"},"up":{"uv":[14.88889,10.77778,14.66667,10.22222],"texture":"#1"}}},{"from":[14.78898,11.23728,7.625],"to":[18.03898,11.73728,8.375],"rotation":{"angle":22.5,"axis":"z","origin":[16.41398,10.92478,8]},"faces":{"north":{"uv":[12,7.55556,13.44444,7.77778],"texture":"#1"},"south":{"uv":[10.22222,12,11.66667,12.22222],"texture":"#1"},"up":{"uv":[8.55556,10.55556,7.11111,10.22222],"texture":"#1"}}},{"from":[16.03898,11.23728,7.375],"to":[16.53898,11.98728,8.625],"rotation":{"angle":22.5,"axis":"z","origin":[16.41398,10.92478,8]},"faces":{"north":{"uv":[0.88889,15.55556,1.11111,15.88889],"texture":"#1"},"east":{"uv":[8.44444,13.33333,9,13.66667],"texture":"#1"},"south":{"uv":[15.55556,0.88889,15.77778,1.22222],"texture":"#1"},"west":{"uv":[13.33333,12,13.88889,12.33333],"texture":"#1"},"up":{"uv":[14.88889,9.44444,14.66667,8.88889],"texture":"#1"}}},{"from":[18.03898,10.48728,7.375],"to":[18.53898,11.98728,8.625],"rotation":{"angle":22.5,"axis":"z","origin":[16.41398,10.92478,8]},"faces":{"north":{"uv":[14.22222,0,14.44444,0.66667],"texture":"#1"},"east":{"uv":[0,12,0.55556,12.66667],"texture":"#1"},"south":{"uv":[0.88889,14.22222,1.11111,14.88889],"texture":"#1"},"west":{"uv":[1.33333,12,1.88889,12.66667],"texture":"#1"},"up":{"uv":[14.88889,1.88889,14.66667,1.33333],"texture":"#1"},"down":{"uv":[14.88889,5.33333,14.66667,5.88889],"texture":"#1"}}},{"from":[14.78898,10.48728,7.375],"to":[18.03898,11.23728,8.625],"rotation":{"angle":22.5,"axis":"z","origin":[16.41398,10.92478,8]},"faces":{"north":{"uv":[9.77778,7.55556,11.22222,7.88889],"texture":"#1"},"south":{"uv":[10.22222,0,11.66667,0.33333],"texture":"#1"},"up":{"uv":[7.22222,6.77778,5.77778,6.22222],"texture":"#1"},"down":{"uv":[3.22222,6.66667,1.77778,7.22222],"texture":"#1"}}},{"from":[14.28898,9.98728,7.625],"to":[18.53898,10.48728,8.375],"rotation":{"angle":22.5,"axis":"z","origin":[16.41398,10.92478,8]},"faces":{"north":{"uv":[11.55556,3.11111,13.44444,3.33333],"texture":"#1"},"east":{"uv":[0,15.55556,0.33333,15.77778],"texture":"#1"},"south":{"uv":[11.55556,8.44444,13.44444,8.66667],"texture":"#1"},"down":{"uv":[7.22222,8.88889,5.33333,9.22222],"texture":"#1"}}},{"from":[10,3,7.25],"to":[12,5,8.75],"rotation":{"angle":45,"axis":"z","origin":[10,3,7.5]},"faces":{"north":{"uv":[6.66667,3.11111,7.55556,4],"texture":"#1"},"east":{"uv":[0,8.44444,0.66667,9.33333],"texture":"#1"},"south":{"uv":[4,6.66667,4.88889,7.55556],"texture":"#1"},"west":{"uv":[8,8.88889,8.66667,9.77778],"texture":"#1"},"up":{"uv":[2.22222,10,1.33333,9.33333],"texture":"#1"},"down":{"uv":[3.55556,9.33333,2.66667,10],"texture":"#1"}}},{"from":[13.73861,8.55724,7],"to":[15.73861,10.55724,9],"rotation":{"angle":-22.5,"axis":"z","origin":[15.23861,10.05724,8]},"faces":{"north":{"uv":[0,7.11111,0.88889,8],"texture":"#1"},"east":{"uv":[7.11111,1.77778,8,2.66667],"texture":"#1"},"south":{"uv":[5.33333,7.55556,6.22222,8.44444],"texture":"#1"},"west":{"uv":[6.66667,7.55556,7.55556,8.44444],"texture":"#1"},"up":{"uv":[2.22222,8.88889,1.33333,8],"texture":"#1"},"down":{"uv":[3.55556,8,2.66667,8.88889],"texture":"#1"}}},{"from":[13.98861,8.80724,6.75],"to":[15.48861,10.30724,9.25],"rotation":{"angle":-22.5,"axis":"z","origin":[15.23861,10.05724,8]},"faces":{"north":{"uv":[2.22222,10.66667,2.88889,11.33333],"texture":"#1"},"east":{"uv":[8,3.11111,9.11111,3.77778],"texture":"#1"},"south":{"uv":[3.55556,10.66667,4.22222,11.33333],"texture":"#1"},"west":{"uv":[8,4.44444,9.11111,5.11111],"texture":"#1"},"up":{"uv":[4.66667,9.11111,4,8],"texture":"#1"},"down":{"uv":[8.66667,5.77778,8,6.88889],"texture":"#1"}}},{"from":[19.95531,9.62688,7.5],"to":[20.95531,10.62688,8.5],"rotation":{"angle":-45,"axis":"z","origin":[22.34883,12.07586,8]},"faces":{"north":{"uv":[12.44444,4.88889,12.88889,5.33333],"texture":"#1"},"east":{"uv":[5.33333,12.44444,5.77778,12.88889],"texture":"#1"},"south":{"uv":[12.44444,5.77778,12.88889,6.22222],"texture":"#1"},"west":{"uv":[6.22222,12.44444,6.66667,12.88889],"texture":"#1"},"up":{"uv":[12.88889,7.11111,12.44444,6.66667],"texture":"#1"},"down":{"uv":[7.55556,12.44444,7.11111,12.88889],"texture":"#1"}}},{"from":[19.70531,9.37688,7.75],"to":[21.20531,10.87688,8.25],"rotation":{"angle":-45,"axis":"z","origin":[22.34883,12.07586,8]},"faces":{"north":{"uv":[11.11111,0.88889,11.77778,1.55556],"texture":"#1"},"east":{"uv":[14.22222,3.11111,14.44444,3.77778],"texture":"#1"},"south":{"uv":[11.11111,4,11.77778,4.66667],"texture":"#1"},"west":{"uv":[3.55556,14.22222,3.77778,14.88889],"texture":"#1"},"up":{"uv":[5.11111,14.44444,4.44444,14.22222],"texture":"#1"},"down":{"uv":[14.88889,4.44444,14.22222,4.66667],"texture":"#1"}}},{"from":[22.91762,11.18385,7.75],"to":[23.91762,12.18385,8.25],"rotation":{"angle":45,"axis":"z","origin":[22.34883,12.07586,8]},"faces":{"north":{"uv":[8,12.44444,8.44444,12.88889],"texture":"#1"},"east":{"uv":[14.66667,11.55556,14.88889,12],"texture":"#1"},"south":{"uv":[8.88889,12.44444,9.33333,12.88889],"texture":"#1"},"west":{"uv":[14.66667,13.77778,14.88889,14.22222],"texture":"#1"},"up":{"uv":[15.11111,14.88889,14.66667,14.66667],"texture":"#1"},"down":{"uv":[15.55556,0,15.11111,0.22222],"texture":"#1"}}},{"from":[19.63177,11.8473,7.7535],"to":[23.63177,13.0973,8.2465],"rotation":{"angle":0,"axis":"z","origin":[22.34883,12.07586,8]},"faces":{"north":{"uv":[1.77778,5.33333,3.55556,5.88889],"texture":"#1"},"south":{"uv":[5.77778,4.88889,7.55556,5.44444],"texture":"#1"},"up":{"uv":[13.33333,9.55556,11.55556,9.33333],"texture":"#1"},"down":{"uv":[13.33333,10.22222,11.55556,10.44444],"texture":"#1"}}},{"from":[19.63177,10.0973,7.985],"to":[30.5,13.0973,8.015],"rotation":{"angle":0,"axis":"z","origin":[22.34883,12.07586,8]},"faces":{"north":{"uv":[0,0,4.77778,1.33333],"texture":"#1"},"south":{"uv":[4.77778,0,0,1.33333],"texture":"#1"}}},{"from":[18.04002,8.95421,7.75],"to":[19.54002,10.45421,8.25],"rotation":{"angle":22.5,"axis":"z","origin":[20.47383,8.07586,8]},"faces":{"north":{"uv":[4.88889,11.11111,5.55556,11.77778],"rotation":270,"texture":"#1"},"east":{"uv":[14.88889,6.88889,14.22222,6.66667],"rotation":90,"texture":"#1"},"south":{"uv":[6.22222,11.11111,6.88889,11.77778],"rotation":90,"texture":"#1"},"west":{"uv":[8.22222,14.22222,7.55556,14.44444],"rotation":90,"texture":"#1"},"up":{"uv":[6.66667,14.22222,6.88889,14.88889],"rotation":90,"texture":"#1"},"down":{"uv":[5.77778,14.22222,6,14.88889],"rotation":90,"texture":"#1"}}},{"from":[18.29002,9.20421,7.5],"to":[19.29002,10.20421,8.5],"rotation":{"angle":22.5,"axis":"z","origin":[20.47383,8.07586,8]},"faces":{"north":{"uv":[10.66667,12.88889,11.11111,13.33333],"rotation":270,"texture":"#1"},"east":{"uv":[0.44444,13.77778,0,13.33333],"rotation":90,"texture":"#1"},"south":{"uv":[11.55556,12.88889,12,13.33333],"rotation":90,"texture":"#1"},"west":{"uv":[1.33333,13.33333,0.88889,13.77778],"rotation":90,"texture":"#1"},"up":{"uv":[12.44444,12.88889,12.88889,13.33333],"rotation":90,"texture":"#1"},"down":{"uv":[12.88889,11.11111,13.33333,11.55556],"rotation":90,"texture":"#1"}}},{"from":[18.13177,7.8473,7.7535],"to":[21.13177,9.0973,8.2465],"rotation":{"angle":-22.5,"axis":"z","origin":[20.47383,8.07586,8]},"faces":{"north":{"uv":[8,7.55556,9.33333,8.11111],"texture":"#1"},"south":{"uv":[8.44444,0,9.77778,0.55556],"texture":"#1"},"up":{"uv":[13.77778,0.22222,12.44444,0],"texture":"#1"},"down":{"uv":[13.77778,0.88889,12.44444,1.11111],"texture":"#1"}}},{"from":[20.60068,7.62579,7.75],"to":[21.60068,8.62579,8.25],"rotation":{"angle":22.5,"axis":"z","origin":[20.47383,8.07586,8]},"faces":{"north":{"uv":[12.44444,12,12.88889,12.44444],"texture":"#1"},"east":{"uv":[15.11111,2.66667,15.33333,3.11111],"texture":"#1"},"south":{"uv":[9.77778,12.88889,10.22222,13.33333],"texture":"#1"},"west":{"uv":[15.11111,3.55556,15.33333,4],"texture":"#1"},"up":{"uv":[4.88889,15.33333,4.44444,15.11111],"texture":"#1"},"down":{"uv":[8,15.11111,7.55556,15.33333],"texture":"#1"}}},{"from":[18.38177,6.0973,7.985],"to":[27.25,9.0973,8.015],"rotation":{"angle":-22.5,"axis":"z","origin":[20.47383,8.07586,8]},"faces":{"north":{"uv":[0,1.77778,3.88889,3.11111],"texture":"#1"},"south":{"uv":[3.88889,1.77778,0,3.11111],"texture":"#1"}}},{"from":[17.06335,13.33592,7.75],"to":[18.56335,14.83592,8.25],"rotation":{"angle":-22.5,"axis":"z","origin":[19.62476,15.58668,8]},"faces":{"north":{"uv":[4.88889,11.11111,5.55556,11.77778],"texture":"#1"},"east":{"uv":[5.77778,14.22222,6,14.88889],"texture":"#1"},"south":{"uv":[6.22222,11.11111,6.88889,11.77778],"texture":"#1"},"west":{"uv":[6.66667,14.22222,6.88889,14.88889],"texture":"#1"},"up":{"uv":[14.88889,6.88889,14.22222,6.66667],"texture":"#1"},"down":{"uv":[8.22222,14.22222,7.55556,14.44444],"texture":"#1"}}},{"from":[17.31335,13.58592,7.5],"to":[18.31335,14.58592,8.5],"rotation":{"angle":-22.5,"axis":"z","origin":[19.62476,15.58668,8]},"faces":{"north":{"uv":[10.66667,12.88889,11.11111,13.33333],"texture":"#1"},"east":{"uv":[12.88889,11.11111,13.33333,11.55556],"texture":"#1"},"south":{"uv":[11.55556,12.88889,12,13.33333],"texture":"#1"},"west":{"uv":[12.44444,12.88889,12.88889,13.33333],"texture":"#1"},"up":{"uv":[0.44444,13.77778,0,13.33333],"texture":"#1"},"down":{"uv":[1.33333,13.33333,0.88889,13.77778],"texture":"#1"}}},{"from":[17.2827,15.61701,7.7535],"to":[20.2827,16.86701,8.2465],"rotation":{"angle":22.5,"axis":"z","origin":[19.62476,15.58668,8]},"faces":{"north":{"uv":[8,7.55556,9.33333,8.11111],"texture":"#1"},"south":{"uv":[8.44444,0,9.77778,0.55556],"texture":"#1"},"up":{"uv":[13.77778,0.22222,12.44444,0],"texture":"#1"},"down":{"uv":[13.77778,0.88889,12.44444,1.11111],"texture":"#1"}}},{"from":[18.89177,15.89658,7.75],"to":[19.89177,16.89658,8.25],"rotation":{"angle":-22.5,"axis":"z","origin":[19.62476,15.58668,8]},"faces":{"north":{"uv":[12.44444,12,12.88889,12.44444],"rotation":90,"texture":"#1"},"east":{"uv":[8,15.11111,7.55556,15.33333],"rotation":270,"texture":"#1"},"south":{"uv":[9.77778,12.88889,10.22222,13.33333],"rotation":270,"texture":"#1"},"west":{"uv":[4.88889,15.33333,4.44444,15.11111],"rotation":270,"texture":"#1"},"up":{"uv":[15.11111,2.66667,15.33333,3.11111],"rotation":270,"texture":"#1"},"down":{"uv":[15.11111,3.55556,15.33333,4],"rotation":270,"texture":"#1"}}},{"from":[17.5327,13.86701,7.985],"to":[26.40093,16.86701,8.015],"rotation":{"angle":22.5,"axis":"z","origin":[19.62476,15.58668,8]},"faces":{"north":{"uv":[0,1.77778,3.88889,3.11111],"texture":"#1"},"south":{"uv":[3.88889,1.77778,0,3.11111],"texture":"#1"}}},{"from":[13.83522,10.82619,10.34684],"to":[15.08522,12.32619,10.84684],"rotation":{"angle":-22.5,"axis":"x","origin":[14.46022,7.58376,12.75722]},"faces":{"east":{"uv":[1.77778,14.22222,2,14.88889],"texture":"#1"},"south":{"uv":[2.66667,12,3.22222,12.66667],"texture":"#1"},"west":{"uv":[2.66667,14.22222,2.88889,14.88889],"texture":"#1"},"up":{"uv":[14.88889,10.77778,14.66667,10.22222],"rotation":90,"texture":"#1"}}},{"from":[14.08522,11.57619,10.84684],"to":[14.83522,12.07619,14.09684],"rotation":{"angle":-22.5,"axis":"x","origin":[14.46022,7.58376,12.75722]},"faces":{"east":{"uv":[12,7.55556,13.44444,7.77778],"texture":"#1"},"west":{"uv":[10.22222,12,11.66667,12.22222],"texture":"#1"},"up":{"uv":[8.55556,10.55556,7.11111,10.22222],"rotation":90,"texture":"#1"}}},{"from":[13.83522,11.57619,12.09684],"to":[15.08522,12.32619,12.59684],"rotation":{"angle":-22.5,"axis":"x","origin":[14.46022,7.58376,12.75722]},"faces":{"north":{"uv":[13.33333,12,13.88889,12.33333],"texture":"#1"},"east":{"uv":[0.88889,15.55556,1.11111,15.88889],"texture":"#1"},"south":{"uv":[8.44444,13.33333,9,13.66667],"texture":"#1"},"west":{"uv":[15.55556,0.88889,15.77778,1.22222],"texture":"#1"},"up":{"uv":[14.88889,9.44444,14.66667,8.88889],"rotation":90,"texture":"#1"}}},{"from":[13.83522,10.82619,14.09684],"to":[15.08522,12.32619,14.59684],"rotation":{"angle":-22.5,"axis":"x","origin":[14.46022,7.58376,12.75722]},"faces":{"north":{"uv":[1.33333,12,1.88889,12.66667],"texture":"#1"},"east":{"uv":[14.22222,0,14.44444,0.66667],"texture":"#1"},"south":{"uv":[0,12,0.55556,12.66667],"texture":"#1"},"west":{"uv":[0.88889,14.22222,1.11111,14.88889],"texture":"#1"},"up":{"uv":[14.88889,1.88889,14.66667,1.33333],"rotation":90,"texture":"#1"},"down":{"uv":[14.88889,5.33333,14.66667,5.88889],"rotation":270,"texture":"#1"}}},{"from":[13.83522,10.82619,10.84684],"to":[15.08522,11.57619,14.09684],"rotation":{"angle":-22.5,"axis":"x","origin":[14.46022,7.58376,12.75722]},"faces":{"east":{"uv":[9.77778,7.55556,11.22222,7.88889],"texture":"#1"},"west":{"uv":[10.22222,0,11.66667,0.33333],"texture":"#1"},"up":{"uv":[7.22222,6.77778,5.77778,6.22222],"rotation":90,"texture":"#1"},"down":{"uv":[3.22222,6.66667,1.77778,7.22222],"rotation":270,"texture":"#1"}}},{"from":[14.08522,10.32619,10.34684],"to":[14.83522,10.82619,14.59684],"rotation":{"angle":-22.5,"axis":"x","origin":[14.46022,7.58376,12.75722]},"faces":{"east":{"uv":[11.55556,3.11111,13.44444,3.33333],"texture":"#1"},"south":{"uv":[0,15.55556,0.33333,15.77778],"texture":"#1"},"west":{"uv":[11.55556,8.44444,13.44444,8.66667],"texture":"#1"},"down":{"uv":[7.22222,8.88889,5.33333,9.22222],"rotation":270,"texture":"#1"}}},{"from":[13.46022,7.23277,7.69942],"to":[15.46022,9.23277,9.69942],"rotation":{"angle":22.5,"axis":"x","origin":[14.46022,7.58376,12.75722]},"faces":{"north":{"uv":[6.66667,7.55556,7.55556,8.44444],"texture":"#1"},"east":{"uv":[0,7.11111,0.88889,8],"texture":"#1"},"south":{"uv":[7.11111,1.77778,8,2.66667],"texture":"#1"},"west":{"uv":[5.33333,7.55556,6.22222,8.44444],"texture":"#1"},"up":{"uv":[2.22222,8.88889,1.33333,8],"rotation":90,"texture":"#1"},"down":{"uv":[3.55556,8,2.66667,8.88889],"rotation":270,"texture":"#1"}}},{"from":[13.21022,7.48277,7.94942],"to":[15.71022,8.98277,9.44942],"rotation":{"angle":22.5,"axis":"x","origin":[14.46022,7.58376,12.75722]},"faces":{"north":{"uv":[8,4.44444,9.11111,5.11111],"texture":"#1"},"east":{"uv":[2.22222,10.66667,2.88889,11.33333],"texture":"#1"},"south":{"uv":[8,3.11111,9.11111,3.77778],"texture":"#1"},"west":{"uv":[3.55556,10.66667,4.22222,11.33333],"texture":"#1"},"up":{"uv":[4.66667,9.11111,4,8],"rotation":90,"texture":"#1"},"down":{"uv":[8.66667,5.77778,8,6.88889],"rotation":270,"texture":"#1"}}},{"from":[13.96022,7.45399,11.01911],"to":[14.96022,8.45399,12.01911],"rotation":{"angle":45,"axis":"x","origin":[14.46022,7.58376,12.75722]},"faces":{"north":{"uv":[7.55556,12.44444,7.11111,12.88889],"rotation":90,"texture":"#1"},"east":{"uv":[12.44444,4.88889,12.88889,5.33333],"rotation":270,"texture":"#1"},"south":{"uv":[12.88889,7.11111,12.44444,6.66667],"rotation":90,"texture":"#1"},"west":{"uv":[12.44444,5.77778,12.88889,6.22222],"rotation":90,"texture":"#1"},"up":{"uv":[6.22222,12.44444,6.66667,12.88889],"rotation":180,"texture":"#1"},"down":{"uv":[5.33333,12.44444,5.77778,12.88889],"texture":"#1"}}},{"from":[14.21022,7.20399,10.76911],"to":[14.71022,8.70399,12.26911],"rotation":{"angle":45,"axis":"x","origin":[14.46022,7.58376,12.75722]},"faces":{"north":{"uv":[14.88889,4.44444,14.22222,4.66667],"rotation":90,"texture":"#1"},"east":{"uv":[11.11111,0.88889,11.77778,1.55556],"rotation":270,"texture":"#1"},"south":{"uv":[5.11111,14.44444,4.44444,14.22222],"rotation":90,"texture":"#1"},"west":{"uv":[11.11111,4,11.77778,4.66667],"rotation":90,"texture":"#1"},"up":{"uv":[3.55556,14.22222,3.77778,14.88889],"rotation":180,"texture":"#1"},"down":{"uv":[14.22222,3.11111,14.44444,3.77778],"texture":"#1"}}},{"from":[14.21022,5.16846,14.03688],"to":[14.71022,6.16846,15.03688],"rotation":{"angle":45,"axis":"x","origin":[14.46022,7.58376,12.75722]},"faces":{"north":{"uv":[14.66667,13.77778,14.88889,14.22222],"texture":"#1"},"east":{"uv":[8,12.44444,8.44444,12.88889],"texture":"#1"},"south":{"uv":[14.66667,11.55556,14.88889,12],"texture":"#1"},"west":{"uv":[8.88889,12.44444,9.33333,12.88889],"texture":"#1"},"up":{"uv":[15.11111,14.88889,14.66667,14.66667],"rotation":90,"texture":"#1"},"down":{"uv":[15.55556,0,15.11111,0.22222],"rotation":270,"texture":"#1"}}},{"from":[14.21372,4.72104,11.9542],"to":[14.70672,8.72104,13.2042],"rotation":{"angle":0,"axis":"z","origin":[14.46022,7.58376,12.75722]},"faces":{"north":{"uv":[13.33333,10.22222,11.55556,10.44444],"rotation":90,"texture":"#1"},"east":{"uv":[1.77778,5.33333,3.55556,5.88889],"rotation":270,"texture":"#1"},"south":{"uv":[13.33333,9.55556,11.55556,9.33333],"rotation":90,"texture":"#1"},"west":{"uv":[5.77778,4.88889,7.55556,5.44444],"rotation":90,"texture":"#1"}}},{"from":[14.44522,-2.14719,10.2042],"to":[14.47522,8.72104,13.2042],"rotation":{"angle":0,"axis":"z","origin":[14.46022,7.58376,12.75722]},"faces":{"east":{"uv":[0,0,4.77778,1.33333],"rotation":270,"texture":"#1"},"west":{"uv":[4.77778,0,0,1.33333],"rotation":90,"texture":"#1"}}},{"from":[14.44522,1.10578,13.86164],"to":[14.47522,9.97401,16.86164],"rotation":{"angle":-22.5,"axis":"x","origin":[14.46022,8.08376,12.75722]},"faces":{"east":{"uv":[0,1.77778,3.88889,3.11111],"rotation":270,"texture":"#1"},"west":{"uv":[3.88889,1.77778,0,3.11111],"rotation":90,"texture":"#1"}}},{"from":[14.21022,9.67099,15.20676],"to":[14.71022,10.67099,16.20676],"rotation":{"angle":22.5,"axis":"x","origin":[14.46022,8.08376,12.75722]},"faces":{"north":{"uv":[15.11111,3.55556,15.33333,4],"texture":"#1"},"east":{"uv":[12.44444,12,12.88889,12.44444],"texture":"#1"},"south":{"uv":[15.11111,2.66667,15.33333,3.11111],"texture":"#1"},"west":{"uv":[9.77778,12.88889,10.22222,13.33333],"texture":"#1"},"up":{"uv":[4.88889,15.33333,4.44444,15.11111],"rotation":90,"texture":"#1"},"down":{"uv":[8,15.11111,7.55556,15.33333],"rotation":270,"texture":"#1"}}},{"from":[14.21372,7.22401,15.61164],"to":[14.70672,10.22401,16.86164],"rotation":{"angle":-22.5,"axis":"x","origin":[14.46022,8.08376,12.75722]},"faces":{"north":{"uv":[13.77778,0.88889,12.44444,1.11111],"rotation":90,"texture":"#1"},"east":{"uv":[8,7.55556,9.33333,8.11111],"rotation":270,"texture":"#1"},"south":{"uv":[13.77778,0.22222,12.44444,0],"rotation":90,"texture":"#1"},"west":{"uv":[8.44444,0,9.77778,0.55556],"rotation":90,"texture":"#1"}}},{"from":[13.96022,11.24941,12.89611],"to":[14.96022,12.24941,13.89611],"rotation":{"angle":22.5,"axis":"x","origin":[14.46022,8.08376,12.75722]},"faces":{"north":{"uv":[1.33333,13.33333,0.88889,13.77778],"rotation":90,"texture":"#1"},"east":{"uv":[10.66667,12.88889,11.11111,13.33333],"rotation":270,"texture":"#1"},"south":{"uv":[0.44444,13.77778,0,13.33333],"rotation":90,"texture":"#1"},"west":{"uv":[11.55556,12.88889,12,13.33333],"rotation":90,"texture":"#1"},"up":{"uv":[12.44444,12.88889,12.88889,13.33333],"rotation":180,"texture":"#1"},"down":{"uv":[12.88889,11.11111,13.33333,11.55556],"texture":"#1"}}},{"from":[14.21022,10.99941,12.64611],"to":[14.71022,12.49941,14.14611],"rotation":{"angle":22.5,"axis":"x","origin":[14.46022,8.08376,12.75722]},"faces":{"north":{"uv":[8.22222,14.22222,7.55556,14.44444],"rotation":90,"texture":"#1"},"east":{"uv":[4.88889,11.11111,5.55556,11.77778],"rotation":270,"texture":"#1"},"south":{"uv":[14.88889,6.88889,14.22222,6.66667],"rotation":90,"texture":"#1"},"west":{"uv":[6.22222,11.11111,6.88889,11.77778],"rotation":90,"texture":"#1"},"up":{"uv":[6.66667,14.22222,6.88889,14.88889],"rotation":180,"texture":"#1"},"down":{"uv":[5.77778,14.22222,6,14.88889],"texture":"#1"}}},{"from":[14.74528,-0.70031,7.985],"to":[17.74528,7.16792,8.015],"rotation":{"angle":22.5,"axis":"z","origin":[16.72383,5.32586,8]},"faces":{"north":{"uv":[0,3.55556,3.44444,4.88889],"rotation":270,"texture":"#1"},"south":{"uv":[3.44444,3.55556,0,4.88889],"rotation":90,"texture":"#1"}}},{"from":[16.32035,5.40612,7.75],"to":[17.32035,6.40612,8.25],"rotation":{"angle":-22.5,"axis":"z","origin":[16.72383,5.32586,8]},"faces":{"north":{"uv":[13.33333,6.66667,13.77778,7.11111],"texture":"#1"},"east":{"uv":[15.11111,7.55556,15.33333,8],"texture":"#1"},"south":{"uv":[7.55556,13.33333,8,13.77778],"texture":"#1"},"west":{"uv":[9.77778,15.11111,10,15.55556],"texture":"#1"},"up":{"uv":[11.11111,15.33333,10.66667,15.11111],"texture":"#1"},"down":{"uv":[12,15.11111,11.55556,15.33333],"texture":"#1"}}},{"from":[16.49528,5.41792,7.7535],"to":[17.74528,7.41792,8.2465],"rotation":{"angle":22.5,"axis":"z","origin":[16.72383,5.32586,8]},"faces":{"north":{"uv":[9.77778,4,10.66667,4.55556],"rotation":270,"texture":"#1"},"east":{"uv":[14.22222,6,13.33333,5.77778],"rotation":90,"texture":"#1"},"south":{"uv":[5.77778,9.77778,6.66667,10.33333],"rotation":90,"texture":"#1"},"west":{"uv":[7.11111,13.33333,6.22222,13.55556],"rotation":90,"texture":"#1"}}},{"from":[14.7168,6.27743,7.5],"to":[15.7168,7.27743,8.5],"rotation":{"angle":-22.5,"axis":"z","origin":[16.72383,5.32586,8]},"faces":{"north":{"uv":[1.77778,13.33333,2.22222,13.77778],"rotation":270,"texture":"#1"},"east":{"uv":[13.77778,5.33333,13.33333,4.88889],"rotation":90,"texture":"#1"},"south":{"uv":[3.55556,13.33333,4,13.77778],"rotation":90,"texture":"#1"},"west":{"uv":[5.77778,13.33333,5.33333,13.77778],"rotation":90,"texture":"#1"},"up":{"uv":[4.44444,13.33333,4.88889,13.77778],"rotation":90,"texture":"#1"},"down":{"uv":[2.66667,13.33333,3.11111,13.77778],"rotation":90,"texture":"#1"}}},{"from":[14.4668,6.02743,7.75],"to":[15.9668,7.52743,8.25],"rotation":{"angle":-22.5,"axis":"z","origin":[16.72383,5.32586,8]},"faces":{"north":{"uv":[7.55556,11.11111,8.22222,11.77778],"rotation":270,"texture":"#1"},"east":{"uv":[14.88889,13.11111,14.22222,12.88889],"rotation":90,"texture":"#1"},"south":{"uv":[8.88889,11.11111,9.55556,11.77778],"rotation":90,"texture":"#1"},"west":{"uv":[14,14.22222,13.33333,14.44444],"rotation":90,"texture":"#1"},"up":{"uv":[8.88889,14.22222,9.11111,14.88889],"rotation":90,"texture":"#1"},"down":{"uv":[14.22222,7.55556,14.44444,8.22222],"rotation":90,"texture":"#1"}}},{"from":[3.75,2.75,7.5],"to":[6.25,5.25,8.5],"rotation":{"angle":-45,"axis":"z","origin":[6,3,7.5]},"faces":{"north":{"uv":[5.11111,4.88889,4,6],"texture":"#1"},"east":{"uv":[0.44444,9.77778,0,10.88889],"texture":"#1"},"south":{"uv":[1.11111,5.33333,0,6.44444],"texture":"#1"},"west":{"uv":[9.77778,8.88889,9.33333,10],"texture":"#1"},"up":{"uv":[9.77778,3.55556,10.88889,3.11111],"texture":"#1"},"down":{"uv":[4,9.77778,5.11111,10.22222],"texture":"#1"}}},{"from":[3.25,3.75,7.25],"to":[3.75,5.25,8.75],"rotation":{"angle":-45,"axis":"z","origin":[6,3,7.5]},"faces":{"north":{"uv":[13.55556,12.88889,13.33333,13.55556],"texture":"#1"},"east":{"uv":[10.88889,9.77778,10.22222,10.44444],"texture":"#1"},"south":{"uv":[14,1.77778,13.77778,2.44444],"texture":"#1"},"west":{"uv":[10.88889,8.44444,10.22222,9.11111],"texture":"#1"},"up":{"uv":[13.77778,10,14,9.33333],"texture":"#1"},"down":{"uv":[9.77778,13.77778,10,14.44444],"texture":"#1"}}},{"from":[1,4.5,7.25],"to":[1.5,5.25,8.75],"rotation":{"angle":-45,"axis":"z","origin":[6,3,7.5]},"faces":{"north":{"uv":[12.66667,15.11111,12.44444,15.44444],"texture":"#1"},"east":{"uv":[13.11111,4,12.44444,4.33333],"texture":"#1"},"south":{"uv":[13.55556,15.11111,13.33333,15.44444],"texture":"#1"},"west":{"uv":[4.66667,12.44444,4,12.77778],"texture":"#1"},"up":{"uv":[0,14.88889,0.22222,14.22222],"texture":"#1"}}},{"from":[-1.5,3.75,7.25],"to":[-1,5.25,8.75],"rotation":{"angle":-45,"axis":"z","origin":[6,3,7.5]},"faces":{"north":{"uv":[10.88889,13.77778,10.66667,14.44444],"texture":"#1"},"east":{"uv":[1.55556,10.66667,0.88889,11.33333],"texture":"#1"},"south":{"uv":[14,10.66667,13.77778,11.33333],"texture":"#1"},"up":{"uv":[11.55556,14.44444,11.77778,13.77778],"texture":"#1"},"down":{"uv":[12.44444,13.77778,12.66667,14.44444],"texture":"#1"}}},{"from":[-1,3.75,7.25],"to":[3.25,4.5,8.75],"rotation":{"angle":-45,"axis":"z","origin":[6,3,7.5]},"faces":{"north":{"uv":[10.33333,1.33333,8.44444,1.66667],"texture":"#1"},"south":{"uv":[10.33333,2.22222,8.44444,2.55556],"texture":"#1"},"up":{"uv":[4,4.22222,5.88889,3.55556],"texture":"#1"},"down":{"uv":[4.44444,1.77778,6.33333,2.44444],"texture":"#1"}}},{"from":[-1,4.5,7.5],"to":[3.25,5,8.5],"rotation":{"angle":-45,"axis":"z","origin":[6,3,7.5]},"faces":{"north":{"uv":[13,2.22222,11.11111,2.44444],"texture":"#1"},"south":{"uv":[12.11111,11.11111,10.22222,11.33333],"texture":"#1"},"up":{"uv":[5.33333,1.33333,7.22222,0.88889],"texture":"#1"}}},{"from":[-1.5,3.25,7.5],"to":[3.75,3.75,8.5],"rotation":{"angle":-45,"axis":"z","origin":[6,3,7.5]},"faces":{"north":{"uv":[11.66667,5.77778,9.33333,6],"texture":"#1"},"south":{"uv":[11.66667,6.66667,9.33333,6.88889],"texture":"#1"},"down":{"uv":[5.33333,0,7.66667,0.44444],"texture":"#1"}}},{"from":[1.21102,10.48728,7.375],"to":[1.71102,11.98728,8.625],"rotation":{"angle":-22.5,"axis":"z","origin":[-0.41398,10.92478,8]},"faces":{"north":{"uv":[2,14.22222,1.77778,14.88889],"texture":"#1"},"south":{"uv":[2.88889,14.22222,2.66667,14.88889],"texture":"#1"},"west":{"uv":[3.22222,12,2.66667,12.66667],"texture":"#1"},"up":{"uv":[14.66667,10.77778,14.88889,10.22222],"texture":"#1"}}},{"from":[-2.03898,11.23728,7.625],"to":[1.21102,11.73728,8.375],"rotation":{"angle":-22.5,"axis":"z","origin":[-0.41398,10.92478,8]},"faces":{"north":{"uv":[13.44444,7.55556,12,7.77778],"texture":"#1"},"south":{"uv":[11.66667,12,10.22222,12.22222],"texture":"#1"},"up":{"uv":[7.11111,10.55556,8.55556,10.22222],"texture":"#1"}}},{"from":[-0.53898,11.23728,7.375],"to":[-0.03898,11.98728,8.625],"rotation":{"angle":-22.5,"axis":"z","origin":[-0.41398,10.92478,8]},"faces":{"north":{"uv":[1.11111,15.55556,0.88889,15.88889],"texture":"#1"},"east":{"uv":[13.88889,12,13.33333,12.33333],"texture":"#1"},"south":{"uv":[15.77778,0.88889,15.55556,1.22222],"texture":"#1"},"west":{"uv":[9,13.33333,8.44444,13.66667],"texture":"#1"},"up":{"uv":[14.66667,9.44444,14.88889,8.88889],"texture":"#1"}}},{"from":[-2.53898,10.48728,7.375],"to":[-2.03898,11.98728,8.625],"rotation":{"angle":-22.5,"axis":"z","origin":[-0.41398,10.92478,8]},"faces":{"north":{"uv":[14.44444,0,14.22222,0.66667],"texture":"#1"},"east":{"uv":[1.88889,12,1.33333,12.66667],"texture":"#1"},"south":{"uv":[1.11111,14.22222,0.88889,14.88889],"texture":"#1"},"west":{"uv":[0.55556,12,0,12.66667],"texture":"#1"},"up":{"uv":[14.66667,1.88889,14.88889,1.33333],"texture":"#1"},"down":{"uv":[14.66667,5.33333,14.88889,5.88889],"texture":"#1"}}},{"from":[-2.03898,10.48728,7.375],"to":[1.21102,11.23728,8.625],"rotation":{"angle":-22.5,"axis":"z","origin":[-0.41398,10.92478,8]},"faces":{"north":{"uv":[11.22222,7.55556,9.77778,7.88889],"texture":"#1"},"south":{"uv":[11.66667,0,10.22222,0.33333],"texture":"#1"},"up":{"uv":[5.77778,6.77778,7.22222,6.22222],"texture":"#1"},"down":{"uv":[1.77778,6.66667,3.22222,7.22222],"texture":"#1"}}},{"from":[-2.53898,9.98728,7.625],"to":[1.71102,10.48728,8.375],"rotation":{"angle":-22.5,"axis":"z","origin":[-0.41398,10.92478,8]},"faces":{"north":{"uv":[13.44444,3.11111,11.55556,3.33333],"texture":"#1"},"south":{"uv":[13.44444,8.44444,11.55556,8.66667],"texture":"#1"},"west":{"uv":[0.33333,15.55556,0,15.77778],"texture":"#1"},"down":{"uv":[5.33333,8.88889,7.22222,9.22222],"texture":"#1"}}},{"from":[4,3,7.25],"to":[6,5,8.75],"rotation":{"angle":-45,"axis":"z","origin":[6,3,7.5]},"faces":{"north":{"uv":[7.55556,3.11111,6.66667,4],"texture":"#1"},"east":{"uv":[8.66667,8.88889,8,9.77778],"texture":"#1"},"south":{"uv":[4.88889,6.66667,4,7.55556],"texture":"#1"},"west":{"uv":[0.66667,8.44444,0,9.33333],"texture":"#1"},"up":{"uv":[1.33333,10,2.22222,9.33333],"texture":"#1"},"down":{"uv":[2.66667,9.33333,3.55556,10],"texture":"#1"}}},{"from":[0.26139,8.55724,7],"to":[2.26139,10.55724,9],"rotation":{"angle":22.5,"axis":"z","origin":[0.76139,10.05724,8]},"faces":{"north":{"uv":[0.88889,7.11111,0,8],"texture":"#1"},"east":{"uv":[7.55556,7.55556,6.66667,8.44444],"texture":"#1"},"south":{"uv":[6.22222,7.55556,5.33333,8.44444],"texture":"#1"},"west":{"uv":[8,1.77778,7.11111,2.66667],"texture":"#1"},"up":{"uv":[1.33333,8.88889,2.22222,8],"texture":"#1"},"down":{"uv":[2.66667,8,3.55556,8.88889],"texture":"#1"}}},{"from":[0.51139,8.80724,6.75],"to":[2.01139,10.30724,9.25],"rotation":{"angle":22.5,"axis":"z","origin":[0.76139,10.05724,8]},"faces":{"north":{"uv":[2.88889,10.66667,2.22222,11.33333],"texture":"#1"},"east":{"uv":[9.11111,4.44444,8,5.11111],"texture":"#1"},"south":{"uv":[4.22222,10.66667,3.55556,11.33333],"texture":"#1"},"west":{"uv":[9.11111,3.11111,8,3.77778],"texture":"#1"},"up":{"uv":[4,9.11111,4.66667,8],"texture":"#1"},"down":{"uv":[8,5.77778,8.66667,6.88889],"texture":"#1"}}},{"from":[-4.95531,9.62688,7.5],"to":[-3.95531,10.62688,8.5],"rotation":{"angle":45,"axis":"z","origin":[-6.34883,12.07586,8]},"faces":{"north":{"uv":[12.88889,4.88889,12.44444,5.33333],"texture":"#1"},"east":{"uv":[6.66667,12.44444,6.22222,12.88889],"texture":"#1"},"south":{"uv":[12.88889,5.77778,12.44444,6.22222],"texture":"#1"},"west":{"uv":[5.77778,12.44444,5.33333,12.88889],"texture":"#1"},"up":{"uv":[12.44444,7.11111,12.88889,6.66667],"texture":"#1"},"down":{"uv":[7.11111,12.44444,7.55556,12.88889],"texture":"#1"}}},{"from":[-5.20531,9.37688,7.75],"to":[-3.70531,10.87688,8.25],"rotation":{"angle":45,"axis":"z","origin":[-6.34883,12.07586,8]},"faces":{"north":{"uv":[11.77778,0.88889,11.11111,1.55556],"texture":"#1"},"east":{"uv":[3.77778,14.22222,3.55556,14.88889],"texture":"#1"},"south":{"uv":[11.77778,4,11.11111,4.66667],"texture":"#1"},"west":{"uv":[14.44444,3.11111,14.22222,3.77778],"texture":"#1"},"up":{"uv":[4.44444,14.44444,5.11111,14.22222],"texture":"#1"},"down":{"uv":[14.22222,4.44444,14.88889,4.66667],"texture":"#1"}}},{"from":[-7.91762,11.18385,7.75],"to":[-6.91762,12.18385,8.25],"rotation":{"angle":-45,"axis":"z","origin":[-6.34883,12.07586,8]},"faces":{"north":{"uv":[8.44444,12.44444,8,12.88889],"texture":"#1"},"east":{"uv":[14.88889,13.77778,14.66667,14.22222],"texture":"#1"},"south":{"uv":[9.33333,12.44444,8.88889,12.88889],"texture":"#1"},"west":{"uv":[14.88889,11.55556,14.66667,12],"texture":"#1"},"up":{"uv":[14.66667,14.88889,15.11111,14.66667],"texture":"#1"},"down":{"uv":[15.11111,0,15.55556,0.22222],"texture":"#1"}}},{"from":[-7.63177,11.8473,7.7535],"to":[-3.63177,13.0973,8.2465],"rotation":{"angle":0,"axis":"z","origin":[-6.34883,12.07586,8]},"faces":{"north":{"uv":[3.55556,5.33333,1.77778,5.88889],"texture":"#1"},"south":{"uv":[7.55556,4.88889,5.77778,5.44444],"texture":"#1"},"up":{"uv":[11.55556,9.55556,13.33333,9.33333],"texture":"#1"},"down":{"uv":[11.55556,10.22222,13.33333,10.44444],"texture":"#1"}}},{"from":[-14.5,10.0973,7.985],"to":[-3.63177,13.0973,8.015],"rotation":{"angle":0,"axis":"z","origin":[-6.34883,12.07586,8]},"faces":{"north":{"uv":[4.77778,0,0,1.33333],"texture":"#1"},"south":{"uv":[0,0,4.77778,1.33333],"texture":"#1"}}},{"from":[-3.54002,8.95421,7.75],"to":[-2.04002,10.45421,8.25],"rotation":{"angle":-22.5,"axis":"z","origin":[-4.47383,8.07586,8]},"faces":{"north":{"uv":[4.88889,11.77778,5.55556,11.11111],"rotation":270,"texture":"#1"},"east":{"uv":[8.22222,14.44444,7.55556,14.22222],"rotation":90,"texture":"#1"},"south":{"uv":[6.22222,11.77778,6.88889,11.11111],"rotation":90,"texture":"#1"},"west":{"uv":[14.88889,6.66667,14.22222,6.88889],"rotation":90,"texture":"#1"},"up":{"uv":[6.66667,14.88889,6.88889,14.22222],"rotation":90,"texture":"#1"},"down":{"uv":[5.77778,14.88889,6,14.22222],"rotation":90,"texture":"#1"}}},{"from":[-3.29002,9.20421,7.5],"to":[-2.29002,10.20421,8.5],"rotation":{"angle":-22.5,"axis":"z","origin":[-4.47383,8.07586,8]},"faces":{"north":{"uv":[10.66667,13.33333,11.11111,12.88889],"rotation":270,"texture":"#1"},"east":{"uv":[1.33333,13.77778,0.88889,13.33333],"rotation":90,"texture":"#1"},"south":{"uv":[11.55556,13.33333,12,12.88889],"rotation":90,"texture":"#1"},"west":{"uv":[0.44444,13.33333,0,13.77778],"rotation":90,"texture":"#1"},"up":{"uv":[12.44444,13.33333,12.88889,12.88889],"rotation":90,"texture":"#1"},"down":{"uv":[12.88889,11.55556,13.33333,11.11111],"rotation":90,"texture":"#1"}}},{"from":[-5.13177,7.8473,7.7535],"to":[-2.13177,9.0973,8.2465],"rotation":{"angle":22.5,"axis":"z","origin":[-4.47383,8.07586,8]},"faces":{"north":{"uv":[9.33333,7.55556,8,8.11111],"texture":"#1"},"south":{"uv":[9.77778,0,8.44444,0.55556],"texture":"#1"},"up":{"uv":[12.44444,0.22222,13.77778,0],"texture":"#1"},"down":{"uv":[12.44444,0.88889,13.77778,1.11111],"texture":"#1"}}},{"from":[-5.60068,7.62579,7.75],"to":[-4.60068,8.62579,8.25],"rotation":{"angle":-22.5,"axis":"z","origin":[-4.47383,8.07586,8]},"faces":{"north":{"uv":[12.88889,12,12.44444,12.44444],"texture":"#1"},"east":{"uv":[15.33333,3.55556,15.11111,4],"texture":"#1"},"south":{"uv":[10.22222,12.88889,9.77778,13.33333],"texture":"#1"},"west":{"uv":[15.33333,2.66667,15.11111,3.11111],"texture":"#1"},"up":{"uv":[4.44444,15.33333,4.88889,15.11111],"texture":"#1"},"down":{"uv":[7.55556,15.11111,8,15.33333],"texture":"#1"}}},{"from":[-11.25,6.0973,7.985],"to":[-2.38177,9.0973,8.015],"rotation":{"angle":22.5,"axis":"z","origin":[-4.47383,8.07586,8]},"faces":{"north":{"uv":[3.88889,1.77778,0,3.11111],"texture":"#1"},"south":{"uv":[0,1.77778,3.88889,3.11111],"texture":"#1"}}},{"from":[-1.74528,-0.70031,7.985],"to":[1.25472,7.16792,8.015],"rotation":{"angle":-22.5,"axis":"z","origin":[-0.72383,5.32586,8]},"faces":{"north":{"uv":[0,4.88889,3.44444,3.55556],"rotation":270,"texture":"#1"},"south":{"uv":[3.44444,4.88889,0,3.55556],"rotation":90,"texture":"#1"}}},{"from":[-1.32035,5.40612,7.75],"to":[-0.32035,6.40612,8.25],"rotation":{"angle":22.5,"axis":"z","origin":[-0.72383,5.32586,8]},"faces":{"north":{"uv":[13.77778,6.66667,13.33333,7.11111],"texture":"#1"},"east":{"uv":[10,15.11111,9.77778,15.55556],"texture":"#1"},"south":{"uv":[8,13.33333,7.55556,13.77778],"texture":"#1"},"west":{"uv":[15.33333,7.55556,15.11111,8],"texture":"#1"},"up":{"uv":[10.66667,15.33333,11.11111,15.11111],"texture":"#1"},"down":{"uv":[11.55556,15.11111,12,15.33333],"texture":"#1"}}},{"from":[-1.74528,5.41792,7.7535],"to":[-0.49528,7.41792,8.2465],"rotation":{"angle":-22.5,"axis":"z","origin":[-0.72383,5.32586,8]},"faces":{"north":{"uv":[9.77778,4.55556,10.66667,4],"rotation":270,"texture":"#1"},"east":{"uv":[7.11111,13.55556,6.22222,13.33333],"rotation":90,"texture":"#1"},"south":{"uv":[5.77778,10.33333,6.66667,9.77778],"rotation":90,"texture":"#1"},"west":{"uv":[14.22222,5.77778,13.33333,6],"rotation":90,"texture":"#1"}}},{"from":[0.2832,6.27743,7.5],"to":[1.2832,7.27743,8.5],"rotation":{"angle":22.5,"axis":"z","origin":[-0.72383,5.32586,8]},"faces":{"north":{"uv":[1.77778,13.77778,2.22222,13.33333],"rotation":270,"texture":"#1"},"east":{"uv":[5.77778,13.77778,5.33333,13.33333],"rotation":90,"texture":"#1"},"south":{"uv":[3.55556,13.77778,4,13.33333],"rotation":90,"texture":"#1"},"west":{"uv":[13.77778,4.88889,13.33333,5.33333],"rotation":90,"texture":"#1"},"up":{"uv":[4.44444,13.77778,4.88889,13.33333],"rotation":90,"texture":"#1"},"down":{"uv":[2.66667,13.77778,3.11111,13.33333],"rotation":90,"texture":"#1"}}},{"from":[0.0332,6.02743,7.75],"to":[1.5332,7.52743,8.25],"rotation":{"angle":22.5,"axis":"z","origin":[-0.72383,5.32586,8]},"faces":{"north":{"uv":[7.55556,11.77778,8.22222,11.11111],"rotation":270,"texture":"#1"},"east":{"uv":[14,14.44444,13.33333,14.22222],"rotation":90,"texture":"#1"},"south":{"uv":[8.88889,11.77778,9.55556,11.11111],"rotation":90,"texture":"#1"},"west":{"uv":[14.88889,12.88889,14.22222,13.11111],"rotation":90,"texture":"#1"},"up":{"uv":[8.88889,14.88889,9.11111,14.22222],"rotation":90,"texture":"#1"},"down":{"uv":[14.22222,8.22222,14.44444,7.55556],"rotation":90,"texture":"#1"}}},{"from":[-10.40093,13.86701,7.985],"to":[-1.5327,16.86701,8.015],"rotation":{"angle":-22.5,"axis":"z","origin":[-3.62476,15.58668,8]},"faces":{"north":{"uv":[3.88889,1.77778,0,3.11111],"texture":"#1"},"south":{"uv":[0,1.77778,3.88889,3.11111],"texture":"#1"}}},{"from":[-3.89177,15.89658,7.75],"to":[-2.89177,16.89658,8.25],"rotation":{"angle":22.5,"axis":"z","origin":[-3.62476,15.58668,8]},"faces":{"north":{"uv":[12.44444,12.44444,12.88889,12],"rotation":90,"texture":"#1"},"east":{"uv":[4.88889,15.11111,4.44444,15.33333],"rotation":270,"texture":"#1"},"south":{"uv":[9.77778,13.33333,10.22222,12.88889],"rotation":270,"texture":"#1"},"west":{"uv":[8,15.33333,7.55556,15.11111],"rotation":270,"texture":"#1"},"up":{"uv":[15.11111,3.11111,15.33333,2.66667],"rotation":270,"texture":"#1"},"down":{"uv":[15.11111,4,15.33333,3.55556],"rotation":270,"texture":"#1"}}},{"from":[-4.2827,15.61701,7.7535],"to":[-1.2827,16.86701,8.2465],"rotation":{"angle":-22.5,"axis":"z","origin":[-3.62476,15.58668,8]},"faces":{"north":{"uv":[9.33333,7.55556,8,8.11111],"texture":"#1"},"south":{"uv":[9.77778,0,8.44444,0.55556],"texture":"#1"},"up":{"uv":[12.44444,0.22222,13.77778,0],"texture":"#1"},"down":{"uv":[12.44444,0.88889,13.77778,1.11111],"texture":"#1"}}},{"from":[-2.31335,13.58592,7.5],"to":[-1.31335,14.58592,8.5],"rotation":{"angle":22.5,"axis":"z","origin":[-3.62476,15.58668,8]},"faces":{"north":{"uv":[11.11111,12.88889,10.66667,13.33333],"texture":"#1"},"east":{"uv":[12.88889,12.88889,12.44444,13.33333],"texture":"#1"},"south":{"uv":[12,12.88889,11.55556,13.33333],"texture":"#1"},"west":{"uv":[13.33333,11.11111,12.88889,11.55556],"texture":"#1"},"up":{"uv":[0,13.77778,0.44444,13.33333],"texture":"#1"},"down":{"uv":[0.88889,13.33333,1.33333,13.77778],"texture":"#1"}}},{"from":[-2.56335,13.33592,7.75],"to":[-1.06335,14.83592,8.25],"rotation":{"angle":22.5,"axis":"z","origin":[-3.62476,15.58668,8]},"faces":{"north":{"uv":[5.55556,11.11111,4.88889,11.77778],"texture":"#1"},"east":{"uv":[6.88889,14.22222,6.66667,14.88889],"texture":"#1"},"south":{"uv":[6.88889,11.11111,6.22222,11.77778],"texture":"#1"},"west":{"uv":[6,14.22222,5.77778,14.88889],"texture":"#1"},"up":{"uv":[14.22222,6.88889,14.88889,6.66667],"texture":"#1"},"down":{"uv":[7.55556,14.22222,8.22222,14.44444],"texture":"#1"}}},{"from":[1.28978,10.99941,12.64611],"to":[1.78978,12.49941,14.14611],"rotation":{"angle":22.5,"axis":"x","origin":[1.53978,8.08376,12.75722]},"faces":{"north":{"uv":[8.22222,14.44444,7.55556,14.22222],"rotation":90,"texture":"#1"},"east":{"uv":[6.22222,11.77778,6.88889,11.11111],"rotation":90,"texture":"#1"},"south":{"uv":[14.88889,6.66667,14.22222,6.88889],"rotation":90,"texture":"#1"},"west":{"uv":[4.88889,11.77778,5.55556,11.11111],"rotation":270,"texture":"#1"},"up":{"uv":[6.88889,14.22222,6.66667,14.88889],"rotation":180,"texture":"#1"},"down":{"uv":[6,14.22222,5.77778,14.88889],"texture":"#1"}}},{"from":[1.03978,11.24941,12.89611],"to":[2.03978,12.24941,13.89611],"rotation":{"angle":22.5,"axis":"x","origin":[1.53978,8.08376,12.75722]},"faces":{"north":{"uv":[1.33333,13.77778,0.88889,13.33333],"rotation":90,"texture":"#1"},"east":{"uv":[11.55556,13.33333,12,12.88889],"rotation":90,"texture":"#1"},"south":{"uv":[0.44444,13.33333,0,13.77778],"rotation":90,"texture":"#1"},"west":{"uv":[10.66667,13.33333,11.11111,12.88889],"rotation":270,"texture":"#1"},"up":{"uv":[12.88889,12.88889,12.44444,13.33333],"rotation":180,"texture":"#1"},"down":{"uv":[13.33333,11.11111,12.88889,11.55556],"texture":"#1"}}},{"from":[1.29328,7.22401,15.61164],"to":[1.78628,10.22401,16.86164],"rotation":{"angle":-22.5,"axis":"x","origin":[1.53978,8.08376,12.75722]},"faces":{"north":{"uv":[13.77778,1.11111,12.44444,0.88889],"rotation":90,"texture":"#1"},"east":{"uv":[8.44444,0.55556,9.77778,0],"rotation":90,"texture":"#1"},"south":{"uv":[13.77778,0,12.44444,0.22222],"rotation":90,"texture":"#1"},"west":{"uv":[8,8.11111,9.33333,7.55556],"rotation":270,"texture":"#1"}}},{"from":[1.28978,9.67099,15.20676],"to":[1.78978,10.67099,16.20676],"rotation":{"angle":22.5,"axis":"x","origin":[1.53978,8.08376,12.75722]},"faces":{"north":{"uv":[15.33333,3.55556,15.11111,4],"texture":"#1"},"east":{"uv":[10.22222,12.88889,9.77778,13.33333],"texture":"#1"},"south":{"uv":[15.33333,2.66667,15.11111,3.11111],"texture":"#1"},"west":{"uv":[12.88889,12,12.44444,12.44444],"texture":"#1"},"up":{"uv":[4.88889,15.11111,4.44444,15.33333],"rotation":90,"texture":"#1"},"down":{"uv":[8,15.33333,7.55556,15.11111],"rotation":270,"texture":"#1"}}},{"from":[1.52478,1.10578,13.86164],"to":[1.55478,9.97401,16.86164],"rotation":{"angle":-22.5,"axis":"x","origin":[1.53978,8.08376,12.75722]},"faces":{"east":{"uv":[3.88889,3.11111,0,1.77778],"rotation":90,"texture":"#1"},"west":{"uv":[0,3.11111,3.88889,1.77778],"rotation":270,"texture":"#1"}}},{"from":[1.52478,-2.14719,10.2042],"to":[1.55478,8.72104,13.2042],"rotation":{"angle":0,"axis":"z","origin":[1.53978,7.58376,12.75722]},"faces":{"east":{"uv":[4.77778,1.33333,0,0],"rotation":90,"texture":"#1"},"west":{"uv":[0,1.33333,4.77778,0],"rotation":270,"texture":"#1"}}},{"from":[1.29328,4.72104,11.9542],"to":[1.78628,8.72104,13.2042],"rotation":{"angle":0,"axis":"z","origin":[1.53978,7.58376,12.75722]},"faces":{"north":{"uv":[13.33333,10.44444,11.55556,10.22222],"rotation":90,"texture":"#1"},"east":{"uv":[5.77778,5.44444,7.55556,4.88889],"rotation":90,"texture":"#1"},"south":{"uv":[13.33333,9.33333,11.55556,9.55556],"rotation":90,"texture":"#1"},"west":{"uv":[1.77778,5.88889,3.55556,5.33333],"rotation":270,"texture":"#1"}}},{"from":[1.28978,5.16846,14.03688],"to":[1.78978,6.16846,15.03688],"rotation":{"angle":45,"axis":"x","origin":[1.53978,7.58376,12.75722]},"faces":{"north":{"uv":[14.88889,13.77778,14.66667,14.22222],"texture":"#1"},"east":{"uv":[9.33333,12.44444,8.88889,12.88889],"texture":"#1"},"south":{"uv":[14.88889,11.55556,14.66667,12],"texture":"#1"},"west":{"uv":[8.44444,12.44444,8,12.88889],"texture":"#1"},"up":{"uv":[15.11111,14.66667,14.66667,14.88889],"rotation":90,"texture":"#1"},"down":{"uv":[15.55556,0.22222,15.11111,0],"rotation":270,"texture":"#1"}}},{"from":[1.28978,7.20399,10.76911],"to":[1.78978,8.70399,12.26911],"rotation":{"angle":45,"axis":"x","origin":[1.53978,7.58376,12.75722]},"faces":{"north":{"uv":[14.88889,4.66667,14.22222,4.44444],"rotation":90,"texture":"#1"},"east":{"uv":[11.11111,4.66667,11.77778,4],"rotation":90,"texture":"#1"},"south":{"uv":[5.11111,14.22222,4.44444,14.44444],"rotation":90,"texture":"#1"},"west":{"uv":[11.11111,1.55556,11.77778,0.88889],"rotation":270,"texture":"#1"},"up":{"uv":[3.77778,14.22222,3.55556,14.88889],"rotation":180,"texture":"#1"},"down":{"uv":[14.44444,3.11111,14.22222,3.77778],"texture":"#1"}}},{"from":[1.03978,7.45399,11.01911],"to":[2.03978,8.45399,12.01911],"rotation":{"angle":45,"axis":"x","origin":[1.53978,7.58376,12.75722]},"faces":{"north":{"uv":[7.55556,12.88889,7.11111,12.44444],"rotation":90,"texture":"#1"},"east":{"uv":[12.44444,6.22222,12.88889,5.77778],"rotation":90,"texture":"#1"},"south":{"uv":[12.88889,6.66667,12.44444,7.11111],"rotation":90,"texture":"#1"},"west":{"uv":[12.44444,5.33333,12.88889,4.88889],"rotation":270,"texture":"#1"},"up":{"uv":[6.66667,12.44444,6.22222,12.88889],"rotation":180,"texture":"#1"},"down":{"uv":[5.77778,12.44444,5.33333,12.88889],"texture":"#1"}}},{"from":[0.28978,7.48277,7.94942],"to":[2.78978,8.98277,9.44942],"rotation":{"angle":22.5,"axis":"x","origin":[1.53978,7.58376,12.75722]},"faces":{"north":{"uv":[9.11111,4.44444,8,5.11111],"texture":"#1"},"east":{"uv":[4.22222,10.66667,3.55556,11.33333],"texture":"#1"},"south":{"uv":[9.11111,3.11111,8,3.77778],"texture":"#1"},"west":{"uv":[2.88889,10.66667,2.22222,11.33333],"texture":"#1"},"up":{"uv":[4.66667,8,4,9.11111],"rotation":90,"texture":"#1"},"down":{"uv":[8.66667,6.88889,8,5.77778],"rotation":270,"texture":"#1"}}},{"from":[0.53978,7.23277,7.69942],"to":[2.53978,9.23277,9.69942],"rotation":{"angle":22.5,"axis":"x","origin":[1.53978,7.58376,12.75722]},"faces":{"north":{"uv":[7.55556,7.55556,6.66667,8.44444],"texture":"#1"},"east":{"uv":[6.22222,7.55556,5.33333,8.44444],"texture":"#1"},"south":{"uv":[8,1.77778,7.11111,2.66667],"texture":"#1"},"west":{"uv":[0.88889,7.11111,0,8],"texture":"#1"},"up":{"uv":[2.22222,8,1.33333,8.88889],"rotation":90,"texture":"#1"},"down":{"uv":[3.55556,8.88889,2.66667,8],"rotation":270,"texture":"#1"}}},{"from":[1.16478,10.32619,10.34684],"to":[1.91478,10.82619,14.59684],"rotation":{"angle":-22.5,"axis":"x","origin":[1.53978,7.58376,12.75722]},"faces":{"east":{"uv":[13.44444,8.44444,11.55556,8.66667],"texture":"#1"},"south":{"uv":[0.33333,15.55556,0,15.77778],"texture":"#1"},"west":{"uv":[13.44444,3.11111,11.55556,3.33333],"texture":"#1"},"down":{"uv":[7.22222,9.22222,5.33333,8.88889],"rotation":270,"texture":"#1"}}},{"from":[0.91478,10.82619,10.84684],"to":[2.16478,11.57619,14.09684],"rotation":{"angle":-22.5,"axis":"x","origin":[1.53978,7.58376,12.75722]},"faces":{"east":{"uv":[11.66667,0,10.22222,0.33333],"texture":"#1"},"west":{"uv":[11.22222,7.55556,9.77778,7.88889],"texture":"#1"},"up":{"uv":[7.22222,6.22222,5.77778,6.77778],"rotation":90,"texture":"#1"},"down":{"uv":[3.22222,7.22222,1.77778,6.66667],"rotation":270,"texture":"#1"}}},{"from":[0.91478,10.82619,14.09684],"to":[2.16478,12.32619,14.59684],"rotation":{"angle":-22.5,"axis":"x","origin":[1.53978,7.58376,12.75722]},"faces":{"north":{"uv":[1.88889,12,1.33333,12.66667],"texture":"#1"},"east":{"uv":[1.11111,14.22222,0.88889,14.88889],"texture":"#1"},"south":{"uv":[0.55556,12,0,12.66667],"texture":"#1"},"west":{"uv":[14.44444,0,14.22222,0.66667],"texture":"#1"},"up":{"uv":[14.88889,1.33333,14.66667,1.88889],"rotation":90,"texture":"#1"},"down":{"uv":[14.88889,5.88889,14.66667,5.33333],"rotation":270,"texture":"#1"}}},{"from":[0.91478,11.57619,12.09684],"to":[2.16478,12.32619,12.59684],"rotation":{"angle":-22.5,"axis":"x","origin":[1.53978,7.58376,12.75722]},"faces":{"north":{"uv":[13.88889,12,13.33333,12.33333],"texture":"#1"},"east":{"uv":[15.77778,0.88889,15.55556,1.22222],"texture":"#1"},"south":{"uv":[9,13.33333,8.44444,13.66667],"texture":"#1"},"west":{"uv":[1.11111,15.55556,0.88889,15.88889],"texture":"#1"},"up":{"uv":[14.88889,8.88889,14.66667,9.44444],"rotation":90,"texture":"#1"}}},{"from":[1.16478,11.57619,10.84684],"to":[1.91478,12.07619,14.09684],"rotation":{"angle":-22.5,"axis":"x","origin":[1.53978,7.58376,12.75722]},"faces":{"east":{"uv":[11.66667,12,10.22222,12.22222],"texture":"#1"},"west":{"uv":[13.44444,7.55556,12,7.77778],"texture":"#1"},"up":{"uv":[8.55556,10.22222,7.11111,10.55556],"rotation":90,"texture":"#1"}}},{"from":[0.91478,10.82619,10.34684],"to":[2.16478,12.32619,10.84684],"rotation":{"angle":-22.5,"axis":"x","origin":[1.53978,7.58376,12.75722]},"faces":{"east":{"uv":[2.88889,14.22222,2.66667,14.88889],"texture":"#1"},"south":{"uv":[3.22222,12,2.66667,12.66667],"texture":"#1"},"west":{"uv":[2,14.22222,1.77778,14.88889],"texture":"#1"},"up":{"uv":[14.88889,10.22222,14.66667,10.77778],"rotation":90,"texture":"#1"}}},{"from":[6,2.5,10.735],"to":[10,6.5,10.765],"rotation":{"angle":45,"axis":"z","origin":[8,4.5,11]},"faces":{"north":{"uv":[16,0,0,16],"texture":"#2"},"south":{"uv":[0,0,16,16],"texture":"#2"}}},{"from":[7,3.5,11.235],"to":[9,5.5,11.265],"rotation":{"angle":45,"axis":"z","origin":[8,4.5,11]},"faces":{"north":{"uv":[8,0,0,8],"texture":"#3"},"south":{"uv":[0,0,8,8],"texture":"#3"}}},{"from":[0.4,8.8,6.435],"to":[2.4,10.8,6.465],"rotation":{"angle":45,"axis":"z","origin":[1.4,9.8,6.45]},"faces":{"north":{"uv":[8,0,0,8],"texture":"#3"},"south":{"uv":[0,0,8,8],"texture":"#3"}}},{"from":[13.6,8.8,6.435],"to":[15.6,10.8,6.465],"rotation":{"angle":-45,"axis":"z","origin":[14.6,9.8,6.45]},"faces":{"north":{"uv":[0,0,8,8],"texture":"#3"},"south":{"uv":[8,0,0,8],"texture":"#3"}}}],"gui_light":"front","display":{"thirdperson_righthand":{"rotation":[-131.5,0,-180],"translation":[0,1.75,2.5],"scale":[0.6,0.6,0.6]},"thirdperson_lefthand":{"rotation":[68.25,0,0],"translation":[-5.5,-5.5,11.75]},"firstperson_righthand":{"rotation":[163.5,0,-180],"translation":[2.75,2,0],"scale":[0.5,0.5,0.5]},"firstperson_lefthand":{"scale":[0,0,0]},"ground":{"rotation":[-45,0,0],"translation":[0,3,0],"scale":[0.6,0.6,0.6]},"gui":{"rotation":[0,180,0],"translation":[0,-0.25,0],"scale":[0.45,0.45,0.45]},"head":{"translation":[0,-53.75,5.75],"scale":[2,2,2]},"fixed":{"rotation":[0,180,0],"translation":[0,6.25,-1.5],"scale":[2,2,2]}},"USER":"33672","NONCE":"250d30f3c9d7634129006a92dfa824a1","TIMESTAMP":"1740508157","RESOURCE":"12629","mcmodels":"250d30f3c9d7634129006a92dfa824a1"}