{"credit":"Made by PolygonMC","texture_size":[28,28],"textures":{"0":"discordnitroset:wings","1":"discordnitroset:animations/animations_nitro","particle":"discordnitroset:wings"},"elements":[{"from":[5.5,-11.5,7],"to":[10.5,-5.5,9],"rotation":{"angle":0,"axis":"y","origin":[-0.5,-12.5,0]},"faces":{"north":{"uv":[0,6.85714,2.85714,10.28571],"texture":"#0"},"east":{"uv":[5.71429,9.14286,6.85714,12.57143],"texture":"#0"},"south":{"uv":[2.85714,6.85714,5.71429,10.28571],"texture":"#0"},"west":{"uv":[6.85714,9.14286,8,12.57143],"texture":"#0"},"up":{"uv":[13.14286,7.42857,10.28571,6.28571],"texture":"#0"},"down":{"uv":[13.14286,7.42857,10.28571,8.57143],"texture":"#0"}}},{"from":[5.75,-12,7.25],"to":[10.25,-11.5,8.75],"rotation":{"angle":0,"axis":"y","origin":[-0.5,-13.5,0]},"faces":{"north":{"uv":[13.14286,2.28571,15.71429,2.57143],"texture":"#0"},"east":{"uv":[13.14286,12,14,12.28571],"texture":"#0"},"south":{"uv":[13.14286,2.85714,15.71429,3.14286],"texture":"#0"},"west":{"uv":[13.14286,12.57143,14,12.85714],"texture":"#0"},"down":{"uv":[14,0,11.42857,0.85714],"texture":"#0"}}},{"from":[6.5,-7.5,6.75],"to":[9.5,-3.5,10.75],"rotation":{"angle":0,"axis":"y","origin":[-0.5,-12.5,0]},"faces":{"north":{"uv":[9.71429,4,11.42857,6.28571],"texture":"#0"},"east":{"uv":[5.71429,6.85714,8,9.14286],"texture":"#0"},"south":{"uv":[0,10.28571,1.71429,12.57143],"texture":"#0"},"west":{"uv":[7.42857,4,9.71429,6.28571],"texture":"#0"},"up":{"uv":[3.42857,12.57143,1.71429,10.28571],"texture":"#0"},"down":{"uv":[5.14286,10.28571,3.42857,12.57143],"texture":"#0"}}},{"from":[7,-11,9],"to":[9,-7.5,10.25],"rotation":{"angle":0,"axis":"y","origin":[-0.5,-12.5,0]},"faces":{"east":{"uv":[10.85714,12,11.57143,14],"texture":"#0"},"south":{"uv":[8,10.85714,9.14286,12.85714],"texture":"#0"},"west":{"uv":[12,12,12.71429,14],"texture":"#0"},"down":{"uv":[3.42857,13.14286,2.28571,13.85714],"texture":"#0"}}},{"from":[4.75,-7.17899,8.34319],"to":[6.25,-5.67899,9.84319],"rotation":{"angle":-22.5,"axis":"x","origin":[5.5,-7.17899,11.15569]},"faces":{"north":{"uv":[3.42857,13.14286,4.28571,14],"texture":"#0"},"east":{"uv":[13.14286,3.42857,14,4.28571],"texture":"#0"},"west":{"uv":[13.14286,4.57143,14,5.42857],"texture":"#0"},"up":{"uv":[14,6.57143,13.14286,5.71429],"texture":"#0"},"down":{"uv":[7.14286,13.14286,6.28571,14],"texture":"#0"}}},{"from":[4.25,-7.67899,9.84319],"to":[6.75,-5.17899,12.34319],"rotation":{"angle":-22.5,"axis":"x","origin":[5.5,-7.17899,11.15569]},"faces":{"north":{"uv":[11.42857,1.14286,12.85714,2.57143],"texture":"#0"},"east":{"uv":[11.42857,2.85714,12.85714,4.28571],"texture":"#0"},"south":{"uv":[11.42857,4.57143,12.85714,6],"texture":"#0"},"west":{"uv":[12,8.57143,13.42857,10],"texture":"#0"},"up":{"uv":[10.57143,13.42857,9.14286,12],"texture":"#0"},"down":{"uv":[13.42857,10.28571,12,11.71429],"texture":"#0"}}},{"from":[4.5,-7.42899,12.34319],"to":[6.5,-5.42899,13.09319],"rotation":{"angle":-22.5,"axis":"x","origin":[5.5,-7.17899,11.15569]},"faces":{"east":{"uv":[4.57143,13.14286,5,14.28571],"texture":"#0"},"south":{"uv":[9.14286,10.85714,10.28571,12],"texture":"#0"},"west":{"uv":[13.14286,6.85714,13.57143,8],"texture":"#0"},"up":{"uv":[8.57143,13.57143,7.42857,13.14286],"texture":"#0"},"down":{"uv":[14.28571,8,13.14286,8.42857],"texture":"#0"}}},{"from":[4.75,-7.17899,13.09319],"to":[4.75,-5.67899,14.84319],"rotation":{"angle":-22.5,"axis":"x","origin":[5.5,-7.17899,11.15569]},"faces":{"east":{"uv":[14.14286,1.14286,13.14286,2],"texture":"#0"},"west":{"uv":[13.14286,1.14286,14.14286,2],"texture":"#0"}}},{"from":[5,-6.92899,13.09319],"to":[5,-5.92899,16.84319],"rotation":{"angle":-22.5,"axis":"x","origin":[5.5,-7.17899,11.15569]},"faces":{"east":{"uv":[0,0,1.98929,7.28571],"rotation":90,"texture":"#1"},"west":{"uv":[0,7.28571,1.98929,0],"rotation":90,"texture":"#1"}}},{"from":[5,-4.56608,12.32501],"to":[6,-4.56608,16.07501],"rotation":{"angle":-22.5,"axis":"x","origin":[5.5,-4.56608,14.20001]},"faces":{"up":{"uv":[0,7.28571,1.98929,0],"rotation":180,"texture":"#1"},"down":{"uv":[0,0,1.98929,7.28571],"rotation":180,"texture":"#1"}}},{"from":[5,-5.56608,12.32501],"to":[6,-5.56608,16.07501],"rotation":{"angle":-22.5,"axis":"x","origin":[5.5,-4.56608,14.20001]},"faces":{"up":{"uv":[0,7.28571,1.98929,0],"rotation":180,"texture":"#1"},"down":{"uv":[0,0,1.98929,7.28571],"rotation":180,"texture":"#1"}}},{"from":[6,-6.92899,13.09319],"to":[6,-5.92899,16.84319],"rotation":{"angle":-22.5,"axis":"x","origin":[5.5,-7.17899,11.15569]},"faces":{"east":{"uv":[0,0,1.98929,7.28571],"rotation":90,"texture":"#1"},"west":{"uv":[0,7.28571,1.98929,0],"rotation":90,"texture":"#1"}}},{"from":[4.75,-4.7178,12.30546],"to":[6.25,-4.7178,14.05546],"rotation":{"angle":-22.5,"axis":"x","origin":[5.5,-4.7178,13.18046]},"faces":{"up":{"uv":[13.14286,1.14286,14.14286,2],"rotation":90,"texture":"#0"},"down":{"uv":[14.14286,1.14286,13.14286,2],"rotation":90,"texture":"#0"}}},{"from":[4.75,-6.2178,12.30546],"to":[6.25,-6.2178,14.05546],"rotation":{"angle":-22.5,"axis":"x","origin":[5.5,-4.7178,13.18046]},"faces":{"up":{"uv":[13.14286,1.14286,14.14286,2],"rotation":90,"texture":"#0"},"down":{"uv":[14.14286,1.14286,13.14286,2],"rotation":90,"texture":"#0"}}},{"from":[6.25,-7.17899,13.09319],"to":[6.25,-5.67899,14.84319],"rotation":{"angle":-22.5,"axis":"x","origin":[5.5,-7.17899,11.15569]},"faces":{"east":{"uv":[14.14286,1.14286,13.14286,2],"texture":"#0"},"west":{"uv":[13.14286,1.14286,14.14286,2],"texture":"#0"}}},{"from":[4.5,-11.847,11.90866],"to":[6.5,-9.847,12.65866],"rotation":{"angle":22.5,"axis":"x","origin":[5.5,-10.67072,11.77293]},"faces":{"east":{"uv":[4.57143,13.14286,5,14.28571],"texture":"#0"},"south":{"uv":[9.14286,10.85714,10.28571,12],"texture":"#0"},"west":{"uv":[13.14286,6.85714,13.57143,8],"texture":"#0"},"up":{"uv":[8.57143,13.57143,7.42857,13.14286],"texture":"#0"},"down":{"uv":[14.28571,8,13.14286,8.42857],"texture":"#0"}}},{"from":[4.25,-12.097,9.40866],"to":[6.75,-9.597,11.90866],"rotation":{"angle":22.5,"axis":"x","origin":[5.5,-10.67072,11.77293]},"faces":{"north":{"uv":[11.42857,1.14286,12.85714,2.57143],"texture":"#0"},"east":{"uv":[11.42857,2.85714,12.85714,4.28571],"texture":"#0"},"south":{"uv":[11.42857,4.57143,12.85714,6],"texture":"#0"},"west":{"uv":[12,8.57143,13.42857,10],"texture":"#0"},"up":{"uv":[10.57143,13.42857,9.14286,12],"texture":"#0"},"down":{"uv":[13.42857,10.28571,12,11.71429],"texture":"#0"}}},{"from":[4.75,-11.597,7.90866],"to":[6.25,-10.097,9.40866],"rotation":{"angle":22.5,"axis":"x","origin":[5.5,-10.67072,11.77293]},"faces":{"north":{"uv":[3.42857,13.14286,4.28571,14],"texture":"#0"},"east":{"uv":[13.14286,3.42857,14,4.28571],"texture":"#0"},"west":{"uv":[13.14286,4.57143,14,5.42857],"texture":"#0"},"up":{"uv":[14,6.57143,13.14286,5.71429],"texture":"#0"},"down":{"uv":[7.14286,13.14286,6.28571,14],"texture":"#0"}}},{"from":[4.75,-11.597,12.65866],"to":[4.75,-10.097,14.40866],"rotation":{"angle":22.5,"axis":"x","origin":[5.5,-10.67072,11.77293]},"faces":{"east":{"uv":[14.14286,1.14286,13.14286,2],"texture":"#0"},"west":{"uv":[13.14286,1.14286,14.14286,2],"texture":"#0"}}},{"from":[6.25,-11.597,12.65866],"to":[6.25,-10.097,14.40866],"rotation":{"angle":22.5,"axis":"x","origin":[5.5,-10.67072,11.77293]},"faces":{"east":{"uv":[14.14286,1.14286,13.14286,2],"texture":"#0"},"west":{"uv":[13.14286,1.14286,14.14286,2],"texture":"#0"}}},{"from":[4.75,-10.098,12.65866],"to":[6.25,-10.098,14.40866],"rotation":{"angle":22.5,"axis":"x","origin":[5.5,-10.67072,11.77293]},"faces":{"up":{"uv":[13.14286,1.14286,14.14286,2],"rotation":90,"texture":"#0"},"down":{"uv":[14.14286,1.14286,13.14286,2],"rotation":90,"texture":"#0"}}},{"from":[4.75,-11.598,12.65866],"to":[6.25,-11.598,14.40866],"rotation":{"angle":22.5,"axis":"x","origin":[5.5,-10.67072,11.77293]},"faces":{"up":{"uv":[13.14286,1.14286,14.14286,2],"rotation":90,"texture":"#0"},"down":{"uv":[14.14286,1.14286,13.14286,2],"rotation":90,"texture":"#0"}}},{"from":[5,-11.347,12.65866],"to":[5,-10.347,16.40866],"rotation":{"angle":22.5,"axis":"x","origin":[5.5,-10.67072,11.77293]},"faces":{"east":{"uv":[0,0,1.98929,7.28571],"rotation":90,"texture":"#1"},"west":{"uv":[0,7.28571,1.98929,0],"rotation":90,"texture":"#1"}}},{"from":[6,-11.347,12.65866],"to":[6,-10.347,16.40866],"rotation":{"angle":22.5,"axis":"x","origin":[5.5,-10.67072,11.77293]},"faces":{"east":{"uv":[0,0,1.98929,7.28571],"rotation":90,"texture":"#1"},"west":{"uv":[0,7.28571,1.98929,0],"rotation":90,"texture":"#1"}}},{"from":[5,-10.348,12.65866],"to":[6,-10.348,16.40866],"rotation":{"angle":22.5,"axis":"x","origin":[5.5,-10.67072,11.77293]},"faces":{"up":{"uv":[0,7.28571,1.98929,0],"rotation":180,"texture":"#1"},"down":{"uv":[0,0,1.98929,7.28571],"rotation":180,"texture":"#1"}}},{"from":[5,-11.348,12.65866],"to":[6,-11.348,16.40866],"rotation":{"angle":22.5,"axis":"x","origin":[5.5,-10.67072,11.77293]},"faces":{"up":{"uv":[0,7.28571,1.98929,0],"rotation":180,"texture":"#1"},"down":{"uv":[0,0,1.98929,7.28571],"rotation":180,"texture":"#1"}}},{"from":[9.5,-7.42899,12.34319],"to":[11.5,-5.42899,13.09319],"rotation":{"angle":-22.5,"axis":"x","origin":[10.5,-7.17899,11.15569]},"faces":{"east":{"uv":[13.57143,6.85714,13.14286,8],"texture":"#0"},"south":{"uv":[10.28571,10.85714,9.14286,12],"texture":"#0"},"west":{"uv":[5,13.14286,4.57143,14.28571],"texture":"#0"},"up":{"uv":[7.42857,13.57143,8.57143,13.14286],"texture":"#0"},"down":{"uv":[13.14286,8,14.28571,8.42857],"texture":"#0"}}},{"from":[9.25,-7.67899,9.84319],"to":[11.75,-5.17899,12.34319],"rotation":{"angle":-22.5,"axis":"x","origin":[10.5,-7.17899,11.15569]},"faces":{"north":{"uv":[12.85714,1.14286,11.42857,2.57143],"texture":"#0"},"east":{"uv":[13.42857,8.57143,12,10],"texture":"#0"},"south":{"uv":[12.85714,4.57143,11.42857,6],"texture":"#0"},"west":{"uv":[12.85714,2.85714,11.42857,4.28571],"texture":"#0"},"up":{"uv":[9.14286,13.42857,10.57143,12],"texture":"#0"},"down":{"uv":[12,10.28571,13.42857,11.71429],"texture":"#0"}}},{"from":[9.75,-7.17899,8.34319],"to":[11.25,-5.67899,9.84319],"rotation":{"angle":-22.5,"axis":"x","origin":[10.5,-7.17899,11.15569]},"faces":{"north":{"uv":[4.28571,13.14286,3.42857,14],"texture":"#0"},"east":{"uv":[14,4.57143,13.14286,5.42857],"texture":"#0"},"west":{"uv":[14,3.42857,13.14286,4.28571],"texture":"#0"},"up":{"uv":[13.14286,6.57143,14,5.71429],"texture":"#0"},"down":{"uv":[6.28571,13.14286,7.14286,14],"texture":"#0"}}},{"from":[11.25,-7.17899,13.09319],"to":[11.25,-5.67899,14.84319],"rotation":{"angle":-22.5,"axis":"x","origin":[10.5,-7.17899,11.15569]},"faces":{"east":{"uv":[14.14286,1.14286,13.14286,2],"texture":"#0"},"west":{"uv":[13.14286,1.14286,14.14286,2],"texture":"#0"}}},{"from":[9.75,-7.17899,13.09319],"to":[9.75,-5.67899,14.84319],"rotation":{"angle":-22.5,"axis":"x","origin":[10.5,-7.17899,11.15569]},"faces":{"east":{"uv":[14.14286,1.14286,13.14286,2],"texture":"#0"},"west":{"uv":[13.14286,1.14286,14.14286,2],"texture":"#0"}}},{"from":[9.75,-4.7178,12.30546],"to":[11.25,-4.7178,14.05546],"rotation":{"angle":-22.5,"axis":"x","origin":[10.5,-4.7178,13.18046]},"faces":{"up":{"uv":[13.14286,2,14.14286,1.14286],"rotation":90,"texture":"#0"},"down":{"uv":[14.14286,2,13.14286,1.14286],"rotation":90,"texture":"#0"}}},{"from":[9.75,-6.2178,12.30546],"to":[11.25,-6.2178,14.05546],"rotation":{"angle":-22.5,"axis":"x","origin":[10.5,-4.7178,13.18046]},"faces":{"up":{"uv":[13.14286,2,14.14286,1.14286],"rotation":90,"texture":"#0"},"down":{"uv":[14.14286,2,13.14286,1.14286],"rotation":90,"texture":"#0"}}},{"from":[11,-6.92899,13.09319],"to":[11,-5.92899,16.84319],"rotation":{"angle":-22.5,"axis":"x","origin":[10.5,-7.17899,11.15569]},"faces":{"east":{"uv":[0,0,1.98929,7.28571],"rotation":90,"texture":"#1"},"west":{"uv":[0,7.28571,1.98929,0],"rotation":90,"texture":"#1"}}},{"from":[10,-6.92899,13.09319],"to":[10,-5.92899,16.84319],"rotation":{"angle":-22.5,"axis":"x","origin":[10.5,-7.17899,11.15569]},"faces":{"east":{"uv":[0,0,1.98929,7.28571],"rotation":90,"texture":"#1"},"west":{"uv":[0,7.28571,1.98929,0],"rotation":90,"texture":"#1"}}},{"from":[10,-4.56608,12.32501],"to":[11,-4.56608,16.07501],"rotation":{"angle":-22.5,"axis":"x","origin":[10.5,-4.56608,14.20001]},"faces":{"up":{"uv":[1.98929,7.28571,0,0],"rotation":180,"texture":"#1"},"down":{"uv":[1.98929,0,0,7.28571],"rotation":180,"texture":"#1"}}},{"from":[10,-5.56608,12.32501],"to":[11,-5.56608,16.07501],"rotation":{"angle":-22.5,"axis":"x","origin":[10.5,-4.56608,14.20001]},"faces":{"up":{"uv":[1.98929,7.28571,0,0],"rotation":180,"texture":"#1"},"down":{"uv":[1.98929,0,0,7.28571],"rotation":180,"texture":"#1"}}},{"from":[10,-11.348,12.65866],"to":[11,-11.348,16.40866],"rotation":{"angle":22.5,"axis":"x","origin":[10.5,-10.67072,11.77293]},"faces":{"up":{"uv":[1.98929,7.28571,0,0],"rotation":180,"texture":"#1"},"down":{"uv":[1.98929,0,0,7.28571],"rotation":180,"texture":"#1"}}},{"from":[10,-10.348,12.65866],"to":[11,-10.348,16.40866],"rotation":{"angle":22.5,"axis":"x","origin":[10.5,-10.67072,11.77293]},"faces":{"up":{"uv":[1.98929,7.28571,0,0],"rotation":180,"texture":"#1"},"down":{"uv":[1.98929,0,0,7.28571],"rotation":180,"texture":"#1"}}},{"from":[10,-11.347,12.65866],"to":[10,-10.347,16.40866],"rotation":{"angle":22.5,"axis":"x","origin":[10.5,-10.67072,11.77293]},"faces":{"east":{"uv":[0,0,1.98929,7.28571],"rotation":90,"texture":"#1"},"west":{"uv":[0,7.28571,1.98929,0],"rotation":90,"texture":"#1"}}},{"from":[11,-11.347,12.65866],"to":[11,-10.347,16.40866],"rotation":{"angle":22.5,"axis":"x","origin":[10.5,-10.67072,11.77293]},"faces":{"east":{"uv":[0,0,1.98929,7.28571],"rotation":90,"texture":"#1"},"west":{"uv":[0,7.28571,1.98929,0],"rotation":90,"texture":"#1"}}},{"from":[9.75,-11.598,12.65866],"to":[11.25,-11.598,14.40866],"rotation":{"angle":22.5,"axis":"x","origin":[10.5,-10.67072,11.77293]},"faces":{"up":{"uv":[13.14286,2,14.14286,1.14286],"rotation":90,"texture":"#0"},"down":{"uv":[14.14286,2,13.14286,1.14286],"rotation":90,"texture":"#0"}}},{"from":[9.75,-10.098,12.65866],"to":[11.25,-10.098,14.40866],"rotation":{"angle":22.5,"axis":"x","origin":[10.5,-10.67072,11.77293]},"faces":{"up":{"uv":[13.14286,2,14.14286,1.14286],"rotation":90,"texture":"#0"},"down":{"uv":[14.14286,2,13.14286,1.14286],"rotation":90,"texture":"#0"}}},{"from":[9.75,-11.597,12.65866],"to":[9.75,-10.097,14.40866],"rotation":{"angle":22.5,"axis":"x","origin":[10.5,-10.67072,11.77293]},"faces":{"east":{"uv":[14.14286,1.14286,13.14286,2],"texture":"#0"},"west":{"uv":[13.14286,1.14286,14.14286,2],"texture":"#0"}}},{"from":[11.25,-11.597,12.65866],"to":[11.25,-10.097,14.40866],"rotation":{"angle":22.5,"axis":"x","origin":[10.5,-10.67072,11.77293]},"faces":{"east":{"uv":[14.14286,1.14286,13.14286,2],"texture":"#0"},"west":{"uv":[13.14286,1.14286,14.14286,2],"texture":"#0"}}},{"from":[9.75,-11.597,7.90866],"to":[11.25,-10.097,9.40866],"rotation":{"angle":22.5,"axis":"x","origin":[10.5,-10.67072,11.77293]},"faces":{"north":{"uv":[4.28571,13.14286,3.42857,14],"texture":"#0"},"east":{"uv":[14,4.57143,13.14286,5.42857],"texture":"#0"},"west":{"uv":[14,3.42857,13.14286,4.28571],"texture":"#0"},"up":{"uv":[13.14286,6.57143,14,5.71429],"texture":"#0"},"down":{"uv":[6.28571,13.14286,7.14286,14],"texture":"#0"}}},{"from":[9.25,-12.097,9.40866],"to":[11.75,-9.597,11.90866],"rotation":{"angle":22.5,"axis":"x","origin":[10.5,-10.67072,11.77293]},"faces":{"north":{"uv":[12.85714,1.14286,11.42857,2.57143],"texture":"#0"},"east":{"uv":[13.42857,8.57143,12,10],"texture":"#0"},"south":{"uv":[12.85714,4.57143,11.42857,6],"texture":"#0"},"west":{"uv":[12.85714,2.85714,11.42857,4.28571],"texture":"#0"},"up":{"uv":[9.14286,13.42857,10.57143,12],"texture":"#0"},"down":{"uv":[12,10.28571,13.42857,11.71429],"texture":"#0"}}},{"from":[9.5,-11.847,11.90866],"to":[11.5,-9.847,12.65866],"rotation":{"angle":22.5,"axis":"x","origin":[10.5,-10.67072,11.77293]},"faces":{"east":{"uv":[13.57143,6.85714,13.14286,8],"texture":"#0"},"south":{"uv":[10.28571,10.85714,9.14286,12],"texture":"#0"},"west":{"uv":[5,13.14286,4.57143,14.28571],"texture":"#0"},"up":{"uv":[7.42857,13.57143,8.57143,13.14286],"texture":"#0"},"down":{"uv":[13.14286,8,14.28571,8.42857],"texture":"#0"}}},{"from":[10.25,-8,7.5],"to":[14.25,-4,8.5],"rotation":{"angle":22.5,"axis":"z","origin":[10.25,-8,7.5]},"faces":{"north":{"uv":[8,6.28571,10.28571,8.57143],"texture":"#0"},"east":{"uv":[5.14286,10.28571,5.71429,12.57143],"texture":"#0"},"south":{"uv":[8,8.57143,10.28571,10.85714],"texture":"#0"},"west":{"uv":[0,12.57143,0.57143,14.85714],"texture":"#0"},"up":{"uv":[2.85714,13.14286,0.57143,12.57143],"texture":"#0"},"down":{"uv":[5.14286,12.57143,2.85714,13.14286],"texture":"#0"}}},{"from":[10.68015,-8.12151,7.975],"to":[30.68015,-1.12151,8.025],"rotation":{"angle":22.5,"axis":"z","origin":[13.18015,-4.62151,7.975]},"faces":{"north":{"uv":[0,0,11.42857,4],"texture":"#0"},"south":{"uv":[11.42857,0,0,4],"texture":"#0"}}},{"from":[9.2388,-12.91637,7.5],"to":[12.2388,-9.91637,8.5],"rotation":{"angle":-22.5,"axis":"z","origin":[10.7388,-11.41637,8]},"faces":{"north":{"uv":[10.28571,8.57143,12,10.28571],"texture":"#0"},"east":{"uv":[5.14286,12.57143,5.71429,14.28571],"texture":"#0"},"south":{"uv":[10.28571,10.28571,12,12],"texture":"#0"},"west":{"uv":[5.71429,12.57143,6.28571,14.28571],"texture":"#0"},"up":{"uv":[8,13.14286,6.28571,12.57143],"texture":"#0"},"down":{"uv":[2.28571,13.14286,0.57143,13.71429],"texture":"#0"}}},{"from":[10.7388,-15.66637,7.975],"to":[23.7388,-10.66637,8.025],"rotation":{"angle":-22.5,"axis":"z","origin":[15.2388,-12.66637,7.975]},"faces":{"north":{"uv":[0,4,7.42857,6.85714],"texture":"#0"},"south":{"uv":[7.42857,4,0,6.85714],"texture":"#0"}}},{"from":[-7.7388,-15.66637,7.975],"to":[5.2612,-10.66637,8.025],"rotation":{"angle":22.5,"axis":"z","origin":[0.7612,-12.66637,7.975]},"faces":{"north":{"uv":[7.42857,4,0,6.85714],"texture":"#0"},"south":{"uv":[0,4,7.42857,6.85714],"texture":"#0"}}},{"from":[1.75,-8,7.5],"to":[5.75,-4,8.5],"rotation":{"angle":-22.5,"axis":"z","origin":[5.75,-8,7.5]},"faces":{"north":{"uv":[10.28571,6.28571,8,8.57143],"texture":"#0"},"east":{"uv":[0.57143,12.57143,0,14.85714],"texture":"#0"},"south":{"uv":[10.28571,8.57143,8,10.85714],"texture":"#0"},"west":{"uv":[5.71429,10.28571,5.14286,12.57143],"texture":"#0"},"up":{"uv":[0.57143,13.14286,2.85714,12.57143],"texture":"#0"},"down":{"uv":[2.85714,12.57143,5.14286,13.14286],"texture":"#0"}}},{"from":[-14.68015,-8.12151,7.975],"to":[5.31985,-1.12151,8.025],"rotation":{"angle":-22.5,"axis":"z","origin":[2.81985,-4.62151,7.975]},"faces":{"north":{"uv":[11.42857,0,0,4],"texture":"#0"},"south":{"uv":[0,0,11.42857,4],"texture":"#0"}}},{"from":[3.7612,-12.91637,7.5],"to":[6.7612,-9.91637,8.5],"rotation":{"angle":22.5,"axis":"z","origin":[5.2612,-11.41637,8]},"faces":{"north":{"uv":[12,8.57143,10.28571,10.28571],"texture":"#0"},"east":{"uv":[6.28571,12.57143,5.71429,14.28571],"texture":"#0"},"south":{"uv":[12,10.28571,10.28571,12],"texture":"#0"},"west":{"uv":[5.71429,12.57143,5.14286,14.28571],"texture":"#0"},"up":{"uv":[6.28571,13.14286,8,12.57143],"texture":"#0"},"down":{"uv":[0.57143,13.14286,2.28571,13.71429],"texture":"#0"}}}],"gui_light":"front","display":{"thirdperson_righthand":{"rotation":[-130.75,0,-180],"translation":[0,0,-0.5],"scale":[0.43945,0.43945,0.43945]},"thirdperson_lefthand":{"rotation":[67.25,0,0],"translation":[-5.5,-8.25,6.25],"scale":[1.2793,1.2793,1.2793]},"firstperson_righthand":{"rotation":[154.25,0,180],"translation":[0,1.5,1.25],"scale":[0.53711,0.53711,0.53711]},"firstperson_lefthand":{"scale":[0,0,0]},"ground":{"rotation":[-45,0,0],"translation":[0,8.5,0]},"gui":{"rotation":[0,180,0],"translation":[0,6.5,0],"scale":[0.44141,0.44141,0.44141]},"head":{"translation":[0,-80,7],"scale":[2.17578,2.17578,2.17578]},"fixed":{"rotation":[0,180,0],"translation":[0,-2.5,-3],"scale":[2.28711,2.28711,2.28711]}},"mcmodels":"c860136efebab09cf3794959caf4cf51"}