{
	"credit": "Made with Blockbench",
	"ambientocclusion": false,
	"textures": {
		"0": "leonemc:item/model/wumpus/wumpus",
		"1": "leonemc:item/model/wumpus/arm",
		"2": "leonemc:item/model/wumpus/blick",
		"particle": "leonemc:item/model/wumpus/arm"
	},
	"elements": [
		{
			"from": [2.75, 10, 3.75],
			"to": [13.25, 18, 10.75],
			"rotation": {"angle": -22.5, "axis": "z", "origin": [7.71339, 9.9, 5]},
			"faces": {
				"north": {"uv": [0, 0, 2.75, 2], "texture": "#0"},
				"east": {"uv": [2.75, 6, 4.5, 8], "texture": "#0"},
				"south": {"uv": [0, 2.25, 2.75, 4.25], "texture": "#0"},
				"west": {"uv": [4.75, 6, 6.5, 8], "texture": "#0"},
				"up": {"uv": [5.75, 1.75, 3, 0], "texture": "#0"},
				"down": {"uv": [5.75, 2, 3, 3.75], "texture": "#0"}
			}
		},
		{
			"from": [2.75, 10, 3.7],
			"to": [13.25, 18, 3.7],
			"rotation": {"angle": -22.5, "axis": "z", "origin": [7.71339, 9.9, 5]},
			"faces": {
				"north": {"uv": [0, 0, 11, 8], "texture": "#2"},
				"east": {"uv": [0, 0, 0, 8], "texture": "#2"},
				"south": {"uv": [0, 0, 11, 8], "texture": "#2"},
				"west": {"uv": [0, 0, 0, 8], "texture": "#2"},
				"up": {"uv": [11, 0, 0, 0], "texture": "#2"},
				"down": {"uv": [11, 0, 0, 0], "texture": "#2"}
			}
		},
		{
			"from": [5.5, 11, 1.75],
			"to": [10.5, 14, 3.75],
			"rotation": {"angle": -22.5, "axis": "z", "origin": [7.71339, 9.9, 5]},
			"faces": {
				"north": {"uv": [8.25, 6.5, 9.5, 7.25], "texture": "#0"},
				"east": {"uv": [7.75, 10, 8.25, 10.75], "texture": "#0"},
				"south": {"uv": [8.5, 0, 9.75, 0.75], "texture": "#0"},
				"west": {"uv": [2, 10.25, 2.5, 11], "texture": "#0"},
				"up": {"uv": [10.5, 3.5, 9.25, 3], "texture": "#0"},
				"down": {"uv": [10.5, 3.75, 9.25, 4.25], "texture": "#0"}
			}
		},
		{
			"from": [2.6, 18.3, 3.75],
			"to": [12.6, 18.3, 10.75],
			"rotation": {"angle": -22.5, "axis": "z", "origin": [7.71339, 9.9, 5]},
			"faces": {
				"north": {"uv": [10.5, 8, 13, 8], "texture": "#0"},
				"east": {"uv": [10.5, 8.25, 12.25, 8.25], "texture": "#0"},
				"south": {"uv": [8.5, 10.5, 11, 10.5], "texture": "#0"},
				"west": {"uv": [10.5, 8.5, 12.25, 8.5], "texture": "#0"},
				"up": {"uv": [5.5, 5.75, 3, 4], "texture": "#0"},
				"down": {"uv": [2.5, 4.5, 0, 6.25], "texture": "#0"}
			}
		},
		{
			"from": [13.25, 11, 6.75],
			"to": [16.25, 16, 7.75],
			"rotation": {"angle": -22.5, "axis": "z", "origin": [7.71339, 9.9, 5]},
			"faces": {
				"north": {"uv": [3.5, 8.25, 4.25, 9.5], "texture": "#0"},
				"east": {"uv": [6.25, 8.25, 6.5, 9.5], "texture": "#0"},
				"south": {"uv": [8.25, 3.5, 9, 4.75], "texture": "#0"},
				"west": {"uv": [2.75, 10.25, 3, 11.5], "texture": "#0"},
				"up": {"uv": [6.75, 3.75, 6, 3.5], "texture": "#0"},
				"down": {"uv": [7.75, 3.5, 7, 3.75], "texture": "#0"}
			}
		},
		{
			"from": [-0.25, 11, 6.75],
			"to": [2.75, 16, 7.75],
			"rotation": {"angle": -22.5, "axis": "z", "origin": [7.71339, 9.9, 5]},
			"faces": {
				"north": {"uv": [4.5, 8.25, 5.25, 9.5], "texture": "#0"},
				"east": {"uv": [10.25, 4.5, 10.5, 5.75], "texture": "#0"},
				"south": {"uv": [8.25, 5, 9, 6.25], "texture": "#0"},
				"west": {"uv": [5.5, 10.25, 5.75, 11.5], "texture": "#0"},
				"up": {"uv": [11, 6.25, 10.25, 6], "texture": "#0"},
				"down": {"uv": [11.25, 7.5, 10.5, 7.75], "texture": "#0"}
			}
		},
		{
			"from": [4.5, 0, 5.75],
			"to": [7.5, 3, 8.75],
			"rotation": {"angle": -22.5, "axis": "z", "origin": [7.71339, 9.9, 5]},
			"faces": {
				"north": {"uv": [9.25, 4.5, 10, 5.25], "texture": "#0"},
				"east": {"uv": [9.25, 5.5, 10, 6.25], "texture": "#0"},
				"south": {"uv": [9.5, 7.5, 10.25, 8.25], "texture": "#0"},
				"west": {"uv": [9.5, 8.5, 10.25, 9.25], "texture": "#0"},
				"up": {"uv": [9.5, 10.25, 8.75, 9.5], "texture": "#0"},
				"down": {"uv": [4.25, 9.75, 3.5, 10.5], "texture": "#0"}
			}
		},
		{
			"from": [6.8614, -0.23564, 5.75],
			"to": [9.8614, 2.76436, 8.75],
			"rotation": {"angle": 0, "axis": "z", "origin": [6.6114, 1.26436, 7.25]},
			"faces": {
				"north": {"uv": [4.5, 9.75, 5.25, 10.5], "texture": "#0"},
				"east": {"uv": [9.75, 6.5, 10.5, 7.25], "texture": "#0"},
				"south": {"uv": [9.75, 9.5, 10.5, 10.25], "texture": "#0"},
				"west": {"uv": [0, 10, 0.75, 10.75], "texture": "#0"},
				"up": {"uv": [10.75, 0.75, 10, 0], "texture": "#0"},
				"down": {"uv": [1.75, 10, 1, 10.75], "texture": "#0"}
			}
		},
		{
			"from": [-1.97555, 11.4197, 5.75],
			"to": [5.02445, 13.4197, 8.75],
			"rotation": {"angle": 22.5, "axis": "z", "origin": [7.71339, 9.9, 5]},
			"faces": {
				"north": {"uv": [3, 0, 4, 3.5], "rotation": 270, "texture": "#1"},
				"east": {"uv": [5, 3, 4, 1.5], "rotation": 90, "texture": "#1"},
				"south": {"uv": [3, 3.5, 4, 0], "rotation": 90, "texture": "#1"},
				"west": {"uv": [5, 0, 4, 1.5], "rotation": 90, "texture": "#1"},
				"up": {"uv": [1.5, 0, 3, 3.5], "rotation": 90, "texture": "#1"},
				"down": {"uv": [0, 0, 1.5, 3.5], "rotation": 90, "texture": "#1"}
			}
		},
		{
			"from": [-2.69705, 10.00754, 5.75],
			"to": [4.30295, 12.00754, 8.75],
			"rotation": {"angle": 0, "axis": "z", "origin": [7.71339, 9.9, 5]},
			"faces": {
				"north": {"uv": [8.5, 0, 9.5, 3.5], "rotation": 270, "texture": "#1"},
				"east": {"uv": [10.5, 3, 9.5, 1.5], "rotation": 90, "texture": "#1"},
				"south": {"uv": [8.5, 3.5, 9.5, 0], "rotation": 90, "texture": "#1"},
				"west": {"uv": [10.5, 0, 9.5, 1.5], "rotation": 90, "texture": "#1"},
				"up": {"uv": [7, 0, 8.5, 3.5], "rotation": 90, "texture": "#1"},
				"down": {"uv": [5.5, 0, 7, 3.5], "rotation": 90, "texture": "#1"}
			}
		},
		{
			"from": [-2.82322, 8.42678, 5.75],
			"to": [4.17678, 10.42678, 8.75],
			"rotation": {"angle": -22.5, "axis": "z", "origin": [7.71339, 9.9, 5]},
			"faces": {
				"north": {"uv": [3, 4, 4, 7.5], "rotation": 270, "texture": "#1"},
				"east": {"uv": [5, 7, 4, 5.5], "rotation": 90, "texture": "#1"},
				"south": {"uv": [3, 7.5, 4, 4], "rotation": 90, "texture": "#1"},
				"west": {"uv": [5, 4, 4, 5.5], "rotation": 90, "texture": "#1"},
				"up": {"uv": [1.5, 4, 3, 7.5], "rotation": 90, "texture": "#1"},
				"down": {"uv": [0, 4, 1.5, 7.5], "rotation": 90, "texture": "#1"}
			}
		},
		{
			"from": [-2.33486, 6.91805, 5.75],
			"to": [4.66514, 8.91805, 8.75],
			"rotation": {"angle": -45, "axis": "z", "origin": [7.71339, 9.9, 5]},
			"faces": {
				"north": {"uv": [8.5, 4, 9.5, 7.5], "rotation": 270, "texture": "#1"},
				"east": {"uv": [10.5, 7, 9.5, 5.5], "rotation": 90, "texture": "#1"},
				"south": {"uv": [8.5, 7.5, 9.5, 4], "rotation": 90, "texture": "#1"},
				"west": {"uv": [10.5, 4, 9.5, 5.5], "rotation": 90, "texture": "#1"},
				"up": {"uv": [7, 4, 8.5, 7.5], "rotation": 90, "texture": "#1"},
				"down": {"uv": [5.5, 4, 7, 7.5], "rotation": 90, "texture": "#1"}
			}
		},
		{
			"from": [3.52445, 11.9197, 5.75],
			"to": [5.52445, 18.9197, 8.75],
			"rotation": {"angle": 22.5, "axis": "z", "origin": [7.71339, 9.9, 5]},
			"faces": {
				"north": {"uv": [3, 7.5, 4, 11], "rotation": 180, "texture": "#1"},
				"east": {"uv": [1.5, 7.5, 3, 11], "rotation": 180, "texture": "#1"},
				"south": {"uv": [3, 11, 4, 7.5], "rotation": 180, "texture": "#1"},
				"west": {"uv": [0, 7.5, 1.5, 11], "rotation": 180, "texture": "#1"},
				"up": {"uv": [5, 7.5, 4, 9], "rotation": 180, "texture": "#1"},
				"down": {"uv": [5, 10.5, 4, 9], "rotation": 180, "texture": "#1"}
			}
		},
		{
			"from": [11.03807, 1.57226, 5.75],
			"to": [13.03807, 8.57226, 8.75],
			"rotation": {"angle": 0, "axis": "z", "origin": [14.21339, 7.4, 5]},
			"faces": {
				"north": {"uv": [5.5, 8.25, 6, 10], "texture": "#0"},
				"east": {"uv": [1.5, 8, 2.25, 9.75], "texture": "#0"},
				"south": {"uv": [8.5, 1, 9, 2.75], "texture": "#0"},
				"west": {"uv": [6.75, 8, 7.5, 9.75], "texture": "#0"},
				"up": {"uv": [10.5, 1.75, 10, 1], "texture": "#0"},
				"down": {"uv": [10.5, 2, 10, 2.75], "texture": "#0"}
			}
		},
		{
			"name": "body",
			"from": [3.5, 3, 4.75],
			"to": [12.5, 10, 9.75],
			"rotation": {"angle": -22.5, "axis": "z", "origin": [7.71339, 9.9, 5]},
			"faces": {
				"north": {"uv": [5.75, 4, 8, 5.75], "texture": "#0"},
				"east": {"uv": [6.75, 6, 8, 7.75], "texture": "#0"},
				"south": {"uv": [6, 0, 8.25, 1.75], "texture": "#0"},
				"west": {"uv": [0, 8, 1.25, 9.75], "texture": "#0"},
				"up": {"uv": [8.25, 3.25, 6, 2], "texture": "#0"},
				"down": {"uv": [2.25, 6.5, 0, 7.75], "texture": "#0"}
			}
		}
	],
	"display": {
		"thirdperson_righthand": {
			"rotation": [75, 45, 0],
			"translation": [0, 2.5, 0],
			"scale": [0.375, 0.375, 0.375]
		},
		"thirdperson_lefthand": {
			"rotation": [75, 45, 0],
			"translation": [0, 2.5, 0],
			"scale": [0.375, 0.375, 0.375]
		},
		"head": {
			"translation": [0, -26.75, 0],
			"scale": [3, 3, 3]
		}
	},
	"groups": [
		{
			"name": "body",
			"origin": [0, 6, 0],
			"color": 0,
			"children": [
				{
					"name": "h_head",
					"origin": [0, 10.5, 0],
					"color": 0,
					"children": [
						0,
						1,
						{
							"name": "nose",
							"origin": [0, 12.5, -4],
							"color": 0,
							"children": [2]
						},
						{
							"name": "top",
							"origin": [4, 18, 0],
							"color": 0,
							"children": [3]
						},
						{
							"name": "right_ear",
							"origin": [5.5, 13.5, 0],
							"color": 0,
							"children": [4]
						},
						{
							"name": "left_ear",
							"origin": [-5.5, 13.5, 0],
							"color": 0,
							"children": [5]
						}
					]
				},
				{
					"name": "left_leg",
					"origin": [-2, 3, 0],
					"color": 0,
					"children": [6]
				},
				{
					"name": "right_leg",
					"origin": [2, 3, 0],
					"color": 0,
					"children": [7]
				},
				{
					"name": "left_arm",
					"origin": [-5.2, 9.25, 0],
					"color": 0,
					"children": [8, 9, 10, 11, 12]
				},
				{
					"name": "right_arm",
					"origin": [5.2, 9.25, 0],
					"color": 0,
					"children": [13]
				},
				{
					"name": "torso",
					"origin": [0, 6, 0],
					"color": 0,
					"children": [14]
				}
			]
		},
		{
			"name": "tag_name",
			"origin": [0, 21, 0],
			"color": 0,
			"children": []
		}
	]
}