{
	"texture_size": [128, 128],
	"textures": {
		"1": "default/chestopen",
		"particle": "default/chestopen"
	},
	"elements": [
		{
			"from": [-1, 0, 3],
			"to": [17, 8, 16],
			"rotation": {"angle": 0, "axis": "x", "origin": [8, 9.5, 16]},
			"faces": {
				"north": {"uv": [4.5, 5.375, 6.75, 6.375], "texture": "#1"},
				"east": {"uv": [5.5, 2.25, 7.125, 3.25], "texture": "#1"},
				"south": {"uv": [5.5, 0, 7.75, 1], "texture": "#1"},
				"west": {"uv": [0, 5.875, 1.625, 6.875], "texture": "#1"},
				"up": {"uv": [7.25, 5.375, 5, 3.75], "texture": "#1"},
				"down": {"uv": [4.5, 5.375, 2.25, 7], "texture": "#1"}
			}
		},
		{
			"from": [0, 8, 4],
			"to": [16, 10, 15],
			"rotation": {"angle": 0, "axis": "y", "origin": [8, 9.5, 16]},
			"faces": {
				"north": {"uv": [6.75, 6.125, 9, 6.375], "texture": "#1"},
				"east": {"uv": [4.125, 7, 5.75, 7.25], "texture": "#1"},
				"south": {"uv": [1.875, 7, 4.125, 7.25], "texture": "#1"},
				"west": {"uv": [5.75, 7, 7.375, 7.25], "texture": "#1"}
			}
		},
		{
			"from": [-2.01159, -1, 5.24329],
			"to": [-2.01159, 4, 10.24329],
			"rotation": {"angle": -22.5, "axis": "y", "origin": [-2.61159, 1.5, 2.04329]},
			"faces": {
				"north": {"uv": [0, 0, 0, 0.625], "texture": "#1"},
				"east": {"uv": [1.625, 5.875, 2.25, 6.5], "texture": "#1"},
				"south": {"uv": [0, 0, 0, 0.625], "texture": "#1"},
				"west": {"uv": [7.125, 2.25, 7.75, 2.875], "texture": "#1"},
				"up": {"uv": [0, 0.625, 0, 0], "texture": "#1"},
				"down": {"uv": [0, 0, 0, 0.625], "texture": "#1"}
			}
		},
		{
			"from": [-2.01159, -1, 0.24329],
			"to": [1.98841, 4, 5.24329],
			"rotation": {"angle": -22.5, "axis": "y", "origin": [-2.61159, 1.5, 2.04329]},
			"faces": {
				"north": {"uv": [2.25, 4.25, 2.75, 4.875], "texture": "#1"},
				"east": {"uv": [0, 7.25, 0.625, 7.875], "texture": "#1"},
				"south": {"uv": [7.25, 4.25, 7.75, 4.875], "texture": "#1"},
				"west": {"uv": [0.625, 7.25, 1.25, 7.875], "texture": "#1"},
				"up": {"uv": [4.875, 7.875, 4.375, 7.25], "texture": "#1"},
				"down": {"uv": [5.375, 7.25, 4.875, 7.875], "texture": "#1"}
			}
		},
		{
			"from": [14.01159, -1, 0.24329],
			"to": [18.01159, 4, 5.24329],
			"rotation": {"angle": 22.5, "axis": "y", "origin": [18.61159, 1.5, 2.04329]},
			"faces": {
				"north": {"uv": [5.375, 7.25, 5.875, 7.875], "texture": "#1"},
				"east": {"uv": [2.5, 7.25, 3.125, 7.875], "texture": "#1"},
				"south": {"uv": [5.875, 7.25, 6.375, 7.875], "texture": "#1"},
				"west": {"uv": [3.125, 7.25, 3.75, 7.875], "texture": "#1"},
				"up": {"uv": [6.875, 7.875, 6.375, 7.25], "texture": "#1"},
				"down": {"uv": [7.375, 7.25, 6.875, 7.875], "texture": "#1"}
			}
		},
		{
			"from": [18.01159, -1, 5.24329],
			"to": [18.01159, 4, 10.24329],
			"rotation": {"angle": 22.5, "axis": "y", "origin": [18.61159, 1.5, 2.04329]},
			"faces": {
				"north": {"uv": [0, 0, 0, 0.625], "texture": "#1"},
				"east": {"uv": [1.25, 7.25, 1.875, 7.875], "texture": "#1"},
				"south": {"uv": [0, 0, 0, 0.625], "texture": "#1"},
				"west": {"uv": [1.875, 7.25, 2.5, 7.875], "texture": "#1"},
				"up": {"uv": [0, 0.625, 0, 0], "texture": "#1"},
				"down": {"uv": [0, 0, 0, 0.625], "texture": "#1"}
			}
		},
		{
			"from": [-2, 5, 2],
			"to": [1, 8, 5],
			"rotation": {"angle": 0, "axis": "y", "origin": [0, -3, 0]},
			"faces": {
				"north": {"uv": [7.75, 0.625, 8.125, 1], "texture": "#1"},
				"east": {"uv": [7.75, 2.875, 8.125, 3.25], "texture": "#1"},
				"south": {"uv": [7.75, 4.25, 8.125, 4.625], "texture": "#1"},
				"west": {"uv": [7.75, 4.625, 8.125, 5], "texture": "#1"},
				"up": {"uv": [8.125, 5.375, 7.75, 5], "texture": "#1"},
				"down": {"uv": [0.375, 7.875, 0, 8.25], "texture": "#1"}
			}
		},
		{
			"from": [15, 5, 2],
			"to": [18, 8, 5],
			"rotation": {"angle": 0, "axis": "y", "origin": [0, -3, 0]},
			"faces": {
				"north": {"uv": [0.375, 7.875, 0.75, 8.25], "texture": "#1"},
				"east": {"uv": [0.75, 7.875, 1.125, 8.25], "texture": "#1"},
				"south": {"uv": [1.125, 7.875, 1.5, 8.25], "texture": "#1"},
				"west": {"uv": [1.5, 7.875, 1.875, 8.25], "texture": "#1"},
				"up": {"uv": [2.25, 8.25, 1.875, 7.875], "texture": "#1"},
				"down": {"uv": [2.625, 7.875, 2.25, 8.25], "texture": "#1"}
			}
		},
		{
			"from": [-2, 5, 14],
			"to": [1, 8, 17],
			"rotation": {"angle": 0, "axis": "y", "origin": [0, -3, 0]},
			"faces": {
				"north": {"uv": [4.5, 7.875, 4.875, 8.25], "texture": "#1"},
				"east": {"uv": [4.875, 7.875, 5.25, 8.25], "texture": "#1"},
				"south": {"uv": [5.25, 7.875, 5.625, 8.25], "texture": "#1"},
				"west": {"uv": [5.625, 7.875, 6, 8.25], "texture": "#1"},
				"up": {"uv": [6.375, 8.25, 6, 7.875], "texture": "#1"},
				"down": {"uv": [6.75, 7.875, 6.375, 8.25], "texture": "#1"}
			}
		},
		{
			"from": [15, 5, 14],
			"to": [18, 8, 17],
			"rotation": {"angle": 0, "axis": "y", "origin": [0, -3, 0]},
			"faces": {
				"north": {"uv": [2.625, 7.875, 3, 8.25], "texture": "#1"},
				"east": {"uv": [3, 7.875, 3.375, 8.25], "texture": "#1"},
				"south": {"uv": [3.375, 7.875, 3.75, 8.25], "texture": "#1"},
				"west": {"uv": [7.875, 3.625, 8.25, 4], "texture": "#1"},
				"up": {"uv": [4.125, 8.25, 3.75, 7.875], "texture": "#1"},
				"down": {"uv": [4.5, 7.875, 4.125, 8.25], "texture": "#1"}
			}
		},
		{
			"from": [-2.21331, 4.18699, 7],
			"to": [-1.21331, 8.18699, 11],
			"rotation": {"angle": -45, "axis": "z", "origin": [-1.71331, 6.18699, 9]},
			"faces": {
				"north": {"uv": [6.75, 7.875, 6.875, 8.375], "texture": "#1"},
				"east": {"uv": [2.25, 4.875, 2.75, 5.375], "texture": "#1"},
				"south": {"uv": [6.875, 7.875, 7, 8.375], "texture": "#1"},
				"west": {"uv": [7.25, 4.875, 7.75, 5.375], "texture": "#1"},
				"up": {"uv": [7.125, 8.375, 7, 7.875], "texture": "#1"},
				"down": {"uv": [8, 7, 7.875, 7.5], "texture": "#1"}
			}
		},
		{
			"from": [-3.48107, 3.12633, 8],
			"to": [-2.48107, 5.12633, 10],
			"rotation": {"angle": 0, "axis": "z", "origin": [-3.48107, 3.52633, 7]},
			"faces": {
				"north": {"uv": [8, 7.75, 8.125, 8], "texture": "#1"},
				"east": {"uv": [7.875, 4, 8.125, 4.25], "texture": "#1"},
				"south": {"uv": [7.875, 8, 8, 8.25], "texture": "#1"},
				"west": {"uv": [7.125, 7.875, 7.375, 8.125], "texture": "#1"},
				"up": {"uv": [8.125, 8.25, 8, 8], "texture": "#1"},
				"down": {"uv": [8.25, 0, 8.125, 0.25], "texture": "#1"}
			}
		},
		{
			"from": [18.48107, 3.12633, 8],
			"to": [19.48107, 5.12633, 10],
			"rotation": {"angle": 0, "axis": "z", "origin": [19.48107, 3.52633, 7]},
			"faces": {
				"north": {"uv": [8.125, 0.25, 8.25, 0.5], "texture": "#1"},
				"east": {"uv": [8, 7.5, 8.25, 7.75], "texture": "#1"},
				"south": {"uv": [8.125, 0.5, 8.25, 0.75], "texture": "#1"},
				"west": {"uv": [7.625, 8, 7.875, 8.25], "texture": "#1"},
				"up": {"uv": [8.25, 1, 8.125, 0.75], "texture": "#1"},
				"down": {"uv": [8.25, 2.25, 8.125, 2.5], "texture": "#1"}
			}
		},
		{
			"from": [17.21331, 4.18699, 7],
			"to": [18.21331, 8.18699, 11],
			"rotation": {"angle": 45, "axis": "z", "origin": [17.71331, 6.18699, 9]},
			"faces": {
				"north": {"uv": [7.875, 7.5, 8, 8], "texture": "#1"},
				"east": {"uv": [7.375, 7, 7.875, 7.5], "texture": "#1"},
				"south": {"uv": [8, 7, 8.125, 7.5], "texture": "#1"},
				"west": {"uv": [7.375, 7.5, 7.875, 8], "texture": "#1"},
				"up": {"uv": [7.5, 8.5, 7.375, 8], "texture": "#1"},
				"down": {"uv": [7.625, 8, 7.5, 8.5], "texture": "#1"}
			}
		},
		{
			"from": [5.5, 21.23223, 13],
			"to": [10.5, 24.23223, 18],
			"rotation": {"angle": -22.5, "axis": "x", "origin": [8, 8.73223, 15.5]},
			"faces": {
				"north": {"uv": [7.75, 2.875, 7.125, 3.25], "rotation": 180, "texture": "#1"},
				"east": {"uv": [7.75, 0, 8.125, 0.625], "rotation": 270, "texture": "#1"},
				"south": {"uv": [2.25, 6.875, 1.625, 6.5], "texture": "#1"},
				"west": {"uv": [7.75, 2.25, 8.125, 2.875], "rotation": 90, "texture": "#1"},
				"up": {"uv": [7.25, 3.625, 7.875, 4.25], "rotation": 180, "texture": "#1"},
				"down": {"uv": [3.75, 7.25, 4.375, 7.875], "texture": "#1"}
			}
		},
		{
			"from": [-3, 6.23223, 14.76777],
			"to": [19, 23.23223, 19.76777],
			"rotation": {"angle": -22.5, "axis": "x", "origin": [8, 8.73223, 15.5]},
			"faces": {
				"north": {"uv": [2.75, 2.125, 0, 4.25], "rotation": 180, "texture": "#1"},
				"east": {"uv": [4.5, 6.375, 6.625, 7], "rotation": 270, "texture": "#1"},
				"south": {"uv": [2.75, 2.125, 0, 0], "texture": "#1"},
				"west": {"uv": [6.625, 6.375, 8.75, 7], "rotation": 90, "texture": "#1"},
				"up": {"uv": [5.5, 1, 8.25, 1.625], "rotation": 180, "texture": "#1"},
				"down": {"uv": [5.5, 1.625, 8.25, 2.25], "texture": "#1"}
			}
		},
		{
			"from": [-3, 7.23223, 19.76777],
			"to": [19, 22.23223, 22.76777],
			"rotation": {"angle": -22.5, "axis": "x", "origin": [8, 8.73223, 15.5]},
			"faces": {
				"north": {"uv": [5.5, 1.875, 2.75, 3.75], "rotation": 180, "texture": "#1"},
				"east": {"uv": [6.75, 5.75, 8.625, 6.125], "rotation": 270, "texture": "#1"},
				"south": {"uv": [5.5, 1.875, 2.75, 0], "texture": "#1"},
				"west": {"uv": [0, 6.875, 1.875, 7.25], "rotation": 90, "texture": "#1"},
				"up": {"uv": [5.5, 3.25, 8.25, 3.625], "rotation": 180, "texture": "#1"},
				"down": {"uv": [6.75, 5.375, 9.5, 5.75], "texture": "#1"}
			}
		}
	],
	"gui_light": "front",
	"display": {
		"thirdperson_righthand": {
			"rotation": [75, 45, 0],
			"translation": [0, 2.5, 0],
			"scale": [0.375, 0.375, 0.375]
		},
		"thirdperson_lefthand": {
			"rotation": [75, 45, 0],
			"translation": [0, 2.5, 0],
			"scale": [0.375, 0.375, 0.375]
		},
		"firstperson_righthand": {
			"rotation": [0, 45, 0],
			"scale": [0.4, 0.4, 0.4]
		},
		"firstperson_lefthand": {
			"rotation": [0, 225, 0],
			"scale": [0.4, 0.4, 0.4]
		},
		"gui": {
			"rotation": [30, 225, 0],
			"scale": [0.625, 0.625, 0.625]
		},
		"head": {
			"translation": [0, -20.75, 0],
			"scale": [1.85, 1.85, 1.85]
		}
	},
	"groups": [
		0,
		1,
		2,
		3,
		4,
		5,
		6,
		7,
		8,
		9,
		10,
		11,
		12,
		13,
		{
			"name": "group",
			"origin": [0, 0, 0],
			"color": 0,
			"nbt": "{}",
			"children": [14, 15, 16]
		}
	]
}