{
	"texture_size": [64, 64],
	"textures": {
		"0": "default/blade",
		"4": "default/mail_drone",
		"particle": "default/blade"
	},
	"elements": [
		{
			"from": [5.52227, 8.99917, 2.62206],
			"to": [10.52227, 9.99917, 10.62206],
			"rotation": {"angle": 22.5, "axis": "x", "origin": [8.01316, 11.5026, 7.45274]},
			"faces": {
				"north": {"uv": [5.5, 7, 6.75, 7.25], "texture": "#4"},
				"east": {"uv": [6.75, 0.75, 8.75, 1], "texture": "#4"},
				"south": {"uv": [6.75, 7, 8, 7.25], "texture": "#4"},
				"west": {"uv": [6.75, 1, 8.75, 1.25], "texture": "#4"},
				"up": {"uv": [6, 3.25, 4.75, 1.25], "texture": "#4"},
				"down": {"uv": [1.25, 5, 0, 7], "texture": "#4"}
			}
		},
		{
			"from": [5.52227, 9.99917, 5.62206],
			"to": [10.52227, 12.99917, 8.62206],
			"rotation": {"angle": 22.5, "axis": "x", "origin": [8.01316, 11.5026, 7.45274]},
			"faces": {
				"north": {"uv": [5.5, 4.5, 6.75, 5.25], "texture": "#4"},
				"east": {"uv": [6.75, 0, 7.5, 0.75], "texture": "#4"},
				"south": {"uv": [5.5, 5.25, 6.75, 6], "texture": "#4"},
				"west": {"uv": [1.25, 6.75, 2, 7.5], "texture": "#4"},
				"up": {"uv": [7.25, 2, 6, 1.25], "texture": "#4"},
				"down": {"uv": [7.25, 2, 6, 2.75], "texture": "#4"}
			}
		},
		{
			"from": [5.52227, 9.99917, 8.62206],
			"to": [10.52227, 11.99917, 10.62206],
			"rotation": {"angle": 22.5, "axis": "x", "origin": [8.01316, 11.5026, 7.45274]},
			"faces": {
				"north": {"uv": [6, 2.75, 7.25, 3.25], "texture": "#4"},
				"east": {"uv": [4.5, 5.25, 5, 5.75], "texture": "#4"},
				"south": {"uv": [5.5, 6, 6.75, 6.5], "texture": "#4"},
				"west": {"uv": [4.5, 5.75, 5, 6.25], "texture": "#4"},
				"up": {"uv": [2.5, 6.75, 1.25, 6.25], "texture": "#4"},
				"down": {"uv": [6.75, 6.5, 5.5, 7], "texture": "#4"}
			}
		},
		{
			"from": [7, -1.3, 5.3],
			"to": [8.5, 4.7, 13.3],
			"rotation": {"angle": -22.5, "axis": "x", "origin": [7.75, 1, 8]},
			"faces": {
				"north": {"uv": [3.5, 5.25, 4, 7.75], "texture": "#4"},
				"east": {"uv": [0, 0, 3, 2.5], "texture": "#4"},
				"south": {"uv": [4, 5.25, 4.5, 7.75], "texture": "#4"},
				"west": {"uv": [0, 2.5, 3, 5], "texture": "#4"},
				"up": {"uv": [5.5, 7.5, 5, 4.5], "texture": "#4"},
				"down": {"uv": [3.5, 5.25, 3, 8.25], "texture": "#4"}
			}
		},
		{
			"from": [0.75, 7, 3.25],
			"to": [1.25, 8, 3.75],
			"rotation": {"angle": -45, "axis": "y", "origin": [3.5, 6.5, 3.5]},
			"faces": {
				"north": {"uv": [4.75, 7.5, 5, 7.75], "texture": "#4"},
				"east": {"uv": [5, 7.5, 5.25, 7.75], "texture": "#4"},
				"south": {"uv": [5.25, 7.5, 5.5, 7.75], "texture": "#4"},
				"west": {"uv": [5.5, 7.5, 5.75, 7.75], "texture": "#4"},
				"up": {"uv": [6, 7.75, 5.75, 7.5], "texture": "#4"},
				"down": {"uv": [6.25, 7.5, 6, 7.75], "texture": "#4"}
			}
		},
		{
			"from": [0.5, 6, 3],
			"to": [5.5, 7, 4],
			"rotation": {"angle": -45, "axis": "y", "origin": [3.5, 6.5, 3.5]},
			"faces": {
				"north": {"uv": [6.75, 6.25, 8, 6.5], "texture": "#4"},
				"east": {"uv": [7.5, 3, 7.75, 3.25], "texture": "#4"},
				"south": {"uv": [6.75, 6.5, 8, 6.75], "texture": "#4"},
				"west": {"uv": [4.5, 7.5, 4.75, 7.75], "texture": "#4"},
				"up": {"uv": [8, 7, 6.75, 6.75], "texture": "#4"},
				"down": {"uv": [1.25, 7, 0, 7.25], "texture": "#4"}
			}
		},
		{
			"from": [8.29499, 1.94827, 7.5],
			"to": [9.29499, 2.94827, 8.5],
			"rotation": {"angle": 22.5, "axis": "z", "origin": [8.29499, 2.44827, 8]},
			"faces": {
				"north": {"uv": [2.25, 7.5, 2.5, 7.75], "texture": "#4"},
				"east": {"uv": [7.5, 2.25, 7.75, 2.5], "texture": "#4"},
				"south": {"uv": [2.5, 7.5, 2.75, 7.75], "texture": "#4"},
				"west": {"uv": [7.5, 2.5, 7.75, 2.75], "texture": "#4"},
				"up": {"uv": [3, 7.75, 2.75, 7.5], "texture": "#4"},
				"down": {"uv": [7.75, 2.75, 7.5, 3], "texture": "#4"}
			}
		},
		{
			"from": [6.44334, 2.72257, 7.75],
			"to": [7.44334, 3.72257, 8.75],
			"rotation": {"angle": 45, "axis": "z", "origin": [6.94334, 2.72257, 8.25]},
			"faces": {
				"north": {"uv": [1.5, 7.5, 1.75, 7.75], "texture": "#4"},
				"east": {"uv": [7.5, 1.5, 7.75, 1.75], "texture": "#4"},
				"south": {"uv": [1.75, 7.5, 2, 7.75], "texture": "#4"},
				"west": {"uv": [7.5, 1.75, 7.75, 2], "texture": "#4"},
				"up": {"uv": [2.25, 7.75, 2, 7.5], "texture": "#4"},
				"down": {"uv": [7.75, 2, 7.5, 2.25], "texture": "#4"}
			}
		},
		{
			"from": [8.55666, 2.72257, 7.5],
			"to": [9.55666, 3.72257, 8.5],
			"rotation": {"angle": -45, "axis": "z", "origin": [9.05666, 2.72257, 8]},
			"faces": {
				"north": {"uv": [0.5, 7.5, 0.75, 7.75], "texture": "#4"},
				"east": {"uv": [7.5, 0.5, 7.75, 0.75], "texture": "#4"},
				"south": {"uv": [0.75, 7.5, 1, 7.75], "texture": "#4"},
				"west": {"uv": [1, 7.5, 1.25, 7.75], "texture": "#4"},
				"up": {"uv": [1.5, 7.75, 1.25, 7.5], "texture": "#4"},
				"down": {"uv": [7.75, 1.25, 7.5, 1.5], "texture": "#4"}
			}
		},
		{
			"from": [9.15538, 3.26746, 7.5],
			"to": [10.15538, 4.26746, 8.5],
			"rotation": {"angle": -22.5, "axis": "z", "origin": [9.65538, 3.26746, 8]},
			"faces": {
				"north": {"uv": [7, 7.25, 7.25, 7.5], "texture": "#4"},
				"east": {"uv": [7.25, 7.25, 7.5, 7.5], "texture": "#4"},
				"south": {"uv": [0, 7.5, 0.25, 7.75], "texture": "#4"},
				"west": {"uv": [7.5, 0, 7.75, 0.25], "texture": "#4"},
				"up": {"uv": [0.5, 7.75, 0.25, 7.5], "texture": "#4"},
				"down": {"uv": [7.75, 0.25, 7.5, 0.5], "texture": "#4"}
			}
		},
		{
			"from": [9.5, 4, 7.5],
			"to": [10.5, 5, 8.5],
			"rotation": {"angle": 0, "axis": "y", "origin": [13, 0, -3.5]},
			"faces": {
				"north": {"uv": [5.5, 7.25, 5.75, 7.5], "texture": "#4"},
				"east": {"uv": [5.75, 7.25, 6, 7.5], "texture": "#4"},
				"south": {"uv": [6, 7.25, 6.25, 7.5], "texture": "#4"},
				"west": {"uv": [6.25, 7.25, 6.5, 7.5], "texture": "#4"},
				"up": {"uv": [6.75, 7.5, 6.5, 7.25], "texture": "#4"},
				"down": {"uv": [7, 7.25, 6.75, 7.5], "texture": "#4"}
			}
		},
		{
			"from": [6.70501, 1.94827, 7.75],
			"to": [7.70501, 2.94827, 8.75],
			"rotation": {"angle": -22.5, "axis": "z", "origin": [7.70501, 2.44827, 8.25]},
			"faces": {
				"north": {"uv": [7.25, 2.5, 7.5, 2.75], "texture": "#4"},
				"east": {"uv": [2.75, 7.25, 3, 7.5], "texture": "#4"},
				"south": {"uv": [7.25, 2.75, 7.5, 3], "texture": "#4"},
				"west": {"uv": [7.25, 3, 7.5, 3.25], "texture": "#4"},
				"up": {"uv": [4.75, 7.5, 4.5, 7.25], "texture": "#4"},
				"down": {"uv": [5, 7.25, 4.75, 7.5], "texture": "#4"}
			}
		},
		{
			"from": [5.84462, 3.26746, 7.75],
			"to": [6.84462, 4.26746, 8.75],
			"rotation": {"angle": 22.5, "axis": "z", "origin": [6.34462, 3.26746, 8.25]},
			"faces": {
				"north": {"uv": [7.25, 1.75, 7.5, 2], "texture": "#4"},
				"east": {"uv": [2, 7.25, 2.25, 7.5], "texture": "#4"},
				"south": {"uv": [7.25, 2, 7.5, 2.25], "texture": "#4"},
				"west": {"uv": [2.25, 7.25, 2.5, 7.5], "texture": "#4"},
				"up": {"uv": [7.5, 2.5, 7.25, 2.25], "texture": "#4"},
				"down": {"uv": [2.75, 7.25, 2.5, 7.5], "texture": "#4"}
			}
		},
		{
			"from": [5.5, 4, 7.75],
			"to": [6.5, 5, 8.75],
			"rotation": {"angle": 0, "axis": "y", "origin": [3, 0, -3.25]},
			"faces": {
				"north": {"uv": [0.25, 7.25, 0.5, 7.5], "texture": "#4"},
				"east": {"uv": [0.5, 7.25, 0.75, 7.5], "texture": "#4"},
				"south": {"uv": [0.75, 7.25, 1, 7.5], "texture": "#4"},
				"west": {"uv": [1, 7.25, 1.25, 7.5], "texture": "#4"},
				"up": {"uv": [7.5, 1.5, 7.25, 1.25], "texture": "#4"},
				"down": {"uv": [7.5, 1.5, 7.25, 1.75], "texture": "#4"}
			}
		},
		{
			"from": [4.5, 5, 4],
			"to": [11.5, 10, 12],
			"rotation": {"angle": 0, "axis": "y", "origin": [1.5, 0, -3]},
			"faces": {
				"north": {"uv": [1.25, 5, 3, 6.25], "texture": "#4"},
				"east": {"uv": [3, 4, 5, 5.25], "texture": "#4"},
				"south": {"uv": [5, 3.25, 6.75, 4.5], "texture": "#4"},
				"west": {"uv": [4.75, 0, 6.75, 1.25], "texture": "#4"},
				"up": {"uv": [4.75, 2, 3, 0], "texture": "#4"},
				"down": {"uv": [4.75, 2, 3, 4], "texture": "#4"}
			}
		},
		{
			"from": [1.25, 8, -0.75],
			"to": [2.25, 9, 4.25],
			"rotation": {"angle": -45, "axis": "y", "origin": [1.75, 8.5, 1.75]},
			"faces": {
				"north": {"uv": [0, 1, 5, 2], "texture": "#0"},
				"east": {"uv": [0, 1, 5, 2], "texture": "#0"},
				"south": {"uv": [0, 1, 5, 2], "texture": "#0"},
				"west": {"uv": [0, 1, 5, 2], "texture": "#0"},
				"up": {"uv": [0, 1, 5, 2], "texture": "#0"},
				"down": {"uv": [0, 1, 5, 2], "texture": "#0"}
			}
		},
		{
			"from": [-0.75, 8, 1.25],
			"to": [4.25, 9, 2.25],
			"rotation": {"angle": -45, "axis": "y", "origin": [1.75, 8.5, 1.75]},
			"faces": {
				"north": {"uv": [0, 4, 5, 5], "texture": "#0"},
				"east": {"uv": [0, 4, 5, 5], "texture": "#0"},
				"south": {"uv": [0, 4, 5, 5], "texture": "#0"},
				"west": {"uv": [0, 4, 5, 5], "texture": "#0"},
				"up": {"uv": [0, 4, 5, 5], "texture": "#0"},
				"down": {"uv": [0, 4, 5, 5], "texture": "#0"}
			}
		},
		{
			"from": [-0.75, 8, 1.25],
			"to": [4.25, 9, 2.25],
			"rotation": {"angle": 0, "axis": "y", "origin": [1.75, 8.5, 1.75]},
			"faces": {
				"north": {"uv": [0, 2, 5, 3], "texture": "#0"},
				"east": {"uv": [0, 2, 5, 3], "texture": "#0"},
				"south": {"uv": [0, 2, 5, 3], "texture": "#0"},
				"west": {"uv": [0, 2, 5, 3], "texture": "#0"},
				"up": {"uv": [0, 2, 5, 3], "texture": "#0"},
				"down": {"uv": [0, 2, 5, 3], "texture": "#0"}
			}
		},
		{
			"from": [13.75, 8, 11.75],
			"to": [14.75, 9, 16.75],
			"rotation": {"angle": 0, "axis": "y", "origin": [14.75, 3, 16.75]},
			"faces": {
				"north": {"uv": [0, 0, 5, 1], "texture": "#0"},
				"east": {"uv": [0, 0, 5, 1], "texture": "#0"},
				"south": {"uv": [0, 0, 5, 1], "texture": "#0"},
				"west": {"uv": [0, 0, 5, 1], "texture": "#0"},
				"up": {"uv": [5, 1, 0, 0], "texture": "#0"},
				"down": {"uv": [5, 1, 0, 0], "texture": "#0"}
			}
		},
		{
			"from": [11.75, 8, 13.75],
			"to": [16.75, 9, 14.75],
			"rotation": {"angle": 0, "axis": "y", "origin": [14.25, 8.5, 14.25]},
			"faces": {
				"north": {"uv": [0, 2, 5, 3], "texture": "#0"},
				"east": {"uv": [0, 2, 5, 3], "texture": "#0"},
				"south": {"uv": [0, 2, 5, 3], "texture": "#0"},
				"west": {"uv": [0, 2, 5, 3], "texture": "#0"},
				"up": {"uv": [5, 3, 0, 2], "texture": "#0"},
				"down": {"uv": [5, 3, 0, 2], "texture": "#0"}
			}
		},
		{
			"from": [11.75, 8, 13.75],
			"to": [16.75, 9, 14.75],
			"rotation": {"angle": -45, "axis": "y", "origin": [14.25, 8.5, 14.25]},
			"faces": {
				"north": {"uv": [0, 4, 5, 5], "texture": "#0"},
				"east": {"uv": [0, 4, 5, 5], "texture": "#0"},
				"south": {"uv": [0, 4, 5, 5], "texture": "#0"},
				"west": {"uv": [0, 4, 5, 5], "texture": "#0"},
				"up": {"uv": [5, 5, 0, 4], "texture": "#0"},
				"down": {"uv": [5, 5, 0, 4], "texture": "#0"}
			}
		},
		{
			"from": [13.75, 8, 11.75],
			"to": [14.75, 9, 16.75],
			"rotation": {"angle": -45, "axis": "y", "origin": [14.25, 8.5, 14.25]},
			"faces": {
				"north": {"uv": [0, 1, 5, 2], "texture": "#0"},
				"east": {"uv": [0, 1, 5, 2], "texture": "#0"},
				"south": {"uv": [0, 1, 5, 2], "texture": "#0"},
				"west": {"uv": [0, 1, 5, 2], "texture": "#0"},
				"up": {"uv": [5, 2, 0, 1], "texture": "#0"},
				"down": {"uv": [5, 2, 0, 1], "texture": "#0"}
			}
		},
		{
			"from": [10.5, 6, 12],
			"to": [15.5, 7, 13],
			"rotation": {"angle": -45, "axis": "y", "origin": [12.5, 6.5, 12.5]},
			"faces": {
				"north": {"uv": [6.75, 5.25, 8, 5.5], "texture": "#4"},
				"east": {"uv": [4.75, 7, 5, 7.25], "texture": "#4"},
				"south": {"uv": [6.75, 5.5, 8, 5.75], "texture": "#4"},
				"west": {"uv": [0, 7.25, 0.25, 7.5], "texture": "#4"},
				"up": {"uv": [8, 6, 6.75, 5.75], "texture": "#4"},
				"down": {"uv": [8, 6, 6.75, 6.25], "texture": "#4"}
			}
		},
		{
			"from": [14.75, 7, 12.25],
			"to": [15.25, 8, 12.75],
			"rotation": {"angle": -45, "axis": "y", "origin": [12.5, 6.5, 12.5]},
			"faces": {
				"north": {"uv": [4.75, 6.75, 5, 7], "texture": "#4"},
				"east": {"uv": [2, 7, 2.25, 7.25], "texture": "#4"},
				"south": {"uv": [2.25, 7, 2.5, 7.25], "texture": "#4"},
				"west": {"uv": [2.5, 7, 2.75, 7.25], "texture": "#4"},
				"up": {"uv": [3, 7.25, 2.75, 7], "texture": "#4"},
				"down": {"uv": [4.75, 7, 4.5, 7.25], "texture": "#4"}
			}
		},
		{
			"from": [1.25, 8, 11.75],
			"to": [2.25, 9, 16.75],
			"rotation": {"angle": 0, "axis": "y", "origin": [1.25, 3, 16.75]},
			"faces": {
				"north": {"uv": [5, 0, 0, 1], "texture": "#0"},
				"east": {"uv": [5, 0, 0, 1], "texture": "#0"},
				"south": {"uv": [5, 0, 0, 1], "texture": "#0"},
				"west": {"uv": [5, 0, 0, 1], "texture": "#0"},
				"up": {"uv": [0, 1, 5, 0], "texture": "#0"},
				"down": {"uv": [0, 1, 5, 0], "texture": "#0"}
			}
		},
		{
			"from": [-0.75, 8, 13.75],
			"to": [4.25, 9, 14.75],
			"rotation": {"angle": 45, "axis": "y", "origin": [1.75, 8.5, 14.25]},
			"faces": {
				"north": {"uv": [5, 4, 0, 5], "texture": "#0"},
				"east": {"uv": [5, 4, 0, 5], "texture": "#0"},
				"south": {"uv": [5, 4, 0, 5], "texture": "#0"},
				"west": {"uv": [5, 4, 0, 5], "texture": "#0"},
				"up": {"uv": [0, 5, 5, 4], "texture": "#0"},
				"down": {"uv": [0, 5, 5, 4], "texture": "#0"}
			}
		},
		{
			"from": [1.25, 8, 11.75],
			"to": [2.25, 9, 16.75],
			"rotation": {"angle": 45, "axis": "y", "origin": [1.75, 8.5, 14.25]},
			"faces": {
				"north": {"uv": [5, 1, 0, 2], "texture": "#0"},
				"east": {"uv": [5, 1, 0, 2], "texture": "#0"},
				"south": {"uv": [5, 1, 0, 2], "texture": "#0"},
				"west": {"uv": [5, 1, 0, 2], "texture": "#0"},
				"up": {"uv": [0, 2, 5, 1], "texture": "#0"},
				"down": {"uv": [0, 2, 5, 1], "texture": "#0"}
			}
		},
		{
			"from": [-0.75, 8, 13.75],
			"to": [4.25, 9, 14.75],
			"rotation": {"angle": 0, "axis": "y", "origin": [1.75, 8.5, 14.25]},
			"faces": {
				"north": {"uv": [5, 2, 0, 3], "texture": "#0"},
				"east": {"uv": [5, 2, 0, 3], "texture": "#0"},
				"south": {"uv": [5, 2, 0, 3], "texture": "#0"},
				"west": {"uv": [5, 2, 0, 3], "texture": "#0"},
				"up": {"uv": [0, 3, 5, 2], "texture": "#0"},
				"down": {"uv": [0, 3, 5, 2], "texture": "#0"}
			}
		},
		{
			"from": [0.5, 6, 12],
			"to": [5.5, 7, 13],
			"rotation": {"angle": 45, "axis": "y", "origin": [3.5, 6.5, 12.5]},
			"faces": {
				"north": {"uv": [6.75, 4.25, 8, 4.5], "texture": "#4"},
				"east": {"uv": [2.75, 6.75, 3, 7], "texture": "#4"},
				"south": {"uv": [6.75, 4.5, 8, 4.75], "texture": "#4"},
				"west": {"uv": [4.5, 6.75, 4.75, 7], "texture": "#4"},
				"up": {"uv": [8, 5, 6.75, 4.75], "texture": "#4"},
				"down": {"uv": [8, 5, 6.75, 5.25], "texture": "#4"}
			}
		},
		{
			"from": [0.75, 7, 12.25],
			"to": [1.25, 8, 12.75],
			"rotation": {"angle": 45, "axis": "y", "origin": [3.5, 6.5, 12.5]},
			"faces": {
				"north": {"uv": [2.75, 6.5, 3, 6.75], "texture": "#4"},
				"east": {"uv": [4.5, 6.5, 4.75, 6.75], "texture": "#4"},
				"south": {"uv": [4.75, 6.5, 5, 6.75], "texture": "#4"},
				"west": {"uv": [2, 6.75, 2.25, 7], "texture": "#4"},
				"up": {"uv": [2.5, 7, 2.25, 6.75], "texture": "#4"},
				"down": {"uv": [2.75, 6.75, 2.5, 7], "texture": "#4"}
			}
		},
		{
			"from": [13.75, 8, -0.75],
			"to": [14.75, 9, 4.25],
			"rotation": {"angle": 0, "axis": "y", "origin": [14.75, 3, -0.75]},
			"faces": {
				"north": {"uv": [5, 0, 0, 1], "texture": "#0"},
				"east": {"uv": [5, 0, 0, 1], "texture": "#0"},
				"south": {"uv": [5, 0, 0, 1], "texture": "#0"},
				"west": {"uv": [5, 0, 0, 1], "texture": "#0"},
				"up": {"uv": [5, 0, 0, 1], "texture": "#0"},
				"down": {"uv": [5, 0, 0, 1], "texture": "#0"}
			}
		},
		{
			"from": [11.75, 8, 1.25],
			"to": [16.75, 9, 2.25],
			"rotation": {"angle": 0, "axis": "y", "origin": [14.25, 8.5, 1.75]},
			"faces": {
				"north": {"uv": [5, 2, 0, 3], "texture": "#0"},
				"east": {"uv": [5, 2, 0, 3], "texture": "#0"},
				"south": {"uv": [5, 2, 0, 3], "texture": "#0"},
				"west": {"uv": [5, 2, 0, 3], "texture": "#0"},
				"up": {"uv": [5, 2, 0, 3], "texture": "#0"},
				"down": {"uv": [5, 2, 0, 3], "texture": "#0"}
			}
		},
		{
			"from": [11.75, 8, 1.25],
			"to": [16.75, 9, 2.25],
			"rotation": {"angle": 45, "axis": "y", "origin": [14.25, 8.5, 1.75]},
			"faces": {
				"north": {"uv": [5, 4, 0, 5], "texture": "#0"},
				"east": {"uv": [5, 4, 0, 5], "texture": "#0"},
				"south": {"uv": [5, 4, 0, 5], "texture": "#0"},
				"west": {"uv": [5, 4, 0, 5], "texture": "#0"},
				"up": {"uv": [5, 4, 0, 5], "texture": "#0"},
				"down": {"uv": [5, 4, 0, 5], "texture": "#0"}
			}
		},
		{
			"from": [13.75, 8, -0.75],
			"to": [14.75, 9, 4.25],
			"rotation": {"angle": 45, "axis": "y", "origin": [14.25, 8.5, 1.75]},
			"faces": {
				"north": {"uv": [5, 1, 0, 2], "texture": "#0"},
				"east": {"uv": [5, 1, 0, 2], "texture": "#0"},
				"south": {"uv": [5, 1, 0, 2], "texture": "#0"},
				"west": {"uv": [5, 1, 0, 2], "texture": "#0"},
				"up": {"uv": [5, 1, 0, 2], "texture": "#0"},
				"down": {"uv": [5, 1, 0, 2], "texture": "#0"}
			}
		},
		{
			"from": [14.75, 7, 3.25],
			"to": [15.25, 8, 3.75],
			"rotation": {"angle": 45, "axis": "y", "origin": [12.5, 6.5, 3.5]},
			"faces": {
				"north": {"uv": [4.75, 3.25, 5, 3.5], "texture": "#4"},
				"east": {"uv": [4.75, 3.5, 5, 3.75], "texture": "#4"},
				"south": {"uv": [4.75, 3.75, 5, 4], "texture": "#4"},
				"west": {"uv": [2.5, 6.25, 2.75, 6.5], "texture": "#4"},
				"up": {"uv": [3, 6.5, 2.75, 6.25], "texture": "#4"},
				"down": {"uv": [4.75, 6.25, 4.5, 6.5], "texture": "#4"}
			}
		},
		{
			"from": [1.25, 8, -0.75],
			"to": [2.25, 9, 4.25],
			"rotation": {"angle": 0, "axis": "y", "origin": [1.25, 3, -0.75]},
			"faces": {
				"north": {"uv": [0, 0, 5, 1], "texture": "#0"},
				"east": {"uv": [0, 0, 5, 1], "texture": "#0"},
				"south": {"uv": [0, 0, 5, 1], "texture": "#0"},
				"west": {"uv": [0, 0, 5, 1], "texture": "#0"},
				"up": {"uv": [0, 0, 5, 1], "texture": "#0"},
				"down": {"uv": [0, 0, 5, 1], "texture": "#0"}
			}
		},
		{
			"from": [10.5, 6, 3],
			"to": [15.5, 7, 4],
			"rotation": {"angle": 45, "axis": "y", "origin": [12.5, 6.5, 3.5]},
			"faces": {
				"north": {"uv": [6.75, 3.25, 8, 3.5], "texture": "#4"},
				"east": {"uv": [4.75, 6.25, 5, 6.5], "texture": "#4"},
				"south": {"uv": [6.75, 3.5, 8, 3.75], "texture": "#4"},
				"west": {"uv": [2.5, 6.5, 2.75, 6.75], "texture": "#4"},
				"up": {"uv": [8, 4, 6.75, 3.75], "texture": "#4"},
				"down": {"uv": [8, 4, 6.75, 4.25], "texture": "#4"}
			}
		}
	],
	"display": {
		"head": {
			"scale": [3, 3, 3]
		}
	},
	"groups": [
		{
			"name": "group",
			"origin": [0, 0, 0],
			"color": 0,
			"nbt": "{}",
			"children": [0, 1, 2, 3, 4, 5, 6, 7, 8, 9, 10, 11, 12, 13, 14, 15, 16, 17, 18, 19, 20, 21, 22, 23, 24, 25, 26, 27, 28, 29, 30, 31, 32, 33, 34, 35, 36]
		}
	]
}