{
	"credit": "Made with Blockbench",
	"texture_size": [64, 64],
	"textures": {
		"2": "default/race_flag"
	},
	"elements": [
		{
			"from": [4.17389, -7.29506, 6.75],
			"to": [6.67389, 24.70494, 9.25],
			"rotation": {"angle": 22.5, "axis": "z", "origin": [2.94292, 11.30061, 8]},
			"faces": {
				"north": {"uv": [0, 0, 0.75, 8], "texture": "#2"},
				"east": {"uv": [0.75, 0, 1.5, 8], "texture": "#2"},
				"south": {"uv": [1.5, 0, 2.25, 8], "texture": "#2"},
				"west": {"uv": [2.25, 0, 3, 8], "texture": "#2"},
				"up": {"uv": [10, 3, 9.25, 2.25], "texture": "#2"},
				"down": {"uv": [10, 3, 9.25, 3.75], "texture": "#2"}
			}
		},
		{
			"from": [9.32611, -7.29506, 6.75],
			"to": [11.82611, 24.70494, 9.25],
			"rotation": {"angle": -22.5, "axis": "z", "origin": [13.05708, 11.30061, 8]},
			"faces": {
				"north": {"uv": [3, 0, 3.75, 8], "texture": "#2"},
				"east": {"uv": [3.75, 0, 4.5, 8], "texture": "#2"},
				"south": {"uv": [4.5, 0, 5.25, 8], "texture": "#2"},
				"west": {"uv": [5.25, 0, 6, 8], "texture": "#2"},
				"up": {"uv": [10, 4.5, 9.25, 3.75], "texture": "#2"},
				"down": {"uv": [10, 4.5, 9.25, 5.25], "texture": "#2"}
			}
		},
		{
			"name": "race_flag_0",
			"from": [24.25, 19, 7.5],
			"to": [27.25, 28, 8.5],
			"rotation": {"angle": -22.5, "axis": "z", "origin": [1.25, 12, -7.5]},
			"faces": {
				"north": {"uv": [2.25, 8, 3, 10.25], "texture": "#2"},
				"east": {"uv": [9.25, 5.25, 9.5, 7.5], "texture": "#2"},
				"south": {"uv": [8, 2.25, 8.75, 4.5], "texture": "#2"},
				"west": {"uv": [7, 9.25, 7.25, 11.5], "texture": "#2"},
				"up": {"uv": [10.25, 6.25, 9.5, 6], "texture": "#2"},
				"down": {"uv": [10.25, 6.25, 9.5, 6.5], "texture": "#2"}
			}
		},
		{
			"name": "race_flag_1",
			"from": [11.25, 18, 7.5],
			"to": [13.25, 28, 8.5],
			"rotation": {"angle": -22.5, "axis": "z", "origin": [1.25, 12, -7.5]},
			"faces": {
				"north": {"uv": [5, 8, 5.5, 10.5], "texture": "#2"},
				"east": {"uv": [8.75, 0, 9, 2.5], "texture": "#2"},
				"south": {"uv": [5.5, 8, 6, 10.5], "texture": "#2"},
				"west": {"uv": [8.75, 2.5, 9, 5], "texture": "#2"},
				"up": {"uv": [10, 9.5, 9.5, 9.25], "texture": "#2"},
				"down": {"uv": [10, 9.5, 9.5, 9.75], "texture": "#2"}
			}
		},
		{
			"name": "race_flag_2",
			"from": [21.25, 18, 7.5],
			"to": [24.25, 27, 8.5],
			"rotation": {"angle": -22.5, "axis": "z", "origin": [1.25, 12, -7.5]},
			"faces": {
				"north": {"uv": [3, 8, 3.75, 10.25], "texture": "#2"},
				"east": {"uv": [7.25, 9.25, 7.5, 11.5], "texture": "#2"},
				"south": {"uv": [3.75, 8, 4.5, 10.25], "texture": "#2"},
				"west": {"uv": [7.5, 9.25, 7.75, 11.5], "texture": "#2"},
				"up": {"uv": [10.25, 6.75, 9.5, 6.5], "texture": "#2"},
				"down": {"uv": [10.25, 6.75, 9.5, 7], "texture": "#2"}
			}
		},
		{
			"name": "race_flag_3",
			"from": [13.25, 17, 7.5],
			"to": [17.25, 27, 8.5],
			"rotation": {"angle": -22.5, "axis": "z", "origin": [1.25, 12, -7.5]},
			"faces": {
				"north": {"uv": [6, 5, 7, 7.5], "texture": "#2"},
				"east": {"uv": [8.75, 5, 9, 7.5], "texture": "#2"},
				"south": {"uv": [7, 0, 8, 2.5], "texture": "#2"},
				"west": {"uv": [8.75, 7.5, 9, 10], "texture": "#2"},
				"up": {"uv": [10.5, 1.25, 9.5, 1], "texture": "#2"},
				"down": {"uv": [10.5, 1.25, 9.5, 1.5], "texture": "#2"}
			}
		},
		{
			"name": "race_flag_4",
			"from": [17.25, 17, 7.5],
			"to": [21.25, 26, 8.5],
			"rotation": {"angle": -22.5, "axis": "z", "origin": [1.25, 12, -7.5]},
			"faces": {
				"north": {"uv": [7, 7, 8, 9.25], "texture": "#2"},
				"east": {"uv": [9.25, 7.5, 9.5, 9.75], "texture": "#2"},
				"south": {"uv": [6, 7.5, 7, 9.75], "texture": "#2"},
				"west": {"uv": [7.75, 9.25, 8, 11.5], "texture": "#2"},
				"up": {"uv": [10.5, 1.75, 9.5, 1.5], "texture": "#2"},
				"down": {"uv": [10.5, 1.75, 9.5, 2], "texture": "#2"}
			}
		},
		{
			"name": "race_flag_5",
			"from": [24.25, 18, 7.5],
			"to": [25.25, 19, 8.5],
			"rotation": {"angle": -22.5, "axis": "z", "origin": [1.25, 12, -7.5]},
			"faces": {
				"north": {"uv": [10, 5, 10.25, 5.25], "texture": "#2"},
				"east": {"uv": [6, 10, 6.25, 10.25], "texture": "#2"},
				"south": {"uv": [6.25, 10, 6.5, 10.25], "texture": "#2"},
				"west": {"uv": [6.5, 10, 6.75, 10.25], "texture": "#2"},
				"up": {"uv": [7, 10.25, 6.75, 10], "texture": "#2"},
				"down": {"uv": [10.25, 7, 10, 7.25], "texture": "#2"}
			}
		},
		{
			"name": "race_flag_6",
			"from": [21.25, 17, 7.5],
			"to": [23.25, 18, 8.5],
			"rotation": {"angle": -22.5, "axis": "z", "origin": [1.25, 12, -7.5]},
			"faces": {
				"north": {"uv": [6, 9.75, 6.5, 10], "texture": "#2"},
				"east": {"uv": [10, 7.25, 10.25, 7.5], "texture": "#2"},
				"south": {"uv": [6.5, 9.75, 7, 10], "texture": "#2"},
				"west": {"uv": [10, 7.5, 10.25, 7.75], "texture": "#2"},
				"up": {"uv": [8.5, 10, 8, 9.75], "texture": "#2"},
				"down": {"uv": [9.75, 9.75, 9.25, 10], "texture": "#2"}
			}
		},
		{
			"name": "race_flag_7",
			"from": [17.25, 16, 7.5],
			"to": [19.25, 17, 8.5],
			"rotation": {"angle": -22.5, "axis": "z", "origin": [1.25, 12, -7.5]},
			"faces": {
				"north": {"uv": [9.75, 9.75, 10.25, 10], "texture": "#2"},
				"east": {"uv": [10, 7.75, 10.25, 8], "texture": "#2"},
				"south": {"uv": [10, 2.25, 10.5, 2.5], "texture": "#2"},
				"west": {"uv": [8, 10, 8.25, 10.25], "texture": "#2"},
				"up": {"uv": [10.5, 2.75, 10, 2.5], "texture": "#2"},
				"down": {"uv": [10.5, 2.75, 10, 3], "texture": "#2"}
			}
		},
		{
			"name": "race_flag_0",
			"from": [-11.25, 19, 7.5],
			"to": [-8.25, 28, 8.5],
			"rotation": {"angle": 22.5, "axis": "z", "origin": [14.75, 12, -7.5]},
			"faces": {
				"north": {"uv": [0, 8, 0.75, 10.25], "texture": "#2"},
				"east": {"uv": [9, 0, 9.25, 2.25], "texture": "#2"},
				"south": {"uv": [8, 0, 8.75, 2.25], "texture": "#2"},
				"west": {"uv": [9, 2.25, 9.25, 4.5], "texture": "#2"},
				"up": {"uv": [10.25, 2.25, 9.5, 2], "texture": "#2"},
				"down": {"uv": [10.25, 5.25, 9.5, 5.5], "texture": "#2"}
			}
		},
		{
			"name": "race_flag_1",
			"from": [2.75, 18, 7.5],
			"to": [4.75, 28, 8.5],
			"rotation": {"angle": 22.5, "axis": "z", "origin": [14.75, 12, -7.5]},
			"faces": {
				"north": {"uv": [4.5, 8, 5, 10.5], "texture": "#2"},
				"east": {"uv": [8, 7, 8.25, 9.5], "texture": "#2"},
				"south": {"uv": [8, 4.5, 8.5, 7], "texture": "#2"},
				"west": {"uv": [8.25, 7, 8.5, 9.5], "texture": "#2"},
				"up": {"uv": [10, 7.25, 9.5, 7], "texture": "#2"},
				"down": {"uv": [10, 7.25, 9.5, 7.5], "texture": "#2"}
			}
		},
		{
			"name": "race_flag_2",
			"from": [-8.25, 18, 7.5],
			"to": [-5.25, 27, 8.5],
			"rotation": {"angle": 22.5, "axis": "z", "origin": [14.75, 12, -7.5]},
			"faces": {
				"north": {"uv": [0.75, 8, 1.5, 10.25], "texture": "#2"},
				"east": {"uv": [9, 4.5, 9.25, 6.75], "texture": "#2"},
				"south": {"uv": [1.5, 8, 2.25, 10.25], "texture": "#2"},
				"west": {"uv": [9, 6.75, 9.25, 9], "texture": "#2"},
				"up": {"uv": [10.25, 5.75, 9.5, 5.5], "texture": "#2"},
				"down": {"uv": [10.25, 5.75, 9.5, 6], "texture": "#2"}
			}
		},
		{
			"name": "race_flag_3",
			"from": [-1.25, 17, 7.5],
			"to": [2.75, 27, 8.5],
			"rotation": {"angle": 22.5, "axis": "z", "origin": [14.75, 12, -7.5]},
			"faces": {
				"north": {"uv": [6, 0, 7, 2.5], "texture": "#2"},
				"east": {"uv": [8.5, 4.5, 8.75, 7], "texture": "#2"},
				"south": {"uv": [6, 2.5, 7, 5], "texture": "#2"},
				"west": {"uv": [8.5, 7, 8.75, 9.5], "texture": "#2"},
				"up": {"uv": [10.5, 0.25, 9.5, 0], "texture": "#2"},
				"down": {"uv": [10.5, 0.25, 9.5, 0.5], "texture": "#2"}
			}
		},
		{
			"name": "race_flag_4",
			"from": [-5.25, 17, 7.5],
			"to": [-1.25, 26, 8.5],
			"rotation": {"angle": 22.5, "axis": "z", "origin": [14.75, 12, -7.5]},
			"faces": {
				"north": {"uv": [7, 2.5, 8, 4.75], "texture": "#2"},
				"east": {"uv": [9, 9, 9.25, 11.25], "texture": "#2"},
				"south": {"uv": [7, 4.75, 8, 7], "texture": "#2"},
				"west": {"uv": [9.25, 0, 9.5, 2.25], "texture": "#2"},
				"up": {"uv": [10.5, 0.75, 9.5, 0.5], "texture": "#2"},
				"down": {"uv": [10.5, 0.75, 9.5, 1], "texture": "#2"}
			}
		},
		{
			"name": "race_flag_5",
			"from": [-9.25, 18, 7.5],
			"to": [-8.25, 19, 8.5],
			"rotation": {"angle": 22.5, "axis": "z", "origin": [14.75, 12, -7.5]},
			"faces": {
				"north": {"uv": [8.5, 9.5, 8.75, 9.75], "texture": "#2"},
				"east": {"uv": [8.5, 9.75, 8.75, 10], "texture": "#2"},
				"south": {"uv": [10, 3, 10.25, 3.25], "texture": "#2"},
				"west": {"uv": [10, 3.25, 10.25, 3.5], "texture": "#2"},
				"up": {"uv": [10.25, 3.75, 10, 3.5], "texture": "#2"},
				"down": {"uv": [10.25, 3.75, 10, 4], "texture": "#2"}
			}
		},
		{
			"name": "race_flag_6",
			"from": [-7.25, 17, 7.5],
			"to": [-5.25, 18, 8.5],
			"rotation": {"angle": 22.5, "axis": "z", "origin": [14.75, 12, -7.5]},
			"faces": {
				"north": {"uv": [9.5, 7.5, 10, 7.75], "texture": "#2"},
				"east": {"uv": [10, 4, 10.25, 4.25], "texture": "#2"},
				"south": {"uv": [9.5, 7.75, 10, 8], "texture": "#2"},
				"west": {"uv": [10, 4.25, 10.25, 4.5], "texture": "#2"},
				"up": {"uv": [8.5, 9.75, 8, 9.5], "texture": "#2"},
				"down": {"uv": [10, 8, 9.5, 8.25], "texture": "#2"}
			}
		},
		{
			"name": "race_flag_7",
			"from": [-3.25, 16, 7.5],
			"to": [-1.25, 17, 8.5],
			"rotation": {"angle": 22.5, "axis": "z", "origin": [14.75, 12, -7.5]},
			"faces": {
				"north": {"uv": [9.5, 8.25, 10, 8.5], "texture": "#2"},
				"east": {"uv": [10, 4.5, 10.25, 4.75], "texture": "#2"},
				"south": {"uv": [9.5, 8.5, 10, 8.75], "texture": "#2"},
				"west": {"uv": [10, 4.75, 10.25, 5], "texture": "#2"},
				"up": {"uv": [10, 9, 9.5, 8.75], "texture": "#2"},
				"down": {"uv": [10, 9, 9.5, 9.25], "texture": "#2"}
			}
		}
	],
	"gui_light": "front",
	"display": {
		"thirdperson_righthand": {
			"translation": [0, 3, 1],
			"scale": [0.55, 0.55, 0.55]
		},
		"thirdperson_lefthand": {
			"translation": [0, 3, 1],
			"scale": [0.55, 0.55, 0.55]
		},
		"firstperson_righthand": {
			"rotation": [0.53, -75.64, -12.13],
			"translation": [11.75, 1, -6],
			"scale": [0.53906, 0.53906, 0.53906]
		},
		"firstperson_lefthand": {
			"rotation": [-123.88, 81.22, 141.95],
			"translation": [11.75, 1, -6],
			"scale": [0.53906, 0.53906, 0.53906]
		},
		"ground": {
			"translation": [0, 4.25, 0],
			"scale": [0.43945, 0.43945, 0.43945]
		},
		"gui": {
			"rotation": [-177.39, 0.63, -153],
			"translation": [-3.25, 0.25, 0],
			"scale": [0.48204, 0.48204, 0.48204]
		},
		"head": {
			"rotation": [0, 3.25, 0],
			"translation": [0, -20.5, 0],
			"scale": [1.4, 1.4, 1.4]
		}
	},
	"groups": [
		0,
		1,
		{
			"name": "race_flag",
			"origin": [8, 8, 8],
			"color": 0,
			"nbt": "{}",
			"children": [
				2,
				3,
				4,
				5,
				6,
				7,
				8,
				9,
				{
					"name": "race_flag",
					"origin": [8, 8, 8],
					"color": 0,
					"nbt": "{}",
					"children": [10, 11, 12, 13, 14, 15, 16, 17]
				}
			]
		}
	]
}