{
  "parent": "item/generated",
  "textures": {
   "layer0": "item/carved_pumpkin"
  },
  "overrides": [
   {
    "predicate": {
     "custom_model_data": 0
    },
    "model": "item/carved_pumpkin/carved_pumpkin"
   },
   {
    "predicate": {
     "custom_model_data": 1
    },
    "model": "item/carved_pumpkin/frogcap"
   },
   {
    "predicate": {
     "custom_model_data": 2
    },
    "model": "item/carved_pumpkin/sombrero_cap"
   },
   {
    "predicate": {
     "custom_model_data": 3
    },
    "model": "item/carved_pumpkin/propeller_cap"
   },
   {
    "predicate": {
     "custom_model_data": 4
    },
    "model": "item/carved_pumpkin/baseball_cap"
   },
   {
    "predicate": {
     "custom_model_data": 5
    },
    "model": "item/carved_pumpkin/straw_hat"
   },
   {
    "predicate": {
     "custom_model_data": 6
    },
    "model": "item/carved_pumpkin/horns"
   }
  ]
}