{"credit":"Made with Blockbench","textures":{"0":"elitecreatures:fallen_city_furniture_v1/chesttexture","1":"elitecreatures:fallen_city_furniture_v1/chestanimation01","particle":"elitecreatures:fallen_city_furniture_v1/chesttexture"},"elements":[{"from":[1,7,1],"to":[3,8,15],"rotation":{"angle":0,"axis":"y","origin":[8,8.44526,10.03544]},"faces":{"north":{"uv":[6.5,9.75,7,10],"texture":"#0"},"east":{"uv":[8.5,9.5,12,9.75],"texture":"#0"},"south":{"uv":[6.5,10,7,10.25],"texture":"#0"},"west":{"uv":[2,9.75,5.5,10],"texture":"#0"},"up":{"uv":[0.5,12.25,0,8.75],"texture":"#0"},"down":{"uv":[1,8.75,0.5,12.25],"texture":"#0"}}},{"from":[13,7,1],"to":[15,8,15],"rotation":{"angle":0,"axis":"y","origin":[8,8.44526,10.03544]},"faces":{"north":{"uv":[8.5,10,9,10.25],"texture":"#0"},"east":{"uv":[5.5,9.75,2,10],"texture":"#0"},"south":{"uv":[10,8.5,10.5,8.75],"texture":"#0"},"west":{"uv":[2,10,5.5,10.25],"texture":"#0"},"up":{"uv":[0,12.25,0.5,8.75],"texture":"#0"},"down":{"uv":[2,8.75,1.5,12.25],"texture":"#0"}}},{"from":[3,7,1],"to":[13,8,3],"rotation":{"angle":0,"axis":"y","origin":[8,8.44526,10.03544]},"faces":{"north":{"uv":[10,6.5,12.5,6.75],"texture":"#0"},"east":{"uv":[10,8.75,10.5,9],"texture":"#0"},"south":{"uv":[10,6.75,12.5,7],"texture":"#0"},"west":{"uv":[9,10,9.5,10.25],"texture":"#0"},"up":{"uv":[4.5,9.25,2,8.75],"texture":"#0"},"down":{"uv":[7,8.75,4.5,9.25],"texture":"#0"}}},{"from":[3,7,13],"to":[13,8,15],"rotation":{"angle":0,"axis":"y","origin":[8,8.44526,10.03544]},"faces":{"north":{"uv":[10,7,12.5,7.25],"texture":"#0"},"east":{"uv":[10,9,10.5,9.25],"texture":"#0"},"south":{"uv":[10,7.25,12.5,7.5],"texture":"#0"},"west":{"uv":[10,9.25,10.5,9.5],"texture":"#0"},"up":{"uv":[4.5,9.75,2,9.25],"texture":"#0"},"down":{"uv":[7,9.25,4.5,9.75],"texture":"#0"}}},{"from":[1,0,1],"to":[15,7,15],"rotation":{"angle":0,"axis":"y","origin":[8,8.44526,10.03544]},"faces":{"north":{"uv":[0.5,0.5,14.5,7.5],"texture":"#1"},"east":{"uv":[7.5,0.5,4,2.25],"texture":"#0"},"south":{"uv":[4,0.5,7.5,2.25],"texture":"#0"},"west":{"uv":[0.5,8,14.5,15],"texture":"#1"},"up":{"uv":[7,3.5,3.5,0],"texture":"#0"},"down":{"uv":[7,3.5,3.5,7],"texture":"#0"}}},{"from":[1,8,1],"to":[15,14,15],"rotation":{"angle":0,"axis":"y","origin":[8,9.5,4.25]},"faces":{"north":{"uv":[12,5,8.5,3.5],"rotation":180,"texture":"#0"},"east":{"uv":[8.5,7,7,10.5],"rotation":90,"texture":"#0"},"south":{"uv":[8.5,7,7,10.5],"rotation":90,"texture":"#0"},"west":{"uv":[7,7,8.5,10.5],"rotation":270,"texture":"#0"},"up":{"uv":[0,3.5,3.5,7],"texture":"#0"},"down":{"uv":[0,0,3.5,3.5],"rotation":180,"texture":"#0"}}},{"from":[7,6,0],"to":[9,10,1],"rotation":{"angle":0,"axis":"y","origin":[8,9.5,4.25]},"faces":{"north":{"uv":[6,10.75,5.5,9.75],"rotation":180,"texture":"#0"},"east":{"uv":[10,7.5,11,7.75],"rotation":90,"texture":"#0"},"south":{"uv":[6.5,9.75,6,10.75],"texture":"#0"},"west":{"uv":[10,7.75,11,8],"rotation":270,"texture":"#0"},"up":{"uv":[10,8.25,10.5,8.5],"texture":"#0"},"down":{"uv":[10,8,10.5,8.25],"rotation":180,"texture":"#0"}}},{"from":[3,7.5,7],"to":[9,7.5,13],"rotation":{"angle":0,"axis":"y","origin":[8,8.44526,10.03544]},"faces":{"north":{"uv":[0,0,1.5,0],"texture":"#0"},"east":{"uv":[0,0,1.5,0],"texture":"#0"},"south":{"uv":[0,0,1.5,0],"texture":"#0"},"west":{"uv":[0,0,1.5,0],"texture":"#0"},"up":{"uv":[10,8,8.5,6.5],"texture":"#0"},"down":{"uv":[10,6.5,8.5,8],"texture":"#0"}}}],"gui_light":"front","display":{"thirdperson_righthand":{"rotation":[75,45,0],"translation":[0,2.25,0.25],"scale":[0.21484,0.21484,0.21484]},"thirdperson_lefthand":{"rotation":[75,45,0],"translation":[0,2.25,0.25],"scale":[0.21484,0.21484,0.21484]},"firstperson_righthand":{"rotation":[0,135,0],"translation":[2,4.5,0],"scale":[0.32578,0.32578,0.32578]},"firstperson_lefthand":{"rotation":[0,135,0],"translation":[2,4.5,0],"scale":[0.32578,0.32578,0.32578]},"ground":{"translation":[0,6,0],"scale":[0.5,0.5,0.5]},"gui":{"rotation":[30,135,0],"translation":[0,0.5,0],"scale":[0.65234,0.65234,0.65234]},"head":{"rotation":[0,180,0],"translation":[0,-30.4,0],"scale":[1.6,1.6,1.6]},"fixed":{"rotation":[-90,0,0],"translation":[0,0,-16],"scale":[2,2,2]}},"mcmodels":"ea71bd802f684404974b1cfacb813cfb"}