{"credit":"Made with Blockbench","texture_size":[32,32],"textures":{"0":"elitecreatures:fallen_city_furniture_v1/flagontexture","1":"elitecreatures:fallen_city_furniture_v1/flagonanimation01","particle":"elitecreatures:fallen_city_furniture_v1/flagontexture"},"elements":[{"from":[5.25,8,10.25],"to":[10.75,9,10.75],"rotation":{"angle":0,"axis":"y","origin":[7,0,7]},"faces":{"north":{"uv":[0,8,2.75,8.5],"texture":"#0"},"east":{"uv":[4,9.5,4.25,10],"texture":"#0"},"south":{"uv":[3,8,5.75,8.5],"texture":"#0"},"west":{"uv":[4.5,9.5,4.75,10],"texture":"#0"},"up":{"uv":[11.75,3.75,9,3.5],"texture":"#0"},"down":{"uv":[11.75,4,9,4.25],"texture":"#0"}}},{"from":[8,2,10.75],"to":[8,9,13.75],"rotation":{"angle":0,"axis":"y","origin":[7,0,7.5]},"faces":{"north":{"uv":[0,0,0,3.5],"texture":"#0"},"east":{"uv":[9,6,7.5,9.5],"texture":"#0"},"south":{"uv":[0,0,0,3.5],"texture":"#0"},"west":{"uv":[7.5,6,9,9.5],"texture":"#0"},"up":{"uv":[0,1.5,0,0],"texture":"#0"},"down":{"uv":[0,0,0,1.5],"texture":"#0"}}},{"from":[5.25,8,5.25],"to":[10.75,9,5.75],"rotation":{"angle":0,"axis":"y","origin":[7,0,2]},"faces":{"north":{"uv":[3,8,5.75,8.5],"texture":"#0"},"east":{"uv":[5,9.5,5.25,10],"texture":"#0"},"south":{"uv":[3,8.5,5.75,9],"texture":"#0"},"west":{"uv":[6,9.5,6.25,10],"texture":"#0"},"up":{"uv":[11.75,4.75,9,4.5],"texture":"#0"},"down":{"uv":[11.75,5,9,5.25],"texture":"#0"}}},{"from":[5.25,8,5.75],"to":[5.75,9,10.25],"rotation":{"angle":0,"axis":"y","origin":[7,0,2.5]},"faces":{"north":{"uv":[6.5,9.5,6.75,10],"texture":"#0"},"east":{"uv":[9,2,11.25,2.5],"texture":"#0"},"south":{"uv":[7,9.5,7.25,10],"texture":"#0"},"west":{"uv":[9,2.5,11.25,3],"texture":"#0"},"up":{"uv":[5.75,11.25,5.5,9],"texture":"#0"},"down":{"uv":[9.25,7.5,9,9.75],"texture":"#0"}}},{"from":[10.25,8,5.75],"to":[10.75,9,10.25],"rotation":{"angle":0,"axis":"y","origin":[12,0,2.5]},"faces":{"north":{"uv":[7.5,9.5,7.75,10],"texture":"#0"},"east":{"uv":[3,9,5.25,9.5],"texture":"#0"},"south":{"uv":[9.5,7.5,9.75,8],"texture":"#0"},"west":{"uv":[9,3,11.25,3.5],"texture":"#0"},"up":{"uv":[3.25,11.75,3,9.5],"texture":"#0"},"down":{"uv":[3.75,9.5,3.5,11.75],"texture":"#0"}}},{"from":[5.25,0,5.25],"to":[10.75,8,10.75],"rotation":{"angle":0,"axis":"y","origin":[7,0,7]},"faces":{"north":{"uv":[0,0,2.75,4],"texture":"#0"},"east":{"uv":[3,4,5.75,8],"texture":"#0"},"south":{"uv":[0,4,2.75,8],"texture":"#0"},"west":{"uv":[3,4,5.75,8],"texture":"#0"},"up":{"uv":[8.75,2.75,6,0],"texture":"#0"},"down":{"uv":[8.75,3,6,5.75],"texture":"#0"}}},{"from":[7.25,5.42284,4.36209],"to":[8.75,8.92284,5.86209],"rotation":{"angle":-22.5,"axis":"x","origin":[8,7.42284,5.36209]},"faces":{"north":{"uv":[0,9,0.75,10.75],"texture":"#0"},"east":{"uv":[2.75,9,2,10.75],"texture":"#0"},"south":{"uv":[1,9,1.75,10.75],"texture":"#0"},"west":{"uv":[2,9,2.75,10.75],"texture":"#0"},"up":{"uv":[9.75,6.25,9,5.5],"texture":"#0"},"down":{"uv":[9.75,6.5,9,7.25],"texture":"#0"}}},{"from":[5.75,8.25,5.75],"to":[10.25,8.25,10.25],"rotation":{"angle":0,"axis":"y","origin":[8.25,6.25,8.25]},"faces":{"north":{"uv":[0,0,2.25,0],"texture":"#1"},"east":{"uv":[0,0,2.25,0],"texture":"#1"},"south":{"uv":[0,0,2.25,0],"texture":"#1"},"west":{"uv":[0,0,2.25,0],"texture":"#1"},"up":{"uv":[4,4.5,8.5,9],"texture":"#1"},"down":{"uv":[4,4.5,8.5,9],"texture":"#1"}}}],"gui_light":"front","display":{"thirdperson_righthand":{"rotation":[75,45,0],"translation":[0,2,1.25],"scale":[0.41797,0.41797,0.41797]},"thirdperson_lefthand":{"rotation":[75,45,0],"translation":[0,2,1.25],"scale":[0.41797,0.41797,0.41797]},"firstperson_righthand":{"rotation":[0,225,0],"translation":[2.75,4.5,0],"scale":[0.45664,0.45664,0.45664]},"firstperson_lefthand":{"rotation":[0,225,0],"translation":[2.75,4.5,0],"scale":[0.45664,0.45664,0.45664]},"ground":{"translation":[0,6,0],"scale":[0.8,0.8,0.8]},"gui":{"rotation":[30,135,0],"translation":[0,3,0],"scale":[1.0957,1.0957,1.0957]},"head":{"rotation":[0,180,0],"translation":[0,-30.4,0],"scale":[1.6,1.6,1.6]},"fixed":{"rotation":[-90,0,0],"translation":[0,0,-16],"scale":[2,2,2]}},"mcmodels":"ea71bd802f684404974b1cfacb813cfb"}