{"credit":"Made with Blockbench","texture_size":[64,64],"textures":{"0":"elitecreatures:fallen_city_furniture_v1/lamppost1texture","1":"elitecreatures:fallen_city_furniture_v1/lamppost1animation01","particle":"elitecreatures:fallen_city_furniture_v1/lamppost1texture"},"elements":[{"from":[6,-15.5,6],"to":[10,-9,10],"rotation":{"angle":0,"axis":"y","origin":[7,-16,7]},"faces":{"north":{"uv":[5,4,6,5.625],"texture":"#0"},"east":{"uv":[5,4,6,5.625],"texture":"#0"},"south":{"uv":[5,4,6,5.625],"texture":"#0"},"west":{"uv":[5,4,6,5.625],"texture":"#0"},"up":{"uv":[7.5,2,6.5,1],"texture":"#0"},"down":{"uv":[4,6.5,3,7.5],"texture":"#0"}}},{"from":[5,-16,5],"to":[11,-15.5,11],"rotation":{"angle":0,"axis":"y","origin":[7,-16,7]},"faces":{"north":{"uv":[4,2.375,5.5,2.5],"texture":"#0"},"east":{"uv":[4,2.5,4.125,1],"rotation":90,"texture":"#0"},"south":{"uv":[5.5,1,4,1.125],"texture":"#0"},"west":{"uv":[5.375,1,5.5,2.5],"rotation":90,"texture":"#0"},"up":{"uv":[5.5,2.5,4,1],"texture":"#0"},"down":{"uv":[5.5,2.5,4,4],"texture":"#0"}}},{"from":[6.75,-9,6.75],"to":[9.25,31,9.25],"rotation":{"angle":0,"axis":"y","origin":[7,6,7]},"faces":{"north":{"uv":[1.375,0,0.75,10],"texture":"#0"},"east":{"uv":[0.75,0,1.375,10],"texture":"#0"},"south":{"uv":[1.375,0,0.75,10],"texture":"#0"},"west":{"uv":[0.75,0,1.375,10],"texture":"#0"},"up":{"uv":[3.625,8.125,3,7.5],"texture":"#0"},"down":{"uv":[4.375,7.5,3.75,8.125],"texture":"#0"}}},{"from":[7,27.25,-10.75],"to":[9,29.25,10.75],"rotation":{"angle":0,"axis":"y","origin":[7,9,4.5]},"faces":{"north":{"uv":[7.5,5.75,8,6.25],"texture":"#0"},"east":{"uv":[3,0,8.375,0.5],"texture":"#0"},"south":{"uv":[7.5,7,8,7.5],"texture":"#0"},"west":{"uv":[8.375,0,3,0.5],"texture":"#0"},"up":{"uv":[3.5,6.375,3,1],"texture":"#0"},"down":{"uv":[4,1,3.5,6.375],"texture":"#0"}}},{"from":[6.5,26.75,-10],"to":[9.5,29.75,-6],"rotation":{"angle":0,"axis":"y","origin":[7,8.75,6.5]},"faces":{"north":{"uv":[7.25,4,8,4.75],"texture":"#0"},"east":{"uv":[6.75,2.5,7.75,3.25],"texture":"#0"},"south":{"uv":[7.5,1,8.25,1.75],"texture":"#0"},"west":{"uv":[7.75,2.5,6.75,3.25],"texture":"#0"},"up":{"uv":[6.75,8,6,7],"texture":"#0"},"down":{"uv":[7.5,7,6.75,8],"texture":"#0"}}},{"from":[7,22.25,-9],"to":[9,22.75,-7],"rotation":{"angle":0,"axis":"y","origin":[8,22.5,-8]},"faces":{"north":{"uv":[7.5,1.75,8,1.875],"texture":"#0"},"east":{"uv":[7.5,6.25,8,6.375],"texture":"#0"},"south":{"uv":[8.75,5,9.25,5.125],"texture":"#0"},"west":{"uv":[8.75,5.25,9.25,5.375],"texture":"#0"},"up":{"uv":[8,8,7.5,7.5],"texture":"#0"},"down":{"uv":[8.25,2.5,7.75,3],"texture":"#0"}}},{"from":[7,26.25,-9],"to":[9,26.75,-7],"rotation":{"angle":0,"axis":"y","origin":[8,26.5,-8]},"faces":{"north":{"uv":[8.75,5.5,9.25,5.625],"texture":"#0"},"east":{"uv":[8.75,5.75,9.25,5.875],"texture":"#0"},"south":{"uv":[6,8.75,6.5,8.875],"texture":"#0"},"west":{"uv":[8.75,6,9.25,6.125],"texture":"#0"},"up":{"uv":[8.5,4.5,8,4],"texture":"#0"},"down":{"uv":[8.5,4.5,8,5],"texture":"#0"}}},{"from":[5.75,21.75,-10.25],"to":[10.25,22.25,-5.75],"rotation":{"angle":0,"axis":"y","origin":[8,19,-8]},"faces":{"north":{"uv":[5.5,3.75,6.625,3.875],"texture":"#0"},"east":{"uv":[5.5,3.875,5.625,2.75],"rotation":90,"texture":"#0"},"south":{"uv":[6.625,2.75,5.5,2.875],"texture":"#0"},"west":{"uv":[6.5,3.875,6.625,2.75],"rotation":270,"texture":"#0"},"up":{"uv":[6.625,3.875,5.5,2.75],"texture":"#0"},"down":{"uv":[6.125,5.75,5,6.875],"texture":"#0"}}},{"from":[5.75,15.75,-10.25],"to":[10.25,16.25,-5.75],"rotation":{"angle":0,"axis":"y","origin":[8,19,-8]},"faces":{"north":{"uv":[5.5,3.875,6.625,3.75],"texture":"#0"},"east":{"uv":[5.625,3.875,5.5,2.75],"rotation":90,"texture":"#0"},"south":{"uv":[6.625,2.875,5.5,2.75],"texture":"#0"},"west":{"uv":[6.625,3.875,6.5,2.75],"rotation":270,"texture":"#0"},"up":{"uv":[6.125,6.875,5,5.75],"texture":"#0"},"down":{"uv":[6.625,2.75,5.5,3.875],"texture":"#0"}}},{"from":[9.5,16.25,-10],"to":[10,21.75,-9.5],"rotation":{"angle":0,"axis":"y","origin":[9.75,19,-9.75]},"faces":{"north":{"uv":[8,8.25,8.125,9.625],"texture":"#0"},"east":{"uv":[8,8.25,8.125,9.625],"texture":"#0"},"south":{"uv":[8,8.25,8.125,9.625],"texture":"#0"},"west":{"uv":[8,8.25,8.125,9.625],"texture":"#0"},"up":{"uv":[6.125,5.375,6,5.25],"texture":"#0"},"down":{"uv":[6.125,5.5,6,5.625],"texture":"#0"}}},{"from":[9.5,16.25,-6.5],"to":[10,21.75,-6],"rotation":{"angle":0,"axis":"y","origin":[9.75,19,-6.25]},"faces":{"north":{"uv":[8,8.25,8.125,9.625],"texture":"#0"},"east":{"uv":[8,8.25,8.125,9.625],"texture":"#0"},"south":{"uv":[8,8.25,8.125,9.625],"texture":"#0"},"west":{"uv":[8,8.25,8.125,9.625],"texture":"#0"},"up":{"uv":[6.125,5.375,6,5.25],"texture":"#0"},"down":{"uv":[6.125,5.5,6,5.625],"texture":"#0"}}},{"from":[6,16.25,-6.5],"to":[6.5,21.75,-6],"rotation":{"angle":0,"axis":"y","origin":[6.25,19,-6.25]},"faces":{"north":{"uv":[8,8.25,8.125,9.625],"texture":"#0"},"east":{"uv":[8,8.25,8.125,9.625],"texture":"#0"},"south":{"uv":[8,8.25,8.125,9.625],"texture":"#0"},"west":{"uv":[8,8.25,8.125,9.625],"texture":"#0"},"up":{"uv":[6.125,5.375,6,5.25],"texture":"#0"},"down":{"uv":[6.125,5.5,6,5.625],"texture":"#0"}}},{"from":[6,16.25,-10],"to":[6.5,21.75,-9.5],"rotation":{"angle":0,"axis":"y","origin":[6.25,19,-9.75]},"faces":{"north":{"uv":[8,8.25,8.125,9.625],"texture":"#0"},"east":{"uv":[8,8.25,8.125,9.625],"texture":"#0"},"south":{"uv":[8,8.25,8.125,9.625],"texture":"#0"},"west":{"uv":[8,8.25,8.125,9.625],"texture":"#0"},"up":{"uv":[6.125,5.375,6,5.25],"texture":"#0"},"down":{"uv":[6.125,5.5,6,5.625],"texture":"#0"}}},{"from":[7.25,16.25,-8.75],"to":[8.75,18.75,-7.25],"rotation":{"angle":0,"axis":"y","origin":[7,-4.25,6.5]},"faces":{"north":{"uv":[8.375,5,8,5.625],"texture":"#0"},"east":{"uv":[8,5,8.375,5.625],"texture":"#0"},"south":{"uv":[8.375,5,8,5.625],"texture":"#0"},"west":{"uv":[8,5,8.375,5.625],"texture":"#0"},"up":{"uv":[9.125,4.375,8.75,4],"texture":"#0"},"down":{"uv":[9.125,4.5,8.75,4.875],"texture":"#0"}}},{"from":[7,17.275,-9],"to":[9,18.775,-7],"rotation":{"angle":0,"axis":"y","origin":[7,-4.225,6.5]},"faces":{"north":{"uv":[8.25,1.5,8.75,1.875],"texture":"#0"},"east":{"uv":[8.25,1.5,8.75,1.875],"texture":"#0"},"south":{"uv":[8.25,1.5,8.75,1.875],"texture":"#0"},"west":{"uv":[8.25,1.5,8.75,1.875],"texture":"#0"},"up":{"uv":[8.25,3.5,7.75,3],"texture":"#0"},"down":{"uv":[8.25,3.5,7.75,4],"texture":"#0"}}},{"from":[7.25,18.5,-8],"to":[8.75,22,-8],"rotation":{"angle":45,"axis":"y","origin":[8,19.75,-8]},"faces":{"north":{"uv":[6,0,0,14],"texture":"#1"},"east":{"uv":[0,0,0,0.625],"texture":"#0"},"south":{"uv":[0,0,6,14],"texture":"#1"},"west":{"uv":[0,0,0,0.625],"texture":"#0"},"up":{"uv":[0.375,0,0,0],"texture":"#0"},"down":{"uv":[0.375,0,0,0],"texture":"#0"}}},{"from":[8,18.5,-8.75],"to":[8,22,-7.25],"rotation":{"angle":45,"axis":"y","origin":[8,20.25,-8]},"faces":{"north":{"uv":[0,0,0,0.625],"texture":"#0"},"east":{"uv":[6,0,0,14],"texture":"#1"},"south":{"uv":[0,0,0,0.625],"texture":"#0"},"west":{"uv":[0,0,6,14],"texture":"#1"},"up":{"uv":[0.375,0,0,0],"rotation":90,"texture":"#0"},"down":{"uv":[0.375,0,0,0],"rotation":270,"texture":"#0"}}},{"from":[7.25,22.75,-8],"to":[8.75,26.25,-8],"rotation":{"angle":45,"axis":"y","origin":[8,23.75,-8]},"faces":{"north":{"uv":[7.875,4.75,7.5,5.625],"texture":"#0"},"east":{"uv":[0,0,0,0.875],"texture":"#0"},"south":{"uv":[7.5,4.75,7.875,5.625],"texture":"#0"},"west":{"uv":[0,0,0,0.875],"texture":"#0"},"up":{"uv":[0.375,0,0,0],"texture":"#0"},"down":{"uv":[0.375,0,0,0],"texture":"#0"}}},{"from":[8,22.75,-8.75],"to":[8,26.25,-7.25],"rotation":{"angle":45,"axis":"y","origin":[8,23.75,-8]},"faces":{"north":{"uv":[0,0,0,0.875],"texture":"#0"},"east":{"uv":[4.5,7.5,4.875,8.375],"texture":"#0"},"south":{"uv":[0,0,0,0.875],"texture":"#0"},"west":{"uv":[4.5,7.5,4.875,8.375],"texture":"#0"},"up":{"uv":[0.375,0,0,0],"rotation":270,"texture":"#0"},"down":{"uv":[0.375,0,0,0],"rotation":90,"texture":"#0"}}},{"from":[7.25,27.5,0.75],"to":[8.75,29,10.25],"rotation":{"angle":45,"axis":"x","origin":[8,28.25,0.5]},"faces":{"north":{"uv":[8.5,0,8.875,0.375],"texture":"#0"},"east":{"uv":[6.5,2,8.875,2.375],"texture":"#0"},"south":{"uv":[8.5,0.5,8.875,0.875],"texture":"#0"},"west":{"uv":[6.5,2,8.875,2.375],"texture":"#0"},"up":{"uv":[5.375,9.375,5,7],"texture":"#0"},"down":{"uv":[5.875,7,5.5,9.375],"texture":"#0"}}}],"gui_light":"front","display":{"thirdperson_righthand":{"rotation":[75,45,0],"translation":[0,0.75,1.25],"scale":[0.25,0.25,0.25]},"thirdperson_lefthand":{"rotation":[75,45,0],"translation":[0,0.75,1.25],"scale":[0.25,0.25,0.25]},"firstperson_righthand":{"rotation":[0,135,0],"translation":[3.25,6.25,0],"scale":[0.25195,0.25195,0.25195]},"firstperson_lefthand":{"rotation":[0,135,0],"translation":[3.25,6.25,0],"scale":[0.25195,0.25195,0.25195]},"ground":{"translation":[0,11,0],"scale":[0.4,0.4,0.4]},"gui":{"rotation":[30,135,0],"translation":[0.5,0.25,0],"scale":[0.35352,0.35352,0.35352]},"head":{"rotation":[0,180,0],"translation":[0,-4.8,0],"scale":[1.6,1.6,1.6]},"fixed":{"rotation":[-90,0,0],"translation":[0,0,-48],"scale":[2,2,2]}},"mcmodels":"ea71bd802f684404974b1cfacb813cfb"}