{
	"credit": "Made with Blockbench",
	"texture_size": [40, 40],
	"textures": {
		"1": "leonemc:item/model/crown/crown_1"
	},
	"elements": [
		{
			"from": [5.55, 0, 4.5],
			"to": [10.45, 1.25, 5.75],
			"rotation": {"angle": 0, "axis": "y", "origin": [7.5, 0, 7.5]},
			"faces": {
				"north": {"uv": [10.4, 0, 12.4, 0.5], "texture": "#1"},
				"east": {"uv": [12.4, 4.8, 12.9, 5.3], "texture": "#1"},
				"south": {"uv": [10.4, 0.8, 12.4, 1.3], "texture": "#1"},
				"west": {"uv": [12.4, 6.8, 12.9, 7.3], "texture": "#1"},
				"up": {"uv": [12.4, 2.1, 10.4, 1.6], "texture": "#1"},
				"down": {"uv": [12.4, 2.4, 10.4, 2.9], "texture": "#1"}
			}
		},
		{
			"from": [5.55, 0, 10.25],
			"to": [10.45, 1.25, 11.5],
			"rotation": {"angle": 0, "axis": "y", "origin": [7.5, 0, 8.5]},
			"faces": {
				"north": {"uv": [10.4, 3.2, 12.4, 3.7], "texture": "#1"},
				"east": {"uv": [11.6, 12.4, 12.1, 12.9], "texture": "#1"},
				"south": {"uv": [4, 10.4, 6, 10.9], "texture": "#1"},
				"west": {"uv": [12.4, 12.4, 12.9, 12.9], "texture": "#1"},
				"up": {"uv": [12.4, 4.5, 10.4, 4], "texture": "#1"},
				"down": {"uv": [12.4, 4.8, 10.4, 5.3], "texture": "#1"}
			}
		},
		{
			"from": [4.55, 0, 4.5],
			"to": [5.55, 1.25, 11.5],
			"rotation": {"angle": 0, "axis": "y", "origin": [-0.95, 0, 7.5]},
			"faces": {
				"north": {"uv": [7.6, 11.6, 8, 12.1], "texture": "#1"},
				"east": {"uv": [8.4, 6, 11.2, 6.5], "texture": "#1"},
				"south": {"uv": [2.8, 12.8, 3.2, 13.3], "texture": "#1"},
				"west": {"uv": [8.4, 9.2, 11.2, 9.7], "texture": "#1"},
				"up": {"uv": [3.2, 12.8, 2.8, 10], "texture": "#1"},
				"down": {"uv": [3.6, 10, 3.2, 12.8], "texture": "#1"}
			}
		},
		{
			"from": [10.45, 0, 4.5],
			"to": [11.45, 1.25, 11.5],
			"rotation": {"angle": 0, "axis": "y", "origin": [16.95, 0, 7.5]},
			"faces": {
				"north": {"uv": [3.2, 12.8, 3.6, 13.3], "texture": "#1"},
				"east": {"uv": [9.6, 6.8, 12.4, 7.3], "texture": "#1"},
				"south": {"uv": [3.6, 12.8, 4, 13.3], "texture": "#1"},
				"west": {"uv": [0, 10, 2.8, 10.5], "texture": "#1"},
				"up": {"uv": [4, 12.8, 3.6, 10], "texture": "#1"},
				"down": {"uv": [8.8, 10, 8.4, 12.8], "texture": "#1"}
			}
		},
		{
			"from": [4.65, 3.35, 4.6],
			"to": [5.55, 4.15, 11.4],
			"rotation": {"angle": 0, "axis": "y", "origin": [-0.95, 0, 7.5]},
			"faces": {
				"north": {"uv": [10.4, 7.6, 10.8, 7.9], "texture": "#1"},
				"east": {"uv": [11.2, 6.4, 13.9, 6.7], "texture": "#1"},
				"south": {"uv": [12.8, 8, 13.2, 8.3], "texture": "#1"},
				"west": {"uv": [10.4, 11.6, 13.1, 11.9], "texture": "#1"},
				"up": {"uv": [9.2, 12.7, 8.8, 10], "texture": "#1"},
				"down": {"uv": [9.6, 10, 9.2, 12.7], "texture": "#1"}
			}
		},
		{
			"from": [5.55, 3.35, 10.15],
			"to": [10.45, 4.15, 11.4],
			"rotation": {"angle": 0, "axis": "y", "origin": [7.5, 0, 8.5]},
			"faces": {
				"north": {"uv": [4, 12, 6, 12.3], "texture": "#1"},
				"east": {"uv": [10.4, 5.6, 10.9, 5.9], "texture": "#1"},
				"south": {"uv": [12.4, 0.4, 14.4, 0.7], "texture": "#1"},
				"west": {"uv": [12.4, 11.2, 12.9, 11.5], "texture": "#1"},
				"up": {"uv": [12.4, 10.5, 10.4, 10], "texture": "#1"},
				"down": {"uv": [2, 10.8, 0, 11.3], "texture": "#1"}
			}
		},
		{
			"from": [10.45, 3.35, 4.6],
			"to": [11.35, 4.15, 11.4],
			"rotation": {"angle": 0, "axis": "y", "origin": [16.95, 0, 7.5]},
			"faces": {
				"north": {"uv": [12.8, 8.4, 13.2, 8.7], "texture": "#1"},
				"east": {"uv": [10.4, 12, 13.1, 12.3], "texture": "#1"},
				"south": {"uv": [8.8, 12.8, 9.2, 13.1], "texture": "#1"},
				"west": {"uv": [12.4, 0, 15.1, 0.3], "texture": "#1"},
				"up": {"uv": [10, 12.7, 9.6, 10], "texture": "#1"},
				"down": {"uv": [10.4, 10, 10, 12.7], "texture": "#1"}
			}
		},
		{
			"from": [5.55, 3.35, 4.6],
			"to": [10.45, 4.15, 5.85],
			"rotation": {"angle": 0, "axis": "y", "origin": [7.5, 0, 7.5]},
			"faces": {
				"north": {"uv": [12.4, 0.8, 14.4, 1.1], "texture": "#1"},
				"east": {"uv": [12.8, 7.6, 13.3, 7.9], "texture": "#1"},
				"south": {"uv": [12.4, 1.2, 14.4, 1.5], "texture": "#1"},
				"west": {"uv": [8, 12.8, 8.5, 13.1], "texture": "#1"},
				"up": {"uv": [8, 11.3, 6, 10.8], "texture": "#1"},
				"down": {"uv": [12.8, 7.6, 10.8, 8.1], "texture": "#1"}
			}
		},
		{
			"from": [4.8, 0.5, 4.7],
			"to": [11.2, 4, 11.3],
			"rotation": {"angle": 0, "axis": "y", "origin": [7.5, -0.025, 7.5]},
			"faces": {
				"north": {"uv": [2.8, 4.8, 5.4, 6.2], "texture": "#1"},
				"east": {"uv": [2.8, 4.8, 5.4, 6.2], "texture": "#1"},
				"south": {"uv": [2.8, 4.8, 5.4, 6.2], "texture": "#1"},
				"west": {"uv": [2.8, 4.8, 5.4, 6.2], "texture": "#1"},
				"up": {"uv": [2.6, 2.6, 0, 0], "texture": "#1"},
				"down": {"uv": [2.6, 2.8, 0, 5.4], "texture": "#1"}
			}
		},
		{
			"from": [5.8, 4, 5.8],
			"to": [10.2, 6.25, 10.2],
			"rotation": {"angle": 0, "axis": "y", "origin": [7.5, -0.025, 7.5]},
			"faces": {
				"north": {"uv": [2.8, 7.6, 4.6, 8.5], "texture": "#1"},
				"east": {"uv": [7.6, 6.8, 9.4, 7.7], "texture": "#1"},
				"south": {"uv": [4.8, 8, 6.6, 8.9], "texture": "#1"},
				"west": {"uv": [6.8, 8, 8.6, 8.9], "texture": "#1"},
				"up": {"uv": [1.8, 7.4, 0, 5.6], "texture": "#1"},
				"down": {"uv": [7.4, 0, 5.6, 1.8], "texture": "#1"}
			}
		},
		{
			"from": [5.8, 4.39178, 5.01962],
			"to": [10.2, 6.64178, 6.16962],
			"rotation": {"angle": -22.5, "axis": "x", "origin": [8, 5.51678, 6.96962]},
			"faces": {
				"north": {"uv": [8.4, 1.2, 10.2, 2.1], "texture": "#1"},
				"east": {"uv": [4.8, 12.4, 5.3, 13.3], "texture": "#1"},
				"south": {"uv": [8.4, 2.4, 10.2, 3.3], "texture": "#1"},
				"west": {"uv": [5.6, 12.4, 6.1, 13.3], "texture": "#1"},
				"up": {"uv": [12.6, 8.9, 10.8, 8.4], "texture": "#1"},
				"down": {"uv": [12.2, 10.8, 10.4, 11.3], "texture": "#1"}
			}
		},
		{
			"from": [5.8, 4.39178, 9.83038],
			"to": [10.2, 6.64178, 10.98038],
			"rotation": {"angle": 22.5, "axis": "x", "origin": [8, 5.51678, 9.03038]},
			"faces": {
				"north": {"uv": [8.4, 2.4, 10.2, 3.3], "texture": "#1"},
				"east": {"uv": [5.6, 12.4, 6.1, 13.3], "texture": "#1"},
				"south": {"uv": [8.4, 1.2, 10.2, 2.1], "texture": "#1"},
				"west": {"uv": [4.8, 12.4, 5.3, 13.3], "texture": "#1"},
				"up": {"uv": [10.8, 8.4, 12.6, 8.9], "texture": "#1"},
				"down": {"uv": [10.4, 11.3, 12.2, 10.8], "texture": "#1"}
			}
		},
		{
			"from": [5.11962, 4.39178, 5.8],
			"to": [6.16962, 6.64178, 10.2],
			"rotation": {"angle": 22.5, "axis": "z", "origin": [6.96962, 5.51678, 8]},
			"faces": {
				"north": {"uv": [12.4, 10, 12.8, 10.9], "texture": "#1"},
				"east": {"uv": [0, 8.8, 1.8, 9.7], "texture": "#1"},
				"south": {"uv": [10.4, 12.4, 10.8, 13.3], "texture": "#1"},
				"west": {"uv": [2, 8.8, 3.8, 9.7], "texture": "#1"},
				"up": {"uv": [8.4, 12.6, 8, 10.8], "texture": "#1"},
				"down": {"uv": [1.2, 11.6, 0.8, 13.4], "texture": "#1"}
			}
		},
		{
			"from": [9.83038, 4.39178, 5.8],
			"to": [10.88038, 6.64178, 10.2],
			"rotation": {"angle": -22.5, "axis": "z", "origin": [9.03038, 5.51678, 8]},
			"faces": {
				"north": {"uv": [12.8, 10, 12.4, 10.9], "texture": "#1"},
				"east": {"uv": [3.8, 8.8, 2, 9.7], "texture": "#1"},
				"south": {"uv": [10.8, 12.4, 10.4, 13.3], "texture": "#1"},
				"west": {"uv": [1.8, 8.8, 0, 9.7], "texture": "#1"},
				"up": {"uv": [8, 12.6, 8.4, 10.8], "texture": "#1"},
				"down": {"uv": [0.8, 11.6, 1.2, 13.4], "texture": "#1"}
			}
		},
		{
			"from": [6.21149, 7.91392, 7.225],
			"to": [9.78649, 7.91392, 8.775],
			"rotation": {"angle": 0, "axis": "z", "origin": [8.78649, 7.91392, 8]},
			"faces": {
				"north": {"uv": [0, 0, 1.4, 0], "texture": "#1"},
				"east": {"uv": [0, 0, 0.6, 0], "texture": "#1"},
				"south": {"uv": [0, 0, 1.4, 0], "texture": "#1"},
				"west": {"uv": [0, 0, 0.6, 0], "texture": "#1"},
				"up": {"uv": [12.6, 9.8, 11.2, 9.2], "texture": "#1"},
				"down": {"uv": [12.6, 9.8, 11.2, 9.2], "texture": "#1"}
			}
		},
		{
			"from": [7.46149, 7.91392, 7.55],
			"to": [8.53649, 8.91392, 8.45],
			"rotation": {"angle": 0, "axis": "z", "origin": [8.78649, 7.91392, 8]},
			"faces": {
				"north": {"uv": [4.8, 6.4, 5.2, 6.8], "texture": "#1"},
				"east": {"uv": [5.2, 6.4, 5.6, 6.8], "texture": "#1"},
				"south": {"uv": [4, 8.8, 4.4, 9.2], "texture": "#1"},
				"west": {"uv": [4.4, 8.8, 4.8, 9.2], "texture": "#1"},
				"up": {"uv": [10, 8, 9.6, 7.6], "texture": "#1"},
				"down": {"uv": [10.4, 7.6, 10, 8], "texture": "#1"}
			}
		},
		{
			"from": [7.71149, 8.91392, 7.8],
			"to": [8.28649, 9.91392, 8.2],
			"rotation": {"angle": 0, "axis": "z", "origin": [8.78649, 7.91392, 8]},
			"faces": {
				"north": {"uv": [12.8, 8.8, 13, 9.2], "texture": "#1"},
				"east": {"uv": [9.2, 12.8, 9.4, 13.2], "texture": "#1"},
				"south": {"uv": [12.8, 9.2, 13, 9.6], "texture": "#1"},
				"west": {"uv": [9.6, 12.8, 9.8, 13.2], "texture": "#1"},
				"up": {"uv": [13, 9.8, 12.8, 9.6], "texture": "#1"},
				"down": {"uv": [10.2, 12.8, 10, 13], "texture": "#1"}
			}
		},
		{
			"from": [6.46149, 7.91392, 8],
			"to": [9.53649, 11.16392, 8],
			"rotation": {"angle": 0, "axis": "z", "origin": [8.78649, 7.91392, 8]},
			"faces": {
				"north": {"uv": [6, 9.2, 7.2, 10.5], "texture": "#1"},
				"east": {"uv": [0, 0, 0, 1.3], "texture": "#1"},
				"south": {"uv": [6, 9.2, 7.2, 10.5], "texture": "#1"},
				"west": {"uv": [0, 0, 0, 1.3], "texture": "#1"},
				"up": {"uv": [1.2, 0, 0, 0], "texture": "#1"},
				"down": {"uv": [1.2, 0, 0, 0], "texture": "#1"}
			}
		},
		{
			"from": [7.25, 5.35285, 5.46747],
			"to": [8.75, 7.35285, 5.46747],
			"rotation": {"angle": 45, "axis": "x", "origin": [8, 6.85285, 6.46747]},
			"faces": {
				"north": {"uv": [12.4, 2.4, 13, 3.2], "texture": "#1"},
				"east": {"uv": [0, 0, 0, 0.8], "texture": "#1"},
				"south": {"uv": [12.4, 2.4, 13, 3.2], "texture": "#1"},
				"west": {"uv": [0, 0, 0, 0.8], "texture": "#1"},
				"up": {"uv": [0.6, 0, 0, 0], "texture": "#1"},
				"down": {"uv": [0.6, 0, 0, 0], "texture": "#1"}
			}
		},
		{
			"from": [4.8, 4, 4.7],
			"to": [11.2, 6.5, 4.7],
			"rotation": {"angle": 0, "axis": "y", "origin": [7.5, -0.025, 7.5]},
			"faces": {
				"north": {"uv": [5.6, 4.4, 8.2, 5.4], "texture": "#1"},
				"east": {"uv": [0, 0, 0, 1], "texture": "#1"},
				"south": {"uv": [5.6, 4.4, 8.2, 5.4], "texture": "#1"},
				"west": {"uv": [0, 0, 0, 1], "texture": "#1"},
				"up": {"uv": [2.6, 0, 0, 0], "texture": "#1"},
				"down": {"uv": [2.6, 0, 0, 0], "texture": "#1"}
			}
		},
		{
			"from": [7.25, 5.35285, 10.53253],
			"to": [8.75, 7.35285, 10.53253],
			"rotation": {"angle": -45, "axis": "x", "origin": [8, 6.85285, 9.53253]},
			"faces": {
				"north": {"uv": [13, 2.4, 12.4, 3.2], "texture": "#1"},
				"east": {"uv": [0, 0, 0, 0.8], "texture": "#1"},
				"south": {"uv": [13, 2.4, 12.4, 3.2], "texture": "#1"},
				"west": {"uv": [0, 0, 0, 0.8], "texture": "#1"},
				"up": {"uv": [0.6, 0, 0, 0], "texture": "#1"},
				"down": {"uv": [0.6, 0, 0, 0], "texture": "#1"}
			}
		},
		{
			"from": [4.8, 4, 11.3],
			"to": [11.2, 6.5, 11.3],
			"rotation": {"angle": 0, "axis": "y", "origin": [7.5, -0.025, 8.5]},
			"faces": {
				"north": {"uv": [8.2, 4.4, 5.6, 5.4], "texture": "#1"},
				"east": {"uv": [0, 0, 0, 1], "texture": "#1"},
				"south": {"uv": [8.2, 4.4, 5.6, 5.4], "texture": "#1"},
				"west": {"uv": [0, 0, 0, 1], "texture": "#1"},
				"up": {"uv": [2.6, 0, 0, 0], "texture": "#1"},
				"down": {"uv": [2.6, 0, 0, 0], "texture": "#1"}
			}
		},
		{
			"from": [7.25, 7.91392, 6.11149],
			"to": [8.75, 7.91392, 9.88649],
			"rotation": {"angle": 0, "axis": "z", "origin": [8, 7.91392, 8.68649]},
			"faces": {
				"north": {"uv": [0, 0, 0.6, 0], "texture": "#1"},
				"east": {"uv": [0, 0, 1.5, 0], "texture": "#1"},
				"south": {"uv": [0, 0, 0.6, 0], "texture": "#1"},
				"west": {"uv": [0, 0, 1.5, 0], "texture": "#1"},
				"up": {"uv": [2.6, 12.3, 2, 10.8], "texture": "#1"},
				"down": {"uv": [2.6, 12.3, 2, 10.8], "texture": "#1"}
			}
		},
		{
			"from": [4.801, 4, 4.7],
			"to": [4.801, 6.5, 11.3],
			"rotation": {"angle": 0, "axis": "y", "origin": [7.601, -0.025, 7.4]},
			"faces": {
				"north": {"uv": [0, 0, 0, 1], "texture": "#1"},
				"east": {"uv": [7.6, 0, 10.2, 1], "texture": "#1"},
				"south": {"uv": [0, 0, 0, 1], "texture": "#1"},
				"west": {"uv": [7.6, 0, 10.2, 1], "texture": "#1"},
				"up": {"uv": [0, 2.6, 0, 0], "texture": "#1"},
				"down": {"uv": [0, 0, 0, 2.6], "texture": "#1"}
			}
		},
		{
			"from": [5.56777, 5.35355, 7.225],
			"to": [5.56777, 7.35355, 8.775],
			"rotation": {"angle": -45, "axis": "z", "origin": [6.56777, 6.85355, 8]},
			"faces": {
				"north": {"uv": [0, 0, 0, 0.8], "texture": "#1"},
				"east": {"uv": [12.4, 4, 13, 4.8], "texture": "#1"},
				"south": {"uv": [0, 0, 0, 0.8], "texture": "#1"},
				"west": {"uv": [12.4, 4, 13, 4.8], "texture": "#1"},
				"up": {"uv": [0, 0.6, 0, 0], "texture": "#1"},
				"down": {"uv": [0, 0, 0, 0.6], "texture": "#1"}
			}
		},
		{
			"from": [10.43223, 5.35355, 7.225],
			"to": [10.43223, 7.35355, 8.775],
			"rotation": {"angle": 45, "axis": "z", "origin": [9.43223, 6.85355, 8]},
			"faces": {
				"north": {"uv": [0, 0, 0, 0.8], "texture": "#1"},
				"east": {"uv": [13, 4, 12.4, 4.8], "texture": "#1"},
				"south": {"uv": [0, 0, 0, 0.8], "texture": "#1"},
				"west": {"uv": [13, 4, 12.4, 4.8], "texture": "#1"},
				"up": {"uv": [0, 0.6, 0, 0], "texture": "#1"},
				"down": {"uv": [0, 0, 0, 0.6], "texture": "#1"}
			}
		},
		{
			"from": [11.199, 4, 4.7],
			"to": [11.199, 6.5, 11.3],
			"rotation": {"angle": 0, "axis": "y", "origin": [8.399, -0.025, 7.4]},
			"faces": {
				"north": {"uv": [0, 0, 0, 1], "texture": "#1"},
				"east": {"uv": [10.2, 0, 7.6, 1], "texture": "#1"},
				"south": {"uv": [0, 0, 0, 1], "texture": "#1"},
				"west": {"uv": [10.2, 0, 7.6, 1], "texture": "#1"},
				"up": {"uv": [0, 2.6, 0, 0], "texture": "#1"},
				"down": {"uv": [0, 0, 0, 2.6], "texture": "#1"}
			}
		}
	],
	"gui_light": "front",
	"display": {
		"thirdperson_righthand": {
			"rotation": [69, 0, 0],
			"translation": [0, 2.5, 3.25],
			"scale": [0.91, 0.91, 0.91]
		},
		"thirdperson_lefthand": {
			"rotation": [70, 0, 0],
			"translation": [0, 2.5, 3.25],
			"scale": [0.91, 0.91, 0.91]
		},
		"firstperson_righthand": {
			"rotation": [0, -45, 0],
			"translation": [0, 8.5, 0],
			"scale": [0.965, 0.965, 0.965]
		},
		"firstperson_lefthand": {
			"rotation": [0, -45, 0],
			"translation": [0, 8.5, 0],
			"scale": [0.965, 0.965, 0.965]
		},
		"ground": {
			"translation": [0, 7.5, 0],
			"scale": [1.22, 1.22, 1.22]
		},
		"gui": {
			"rotation": [16, 140, 0],
			"translation": [0, 2.75, 0],
			"scale": [1.01313, 1.01313, 1.01313]
		},
		"head": {
			"translation": [0, 20, 0.17],
			"scale": [2.26211, 2.26211, 2.26211]
		},
		"fixed": {
			"rotation": [-90, 0, 0],
			"translation": [-0.25, 0, -27],
			"scale": [3.3018, 3.3018, 3.3018]
		}
	},
	"groups": [
		{
			"name": "group",
			"origin": [8, 8, 8],
			"color": 0,
			"boneType": "",
			"children": [0, 1, 2, 3, 4, 5, 6, 7, 8, 9, 10, 11, 12, 13, 14, 15, 16, 17, 18, 19, 20, 21, 22, 23, 24, 25, 26]
		}
	]
}