{
	"credit": "Made with Blockbench",
	"texture_size": [28, 28],
	"textures": {
		"0": "leonemc:item/model/crown/crown_3",
		"particle": "leonemc:item/model/crown/crown_3"
	},
	"elements": [
		{
			"from": [4.6, 0.1, 4.6],
			"to": [11.4, 0.85, 11.4],
			"rotation": {"angle": 0, "axis": "y", "origin": [1.5, 0, 7.5]},
			"faces": {
				"north": {"uv": [12, 1.14286, 15.85714, 1.57143], "texture": "#0"},
				"east": {"uv": [12, 1.14286, 15.85714, 1.57143], "texture": "#0"},
				"south": {"uv": [12, 1.14286, 15.85714, 1.57143], "texture": "#0"},
				"west": {"uv": [12, 1.14286, 15.85714, 1.57143], "texture": "#0"},
				"up": {"uv": [3.85714, 3.85714, 0, 0], "texture": "#0"},
				"down": {"uv": [3.85714, 4, 0, 7.85714], "texture": "#0"}
			}
		},
		{
			"from": [4.75, 0.8, 4.75],
			"to": [11.25, 2.15, 11.25],
			"rotation": {"angle": 0, "axis": "y", "origin": [1.5, 0.1, 7.5]},
			"faces": {
				"north": {"uv": [0, 13.28571, 3.71429, 14], "texture": "#0"},
				"east": {"uv": [0, 13.28571, 3.71429, 14], "texture": "#0"},
				"south": {"uv": [0, 13.28571, 3.71429, 14], "texture": "#0"},
				"west": {"uv": [0, 13.28571, 3.71429, 14], "texture": "#0"},
				"up": {"uv": [11.71429, 3.71429, 8, 0], "texture": "#0"},
				"down": {"uv": [11.71429, 0, 8, 3.71429], "texture": "#0"}
			}
		},
		{
			"from": [4.6, 2.1, 4.6],
			"to": [11.4, 2.7, 11.4],
			"rotation": {"angle": 0, "axis": "y", "origin": [1.5, 0, 7.5]},
			"faces": {
				"north": {"uv": [12, 1.71429, 15.85714, 2], "texture": "#0"},
				"east": {"uv": [12, 1.71429, 15.85714, 2], "texture": "#0"},
				"south": {"uv": [12, 1.71429, 15.85714, 2], "texture": "#0"},
				"west": {"uv": [12, 1.71429, 15.85714, 2], "texture": "#0"},
				"up": {"uv": [7.85714, 3.85714, 4, 0], "texture": "#0"},
				"down": {"uv": [7.85714, 4, 4, 7.85714], "texture": "#0"}
			}
		},
		{
			"from": [4.85, 2.7, 4.85],
			"to": [11.15, 6.3, 4.85],
			"rotation": {"angle": 0, "axis": "y", "origin": [1.5, 0.6, 7.5]},
			"faces": {
				"north": {"uv": [0, 14, 3.85714, 16], "texture": "#0"},
				"south": {"uv": [0, 14, 3.85714, 16], "texture": "#0"},
				"up": {"uv": [3.85714, 0, 0, 0], "texture": "#0"},
				"down": {"uv": [3.85714, 0, 0, 0], "texture": "#0"}
			}
		},
		{
			"from": [11.149, 2.7, 4.85],
			"to": [11.149, 6.3, 11.15],
			"rotation": {"angle": 0, "axis": "y", "origin": [8.499, 0.6, 1.5]},
			"faces": {
				"east": {"uv": [0, 14, 3.85714, 16], "texture": "#0"},
				"west": {"uv": [0, 14, 3.85714, 16], "texture": "#0"},
				"up": {"uv": [3.85714, 0, 0, 0], "rotation": 90, "texture": "#0"},
				"down": {"uv": [3.85714, 0, 0, 0], "rotation": 270, "texture": "#0"}
			}
		},
		{
			"from": [4.85, 2.7, 11.15],
			"to": [11.15, 6.3, 11.15],
			"rotation": {"angle": 0, "axis": "y", "origin": [14.5, 0.6, 8.5]},
			"faces": {
				"north": {"uv": [0, 14, 3.85714, 16], "texture": "#0"},
				"south": {"uv": [0, 14, 3.85714, 16], "texture": "#0"},
				"up": {"uv": [0, 0, 3.85714, 0], "texture": "#0"},
				"down": {"uv": [0, 0, 3.85714, 0], "texture": "#0"}
			}
		},
		{
			"from": [4.851, 2.7, 4.85],
			"to": [4.851, 6.3, 11.15],
			"rotation": {"angle": 0, "axis": "y", "origin": [7.501, 0.6, 14.5]},
			"faces": {
				"east": {"uv": [0, 14, 3.85714, 16], "texture": "#0"},
				"west": {"uv": [0, 14, 3.85714, 16], "texture": "#0"},
				"up": {"uv": [0, 0, 3.85714, 0], "rotation": 90, "texture": "#0"},
				"down": {"uv": [0, 0, 3.85714, 0], "rotation": 270, "texture": "#0"}
			}
		},
		{
			"from": [4.725, 0.925, 4.725],
			"to": [11.275, 2.275, 11.275],
			"rotation": {"angle": 0, "axis": "y", "origin": [1.5, 0.1, 7.5]},
			"faces": {
				"north": {"uv": [12.28571, 15.28571, 16, 16], "texture": "#0"},
				"east": {"uv": [12.28571, 15.28571, 16, 16], "texture": "#0"},
				"south": {"uv": [12.28571, 15.28571, 16, 16], "texture": "#0"},
				"west": {"uv": [12.28571, 15.28571, 16, 16], "texture": "#0"},
				"up": {"uv": [16, 0, 16, 0], "texture": "#0"},
				"down": {"uv": [16, 0, 16, 0], "texture": "#0"}
			}
		}
	],
	"gui_light": "front",
	"display": {
		"thirdperson_righthand": {
			"rotation": [70, 0, 0],
			"translation": [0, 4, 4.75],
			"scale": [0.91, 0.91, 0.91]
		},
		"thirdperson_lefthand": {
			"rotation": [70, 0, 0],
			"translation": [0, 4, 4.75],
			"scale": [0.91, 0.91, 0.91]
		},
		"firstperson_righthand": {
			"rotation": [0, -45, 0],
			"translation": [0, 8.5, 0],
			"scale": [0.965, 0.965, 0.965]
		},
		"firstperson_lefthand": {
			"rotation": [0, -45, 0],
			"translation": [0, 8.5, 0],
			"scale": [0.965, 0.965, 0.965]
		},
		"ground": {
			"translation": [0, 7.5, 0],
			"scale": [1.22, 1.22, 1.22]
		},
		"gui": {
			"rotation": [16, 140, 0],
			"translation": [0, 2.75, 0],
			"scale": [1.01313, 1.01313, 1.01313]
		},
		"head": {
			"translation": [0, 20.5, -0.08],
			"scale": [2.26211, 2.26211, 2.26211]
		},
		"fixed": {
			"rotation": [-90, 0, 0],
			"translation": [-0.25, 0, -27],
			"scale": [3.3018, 3.3018, 3.3018]
		}
	},
	"groups": [
		{
			"name": "group",
			"origin": [8, 8, 8],
			"color": 0,
			"boneType": "",
			"children": [0, 1, 2, 3, 4, 5, 6, 7]
		}
	]
}