{
	"credit": "Made with Blockbench",
	"texture_size": [12, 12],
	"textures": {
		"0": "leonemc:item/model/crown/sceptre",
		"particle": "leonemc:item/model/crown/sceptre"
	},
	"elements": [
		{
			"from": [7.586, 0.171, 7.711],
			"to": [8.414, 0.774, 8.339],
			"rotation": {"angle": -45, "axis": "x", "origin": [8, 0.46, 8]},
			"faces": {
				"north": {"uv": [5.33333, 13.33333, 6.33333, 14.33333], "texture": "#0"},
				"east": {"uv": [13.33333, 5.33333, 14.33333, 6.33333], "texture": "#0"},
				"west": {"uv": [6.66667, 13.33333, 7.66667, 14.33333], "texture": "#0"},
				"down": {"uv": [14.33333, 6.66667, 13.33333, 7.66667], "texture": "#0"}
			}
		},
		{
			"from": [7.569, 0.46, 7.554],
			"to": [8.431, 1.15, 8.446],
			"rotation": {"angle": 0, "axis": "x", "origin": [8, 0.46, 8]},
			"faces": {
				"north": {"uv": [13.33333, 8, 14.33333, 9], "texture": "#0"},
				"east": {"uv": [13.33333, 2.66667, 14.66667, 3.66667], "texture": "#0"},
				"south": {"uv": [13.33333, 8, 14.33333, 9], "texture": "#0"},
				"west": {"uv": [13.33333, 2.66667, 14.66667, 3.66667], "texture": "#0"},
				"up": {"uv": [5, 14.66667, 4, 13.33333], "texture": "#0"},
				"down": {"uv": [14.33333, 4, 13.33333, 5.33333], "texture": "#0"}
			}
		},
		{
			"from": [7.569, 4.46, 7.554],
			"to": [8.431, 5.15, 8.446],
			"rotation": {"angle": 0, "axis": "x", "origin": [8, 0.46, 8]},
			"faces": {
				"north": {"uv": [13.33333, 8, 14.33333, 9], "texture": "#0"},
				"east": {"uv": [13.33333, 2.66667, 14.66667, 3.66667], "texture": "#0"},
				"south": {"uv": [13.33333, 8, 14.33333, 9], "texture": "#0"},
				"west": {"uv": [13.33333, 2.66667, 14.66667, 3.66667], "texture": "#0"},
				"up": {"uv": [5, 14.66667, 4, 13.33333], "texture": "#0"},
				"down": {"uv": [14.33333, 4, 13.33333, 5.33333], "texture": "#0"}
			}
		},
		{
			"from": [7.569, 10.26, 7.554],
			"to": [8.431, 10.95, 8.446],
			"rotation": {"angle": 0, "axis": "x", "origin": [8, 0.46, 8]},
			"faces": {
				"north": {"uv": [13.33333, 8, 14.33333, 9], "texture": "#0"},
				"east": {"uv": [13.33333, 2.66667, 14.66667, 3.66667], "texture": "#0"},
				"south": {"uv": [13.33333, 8, 14.33333, 9], "texture": "#0"},
				"west": {"uv": [13.33333, 2.66667, 14.66667, 3.66667], "texture": "#0"},
				"up": {"uv": [5, 14.66667, 4, 13.33333], "texture": "#0"},
				"down": {"uv": [14.33333, 4, 13.33333, 5.33333], "texture": "#0"}
			}
		},
		{
			"from": [7.225, 10.85, 7.225],
			"to": [8.775, 12.35, 8.775],
			"rotation": {"angle": 0, "axis": "x", "origin": [8.075, 0.75, 8]},
			"faces": {
				"north": {"uv": [10.66667, 2.66667, 12.66667, 4.66667], "texture": "#0"},
				"east": {"uv": [10.66667, 2.66667, 12.66667, 4.66667], "texture": "#0"},
				"south": {"uv": [10.66667, 2.66667, 12.66667, 4.66667], "texture": "#0"},
				"west": {"uv": [10.66667, 2.66667, 12.66667, 4.66667], "texture": "#0"},
				"up": {"uv": [12.66667, 7.33333, 10.66667, 5.33333], "texture": "#0"},
				"down": {"uv": [12.66667, 8, 10.66667, 10], "texture": "#0"}
			}
		},
		{
			"from": [8, 12.35, 6.225],
			"to": [8, 15.85, 9.775],
			"rotation": {"angle": 0, "axis": "x", "origin": [8.05, 0.75, 8]},
			"faces": {
				"north": {"uv": [0, 0, 0, 4.66667], "texture": "#0"},
				"east": {"uv": [0, 0, 4.66667, 4.66667], "texture": "#0"},
				"south": {"uv": [0, 0, 0, 4.66667], "texture": "#0"},
				"west": {"uv": [0, 0, 4.66667, 4.66667], "texture": "#0"},
				"up": {"uv": [0, 4.66667, 0, 0], "texture": "#0"},
				"down": {"uv": [0, 0, 0, 4.66667], "texture": "#0"}
			}
		},
		{
			"from": [7.65, 1.1, 7.625],
			"to": [8.35, 10.7, 8.375],
			"rotation": {"angle": 0, "axis": "x", "origin": [8, 0.825, 8]},
			"faces": {
				"north": {"uv": [9.33333, 0, 10.33333, 12.66667], "texture": "#0"},
				"east": {"uv": [10.33333, 0, 9.33333, 12.66667], "texture": "#0"},
				"south": {"uv": [9.33333, 0, 10.33333, 12.66667], "texture": "#0"},
				"west": {"uv": [10.33333, 0, 9.33333, 12.66667], "texture": "#0"},
				"up": {"uv": [10.33333, 14.33333, 9.33333, 13.33333], "texture": "#0"},
				"down": {"uv": [14.33333, 9.33333, 13.33333, 10.33333], "texture": "#0"}
			}
		}
	],
	"gui_light": "front",
	"display": {
		"thirdperson_righthand": {
			"rotation": [0, -1, 0],
			"translation": [0, 6.25, 0.75],
			"scale": [1.66, 1.66, 1.66]
		},
		"thirdperson_lefthand": {
			"rotation": [0, -1, 0],
			"translation": [0, 6.25, 0.75],
			"scale": [1.66, 1.66, 1.66]
		},
		"firstperson_righthand": {
			"rotation": [-9.47, -0.76, 4.66],
			"translation": [-1, 5, 1.5],
			"scale": [1.13, 1.13, 1.13]
		},
		"firstperson_lefthand": {
			"rotation": [-9.47, -0.76, 4.66],
			"translation": [-1, 5, 1.5],
			"scale": [1.13, 1.13, 1.13]
		},
		"ground": {
			"rotation": [90, 90, 0],
			"scale": [1.11719, 1.11719, 1.11719]
		},
		"gui": {
			"rotation": [-90, 45, 90],
			"translation": [-0.5, 0.25, 0],
			"scale": [1.24, 1.24, 1.24]
		},
		"head": {
			"scale": [0, 0, 0]
		},
		"fixed": {
			"rotation": [0, 90, 0],
			"translation": [0, 3, -1.25],
			"scale": [2.55, 2.55, 2.55]
		}
	},
	"groups": [
		{
			"name": "group",
			"origin": [8, 8, 8],
			"color": 0,
			"boneType": "",
			"children": [0, 1, 2, 3, 4, 5, 6]
		}
	]
}