{"credit":"Made by PolygonMC","texture_size":[24,24],"textures":{"1":"infernoset:animations/animations_2","3":"infernoset:spear","particle":"infernoset:animations/animations_2"},"elements":[{"from":[7.4,0.2,8],"to":[8.6,1.7,9.5],"rotation":{"angle":-45,"axis":"x","origin":[7.5,0.2,8]},"faces":{"north":{"uv":[0.66667,10.66667,1.5,11.66667],"texture":"#3"},"east":{"uv":[2.66667,9.33333,3.66667,10.33333],"texture":"#3"},"south":{"uv":[2,10.66667,2.83333,11.66667],"texture":"#3"},"west":{"uv":[4,9.33333,5,10.33333],"texture":"#3"},"up":{"uv":[11.5,3.66667,10.66667,2.66667],"texture":"#3"},"down":{"uv":[4.16667,10.66667,3.33333,11.66667],"texture":"#3"}}},{"from":[7.15,0.45,8.25],"to":[8.85,1.45,9.25],"rotation":{"angle":-45,"axis":"x","origin":[7.5,0.2,8]},"faces":{"north":{"uv":[10.66667,4,11.83333,4.66667],"texture":"#3"},"east":{"uv":[12,8.66667,12.66667,9.33333],"texture":"#3"},"south":{"uv":[4.66667,10.66667,5.83333,11.33333],"texture":"#3"},"west":{"uv":[12,9.33333,12.66667,10],"texture":"#3"},"up":{"uv":[11.83333,5.33333,10.66667,4.66667],"texture":"#3"},"down":{"uv":[11.83333,5.33333,10.66667,6],"texture":"#3"}}},{"from":[7.75,0.76066,6.45723],"to":[8.25,1.76066,7.45723],"rotation":{"angle":45,"axis":"x","origin":[8,1.26066,6.95723]},"faces":{"north":{"uv":[14,7.33333,14.33333,8],"texture":"#3"},"east":{"uv":[12,10,12.66667,10.66667],"texture":"#3"},"south":{"uv":[8.66667,14,9,14.66667],"texture":"#3"},"west":{"uv":[12,10.66667,12.66667,11.33333],"texture":"#3"},"up":{"uv":[10.33333,14.66667,10,14],"texture":"#3"},"down":{"uv":[11,14,10.66667,14.66667],"texture":"#3"}}},{"from":[7.75,-0.30711,7.5],"to":[8.25,0.69289,8.5],"rotation":{"angle":45,"axis":"x","origin":[8,0.19289,8]},"faces":{"north":{"uv":[11.33333,14,11.66667,14.66667],"texture":"#3"},"east":{"uv":[3.33333,12.66667,4,13.33333],"texture":"#3"},"south":{"uv":[12,14,12.33333,14.66667],"texture":"#3"},"west":{"uv":[12.66667,3.33333,13.33333,4],"texture":"#3"},"up":{"uv":[13,14.66667,12.66667,14],"texture":"#3"},"down":{"uv":[13.66667,14,13.33333,14.66667],"texture":"#3"}}},{"from":[7.75,0.76066,8.54277],"to":[8.25,1.76066,9.54277],"rotation":{"angle":-45,"axis":"x","origin":[8,1.26066,9.04277]},"faces":{"north":{"uv":[14,13.33333,14.33333,14],"texture":"#3"},"east":{"uv":[4,12.66667,4.66667,13.33333],"texture":"#3"},"south":{"uv":[14,14,14.33333,14.66667],"texture":"#3"},"west":{"uv":[4.66667,12.66667,5.33333,13.33333],"texture":"#3"},"up":{"uv":[0.33333,15.33333,0,14.66667],"texture":"#3"},"down":{"uv":[1,14.66667,0.66667,15.33333],"texture":"#3"}}},{"from":[7.5,1.82132,7.5],"to":[8.5,2.82132,8.5],"rotation":{"angle":0,"axis":"y","origin":[7.5,1.82132,7.5]},"faces":{"north":{"uv":[12.66667,4.66667,13.33333,5.33333],"texture":"#3"},"east":{"uv":[5.33333,12.66667,6,13.33333],"texture":"#3"},"south":{"uv":[12.66667,5.33333,13.33333,6],"texture":"#3"},"west":{"uv":[6.66667,12.66667,7.33333,13.33333],"texture":"#3"}}},{"from":[7.5,7.02132,7.5],"to":[8.5,8.02132,8.5],"rotation":{"angle":0,"axis":"y","origin":[7.5,2.02132,7.5]},"faces":{"north":{"uv":[0.66667,13.33333,1.33333,14],"texture":"#3"},"east":{"uv":[13.33333,0.66667,14,1.33333],"texture":"#3"},"south":{"uv":[1.33333,13.33333,2,14],"texture":"#3"},"west":{"uv":[13.33333,1.33333,14,2],"texture":"#3"}}},{"from":[7.5,21.22132,7.5],"to":[8.5,22.22132,8.5],"rotation":{"angle":0,"axis":"y","origin":[7.5,21.22132,7.5]},"faces":{"north":{"uv":[7.33333,12.66667,8,13.33333],"texture":"#3"},"east":{"uv":[12.66667,7.33333,13.33333,8],"texture":"#3"},"south":{"uv":[8,12.66667,8.66667,13.33333],"texture":"#3"},"west":{"uv":[12.66667,8,13.33333,8.66667],"texture":"#3"}}},{"from":[7.5,12.02132,7.5],"to":[8.5,13.02132,8.5],"rotation":{"angle":0,"axis":"y","origin":[7.5,6.02132,7.5]},"faces":{"north":{"uv":[12.66667,8.66667,13.33333,9.33333],"texture":"#3"},"east":{"uv":[12.66667,9.33333,13.33333,10],"texture":"#3"},"south":{"uv":[10,12.66667,10.66667,13.33333],"texture":"#3"},"west":{"uv":[12.66667,10,13.33333,10.66667],"texture":"#3"}}},{"from":[7.6,8.52132,7.6],"to":[8.4,11.52132,8.4],"rotation":{"angle":45,"axis":"y","origin":[8,9.52132,8]},"faces":{"north":{"uv":[5.33333,8.66667,5.83333,10.66667],"texture":"#3"},"east":{"uv":[6.66667,9.33333,7.16667,11.33333],"texture":"#3"},"south":{"uv":[7.33333,9.33333,7.83333,11.33333],"texture":"#3"},"west":{"uv":[8,9.33333,8.5,11.33333],"texture":"#3"},"up":{"uv":[9.16667,13.83333,8.66667,13.33333],"texture":"#3"},"down":{"uv":[10.5,13.33333,10,13.83333],"texture":"#3"}}},{"from":[7.35,8.02132,7.35],"to":[8.65,8.52132,8.65],"rotation":{"angle":0,"axis":"y","origin":[7.5,8.02132,7.5]},"faces":{"north":{"uv":[13.33333,8,14.16667,8.33333],"texture":"#3"},"east":{"uv":[13.33333,8.66667,14.16667,9],"texture":"#3"},"south":{"uv":[13.33333,9.33333,14.16667,9.66667],"texture":"#3"},"west":{"uv":[13.33333,10,14.16667,10.33333],"texture":"#3"},"up":{"uv":[11.5,6.83333,10.66667,6],"texture":"#3"},"down":{"uv":[11.5,7.33333,10.66667,8.16667],"texture":"#3"}}},{"from":[7.35,11.52132,7.35],"to":[8.65,12.02132,8.65],"rotation":{"angle":0,"axis":"y","origin":[7.5,11.52132,7.5]},"faces":{"north":{"uv":[13.33333,10.66667,14.16667,11],"texture":"#3"},"east":{"uv":[11.33333,13.33333,12.16667,13.66667],"texture":"#3"},"south":{"uv":[13.33333,11.33333,14.16667,11.66667],"texture":"#3"},"west":{"uv":[13.33333,12,14.16667,12.33333],"texture":"#3"},"up":{"uv":[9.5,11.5,8.66667,10.66667],"texture":"#3"},"down":{"uv":[11.5,8.66667,10.66667,9.5],"texture":"#3"}}},{"from":[7.6,13.52132,7.6],"to":[8.4,16.52132,8.4],"rotation":{"angle":45,"axis":"y","origin":[8,14.52132,8]},"faces":{"north":{"uv":[10,2.66667,10.5,4.66667],"texture":"#3"},"east":{"uv":[10,4.66667,10.5,6.66667],"texture":"#3"},"south":{"uv":[6,10,6.5,12],"texture":"#3"},"west":{"uv":[10,9.33333,10.5,11.33333],"texture":"#3"},"up":{"uv":[14.5,7.16667,14,6.66667],"texture":"#3"},"down":{"uv":[7.83333,14,7.33333,14.5],"texture":"#3"}}},{"from":[7.35,13.02132,7.35],"to":[8.65,13.52132,8.65],"rotation":{"angle":0,"axis":"y","origin":[7.5,13.02132,7.5]},"faces":{"north":{"uv":[14,0.66667,14.83333,1],"texture":"#3"},"east":{"uv":[1.33333,14,2.16667,14.33333],"texture":"#3"},"south":{"uv":[14,1.33333,14.83333,1.66667],"texture":"#3"},"west":{"uv":[14,2.66667,14.83333,3],"texture":"#3"},"up":{"uv":[12.16667,12.16667,11.33333,11.33333],"texture":"#3"},"down":{"uv":[0.83333,12,0,12.83333],"texture":"#3"}}},{"from":[7.35,16.52132,7.35],"to":[8.65,17.02132,8.65],"rotation":{"angle":0,"axis":"y","origin":[7.5,16.52132,7.5]},"faces":{"north":{"uv":[12.66667,13.33333,13.5,13.66667],"texture":"#3"},"east":{"uv":[13.33333,12.66667,14.16667,13],"texture":"#3"},"south":{"uv":[0,14,0.83333,14.33333],"texture":"#3"},"west":{"uv":[14,0,14.83333,0.33333],"texture":"#3"},"up":{"uv":[7.5,12.16667,6.66667,11.33333],"texture":"#3"},"down":{"uv":[10.83333,11.33333,10,12.16667],"texture":"#3"}}},{"from":[7.75,22.15,8],"to":[8.25,24.15,10],"rotation":{"angle":-45,"axis":"x","origin":[7.75,22.15,8]},"faces":{"east":{"uv":[1.33333,6.66667,2.66667,8],"texture":"#3"},"south":{"uv":[10.66667,12.66667,11,14],"texture":"#3"},"west":{"uv":[2.66667,6.66667,4,8],"texture":"#3"},"up":{"uv":[13,12,12.66667,10.66667],"texture":"#3"}}},{"from":[7.5,20.825,5.225],"to":[8.5,22.825,6.725],"rotation":{"angle":-45,"axis":"x","origin":[7.5,22.825,5.225]},"faces":{"north":{"uv":[10,6.66667,10.66667,8],"texture":"#3"},"east":{"uv":[2.66667,8,3.66667,9.33333],"texture":"#3"},"south":{"uv":[0,10.66667,0.66667,12],"texture":"#3"},"west":{"uv":[4,8,5,9.33333],"texture":"#3"},"up":{"uv":[8.66667,12.33333,8,11.33333],"texture":"#3"},"down":{"uv":[2,12,1.33333,13],"texture":"#3"}}},{"from":[7.3675,23.29786,5.44917],"to":[8.6175,26.79786,5.47917],"rotation":{"angle":22.5,"axis":"x","origin":[8,25.04786,5.45667]},"faces":{"north":{"uv":[6,0,6.83333,2.33333],"texture":"#3"},"south":{"uv":[6,2.66667,6.83333,5],"texture":"#3"}}},{"from":[7.9925,23.29786,4.82417],"to":[8.0225,26.79786,6.07417],"rotation":{"angle":22.5,"axis":"x","origin":[8,25.04786,5.45667]},"faces":{"east":{"uv":[6,5.33333,6.83333,7.66667],"texture":"#3"},"west":{"uv":[0,6.66667,0.83333,9],"texture":"#3"}}},{"from":[7.4,21.81066,7],"to":[8.6,23.81066,9],"rotation":{"angle":-45,"axis":"x","origin":[8,22.81066,8]},"faces":{"north":{"uv":[8.66667,2.66667,9.5,4],"texture":"#3"},"east":{"uv":[4,6.66667,5.33333,8],"texture":"#3"},"south":{"uv":[8.66667,4,9.5,5.33333],"texture":"#3"},"west":{"uv":[7.33333,0,8.66667,1.33333],"texture":"#3"},"up":{"uv":[9.5,6.66667,8.66667,5.33333],"texture":"#3"},"down":{"uv":[9.5,6.66667,8.66667,8],"texture":"#3"}}},{"from":[7.4,2.82132,7.4],"to":[8.6,7.02132,8.6],"rotation":{"angle":0,"axis":"y","origin":[7.5,7.82132,7.5]},"faces":{"north":{"uv":[0,0,0.83333,2.83333],"texture":"#3"},"east":{"uv":[1.33333,0,2.16667,2.83333],"texture":"#3"},"south":{"uv":[2.66667,0,3.5,2.83333],"texture":"#3"},"west":{"uv":[0,3.33333,0.83333,6.16667],"texture":"#3"},"up":{"uv":[11.5,10.83333,10.66667,10],"texture":"#3"},"down":{"uv":[12.16667,0,11.33333,0.83333],"texture":"#3"}}},{"from":[7.4,17.02132,7.4],"to":[8.6,21.22132,8.6],"rotation":{"angle":0,"axis":"y","origin":[7.5,22.02132,7.5]},"faces":{"north":{"uv":[1.33333,3.33333,2.16667,6.16667],"texture":"#3"},"east":{"uv":[2.66667,3.33333,3.5,6.16667],"texture":"#3"},"south":{"uv":[4,0,4.83333,2.83333],"texture":"#3"},"west":{"uv":[4,3.33333,4.83333,6.16667],"texture":"#3"},"up":{"uv":[12.16667,2.16667,11.33333,1.33333],"texture":"#3"},"down":{"uv":[5.5,11.33333,4.66667,12.16667],"texture":"#3"}}},{"from":[7.572,22.55617,4.98432],"to":[8.442,23.42617,5.85432],"rotation":{"angle":0,"axis":"x","origin":[8.007,23.14244,4.90725]},"faces":{"north":{"uv":[2.66667,14,3.16667,14.5],"texture":"#3"},"east":{"uv":[14,3.33333,14.5,3.83333],"texture":"#3"},"south":{"uv":[4,14,4.5,14.5],"texture":"#3"},"west":{"uv":[4.66667,14,5.16667,14.5],"texture":"#3"},"up":{"uv":[14.5,5.16667,14,4.66667],"texture":"#3"},"down":{"uv":[14.5,5.33333,14,5.83333],"texture":"#3"}}},{"from":[7.6503,22.6651,4.24486],"to":[8.3637,23.3785,5.20826],"rotation":{"angle":22.5,"axis":"x","origin":[8.007,23.14244,4.90725]},"faces":{"north":{"uv":[6,14,6.5,14.5],"texture":"#3"},"east":{"uv":[6,13.33333,6.66667,13.83333],"texture":"#3"},"west":{"uv":[13.33333,6,14,6.5],"texture":"#3"},"up":{"uv":[7.16667,14,6.66667,13.33333],"texture":"#3"},"down":{"uv":[13.83333,6.66667,13.33333,7.33333],"texture":"#3"}}},{"from":[7.72478,23.42927,4.1199],"to":[8.28922,24.24371,4.68435],"rotation":{"angle":-45,"axis":"x","origin":[8.007,23.24244,4.65725]},"faces":{"north":{"uv":[14.66667,3.33333,15,3.83333],"texture":"#3"},"east":{"uv":[4,14.66667,4.33333,15.16667],"texture":"#3"},"south":{"uv":[14.66667,4,15,4.5],"texture":"#3"},"west":{"uv":[4.66667,14.66667,5,15.16667],"texture":"#3"},"up":{"uv":[15,9,14.66667,8.66667],"texture":"#3"}}},{"from":[7.15,21.65,8.25],"to":[8.85,23.15,9.75],"rotation":{"angle":-45,"axis":"x","origin":[7.5,21.4,8]},"faces":{"north":{"uv":[6.66667,8,7.83333,9],"texture":"#3"},"east":{"uv":[9.33333,8,10.33333,9],"texture":"#3"},"south":{"uv":[8,8,9.16667,9],"texture":"#3"},"west":{"uv":[8.66667,9.33333,9.66667,10.33333],"texture":"#3"},"up":{"uv":[9.83333,1,8.66667,0],"texture":"#3"},"down":{"uv":[9.83333,1.33333,8.66667,2.33333],"texture":"#3"}}},{"from":[6.25,20.36548,7.25],"to":[7.25,21.86548,8.75],"rotation":{"angle":-22.5,"axis":"z","origin":[6.5,22.11548,8]},"faces":{"north":{"uv":[2,12,2.66667,13],"texture":"#3"},"east":{"uv":[10,0,11,1],"texture":"#3"},"south":{"uv":[2.66667,12,3.33333,13],"texture":"#3"},"west":{"uv":[10,1.33333,11,2.33333],"texture":"#3"},"down":{"uv":[12.66667,2.66667,12,3.66667],"texture":"#3"}}},{"from":[5.25,21.86548,7],"to":[7.25,23.86548,9],"rotation":{"angle":-22.5,"axis":"z","origin":[6.5,22.11548,8]},"faces":{"north":{"uv":[7.33333,1.33333,8.66667,2.66667],"texture":"#3"},"east":{"uv":[7.33333,2.66667,8.66667,4],"texture":"#3"},"south":{"uv":[7.33333,4,8.66667,5.33333],"texture":"#3"},"west":{"uv":[7.33333,5.33333,8.66667,6.66667],"texture":"#3"},"up":{"uv":[8.66667,8,7.33333,6.66667],"texture":"#3"},"down":{"uv":[2.66667,8,1.33333,9.33333],"texture":"#3"}}},{"from":[6.02841,23.40933,5.99718],"to":[7.02841,24.40933,7.49718],"rotation":{"angle":-22.5,"axis":"z","origin":[6.0658,23.91003,6.07198]},"faces":{"north":{"uv":[11.33333,12.66667,12,13.33333],"texture":"#3"},"east":{"uv":[3.33333,12,4.33333,12.66667],"texture":"#3"},"south":{"uv":[12,12.66667,12.66667,13.33333],"texture":"#3"},"west":{"uv":[12,4,13,4.66667],"texture":"#3"},"up":{"uv":[12.66667,5.66667,12,4.66667],"texture":"#3"},"down":{"uv":[6.66667,12,6,13],"texture":"#3"}}},{"from":[6.03609,23.51933,5.10818],"to":[6.81609,24.29933,6.27818],"rotation":{"angle":-22.5,"axis":"z","origin":[6.0658,23.91003,6.07198]},"faces":{"north":{"uv":[14,6,14.5,6.5],"texture":"#3"},"east":{"uv":[2,13.33333,2.83333,13.83333],"texture":"#3"},"west":{"uv":[13.33333,2,14.16667,2.5],"texture":"#3"},"up":{"uv":[13.83333,3.5,13.33333,2.66667],"texture":"#3"},"down":{"uv":[3.83333,13.33333,3.33333,14.16667],"texture":"#3"}}},{"from":[5.17029,23.62213,5.10818],"to":[6.03609,24.19933,5.68538],"rotation":{"angle":-22.5,"axis":"z","origin":[6.0658,23.91003,6.07198]},"faces":{"north":{"uv":[14.66667,4.66667,15.16667,5],"texture":"#3"},"south":{"uv":[5.33333,14.66667,5.83333,15],"texture":"#3"},"west":{"uv":[14.66667,9.33333,15,9.66667],"texture":"#3"},"up":{"uv":[15.16667,5.66667,14.66667,5.33333],"texture":"#3"},"down":{"uv":[6.5,14.66667,6,15],"texture":"#3"}}},{"from":[6.20769,23.31204,8.50282],"to":[7.20769,24.31204,10.00282],"rotation":{"angle":-22.5,"axis":"z","origin":[6.4,24.31204,10.09986]},"faces":{"north":{"uv":[12.66667,12,13.33333,12.66667],"texture":"#3"},"east":{"uv":[12,6,13,6.66667],"texture":"#3"},"south":{"uv":[12.66667,12.66667,13.33333,13.33333],"texture":"#3"},"west":{"uv":[12,6.66667,13,7.33333],"texture":"#3"},"up":{"uv":[12.66667,8.33333,12,7.33333],"texture":"#3"},"down":{"uv":[9.33333,12,8.66667,13],"texture":"#3"}}},{"from":[6.21537,23.42204,9.72182],"to":[6.99537,24.20204,10.89182],"rotation":{"angle":-22.5,"axis":"z","origin":[6.4,24.31204,10.09986]},"faces":{"east":{"uv":[4,13.33333,4.83333,13.83333],"texture":"#3"},"south":{"uv":[6.66667,14,7.16667,14.5],"texture":"#3"},"west":{"uv":[13.33333,4,14.16667,4.5],"texture":"#3"},"up":{"uv":[13.83333,5.5,13.33333,4.66667],"texture":"#3"},"down":{"uv":[5.83333,13.33333,5.33333,14.16667],"texture":"#3"}}},{"from":[5.36919,23.42068,10.31462],"to":[6.23499,23.99788,10.89182],"rotation":{"angle":-22.5,"axis":"z","origin":[6.67164,24.30928,10.09381]},"faces":{"north":{"uv":[14.66667,6,15.16667,6.33333],"texture":"#3"},"south":{"uv":[6.66667,14.66667,7.16667,15],"texture":"#3"},"west":{"uv":[10,14.66667,10.33333,15],"texture":"#3"},"up":{"uv":[15.16667,7,14.66667,6.66667],"texture":"#3"},"down":{"uv":[7.83333,14.66667,7.33333,15],"texture":"#3"}}},{"from":[5.5724,20.07983,7.5],"to":[5.6024,20.57983,8.5],"rotation":{"angle":-22.5,"axis":"z","origin":[5.5474,20.14233,7.75]},"faces":{"east":{"uv":[1.33333,14.66667,2,15],"texture":"#3"},"west":{"uv":[2,14.66667,2.66667,15],"texture":"#3"}}},{"from":[7.825,23.72843,7.5],"to":[8.175,28.72843,8.5],"rotation":{"angle":0,"axis":"y","origin":[7.825,24.97843,7]},"faces":{"north":{"uv":[9.33333,12,9.5,15.33333],"texture":"#3"},"east":{"uv":[5.33333,0,6,3.33333],"texture":"#3"},"south":{"uv":[12.66667,0,12.83333,3.33333],"texture":"#3"},"west":{"uv":[5.33333,3.33333,6,6.66667],"texture":"#3"},"up":{"uv":[14.83333,10.66667,14.66667,10],"texture":"#3"},"down":{"uv":[10.83333,14.66667,10.66667,15.33333],"texture":"#3"}}},{"from":[7.835,26.90239,6.29812],"to":[8.165,28.90239,7.54812],"rotation":{"angle":22.5,"axis":"x","origin":[8,26.40239,6.79812]},"faces":{"north":{"uv":[2.66667,14.66667,2.83333,16],"texture":"#3"},"east":{"uv":[0,9.33333,0.83333,10.66667],"texture":"#3"},"west":{"uv":[1.33333,9.33333,2.16667,10.66667],"texture":"#3"},"down":{"uv":[8.83333,14.66667,8.66667,15.5],"texture":"#3"}}},{"from":[7.84,24.17142,6.8526],"to":[8.16,26.92142,7.8526],"rotation":{"angle":-22.5,"axis":"x","origin":[8.005,26.17142,6.3526]},"faces":{"north":{"uv":[8,13.33333,8.16667,15.16667],"texture":"#3"},"east":{"uv":[5.33333,6.66667,6,8.5],"texture":"#3"},"west":{"uv":[6,8,6.66667,9.83333],"texture":"#3"}}},{"from":[7.82,28.40343,7.5],"to":[8.18,29.40343,8.5],"rotation":{"angle":-45,"axis":"x","origin":[7.995,28.90343,8]},"faces":{"north":{"uv":[14.66667,10.66667,14.83333,11.33333],"texture":"#3"},"east":{"uv":[0,13.33333,0.66667,14],"texture":"#3"},"south":{"uv":[11.33333,14.66667,11.5,15.33333],"texture":"#3"},"west":{"uv":[13.33333,0,14,0.66667],"texture":"#3"},"up":{"uv":[14.83333,12,14.66667,11.33333],"texture":"#3"},"down":{"uv":[12.16667,14.66667,12,15.33333],"texture":"#3"}}},{"from":[7.75,26.63067,6.02753],"to":[8.25,27.38067,7.02753],"rotation":{"angle":0,"axis":"y","origin":[7.75,26.63067,5.02753]},"faces":{"north":{"uv":[14.66667,7.33333,15,7.83333],"texture":"#3"},"east":{"uv":[7.33333,13.33333,8,13.83333],"texture":"#3"},"south":{"uv":[14.66667,8,15,8.5],"texture":"#3"},"west":{"uv":[13.33333,7.33333,14,7.83333],"texture":"#3"},"up":{"uv":[15,2.66667,14.66667,2],"texture":"#3"},"down":{"uv":[3.66667,14.66667,3.33333,15.33333],"texture":"#3"}}},{"from":[7.5,20.825,9.275],"to":[8.5,22.825,10.775],"rotation":{"angle":45,"axis":"x","origin":[7.5,22.825,10.775]},"faces":{"north":{"uv":[0.66667,10.66667,0,12],"texture":"#3"},"east":{"uv":[3.66667,8,2.66667,9.33333],"texture":"#3"},"south":{"uv":[10.66667,6.66667,10,8],"texture":"#3"},"west":{"uv":[5,8,4,9.33333],"texture":"#3"},"up":{"uv":[8.66667,11.33333,8,12.33333],"texture":"#3"},"down":{"uv":[2,13,1.33333,12],"texture":"#3"}}},{"from":[7.572,22.55617,10.14568],"to":[8.442,23.42617,11.01568],"rotation":{"angle":0,"axis":"x","origin":[8.007,23.14244,11.09275]},"faces":{"north":{"uv":[4.5,14,4,14.5],"texture":"#3"},"east":{"uv":[14.5,3.33333,14,3.83333],"texture":"#3"},"south":{"uv":[3.16667,14,2.66667,14.5],"texture":"#3"},"west":{"uv":[5.16667,14,4.66667,14.5],"texture":"#3"},"up":{"uv":[14.5,4.66667,14,5.16667],"texture":"#3"},"down":{"uv":[14.5,5.83333,14,5.33333],"texture":"#3"}}},{"from":[7.6503,22.6651,10.79174],"to":[8.3637,23.3785,11.75514],"rotation":{"angle":-22.5,"axis":"x","origin":[8.007,23.14244,11.09275]},"faces":{"east":{"uv":[6.66667,13.33333,6,13.83333],"texture":"#3"},"south":{"uv":[6.5,14,6,14.5],"texture":"#3"},"west":{"uv":[14,6,13.33333,6.5],"texture":"#3"},"up":{"uv":[7.16667,13.33333,6.66667,14],"texture":"#3"},"down":{"uv":[13.83333,7.33333,13.33333,6.66667],"texture":"#3"}}},{"from":[7.72478,23.42927,11.31565],"to":[8.28922,24.24371,11.8801],"rotation":{"angle":45,"axis":"x","origin":[8.007,23.24244,11.34275]},"faces":{"north":{"uv":[15,4,14.66667,4.5],"texture":"#3"},"east":{"uv":[4.33333,14.66667,4,15.16667],"texture":"#3"},"south":{"uv":[15,3.33333,14.66667,3.83333],"texture":"#3"},"west":{"uv":[5,14.66667,4.66667,15.16667],"texture":"#3"},"up":{"uv":[15,8.66667,14.66667,9],"texture":"#3"}}},{"from":[7.9925,23.29786,9.92583],"to":[8.0225,26.79786,11.17583],"rotation":{"angle":-22.5,"axis":"x","origin":[8,25.04786,10.54333]},"faces":{"east":{"uv":[6.83333,5.33333,6,7.66667],"texture":"#3"},"west":{"uv":[0.83333,6.66667,0,9],"texture":"#3"}}},{"from":[7.3675,23.29786,10.52083],"to":[8.6175,26.79786,10.55083],"rotation":{"angle":-22.5,"axis":"x","origin":[8,25.04786,10.54333]},"faces":{"north":{"uv":[6.83333,2.66667,6,5],"texture":"#3"},"south":{"uv":[6.83333,0,6,2.33333],"texture":"#3"}}},{"from":[7.75,26.63067,8.97247],"to":[8.25,27.38067,9.97247],"rotation":{"angle":0,"axis":"y","origin":[7.75,26.63067,10.97247]},"faces":{"north":{"uv":[15,8,14.66667,8.5],"texture":"#3"},"east":{"uv":[8,13.33333,7.33333,13.83333],"texture":"#3"},"south":{"uv":[15,7.33333,14.66667,7.83333],"texture":"#3"},"west":{"uv":[14,7.33333,13.33333,7.83333],"texture":"#3"},"up":{"uv":[15,2,14.66667,2.66667],"texture":"#3"},"down":{"uv":[3.66667,15.33333,3.33333,14.66667],"texture":"#3"}}},{"from":[7.835,26.90239,8.45188],"to":[8.165,28.90239,9.70188],"rotation":{"angle":-22.5,"axis":"x","origin":[8,26.40239,9.20188]},"faces":{"east":{"uv":[0.83333,9.33333,0,10.66667],"texture":"#3"},"south":{"uv":[2.83333,14.66667,2.66667,16],"texture":"#3"},"west":{"uv":[2.16667,9.33333,1.33333,10.66667],"texture":"#3"},"down":{"uv":[8.83333,15.5,8.66667,14.66667],"texture":"#3"}}},{"from":[7.84,24.17142,8.1474],"to":[8.16,26.92142,9.1474],"rotation":{"angle":22.5,"axis":"x","origin":[8.005,26.17142,9.6474]},"faces":{"east":{"uv":[6,6.66667,5.33333,8.5],"texture":"#3"},"south":{"uv":[8.16667,13.33333,8,15.16667],"texture":"#3"},"west":{"uv":[6.66667,8,6,9.83333],"texture":"#3"}}},{"from":[5.49933,20.59437,6],"to":[5.52933,22.59437,10],"rotation":{"angle":-22.5,"axis":"z","origin":[5.59933,20.59437,6]},"faces":{"east":{"uv":[16,0,0,8],"texture":"#1"},"west":{"uv":[0,0,16,8],"texture":"#1"}}},{"from":[8.75,20.36548,7.25],"to":[9.75,21.86548,8.75],"rotation":{"angle":22.5,"axis":"z","origin":[9.5,22.11548,8]},"faces":{"north":{"uv":[2.66667,12,2,13],"texture":"#3"},"east":{"uv":[11,1.33333,10,2.33333],"texture":"#3"},"south":{"uv":[3.33333,12,2.66667,13],"texture":"#3"},"west":{"uv":[11,0,10,1],"texture":"#3"},"down":{"uv":[12,2.66667,12.66667,3.66667],"texture":"#3"}}},{"from":[8.75,21.86548,7],"to":[10.75,23.86548,9],"rotation":{"angle":22.5,"axis":"z","origin":[9.5,22.11548,8]},"faces":{"north":{"uv":[8.66667,1.33333,7.33333,2.66667],"texture":"#3"},"east":{"uv":[8.66667,5.33333,7.33333,6.66667],"texture":"#3"},"south":{"uv":[8.66667,4,7.33333,5.33333],"texture":"#3"},"west":{"uv":[8.66667,2.66667,7.33333,4],"texture":"#3"},"up":{"uv":[7.33333,8,8.66667,6.66667],"texture":"#3"},"down":{"uv":[1.33333,8,2.66667,9.33333],"texture":"#3"}}},{"from":[8.97159,23.40933,5.99718],"to":[9.97159,24.40933,7.49718],"rotation":{"angle":22.5,"axis":"z","origin":[9.9342,23.91003,6.07198]},"faces":{"north":{"uv":[12,12.66667,11.33333,13.33333],"texture":"#3"},"east":{"uv":[13,4,12,4.66667],"texture":"#3"},"south":{"uv":[12.66667,12.66667,12,13.33333],"texture":"#3"},"west":{"uv":[4.33333,12,3.33333,12.66667],"texture":"#3"},"up":{"uv":[12,5.66667,12.66667,4.66667],"texture":"#3"},"down":{"uv":[6,12,6.66667,13],"texture":"#3"}}},{"from":[9.18391,23.51933,5.10818],"to":[9.96391,24.29933,6.27818],"rotation":{"angle":22.5,"axis":"z","origin":[9.9342,23.91003,6.07198]},"faces":{"north":{"uv":[14.5,6,14,6.5],"texture":"#3"},"east":{"uv":[14.16667,2,13.33333,2.5],"texture":"#3"},"west":{"uv":[2.83333,13.33333,2,13.83333],"texture":"#3"},"up":{"uv":[13.33333,3.5,13.83333,2.66667],"texture":"#3"},"down":{"uv":[3.33333,13.33333,3.83333,14.16667],"texture":"#3"}}},{"from":[9.96391,23.62213,5.10818],"to":[10.82971,24.19933,5.68538],"rotation":{"angle":22.5,"axis":"z","origin":[9.9342,23.91003,6.07198]},"faces":{"north":{"uv":[15.16667,4.66667,14.66667,5],"texture":"#3"},"east":{"uv":[15,9.33333,14.66667,9.66667],"texture":"#3"},"south":{"uv":[5.83333,14.66667,5.33333,15],"texture":"#3"},"up":{"uv":[14.66667,5.66667,15.16667,5.33333],"texture":"#3"},"down":{"uv":[6,14.66667,6.5,15],"texture":"#3"}}},{"from":[8.79231,23.31204,8.50282],"to":[9.79231,24.31204,10.00282],"rotation":{"angle":22.5,"axis":"z","origin":[9.6,24.31204,10.09986]},"faces":{"north":{"uv":[13.33333,12,12.66667,12.66667],"texture":"#3"},"east":{"uv":[13,6.66667,12,7.33333],"texture":"#3"},"south":{"uv":[13.33333,12.66667,12.66667,13.33333],"texture":"#3"},"west":{"uv":[13,6,12,6.66667],"texture":"#3"},"up":{"uv":[12,8.33333,12.66667,7.33333],"texture":"#3"},"down":{"uv":[8.66667,12,9.33333,13],"texture":"#3"}}},{"from":[9.00463,23.42204,9.72182],"to":[9.78463,24.20204,10.89182],"rotation":{"angle":22.5,"axis":"z","origin":[9.6,24.31204,10.09986]},"faces":{"east":{"uv":[14.16667,4,13.33333,4.5],"texture":"#3"},"south":{"uv":[7.16667,14,6.66667,14.5],"texture":"#3"},"west":{"uv":[4.83333,13.33333,4,13.83333],"texture":"#3"},"up":{"uv":[13.33333,5.5,13.83333,4.66667],"texture":"#3"},"down":{"uv":[5.33333,13.33333,5.83333,14.16667],"texture":"#3"}}},{"from":[9.76501,23.42068,10.31462],"to":[10.63081,23.99788,10.89182],"rotation":{"angle":22.5,"axis":"z","origin":[9.32836,24.30928,10.09381]},"faces":{"north":{"uv":[15.16667,6,14.66667,6.33333],"texture":"#3"},"east":{"uv":[10.33333,14.66667,10,15],"texture":"#3"},"south":{"uv":[7.16667,14.66667,6.66667,15],"texture":"#3"},"up":{"uv":[14.66667,7,15.16667,6.66667],"texture":"#3"},"down":{"uv":[7.33333,14.66667,7.83333,15],"texture":"#3"}}},{"from":[10.3976,20.07983,7.5],"to":[10.4276,20.57983,8.5],"rotation":{"angle":22.5,"axis":"z","origin":[10.4526,20.14233,7.75]},"faces":{"east":{"uv":[2.66667,14.66667,2,15],"texture":"#3"},"west":{"uv":[2,14.66667,1.33333,15],"texture":"#3"}}},{"from":[10.47067,20.59437,6],"to":[10.50067,22.59437,10],"rotation":{"angle":22.5,"axis":"z","origin":[10.40067,20.59437,6]},"faces":{"east":{"uv":[16,0,0,8],"texture":"#1"},"west":{"uv":[0,0,16,8],"texture":"#1"}}}],"gui_light":"front","display":{"thirdperson_righthand":{"translation":[0,-3.75,1]},"thirdperson_lefthand":{"translation":[0,-3.75,1]},"firstperson_righthand":{"rotation":[-20,0,0],"translation":[0,-2.5,5]},"firstperson_lefthand":{"rotation":[-20,0,0],"translation":[0,-2.5,5]},"ground":{"rotation":[-45,0,0],"translation":[0,4.5,0],"scale":[0.6,0.6,0.6]},"gui":{"rotation":[-90,45,90],"translation":[3.25,-3.25,0],"scale":[0.7,0.7,0.7]},"head":{"rotation":[0,90,0]},"fixed":{"rotation":[0,-90,0],"translation":[0,-11.5,-1.5],"scale":[2.5,2.5,2.5]}},"groups":[{"name":"spear","origin":[10.40067,20.59437,6],"color":0,"boneType":"","children":[0,1,2,3,4,5,6,7,8,9,10,11,12,13,14,15,16,17,18,19,20,21,22,23,24,25,26,27,28,29,30,31,32,33,34,35,36,37,38,39,40,41,42,43,44,45,46,47,48,49,50,51,52,53,54,55,56,57,58,59]}],"mcmodels":"c2b284a03807fb0c0cc3a74d1cfa0866"}