{"credit":"MadewithBlockbench","texture_size":[64,64],"textures":{"1":"city_streets:spray_can_01"},"elements":[{"from":[9.4875,0,5.36875],"to":[12.4875,3,11.36875],"rotation":{"angle":0,"axis":"x","origin":[10.99375,1.375,5.99375]},"faces":{"north":{"uv":[8.75,8.25,9.5,9],"texture":"#1"},"east":{"uv":[8,0.75,9.5,1.5],"texture":"#1"},"south":{"uv":[8.75,7.5,9.5,8.25],"texture":"#1"},"west":{"uv":[8,0,9.5,0.75],"texture":"#1"},"up":{"uv":[8,1.5,8.75,3],"texture":"#1"},"down":{"uv":[8,4.5,8.75,3],"texture":"#1"}}},{"from":[9.9875,0.5,4.61875],"to":[11.9875,2.5,5.61875],"rotation":{"angle":0,"axis":"x","origin":[10.99375,1.375,5.99375]},"faces":{"north":{"uv":[9.5,2,10,2.5],"texture":"#1"},"east":{"uv":[9.5,6.5,9.75,7],"texture":"#1"},"south":{"uv":[9.5,1.5,10,2],"texture":"#1"},"west":{"uv":[9.5,6,9.75,6.5],"texture":"#1"},"up":{"uv":[9.5,7,10,7.25],"texture":"#1"},"down":{"uv":[9.5,7.5,10,7.25],"texture":"#1"}}},{"from":[10.625,1.1,3.11875],"to":[11.375,1.85,4.11875],"rotation":{"angle":0,"axis":"x","origin":[10.99375,1.375,5.99375]},"faces":{"north":{"uv":[9.75,6.75,10,7],"texture":"#1"},"east":{"uv":[8,9.75,8.25,10],"texture":"#1"},"south":{"uv":[9.75,6.25,10,6.5],"texture":"#1"},"west":{"uv":[9.75,6.5,10,6.75],"texture":"#1"},"up":{"uv":[8.25,9.75,8.5,10],"texture":"#1"},"down":{"uv":[8.5,10,8.75,9.75],"texture":"#1"}}},{"from":[10.7375,1.2,4.11875],"to":[11.2375,1.7,5.11875],"rotation":{"angle":0,"axis":"x","origin":[10.99375,1.375,5.99375]},"faces":{"north":{"uv":[9.75,8.75,10,9],"texture":"#1"},"east":{"uv":[9,9.75,9.25,10],"texture":"#1"},"south":{"uv":[9.75,8.5,10,8.75],"texture":"#1"},"west":{"uv":[8.75,9.75,9,10],"texture":"#1"},"up":{"uv":[9.75,9,10,9.25],"texture":"#1"},"down":{"uv":[9.25,10,9.5,9.75],"texture":"#1"}}},{"from":[2.4875,0,9.4875],"to":[5.4875,6,12.4875],"rotation":{"angle":0,"axis":"y","origin":[16.4875,0,14.4875]},"faces":{"north":{"uv":[8,7.5,8.75,9],"texture":"#1"},"east":{"uv":[8.75,1.5,9.5,3],"texture":"#1"},"south":{"uv":[8,4.5,8.75,6],"texture":"#1"},"west":{"uv":[8,6,8.75,7.5],"texture":"#1"},"up":{"uv":[8,9,8.75,9.75],"texture":"#1"},"down":{"uv":[8.75,9.75,9.5,9],"texture":"#1"}}},{"from":[2.9875,5.75,9.9875],"to":[4.9875,6.75,11.9875],"rotation":{"angle":0,"axis":"y","origin":[7.9875,6.5,7.9875]},"faces":{"north":{"uv":[9.5,8,10,8.25],"texture":"#1"},"east":{"uv":[9.5,8.25,10,8.5],"texture":"#1"},"south":{"uv":[9.5,7.5,10,7.75],"texture":"#1"},"west":{"uv":[9.5,7.75,10,8],"texture":"#1"},"up":{"uv":[9.5,2.5,10,3],"texture":"#1"},"down":{"uv":[9.5,5,10,4.5],"texture":"#1"}}},{"from":[3.625,7.25,10.625],"to":[4.375,8.25,11.375],"rotation":{"angle":0,"axis":"y","origin":[16.475,0,14.475]},"faces":{"north":{"uv":[9.75,9.75,10,10],"texture":"#1"},"east":{"uv":[10,1.5,10.25,1.75],"texture":"#1"},"south":{"uv":[9.75,9.25,10,9.5],"texture":"#1"},"west":{"uv":[9.5,9.75,9.75,10],"texture":"#1"},"up":{"uv":[10,1.75,10.25,2],"texture":"#1"},"down":{"uv":[10,2.25,10.25,2],"texture":"#1"}}},{"from":[3.7375,6.25,10.7375],"to":[4.2375,7.25,11.2375],"rotation":{"angle":0,"axis":"y","origin":[16.4875,0,14.4875]},"faces":{"north":{"uv":[10,2.75,10.25,3],"texture":"#1"},"east":{"uv":[10,4.5,10.25,4.75],"texture":"#1"},"south":{"uv":[10,2.25,10.25,2.5],"texture":"#1"},"west":{"uv":[10,2.5,10.25,2.75],"texture":"#1"},"up":{"uv":[10,4.75,10.25,5],"texture":"#1"},"down":{"uv":[10,5.25,10.25,5],"texture":"#1"}}},{"from":[3.83065,0,2.8124],"to":[6.83065,3,8.8124],"rotation":{"angle":-45,"axis":"y","origin":[5.3369,1.475,3.4374]},"faces":{"north":{"uv":[9.5,0.75,10.25,1.5],"texture":"#1"},"east":{"uv":[8.75,3.75,10.25,4.5],"texture":"#1"},"south":{"uv":[9.5,0,10.25,0.75],"texture":"#1"},"west":{"uv":[8.75,3,10.25,3.75],"texture":"#1"},"up":{"uv":[8.75,4.5,9.5,6],"texture":"#1"},"down":{"uv":[8.75,7.5,9.5,6],"texture":"#1"}}},{"from":[4.33065,0.5,2.0624],"to":[6.33065,2.5,3.0624],"rotation":{"angle":-45,"axis":"y","origin":[5.3369,1.475,3.4374]},"faces":{"north":{"uv":[9.5,5.5,10,6],"texture":"#1"},"east":{"uv":[9.5,9,9.75,9.5],"texture":"#1"},"south":{"uv":[9.5,5,10,5.5],"texture":"#1"},"west":{"uv":[9.5,8.5,9.75,9],"texture":"#1"},"up":{"uv":[9.5,9.5,10,9.75],"texture":"#1"},"down":{"uv":[9.75,6.25,10.25,6],"texture":"#1"}}},{"from":[4.96815,1.1,0.5624],"to":[5.71815,1.85,1.5624],"rotation":{"angle":-45,"axis":"y","origin":[5.3369,1.475,3.4374]},"faces":{"north":{"uv":[10,5.75,10.25,6],"texture":"#1"},"east":{"uv":[10,6.25,10.25,6.5],"texture":"#1"},"south":{"uv":[10,5.25,10.25,5.5],"texture":"#1"},"west":{"uv":[10,5.5,10.25,5.75],"texture":"#1"},"up":{"uv":[10,6.5,10.25,6.75],"texture":"#1"},"down":{"uv":[10,7,10.25,6.75],"texture":"#1"}}},{"from":[5.08065,1.2,1.5624],"to":[5.58065,1.7,2.5624],"rotation":{"angle":-45,"axis":"y","origin":[5.3369,1.475,3.4374]},"faces":{"north":{"uv":[10,7.5,10.25,7.75],"texture":"#1"},"east":{"uv":[10,7.75,10.25,8],"texture":"#1"},"south":{"uv":[10,7,10.25,7.25],"texture":"#1"},"west":{"uv":[10,7.25,10.25,7.5],"texture":"#1"},"up":{"uv":[8,10,8.25,10.25],"texture":"#1"},"down":{"uv":[10,8.25,10.25,8],"texture":"#1"}}},{"name":"paint","from":[-8,0.01,-7],"to":[24,0.01,23],"rotation":{"angle":0,"axis":"y","origin":[16,0,16]},"faces":{"north":{"uv":[0,0,8,0],"texture":"#1"},"east":{"uv":[0,0,7.5,0],"texture":"#1"},"south":{"uv":[0,0,8,0],"texture":"#1"},"west":{"uv":[0,0,7.5,0],"texture":"#1"},"up":{"uv":[0,0,8,7.5],"texture":"#1"},"down":{"uv":[0,15,8,7.5],"texture":"#1"}}}],"gui_light":"front","display":{"thirdperson_righthand":{"rotation":[68,16,0],"translation":[-0.75,2.5,1.5],"scale":[0.32,0.32,0.32]},"thirdperson_lefthand":{"rotation":[68,16,0],"translation":[-0.75,2.5,1.5],"scale":[0.32,0.32,0.32]},"firstperson_righthand":{"rotation":[18,125,-10],"translation":[2.38,4.2,-0.12],"scale":[0.23078,0.23078,0.23078]},"firstperson_lefthand":{"rotation":[18,125,-10],"translation":[2.38,4.2,-0.12],"scale":[0.23078,0.23078,0.23078]},"ground":{"translation":[0,2.75,0],"scale":[0.39,0.39,0.39]},"gui":{"rotation":[22,-55,0],"translation":[0.25,2.25,0],"scale":[0.54,0.54,0.54]},"head":{"translation":[0,-14.25,0],"scale":[2.285,2.285,2.285]},"fixed":{"rotation":[-90,0,0],"translation":[0,0,-16.25],"scale":[2,2,2]}},"groups":[{"name":"group","origin":[-0.4875,0,1.5125],"color":0,"children":[{"name":"spray_can","origin":[-0.4875,0,1.5125],"color":0,"children":[0,1,2,3]},{"name":"spray_can","origin":[-0.4875,0,1.5125],"color":0,"children":[4,5,6,7]},{"name":"spray_can","origin":[-0.4875,0,1.5125],"color":0,"children":[8,9,10,11]},12]}],"mcmodels":"2de400d2cda8f86ffd62cef79c621065"}