{
	"credit": "Made with Blockbench",
	"texture_size": [128, 128],
	"textures": {
		"0": "elitecreatures:bloody_emperor_animated_weapon_set/vampire_texture",
		"1": "elitecreatures:bloody_emperor_animated_weapon_set/vampire_animation_01",
		"2": "elitecreatures:bloody_emperor_animated_weapon_set/vampire_animation_02",
		"3": "elitecreatures:bloody_emperor_animated_weapon_set/vampire_animation_03",
		"particle": "elitecreatures:bloody_emperor_animated_weapon_set/vampire_texture"
	},
	"elements": [
		{
			"from": [10, -8, -3],
			"to": [10, 14, 8],
			"rotation": {"angle": 22.5, "axis": "y", "origin": [10, 5, 8]},
			"faces": {
				"north": {"uv": [0, 0, 0, 7], "texture": "#missing"},
				"east": {"uv": [12.25, 3.5, 13.625, 6.25], "texture": "#0"},
				"south": {"uv": [0, 0, 0, 7], "texture": "#missing"},
				"west": {"uv": [13.625, 3.5, 12.25, 6.25], "texture": "#0"},
				"up": {"uv": [0, 0, 0, 3.5], "texture": "#missing"},
				"down": {"uv": [0, 0, 0, 3.5], "texture": "#missing"}
			}
		},
		{
			"from": [10, -8, 8],
			"to": [10, 14, 19],
			"rotation": {"angle": -22.5, "axis": "y", "origin": [10, 5, 8]},
			"faces": {
				"north": {"uv": [0, 0, 0, 7], "texture": "#missing"},
				"east": {"uv": [13.625, 3.5, 12.25, 6.25], "texture": "#0"},
				"south": {"uv": [0, 0, 0, 7], "texture": "#missing"},
				"west": {"uv": [12.25, 3.5, 13.625, 6.25], "texture": "#0"},
				"up": {"uv": [0, 3.5, 0, 0], "texture": "#missing"},
				"down": {"uv": [0, 3.5, 0, 0], "texture": "#missing"}
			}
		},
		{
			"from": [6, 12.5, 5],
			"to": [10, 17.5, 10],
			"rotation": {"angle": -45, "axis": "x", "origin": [8, 15.5, 8]},
			"faces": {
				"north": {"uv": [0, 1.125, 0.625, 1.625], "rotation": 90, "texture": "#0"},
				"east": {"uv": [0, 0.625, 0.625, 0], "rotation": 90, "texture": "#0"},
				"south": {"uv": [0.625, 0.625, 0, 1.125], "rotation": 90, "texture": "#0"},
				"west": {"uv": [0, 0, 0.625, 0.625], "rotation": 90, "texture": "#0"},
				"up": {"uv": [0, 0.625, 0.625, 1.125], "rotation": 90, "texture": "#0"},
				"down": {"uv": [0, 1.125, 0.625, 1.625], "rotation": 90, "texture": "#0"}
			}
		},
		{
			"from": [7.35, 13.05, 0.5],
			"to": [8.65, 16.05, 15.5],
			"rotation": {"angle": 0, "axis": "y", "origin": [0, 14.8, 0]},
			"faces": {
				"east": {"uv": [0, 1.625, 1.875, 2], "texture": "#0"},
				"west": {"uv": [0, 1.625, 1.875, 2], "texture": "#0"},
				"up": {"uv": [0, 2, 0.1875, 3.875], "texture": "#0"},
				"down": {"uv": [0, 2, 0.1875, 3.875], "texture": "#0"}
			}
		},
		{
			"from": [6.75, 14, 10.40049],
			"to": [9.25, 17.5, 13.40049],
			"rotation": {"angle": 45, "axis": "x", "origin": [8, 16.87397, 12.2933]},
			"faces": {
				"north": {"uv": [1.3125, 0.3125, 1, 0.75], "texture": "#0"},
				"east": {"uv": [1, 0.75, 1.375, 1.1875], "texture": "#0"},
				"south": {"uv": [4.75, 0.875, 4.4375, 0.4375], "texture": "#0"},
				"west": {"uv": [1.375, 0.75, 1, 1.1875], "texture": "#0"},
				"up": {"uv": [1.6875, 0.8125, 1.375, 1.1875], "texture": "#0"},
				"down": {"uv": [1.6875, 0.8125, 1.375, 1.1875], "texture": "#0"}
			}
		},
		{
			"from": [7.25, 16, 12.25206],
			"to": [8.75, 18, 15.25206],
			"rotation": {"angle": -22.5, "axis": "x", "origin": [8, 16.87397, 12.2933]},
			"faces": {
				"north": {"uv": [1.25, 0.125, 1, 0.3125], "rotation": 90, "texture": "#0"},
				"east": {"uv": [1.625, 0.8125, 1.375, 0.4375], "rotation": 90, "texture": "#0"},
				"south": {"uv": [1.25, 0.125, 1, 0.3125], "rotation": 90, "texture": "#0"},
				"west": {"uv": [1.625, 0.4375, 1.375, 0.8125], "rotation": 90, "texture": "#0"},
				"up": {"uv": [1, 1.4375, 0.625, 1.625], "rotation": 90, "texture": "#0"},
				"down": {"uv": [0.625, 1.625, 1, 1.4375], "rotation": 90, "texture": "#0"}
			}
		},
		{
			"from": [5.5, 15, 7.5],
			"to": [10.5, 16.5, 9],
			"rotation": {"angle": -45, "axis": "x", "origin": [8, 15.5, 8]},
			"faces": {
				"north": {"uv": [4.25, 0.625, 4.4375, 1.25], "rotation": 90, "texture": "#0"},
				"east": {"uv": [2.9375, 1.875, 3.125, 2.0625], "rotation": 90, "texture": "#0"},
				"south": {"uv": [4.25, 0, 4.4375, 0.625], "rotation": 90, "texture": "#0"},
				"west": {"uv": [2.9375, 1.875, 3.125, 2.0625], "rotation": 90, "texture": "#0"},
				"up": {"uv": [4.4375, 0, 4.25, 0.625], "rotation": 90, "texture": "#0"},
				"down": {"uv": [4.25, 0.625, 4.4375, 1.25], "rotation": 90, "texture": "#0"}
			}
		},
		{
			"from": [6.5, 13, 10],
			"to": [9.5, 15, 13],
			"rotation": {"angle": 22.5, "axis": "x", "origin": [7, 15, 10]},
			"faces": {
				"north": {"uv": [1, 0.25, 0.625, 0.5], "texture": "#0"},
				"east": {"uv": [0.625, 0, 1, 0.25], "texture": "#0"},
				"south": {"uv": [1, 0.25, 0.625, 0.5], "texture": "#0"},
				"west": {"uv": [1, 0, 0.625, 0.25], "texture": "#0"},
				"up": {"uv": [1, 0.5, 0.625, 0.875], "texture": "#0"},
				"down": {"uv": [1, 0.5, 0.625, 0.875], "texture": "#0"}
			}
		},
		{
			"from": [7.25, 11, 12],
			"to": [8.75, 12.5, 14],
			"rotation": {"angle": 45, "axis": "x", "origin": [8, 12.31442, 13.21716]},
			"faces": {
				"north": {"uv": [1, 1.0625, 0.8125, 1.25], "texture": "#0"},
				"east": {"uv": [0.625, 0.875, 0.875, 1.0625], "texture": "#0"},
				"south": {"uv": [1, 1.0625, 0.8125, 1.25], "texture": "#0"},
				"west": {"uv": [0.875, 0.875, 0.625, 1.0625], "texture": "#0"},
				"up": {"uv": [0.8125, 1.3125, 0.625, 1.0625], "texture": "#0"},
				"down": {"uv": [0.8125, 1.0625, 0.625, 1.3125], "texture": "#0"}
			}
		},
		{
			"from": [7.25, 11, 2],
			"to": [8.75, 12.5, 4],
			"rotation": {"angle": -45, "axis": "x", "origin": [8, 12.31442, 2.78284]},
			"faces": {
				"north": {"uv": [0.8125, 1.0625, 1, 1.25], "texture": "#0"},
				"east": {"uv": [0.875, 0.875, 0.625, 1.0625], "texture": "#0"},
				"south": {"uv": [0.8125, 1.0625, 1, 1.25], "texture": "#0"},
				"west": {"uv": [0.625, 0.875, 0.875, 1.0625], "texture": "#0"},
				"up": {"uv": [0.8125, 1.0625, 0.625, 1.3125], "texture": "#0"},
				"down": {"uv": [0.8125, 1.3125, 0.625, 1.0625], "texture": "#0"}
			}
		},
		{
			"from": [6.5, 13, 3],
			"to": [9.5, 15, 6],
			"rotation": {"angle": -22.5, "axis": "x", "origin": [7, 15, 6]},
			"faces": {
				"north": {"uv": [0.625, 0.25, 1, 0.5], "texture": "#0"},
				"east": {"uv": [1, 0, 0.625, 0.25], "texture": "#0"},
				"south": {"uv": [0.625, 0.25, 1, 0.5], "texture": "#0"},
				"west": {"uv": [0.625, 0, 1, 0.25], "texture": "#0"},
				"up": {"uv": [1, 0.875, 0.625, 0.5], "texture": "#0"},
				"down": {"uv": [1, 0.875, 0.625, 0.5], "texture": "#0"}
			}
		},
		{
			"from": [7, 12.8, -2],
			"to": [9, 16.3, 1.5],
			"rotation": {"angle": 45, "axis": "x", "origin": [8, 14.55, -0.25]},
			"faces": {
				"north": {"uv": [1.6875, 1.1875, 1.4375, 1.625], "texture": "#0"},
				"east": {"uv": [1, 1.1875, 1.4375, 1.625], "texture": "#0"},
				"south": {"uv": [1.9375, 1.1875, 1.6875, 1.625], "texture": "#0"},
				"west": {"uv": [1.4375, 1.1875, 1, 1.625], "texture": "#0"},
				"up": {"uv": [4.4375, 0.4375, 4.6875, 0], "texture": "#0"},
				"down": {"uv": [4.25, 1.6875, 4.5, 1.25], "texture": "#0"}
			}
		},
		{
			"from": [7, 16, 4.5],
			"to": [9, 20, 8.5],
			"rotation": {"angle": -45, "axis": "x", "origin": [8, 19.5, 8]},
			"faces": {
				"north": {"uv": [2.4375, 1.875, 2.9375, 2.125], "rotation": 90, "texture": "#0"},
				"east": {"uv": [3.375, 2, 3.875, 1.5], "rotation": 90, "texture": "#0"},
				"south": {"uv": [2.4375, 1.875, 2.9375, 2.125], "rotation": 90, "texture": "#0"},
				"west": {"uv": [3.375, 1.5, 3.875, 2], "rotation": 90, "texture": "#0"},
				"up": {"uv": [2.9375, 2.125, 2.4375, 1.875], "rotation": 90, "texture": "#0"},
				"down": {"uv": [2.4375, 1.875, 2.9375, 2.125], "rotation": 90, "texture": "#0"}
			}
		},
		{
			"from": [7, 12.8, 14.5],
			"to": [9, 16.3, 18],
			"rotation": {"angle": -45, "axis": "x", "origin": [8, 14.55, 16.25]},
			"faces": {
				"north": {"uv": [1.6875, 1.1875, 1.9375, 1.625], "texture": "#0"},
				"east": {"uv": [1.4375, 1.1875, 1, 1.625], "texture": "#0"},
				"south": {"uv": [1.4375, 1.1875, 1.6875, 1.625], "texture": "#0"},
				"west": {"uv": [1, 1.1875, 1.4375, 1.625], "texture": "#0"},
				"up": {"uv": [4.4375, 0, 4.6875, 0.4375], "texture": "#0"},
				"down": {"uv": [4.25, 1.25, 4.5, 1.6875], "texture": "#0"}
			}
		},
		{
			"from": [7.25, 16, 0.74794],
			"to": [8.75, 18, 3.74794],
			"rotation": {"angle": 22.5, "axis": "x", "origin": [8, 16.87397, 3.7067]},
			"faces": {
				"north": {"uv": [1.25, 0.3125, 1, 0.125], "rotation": 90, "texture": "#0"},
				"east": {"uv": [1.625, 0.4375, 1.375, 0.8125], "rotation": 90, "texture": "#0"},
				"south": {"uv": [1.25, 0.3125, 1, 0.125], "rotation": 90, "texture": "#0"},
				"west": {"uv": [1.625, 0.8125, 1.375, 0.4375], "rotation": 90, "texture": "#0"},
				"up": {"uv": [0.625, 1.4375, 1, 1.625], "rotation": 90, "texture": "#0"},
				"down": {"uv": [1, 1.625, 0.625, 1.4375], "rotation": 90, "texture": "#0"}
			}
		},
		{
			"from": [6.75, 14, 2.59951],
			"to": [9.25, 17.5, 5.59951],
			"rotation": {"angle": -45, "axis": "x", "origin": [8, 16.87397, 3.7067]},
			"faces": {
				"north": {"uv": [4.4375, 0.875, 4.75, 0.4375], "texture": "#0"},
				"east": {"uv": [1.375, 0.75, 1, 1.1875], "texture": "#0"},
				"south": {"uv": [1, 0.3125, 1.3125, 0.75], "texture": "#0"},
				"west": {"uv": [1, 0.75, 1.375, 1.1875], "texture": "#0"},
				"up": {"uv": [1.6875, 1.1875, 1.375, 0.8125], "texture": "#0"},
				"down": {"uv": [1.6875, 1.1875, 1.375, 0.8125], "texture": "#0"}
			}
		},
		{
			"from": [5.25, 13.5, 6.5],
			"to": [10.75, 16, 9],
			"rotation": {"angle": -45, "axis": "x", "origin": [8, 15, 8]},
			"faces": {
				"north": {"uv": [3.9375, 1, 4.25, 1.6875], "rotation": 90, "texture": "#0"},
				"east": {"uv": [3.9375, 0.3125, 4.25, 0], "rotation": 90, "texture": "#0"},
				"south": {"uv": [3.9375, 0.3125, 4.25, 1], "rotation": 90, "texture": "#0"},
				"west": {"uv": [3.9375, 0, 4.25, 0.3125], "rotation": 90, "texture": "#0"},
				"up": {"uv": [4.25, 0.3125, 3.9375, 1], "rotation": 90, "texture": "#0"},
				"down": {"uv": [3.9375, 1, 4.25, 1.6875], "rotation": 90, "texture": "#0"}
			}
		},
		{
			"from": [10.85, 13.5, 6.5],
			"to": [10.85, 16.1, 9.1],
			"rotation": {"angle": -45, "axis": "x", "origin": [8, 15, 8]},
			"faces": {
				"north": {"uv": [0, 0, 0, 5], "texture": "#1"},
				"east": {"uv": [5, 0, 0, 5], "texture": "#1"},
				"south": {"uv": [0, 0, 0, 5], "texture": "#1"},
				"west": {"uv": [0, 0, 5, 5], "texture": "#1"},
				"up": {"uv": [0, 5, 0, 0], "texture": "#1"},
				"down": {"uv": [0, 0, 0, 5], "texture": "#1"}
			}
		},
		{
			"from": [8.25, -9.08513, 4.03609],
			"to": [9.75, -7.08513, 8.53609],
			"rotation": {"angle": 22.5, "axis": "x", "origin": [9, -7.43834, 4.76725]},
			"faces": {
				"north": {"uv": [9.125, 4.8125, 8.9375, 4.5625], "texture": "#0"},
				"east": {"uv": [8.375, 4.8125, 8.9375, 4.5625], "texture": "#0"},
				"south": {"uv": [9.125, 4.8125, 8.9375, 4.5625], "texture": "#0"},
				"west": {"uv": [8.9375, 4.8125, 8.375, 4.5625], "texture": "#0"},
				"up": {"uv": [8.3125, 6.75, 8.125, 6.1875], "texture": "#0"},
				"down": {"uv": [8.3125, 6.75, 8.125, 6.1875], "texture": "#0"}
			}
		},
		{
			"from": [8, -8.6544, 3.21572],
			"to": [9, -5.6544, 4.71572],
			"rotation": {"angle": -45, "axis": "x", "origin": [8.5, -7.43834, 4.06725]},
			"faces": {
				"north": {"uv": [9.125, 5.5625, 9, 5.1875], "texture": "#0"},
				"east": {"uv": [8.375, 5.5625, 8.1875, 5.1875], "texture": "#0"},
				"south": {"uv": [8.5, 5.5625, 8.375, 5.1875], "texture": "#0"},
				"west": {"uv": [8.1875, 5.5625, 8.375, 5.1875], "texture": "#0"},
				"up": {"uv": [9.0625, 4.25, 8.9375, 4.0625], "texture": "#0"},
				"down": {"uv": [9.0625, 4.25, 8.9375, 4.0625], "texture": "#0"}
			}
		},
		{
			"from": [7.85, -6.73024, 3.02383],
			"to": [8.35, -4.73024, 4.02383],
			"rotation": {"angle": -22.5, "axis": "x", "origin": [8.5, -7.43834, 4.06725]},
			"faces": {
				"north": {"uv": [9.3125, 4, 9.25, 3.75], "texture": "#0"},
				"east": {"uv": [9.25, 4, 9.125, 3.75], "texture": "#0"},
				"south": {"uv": [9.3125, 4, 9.25, 3.75], "texture": "#0"},
				"west": {"uv": [9.125, 4, 9.25, 3.75], "texture": "#0"},
				"up": {"uv": [9.125, 4.1875, 9.0625, 4.0625], "texture": "#0"},
				"down": {"uv": [9.125, 4.1875, 9.0625, 4.0625], "texture": "#0"}
			}
		},
		{
			"from": [8.25, -9.08513, 7.46391],
			"to": [9.75, -7.08513, 11.96391],
			"rotation": {"angle": -22.5, "axis": "x", "origin": [9, -7.43834, 11.23275]},
			"faces": {
				"north": {"uv": [8.9375, 4.8125, 9.125, 4.5625], "texture": "#0"},
				"east": {"uv": [8.9375, 4.8125, 8.375, 4.5625], "texture": "#0"},
				"south": {"uv": [8.9375, 4.8125, 9.125, 4.5625], "texture": "#0"},
				"west": {"uv": [8.375, 4.8125, 8.9375, 4.5625], "texture": "#0"},
				"up": {"uv": [8.3125, 6.1875, 8.125, 6.75], "texture": "#0"},
				"down": {"uv": [8.3125, 6.1875, 8.125, 6.75], "texture": "#0"}
			}
		},
		{
			"from": [8, -8.6544, 11.28428],
			"to": [9, -5.6544, 12.78428],
			"rotation": {"angle": 45, "axis": "x", "origin": [8.5, -7.43834, 11.93275]},
			"faces": {
				"north": {"uv": [8.375, 5.5625, 8.5, 5.1875], "texture": "#0"},
				"east": {"uv": [8.1875, 5.5625, 8.375, 5.1875], "texture": "#0"},
				"south": {"uv": [9, 5.5625, 9.125, 5.1875], "texture": "#0"},
				"west": {"uv": [8.375, 5.5625, 8.1875, 5.1875], "texture": "#0"},
				"up": {"uv": [9.0625, 4.0625, 8.9375, 4.25], "texture": "#0"},
				"down": {"uv": [9.0625, 4.0625, 8.9375, 4.25], "texture": "#0"}
			}
		},
		{
			"from": [7.85, -6.73024, 11.97617],
			"to": [8.35, -4.73024, 12.97617],
			"rotation": {"angle": 22.5, "axis": "x", "origin": [8.5, -7.43834, 11.93275]},
			"faces": {
				"north": {"uv": [9.25, 4, 9.3125, 3.75], "texture": "#0"},
				"east": {"uv": [9.125, 4, 9.25, 3.75], "texture": "#0"},
				"south": {"uv": [9.25, 4, 9.3125, 3.75], "texture": "#0"},
				"west": {"uv": [9.25, 4, 9.125, 3.75], "texture": "#0"},
				"up": {"uv": [9.125, 4.0625, 9.0625, 4.1875], "texture": "#0"},
				"down": {"uv": [9.125, 4.0625, 9.0625, 4.1875], "texture": "#0"}
			}
		},
		{
			"from": [7.7, -10.9, 7.6],
			"to": [10.2, -7.9, 10.6],
			"rotation": {"angle": -45, "axis": "x", "origin": [9, -10.5, 8]},
			"faces": {
				"north": {"uv": [8.875, 5.1875, 9.1875, 4.8125], "texture": "#0"},
				"east": {"uv": [8.5625, 5.1875, 8.1875, 4.8125], "texture": "#0"},
				"south": {"uv": [8.5625, 5.1875, 8.875, 4.8125], "texture": "#0"},
				"west": {"uv": [8.1875, 5.1875, 8.5625, 4.8125], "texture": "#0"},
				"up": {"uv": [8.5625, 5.1875, 8.875, 4.8125], "texture": "#0"},
				"down": {"uv": [8.875, 5.1875, 9.1875, 4.8125], "texture": "#0"}
			}
		},
		{
			"from": [8.5, -11.4, 5.6],
			"to": [9.5, -7.4, 9.6],
			"rotation": {"angle": -45, "axis": "x", "origin": [9, -9, 8]},
			"faces": {
				"north": {"uv": [8.4375, 6.0625, 8.3125, 5.5625], "texture": "#0"},
				"east": {"uv": [8.5, 5.6875, 9, 5.1875], "texture": "#0"},
				"south": {"uv": [8.3125, 6.0625, 8.4375, 5.5625], "texture": "#0"},
				"west": {"uv": [9, 5.6875, 8.5, 5.1875], "texture": "#0"},
				"up": {"uv": [8.3125, 6.0625, 8.4375, 5.5625], "texture": "#0"},
				"down": {"uv": [8.3125, 6.0625, 8.4375, 5.5625], "texture": "#0"}
			}
		},
		{
			"from": [8, 11, 0],
			"to": [8, 26, 16],
			"rotation": {"angle": 0, "axis": "y", "origin": [8, 5.59619, 4.18198]},
			"faces": {
				"north": {"uv": [0, 0, 0, 1.375], "rotation": 180, "texture": "#missing"},
				"east": {"uv": [10.75, 2, 12.625, 0], "rotation": 270, "texture": "#0"},
				"south": {"uv": [0, 0, 0, 1.375], "texture": "#missing"},
				"west": {"uv": [10.75, 2, 12.625, 0], "rotation": 270, "texture": "#0"},
				"up": {"uv": [0, 0, 0, 1.6875], "texture": "#missing"},
				"down": {"uv": [0, 0, 0, 1.6875], "rotation": 180, "texture": "#missing"}
			}
		},
		{
			"from": [11, 8, -2.5],
			"to": [11, 21, 6.5],
			"rotation": {"angle": -22.5, "axis": "y", "origin": [10, 14.5, 3]},
			"faces": {
				"north": {"uv": [0, 0, 0, 13], "texture": "#3"},
				"east": {"uv": [0, 0, 9, 13], "texture": "#3"},
				"south": {"uv": [0, 0, 0, 13], "texture": "#3"},
				"west": {"uv": [9, 0, 0, 13], "texture": "#3"},
				"up": {"uv": [0, 0, 0, 8], "texture": "#3"},
				"down": {"uv": [0, 8, 0, 0], "texture": "#3"}
			}
		},
		{
			"from": [11, 8, 9.5],
			"to": [11, 21, 18.5],
			"rotation": {"angle": 22.5, "axis": "y", "origin": [10, 14.5, 13]},
			"faces": {
				"north": {"uv": [0, 0, 0, 13], "texture": "#3"},
				"east": {"uv": [9, 0, 0, 13], "texture": "#3"},
				"south": {"uv": [0, 0, 0, 13], "texture": "#3"},
				"west": {"uv": [0, 0, 9, 13], "texture": "#3"},
				"up": {"uv": [0, 8, 0, 0], "texture": "#3"},
				"down": {"uv": [0, 0, 0, 8], "texture": "#3"}
			}
		},
		{
			"from": [10.5, 6, 20],
			"to": [10.5, 12, 27],
			"rotation": {"angle": 22.5, "axis": "x", "origin": [9, 25, 18.5]},
			"faces": {
				"north": {"uv": [0, 0, 0, 8], "texture": "#2"},
				"east": {"uv": [14, 0, 0, 12], "texture": "#2"},
				"south": {"uv": [14, 0, 0, 10], "texture": "#2"},
				"west": {"uv": [14, 0, 0, 12], "texture": "#2"},
				"up": {"uv": [0, 0, 0, 14], "texture": "#2"},
				"down": {"uv": [0, 14, 0, 0], "texture": "#2"}
			}
		},
		{
			"from": [9.5, 16, -7],
			"to": [9.5, 22, 0],
			"rotation": {"angle": -22.5, "axis": "x", "origin": [9, 25, -2.5]},
			"faces": {
				"north": {"uv": [14, 0, 0, 10], "texture": "#2"},
				"east": {"uv": [14, 0, 0, 12], "texture": "#2"},
				"south": {"uv": [0, 0, 0, 8], "texture": "#2"},
				"west": {"uv": [14, 0, 0, 12], "texture": "#2"},
				"up": {"uv": [0, 14, 0, 0], "texture": "#2"},
				"down": {"uv": [0, 0, 0, 14], "texture": "#2"}
			}
		},
		{
			"from": [1.75, 12, 6.75],
			"to": [4.25, 14.5, 9.25],
			"rotation": {"angle": 45, "axis": "y", "origin": [3, 8.875, 8]},
			"faces": {
				"north": {"uv": [1.375, 0, 1.6875, 0.3125], "texture": "#0"},
				"east": {"uv": [1.375, 0, 1.6875, 0.3125], "texture": "#0"},
				"south": {"uv": [1.375, 0, 1.6875, 0.3125], "texture": "#0"},
				"west": {"uv": [1.375, 0, 1.6875, 0.3125], "texture": "#0"},
				"up": {"uv": [1.9375, 0, 2.25, 0.3125], "texture": "#0"},
				"down": {"uv": [1.9375, 0, 2.25, 0.3125], "texture": "#0"}
			}
		},
		{
			"from": [2, 4.5, 7],
			"to": [4, 14, 9],
			"rotation": {"angle": 45, "axis": "y", "origin": [3, 9.875, 8]},
			"faces": {
				"north": {"uv": [1.6875, 0, 1.9375, 1.1875], "texture": "#0"},
				"east": {"uv": [1.9375, 0, 1.6875, 1.1875], "texture": "#0"},
				"south": {"uv": [1.6875, 0, 1.9375, 1.1875], "texture": "#0"},
				"west": {"uv": [1.9375, 0, 1.6875, 1.1875], "texture": "#0"},
				"up": {"uv": [1.6875, 0, 1.9375, 0.25], "texture": "#0"},
				"down": {"uv": [1.6875, 0, 1.9375, 0.25], "texture": "#0"}
			}
		},
		{
			"from": [2.875, 12.2, 7],
			"to": [7.375, 14.2, 9],
			"rotation": {"angle": 0, "axis": "y", "origin": [3, 9.875, 8]},
			"faces": {
				"north": {"uv": [1.6875, 0.875, 1.9375, 0.3125], "rotation": 270, "texture": "#0"},
				"east": {"uv": [1.6875, 0, 1.9375, 0.25], "rotation": 270, "texture": "#0"},
				"south": {"uv": [1.6875, 0.3125, 1.9375, 0.875], "rotation": 270, "texture": "#0"},
				"west": {"uv": [1.6875, 0, 1.9375, 0.25], "rotation": 270, "texture": "#0"},
				"up": {"uv": [1.9375, 0.1875, 1.6875, 0.75], "rotation": 270, "texture": "#0"},
				"down": {"uv": [1.9375, 0.1875, 1.6875, 0.75], "rotation": 270, "texture": "#0"}
			}
		},
		{
			"from": [1.5, 5, 6.5],
			"to": [4.5, 6, 9.5],
			"rotation": {"angle": 0, "axis": "y", "origin": [2, 16, 8]},
			"faces": {
				"north": {"uv": [2.4375, 1.375, 2.8125, 1.5], "texture": "#0"},
				"east": {"uv": [2.4375, 1.375, 2.8125, 1.5], "texture": "#0"},
				"south": {"uv": [2.4375, 1.375, 2.8125, 1.5], "texture": "#0"},
				"west": {"uv": [2.4375, 1.375, 2.8125, 1.5], "texture": "#0"},
				"up": {"uv": [2.4375, 1.5, 2.8125, 1.875], "texture": "#0"},
				"down": {"uv": [2.4375, 1.5, 2.8125, 1.875], "texture": "#0"}
			}
		},
		{
			"from": [1, 3, 6],
			"to": [5, 4.5, 10],
			"rotation": {"angle": 0, "axis": "y", "origin": [2, 16, 8]},
			"faces": {
				"north": {"uv": [1.9375, 1.375, 2.4375, 1.5625], "texture": "#0"},
				"east": {"uv": [1.9375, 1.375, 2.4375, 1.5625], "texture": "#0"},
				"south": {"uv": [1.9375, 1.375, 2.4375, 1.5625], "texture": "#0"},
				"west": {"uv": [1.9375, 1.375, 2.4375, 1.5625], "texture": "#0"},
				"up": {"uv": [2.4375, 2.0625, 1.9375, 1.5625], "texture": "#0"},
				"down": {"uv": [2.4375, 2.0625, 1.9375, 1.5625], "texture": "#0"}
			}
		},
		{
			"from": [1.75, 7.11078, -5.20421],
			"to": [4.25, 9.11078, -3.20421],
			"rotation": {"angle": -45, "axis": "x", "origin": [3, 16.91499, 8.6]},
			"faces": {
				"north": {"uv": [2.6875, 0.5, 2.375, 0.75], "texture": "#0"},
				"east": {"uv": [2.375, 0.25, 2.625, 0.5], "texture": "#0"},
				"south": {"uv": [2.4375, 0.8125, 2.125, 1.0625], "texture": "#0"},
				"west": {"uv": [2.625, 0.25, 2.375, 0.5], "texture": "#0"},
				"up": {"uv": [2.6875, 0.5, 2.375, 0.75], "texture": "#0"},
				"down": {"uv": [2.4375, 0.8125, 2.125, 1.0625], "texture": "#0"}
			}
		},
		{
			"from": [2.25, 0, 7],
			"to": [3.75, 3.7, 9],
			"rotation": {"angle": 0, "axis": "y", "origin": [2, 16.2, 8]},
			"faces": {
				"north": {"uv": [1.9375, 0.8125, 2.125, 1.275], "texture": "#0"},
				"east": {"uv": [1.9375, 0.3125, 2.1875, 0.775], "texture": "#0"},
				"south": {"uv": [1.9375, 0.8125, 2.125, 1.275], "texture": "#0"},
				"west": {"uv": [1.9375, 0.3125, 2.1875, 0.775], "texture": "#0"},
				"up": {"uv": [1.9375, 0.3125, 2.125, 0.5625], "texture": "#0"},
				"down": {"uv": [1.9375, 0.3125, 2.125, 0.5625], "texture": "#0"}
			}
		},
		{
			"from": [1.75, 3.41078, -6.30421],
			"to": [4.25, 5.91078, -3.80421],
			"rotation": {"angle": -45, "axis": "x", "origin": [3, 17.71499, 8]},
			"faces": {
				"north": {"uv": [2.75, 0.75, 2.4375, 1.0625], "texture": "#0"},
				"east": {"uv": [2.4375, 1.375, 2.125, 1.0625], "texture": "#0"},
				"south": {"uv": [2.75, 1.0625, 2.4375, 1.375], "texture": "#0"},
				"west": {"uv": [2.4375, 1.0625, 2.125, 1.375], "texture": "#0"},
				"up": {"uv": [2.75, 1.375, 2.4375, 1.0625], "texture": "#0"},
				"down": {"uv": [2.75, 0.75, 2.4375, 1.0625], "texture": "#0"}
			}
		},
		{
			"from": [1.75, 7.11078, 19.20421],
			"to": [4.25, 9.11078, 21.20421],
			"rotation": {"angle": 45, "axis": "x", "origin": [3, 16.91499, 7.4]},
			"faces": {
				"north": {"uv": [2.125, 0.8125, 2.4375, 1.0625], "texture": "#0"},
				"east": {"uv": [2.625, 0.25, 2.375, 0.5], "texture": "#0"},
				"south": {"uv": [2.375, 0.5, 2.6875, 0.75], "texture": "#0"},
				"west": {"uv": [2.375, 0.25, 2.625, 0.5], "texture": "#0"},
				"up": {"uv": [2.6875, 0.75, 2.375, 0.5], "texture": "#0"},
				"down": {"uv": [2.4375, 1.0625, 2.125, 0.8125], "texture": "#0"}
			}
		},
		{
			"from": [2.35, 0.7, 6],
			"to": [3.65, 2.7, 10],
			"rotation": {"angle": 0, "axis": "y", "origin": [2, 16.2, 8]},
			"faces": {
				"north": {"uv": [2.25, 0, 2.4375, 0.25], "texture": "#0"},
				"east": {"uv": [2.25, 0, 2.75, 0.25], "texture": "#0"},
				"south": {"uv": [2.25, 0, 2.4375, 0.25], "texture": "#0"},
				"west": {"uv": [2.25, 0, 2.75, 0.25], "texture": "#0"},
				"up": {"uv": [2.1875, 0.3125, 2.375, 0.8125], "texture": "#0"},
				"down": {"uv": [2.1875, 0.3125, 2.375, 0.8125], "texture": "#0"}
			}
		}
	],
	"gui_light": "front",
	"display": {
		"thirdperson_righthand": {
			"rotation": [37.25, 55.5, 0],
			"translation": [3.25, 0.75, -2],
			"scale": [0.83281, 0.83281, 0.83281]
		},
		"thirdperson_lefthand": {
			"rotation": [37.25, -124.5, 0],
			"translation": [3.25, 0.75, -2],
			"scale": [0.83281, 0.83281, 0.83281]
		},
		"firstperson_righthand": {
			"rotation": [-90, 69, 90],
			"translation": [-5.5, 3, 1.75],
			"scale": [0.41836, 0.41836, 0.41836]
		},
		"firstperson_lefthand": {
			"rotation": [-90, -111, -90],
			"translation": [-5.5, 3, 1.75],
			"scale": [0.41836, 0.41836, 0.41836]
		},
		"ground": {
			"translation": [0, 11, 0],
			"scale": [0.5, 0.5, 0.5]
		},
		"gui": {
			"rotation": [180, -90, 180],
			"translation": [0.25, 0.5, -1.5],
			"scale": [0.40234, 0.40234, 0.40234]
		},
		"head": {
			"scale": [0, 0, 0]
		},
		"fixed": {
			"rotation": [0, 90, 0],
			"translation": [0, 2.75, -11],
			"scale": [1.6, 1.6, 1.6]
		}
	}
}