{"credit":"Made with Blockbench","texture_size":[256,256],"textures":{"0":"bush_props:bush","particle":"bush_props:bush"},"elements":[{"from":[8,0,-1],"to":[8,14,17],"rotation":{"angle":-45,"axis":"y","origin":[8,7,8]},"faces":{"east":{"uv":[1.1875,1.75,2.3125,2.625],"texture":"#0"},"west":{"uv":[1.1875,1.75,2.3125,2.625],"texture":"#0"}}},{"from":[-1,0,8],"to":[17,14,8],"rotation":{"angle":-45,"axis":"y","origin":[8,7,8]},"faces":{"north":{"uv":[1.1875,1.75,2.3125,2.625],"texture":"#0"},"south":{"uv":[1.1875,1.75,2.3125,2.625],"texture":"#0"}}},{"from":[-1,0,8],"to":[17,14,8],"rotation":{"angle":0,"axis":"y","origin":[8,7,8]},"faces":{"north":{"uv":[0,1.75,1.125,2.625],"texture":"#0"},"south":{"uv":[0,1.75,1.125,2.625],"texture":"#0"}}},{"from":[8,0,-1],"to":[8,14,17],"rotation":{"angle":0,"axis":"y","origin":[8,7,8]},"faces":{"east":{"uv":[0,1.75,1.125,2.625],"texture":"#0"},"west":{"uv":[0,1.75,1.125,2.625],"texture":"#0"}}}],"gui_light":"front","display":{"thirdperson_righthand":{"rotation":[75,45,0],"translation":[0,2.75,0.5],"scale":[0.375,0.375,0.375]},"thirdperson_lefthand":{"rotation":[75,45,0],"translation":[0,2.75,1],"scale":[0.375,0.375,0.375]},"firstperson_righthand":{"rotation":[0,75.75,0],"translation":[5.25,2.75,1.5],"scale":[0.4,0.4,0.4]},"firstperson_lefthand":{"rotation":[0,75.75,0],"translation":[5.25,2.75,2],"scale":[0.4,0.4,0.4]},"ground":{"translation":[0,3,0],"scale":[0.25,0.25,0.25]},"gui":{"rotation":[30,225,0],"translation":[0,-0.25,0],"scale":[0.80078,0.80078,0.80078]},"head":{"translation":[0,12.75,0],"scale":[0.79492,0.79492,0.79492]},"fixed":{"rotation":[-90,0,0],"translation":[0,0,-16],"scale":[2.00195,2.00195,2.00195]}},"mcmodels":"f9c0163139895b386539d47714627100"}