{"credit":"Made with Blockbench","texture_size":[256,256],"textures":{"0":"bush_props:bush","particle":"bush_props:bush"},"elements":[{"from":[8,0,-1.5],"to":[8,22,17.5],"rotation":{"angle":0,"axis":"y","origin":[8,11,8]},"faces":{"east":{"uv":[6.5625,4.75,7.75,6.125],"texture":"#0"},"west":{"uv":[6.5625,4.75,7.75,6.125],"texture":"#0"}}},{"from":[-1.5,0,8],"to":[17.5,22,8],"rotation":{"angle":0,"axis":"y","origin":[8,11,8]},"faces":{"north":{"uv":[6.5625,4.75,7.75,6.125],"texture":"#0"},"south":{"uv":[6.5625,4.75,7.75,6.125],"texture":"#0"}}},{"from":[8,0,-1.5],"to":[8,22,17.5],"rotation":{"angle":45,"axis":"y","origin":[8,11,8]},"faces":{"east":{"uv":[9.0625,4.75,10.25,6.125],"texture":"#0"},"west":{"uv":[9.0625,4.75,10.25,6.125],"texture":"#0"}}},{"from":[-1.5,0,8],"to":[17.5,22,8],"rotation":{"angle":45,"axis":"y","origin":[8,11,8]},"faces":{"north":{"uv":[9.0625,4.75,10.25,6.125],"texture":"#0"},"south":{"uv":[9.0625,4.75,10.25,6.125],"texture":"#0"}}}],"gui_light":"front","display":{"thirdperson_righthand":{"rotation":[75,45,0],"translation":[0,2.75,0.5],"scale":[0.375,0.375,0.375]},"thirdperson_lefthand":{"rotation":[75,45,0],"translation":[0,2.75,1],"scale":[0.375,0.375,0.375]},"firstperson_righthand":{"rotation":[0,75.75,0],"translation":[5.25,2.75,1.5],"scale":[0.4,0.4,0.4]},"firstperson_lefthand":{"rotation":[0,75.75,0],"translation":[5.25,2.75,2],"scale":[0.4,0.4,0.4]},"ground":{"translation":[0,3,0],"scale":[0.25,0.25,0.25]},"gui":{"rotation":[30,225,0],"translation":[0,-1.75,0],"scale":[0.63281,0.63281,0.63281]},"head":{"translation":[0,12.75,0],"scale":[0.79492,0.79492,0.79492]},"fixed":{"rotation":[-90,0,0],"translation":[0,0,-16],"scale":[2.00195,2.00195,2.00195]}},"mcmodels":"f9c0163139895b386539d47714627100"}