{
  "parent": "item/generated",
  "textures": {
   "layer0": "item/diamond"
  },
  "overrides": [
   {
    "predicate": {
     "custom_model_data": 0
    },
    "model": "item/diamond/diamond"
   },
   {
    "predicate": {
     "custom_model_data": 1
    },
    "model": "item/diamond/cosmetics_chest"
   },
   {
    "predicate": {
     "custom_model_data": 2
    },
    "model": "item/diamond/cosmetics_crown"
   },
   {
    "predicate": {
     "custom_model_data": 3
    },
    "model": "item/diamond/cosmetics_drone"
   },
   {
    "predicate": {
     "custom_model_data": 4
    },
    "model": "item/diamond/cosmetics_mail_hat"
   },
   {
    "predicate": {
     "custom_model_data": 5
    },
    "model": "item/diamond/cosmetics_villager"
   }
  ]
}