{
  "parent": "item/generated",
  "textures": {
   "layer0": "item/paper"
  },
  "overrides": [
   {
    "predicate": {
     "custom_model_data": 0
    },
    "model": "item/paper/paper"
   },
   {
    "predicate": {
     "custom_model_data": 1
    },
    "model": "item/paper/beetroot_drone"
   },
   {
    "predicate": {
     "custom_model_data": 2
    },
    "model": "item/paper/board_dollar"
   },
   {
    "predicate": {
     "custom_model_data": 3
    },
    "model": "item/paper/board_event"
   },
   {
    "predicate": {
     "custom_model_data": 4
    },
    "model": "item/paper/board_gens"
   },
   {
    "predicate": {
     "custom_model_data": 5
    },
    "model": "item/paper/board_payouts"
   },
   {
    "predicate": {
     "custom_model_data": 6
    },
    "model": "item/paper/carrot_drone"
   },
   {
    "predicate": {
     "custom_model_data": 7
    },
    "model": "item/paper/chest1"
   },
   {
    "predicate": {
     "custom_model_data": 8
    },
    "model": "item/paper/chest2"
   },
   {
    "predicate": {
     "custom_model_data": 9
    },
    "model": "item/paper/chest3"
   },
   {
    "predicate": {
     "custom_model_data": 10
    },
    "model": "item/paper/chest4"
   },
   {
    "predicate": {
     "custom_model_data": 11
    },
    "model": "item/paper/chest5"
   },
   {
    "predicate": {
     "custom_model_data": 12
    },
    "model": "item/paper/chip"
   },
   {
    "predicate": {
     "custom_model_data": 13
    },
    "model": "item/paper/clasher"
   },
   {
    "predicate": {
     "custom_model_data": 14
    },
    "model": "item/paper/clasher_event_npc_item"
   },
   {
    "predicate": {
     "custom_model_data": 15
    },
    "model": "item/paper/clasher_logo"
   },
   {
    "predicate": {
     "custom_model_data": 16
    },
    "model": "item/paper/compass_gold"
   },
   {
    "predicate": {
     "custom_model_data": 17
    },
    "model": "item/paper/dollar"
   },
   {
    "predicate": {
     "custom_model_data": 18
    },
    "model": "item/paper/gens_blue"
   },
   {
    "predicate": {
     "custom_model_data": 19
    },
    "model": "item/paper/gens_red"
   },
   {
    "predicate": {
     "custom_model_data": 20
    },
    "model": "item/paper/invis"
   },
   {
    "predicate": {
     "custom_model_data": 21
    },
    "model": "item/paper/mail_drone"
   },
   {
    "predicate": {
     "custom_model_data": 22
    },
    "model": "item/paper/potato_drone"
   },
   {
    "predicate": {
     "custom_model_data": 23
    },
    "model": "item/paper/race_flag"
   },
   {
    "predicate": {
     "custom_model_data": 24
    },
    "model": "item/paper/wheat_drone"
   },
   {
    "predicate": {
     "custom_model_data": 25
    },
    "model": "item/paper/wumpus"
   }
  ]
}