{"textures":{"1":"modelengine:entity/ice_creeper_vfx"},"elements":[{"from":[11.5,11.5,11.5],"to":[4.5,4.5,4.5],"faces":{"east":{"uv":[8.5,6.0,9.375,6.875],"tintindex":0,"rotation":0,"texture":"#1"},"south":{"uv":[6.5,8.625,7.375,9.5],"tintindex":0,"rotation":0,"texture":"#1"},"north":{"uv":[8.5,5.125,9.375,6.0],"tintindex":0,"rotation":0,"texture":"#1"},"west":{"uv":[7.375,8.625,8.25,9.5],"tintindex":0,"rotation":0,"texture":"#1"},"up":{"uv":[9.125,9.5,8.25,8.625],"tintindex":0,"rotation":0,"texture":"#1"},"down":{"uv":[3.125,8.75,2.25,9.625],"tintindex":0,"rotation":0,"texture":"#1"}}},{"from":[5.0,5.0,5.0],"to":[11.0,11.0,11.0],"faces":{"east":{"uv":[4.0,4.5,4.75,5.25],"tintindex":0,"rotation":0,"texture":"#1"},"south":{"uv":[6.25,4.5,7.0,5.25],"tintindex":0,"rotation":0,"texture":"#1"},"north":{"uv":[4.75,4.5,5.5,5.25],"tintindex":0,"rotation":0,"texture":"#1"},"west":{"uv":[5.5,4.5,6.25,5.25],"tintindex":0,"rotation":0,"texture":"#1"},"up":{"uv":[5.5,4.5,4.75,3.75],"tintindex":0,"rotation":0,"texture":"#1"},"down":{"uv":[6.25,3.75,5.5,4.5],"tintindex":0,"rotation":0,"texture":"#1"}}}],"display":{"gui":{"rotation":[30,225,0]}}}