{"textures":{"1":"modelengine:entity/ice_creeper_vfx"},"elements":[{"from":[5.0,5.0,5.0],"to":[11.0,11.0,11.0],"faces":{"east":{"uv":[4.0,4.5,4.75,5.25],"tintindex":0,"rotation":0,"texture":"#1"},"south":{"uv":[6.25,4.5,7.0,5.25],"tintindex":0,"rotation":0,"texture":"#1"},"north":{"uv":[4.75,4.5,5.5,5.25],"tintindex":0,"rotation":0,"texture":"#1"},"west":{"uv":[5.5,4.5,6.25,5.25],"tintindex":0,"rotation":0,"texture":"#1"},"up":{"uv":[5.5,4.5,4.75,3.75],"tintindex":0,"rotation":0,"texture":"#1"},"down":{"uv":[6.25,3.75,5.5,4.5],"tintindex":0,"rotation":0,"texture":"#1"}}},{"from":[11.5,11.5,11.5],"to":[4.5,4.5,4.5],"faces":{"east":{"uv":[4.0,8.75,4.875,9.625],"tintindex":0,"rotation":0,"texture":"#1"},"south":{"uv":[4.875,8.75,5.75,9.625],"tintindex":0,"rotation":0,"texture":"#1"},"north":{"uv":[3.125,8.75,4.0,9.625],"tintindex":0,"rotation":0,"texture":"#1"},"west":{"uv":[8.75,6.875,9.625,7.75],"tintindex":0,"rotation":0,"texture":"#1"},"up":{"uv":[9.625,8.625,8.75,7.75],"tintindex":0,"rotation":0,"texture":"#1"},"down":{"uv":[0.875,9.125,0.0,10.0],"tintindex":0,"rotation":0,"texture":"#1"}}}],"display":{"gui":{"rotation":[30,225,0]}}}