{"textures":{"1":"modelengine:entity/ice_creeper_vfx"},"elements":[{"from":[4.0,4.0,4.0],"to":[12.0,12.0,12.0],"faces":{"east":{"uv":[0.0,4.75,1.0,5.75],"tintindex":0,"rotation":0,"texture":"#1"},"south":{"uv":[3.0,4.75,4.0,5.75],"tintindex":0,"rotation":0,"texture":"#1"},"north":{"uv":[1.0,4.75,2.0,5.75],"tintindex":0,"rotation":0,"texture":"#1"},"west":{"uv":[2.0,4.75,3.0,5.75],"tintindex":0,"rotation":0,"texture":"#1"},"up":{"uv":[2.0,4.75,1.0,3.75],"tintindex":0,"rotation":0,"texture":"#1"},"down":{"uv":[3.0,3.75,2.0,4.75],"tintindex":0,"rotation":0,"texture":"#1"}}},{"from":[12.5,12.5,12.5],"to":[3.5,3.5,3.5],"faces":{"east":{"uv":[6.5,7.5,7.625,8.625],"tintindex":0,"rotation":0,"texture":"#1"},"south":{"uv":[7.625,7.5,8.75,8.625],"tintindex":0,"rotation":0,"texture":"#1"},"north":{"uv":[7.0,4.0,8.125,5.125],"tintindex":0,"rotation":0,"texture":"#1"},"west":{"uv":[0.0,8.0,1.125,9.125],"tintindex":0,"rotation":0,"texture":"#1"},"up":{"uv":[2.25,9.125,1.125,8.0],"tintindex":0,"rotation":0,"texture":"#1"},"down":{"uv":[9.25,4.0,8.125,5.125],"tintindex":0,"rotation":0,"texture":"#1"}}}],"display":{"gui":{"rotation":[30,225,0]}}}