{"textures":{"1":"modelengine:entity/ice_creeper_vfx"},"elements":[{"from":[11.0,11.0,11.0],"to":[5.0,5.0,5.0],"faces":{"east":{"uv":[3.0,5.75,3.75,6.5],"tintindex":0,"rotation":0,"texture":"#1"},"south":{"uv":[5.75,8.75,6.5,9.5],"tintindex":0,"rotation":0,"texture":"#1"},"north":{"uv":[2.25,5.75,3.0,6.5],"tintindex":0,"rotation":0,"texture":"#1"},"west":{"uv":[0.875,9.125,1.625,9.875],"tintindex":0,"rotation":0,"texture":"#1"},"up":{"uv":[9.875,9.375,9.125,8.625],"tintindex":0,"rotation":0,"texture":"#1"},"down":{"uv":[10.0,4.0,9.25,4.75],"tintindex":0,"rotation":0,"texture":"#1"}}},{"from":[5.5,5.5,5.5],"to":[10.5,10.5,10.5],"faces":{"east":{"uv":[4.0,5.875,4.625,6.5],"tintindex":0,"rotation":0,"texture":"#1"},"south":{"uv":[5.875,5.875,6.5,6.5],"tintindex":0,"rotation":0,"texture":"#1"},"north":{"uv":[4.625,5.875,5.25,6.5],"tintindex":0,"rotation":0,"texture":"#1"},"west":{"uv":[5.25,5.875,5.875,6.5],"tintindex":0,"rotation":0,"texture":"#1"},"up":{"uv":[5.25,5.875,4.625,5.25],"tintindex":0,"rotation":0,"texture":"#1"},"down":{"uv":[5.875,5.25,5.25,5.875],"tintindex":0,"rotation":0,"texture":"#1"}}}],"display":{"gui":{"rotation":[30,225,0]}}}