{"textures":{"1":"modelengine:entity/ice_creeper_vfx"},"elements":[{"from":[11.5,11.5,11.5],"to":[4.5,4.5,4.500001],"faces":{"east":{"uv":[0.0,0.875,0.875,1.75],"tintindex":0,"rotation":0,"texture":"#1"},"south":{"uv":[0.875,0.0,1.75,0.875],"tintindex":0,"rotation":0,"texture":"#1"},"north":{"uv":[0.0,0.0,0.875,0.875],"tintindex":0,"rotation":0,"texture":"#1"},"west":{"uv":[0.875,0.875,1.75,1.75],"tintindex":0,"rotation":0,"texture":"#1"},"up":{"uv":[0.875,4.625,0.0,3.75],"tintindex":0,"rotation":0,"texture":"#1"},"down":{"uv":[3.875,3.75,3.0,4.625],"tintindex":0,"rotation":0,"texture":"#1"}}},{"from":[5.0,5.0,5.000001],"to":[11.0,11.0,11.0],"faces":{"east":{"uv":[4.0,4.5,4.75,5.25],"tintindex":0,"rotation":0,"texture":"#1"},"south":{"uv":[6.25,4.5,7.0,5.25],"tintindex":0,"rotation":0,"texture":"#1"},"north":{"uv":[4.75,4.5,5.5,5.25],"tintindex":0,"rotation":0,"texture":"#1"},"west":{"uv":[5.5,4.5,6.25,5.25],"tintindex":0,"rotation":0,"texture":"#1"},"up":{"uv":[5.5,4.5,4.75,3.75],"tintindex":0,"rotation":0,"texture":"#1"},"down":{"uv":[6.25,3.75,5.5,4.5],"tintindex":0,"rotation":0,"texture":"#1"}}}],"display":{"gui":{"rotation":[30,225,0]}}}