{"textures":{"1":"modelengine:entity/ice_creeper_vfx"},"elements":[{"from":[17.75,16.335476,15.75],"to":[0.25,-1.164525,0.25],"faces":{"east":{"uv":[4.5,6.5,6.5,8.75],"tintindex":0,"rotation":0,"texture":"#1"},"south":{"uv":[2.25,6.5,4.5,8.75],"tintindex":0,"rotation":0,"texture":"#1"},"north":{"uv":[0.0,5.75,2.25,8.0],"tintindex":0,"rotation":0,"texture":"#1"},"west":{"uv":[6.5,5.25,8.5,7.5],"tintindex":0,"rotation":0,"texture":"#1"},"up":{"uv":[9.75,2.0,7.5,0.0],"tintindex":0,"rotation":0,"texture":"#1"},"down":{"uv":[9.75,2.0,7.5,4.0],"tintindex":0,"rotation":0,"texture":"#1"}},"rotation":{"origin":[8.0,6.585475,8.0],"angle":45.0,"axis":"z"}},{"from":[1.0,-0.41390133,1.0],"to":[17.0,15.586099,15.0],"faces":{"east":{"uv":[0.0,1.75,1.75,3.75],"tintindex":0,"rotation":0,"texture":"#1"},"south":{"uv":[5.5,1.75,7.5,3.75],"tintindex":0,"rotation":0,"texture":"#1"},"north":{"uv":[1.75,1.75,3.75,3.75],"tintindex":0,"rotation":0,"texture":"#1"},"west":{"uv":[3.75,1.75,5.5,3.75],"tintindex":0,"rotation":0,"texture":"#1"},"up":{"uv":[3.75,1.75,1.75,0.0],"tintindex":0,"rotation":0,"texture":"#1"},"down":{"uv":[5.75,0.0,3.75,1.75],"tintindex":0,"rotation":0,"texture":"#1"}},"rotation":{"origin":[8.0,6.5860987,8.0],"angle":45.0,"axis":"z"}}],"display":{"gui":{"rotation":[30,225,0]}}}