{"textures":{"0":"modelengine:entity/ice_creeper"},"elements":[{"from":[6.0,2.0,8.0],"to":[10.0,8.0,12.0],"faces":{"east":{"uv":[4.0,9.0,5.0,10.5],"tintindex":0,"rotation":0,"texture":"#0"},"south":{"uv":[7.0,9.0,8.0,10.5],"tintindex":0,"rotation":0,"texture":"#0"},"north":{"uv":[5.0,9.0,6.0,10.5],"tintindex":0,"rotation":0,"texture":"#0"},"west":{"uv":[6.0,9.0,7.0,10.5],"tintindex":0,"rotation":0,"texture":"#0"},"up":{"uv":[6.0,9.0,5.0,8.0],"tintindex":0,"rotation":0,"texture":"#0"},"down":{"uv":[7.0,8.0,6.0,9.0],"tintindex":0,"rotation":0,"texture":"#0"}}}],"display":{"gui":{"rotation":[30,225,0]}}}