{"textures":{"0":"modelengine:entity/ice_creeper"},"elements":[{"from":[3.0,8.5,8.0],"to":[7.0,20.5,8.0],"faces":{"south":{"uv":[9.0,0.0,10.0,3.0],"tintindex":0,"rotation":0,"texture":"#0"},"north":{"uv":[8.0,0.0,9.0,3.0],"tintindex":0,"rotation":0,"texture":"#0"}}},{"from":[7.0,8.5,6.0],"to":[15.0,14.5,10.0],"faces":{"east":{"uv":[8.0,8.0,9.0,9.5],"tintindex":0,"rotation":0,"texture":"#0"},"south":{"uv":[6.0,0.0,8.0,1.5],"tintindex":0,"rotation":0,"texture":"#0"},"north":{"uv":[0.0,0.0,2.0,1.5],"tintindex":0,"rotation":0,"texture":"#0"},"west":{"uv":[0.0,9.0,1.0,10.5],"tintindex":0,"rotation":0,"texture":"#0"},"up":{"uv":[5.0,5.0,3.0,4.0],"tintindex":0,"rotation":0,"texture":"#0"},"down":{"uv":[10.0,3.0,8.0,4.0],"tintindex":0,"rotation":0,"texture":"#0"}}}],"display":{"gui":{"rotation":[30,225,0]}}}