{"textures":{"0":"modelengine:entity/ice_creeper"},"elements":[{"from":[3.975,7.975,7.975],"to":[12.025,14.025,12.025],"faces":{"east":{"uv":[3.0,9.0,4.0,10.5],"tintindex":0,"rotation":0,"texture":"#0"},"south":{"uv":[6.0,6.5,8.0,8.0],"tintindex":0,"rotation":0,"texture":"#0"},"north":{"uv":[4.0,6.5,6.0,8.0],"tintindex":0,"rotation":0,"texture":"#0"},"west":{"uv":[9.0,7.5,10.0,9.0],"tintindex":0,"rotation":0,"texture":"#0"},"up":{"uv":[10.0,7.5,8.0,6.5],"tintindex":0,"rotation":0,"texture":"#0"},"down":{"uv":[3.0,9.0,1.0,10.0],"tintindex":0,"rotation":0,"texture":"#0"}}}],"display":{"gui":{"rotation":[30,225,0]}}}