{"credit":"Made by PolygonMC","texture_size":[40,40],"textures":{"0":"infernoset:chest","particle":"infernoset:chest"},"elements":[{"from":[-5.865,0.08311,-0.46],"to":[-2.105,3.84311,3.3],"rotation":{"angle":45,"axis":"y","origin":[-3.28,3.25561,-4.22]},"faces":{"north":{"uv":[6.8,12.4,7.6,13.2],"texture":"#0"},"east":{"uv":[7.6,12.4,8.4,13.2],"texture":"#0"},"south":{"uv":[8.4,12.4,9.2,13.2],"texture":"#0"},"west":{"uv":[11.6,12.4,12.4,13.2],"texture":"#0"},"up":{"uv":[13.2,13.2,12.4,12.4],"texture":"#0"},"down":{"uv":[13.6,0.8,12.8,1.6],"texture":"#0"}}},{"from":[-4.0132,1.49311,-4.22],"to":[-3.9568,7.60311,1.42],"rotation":{"angle":45,"axis":"y","origin":[-3.28,3.25561,-4.22]},"faces":{"east":{"uv":[7.6,1.6,8.8,2.9],"texture":"#0"},"west":{"uv":[8.8,1.6,7.6,2.9],"texture":"#0"}}},{"from":[-5.395,0.55311,-2.34],"to":[-2.575,3.37311,-0.46],"rotation":{"angle":45,"axis":"y","origin":[-3.28,3.25561,-4.22]},"faces":{"north":{"uv":[12.8,11.6,13.4,12.2],"texture":"#0"},"east":{"uv":[2,13.2,2.4,13.8],"texture":"#0"},"west":{"uv":[11.6,13.2,12,13.8],"texture":"#0"},"up":{"uv":[12.6,13.6,12,13.2],"texture":"#0"},"down":{"uv":[13.8,12.4,13.2,12.8],"texture":"#0"}}},{"from":[-4.925,1.49311,-3.28],"to":[-3.045,4.78311,-1.4],"rotation":{"angle":45,"axis":"y","origin":[-3.28,3.25561,-4.22]},"faces":{"north":{"uv":[6.4,12.8,6.8,13.5],"texture":"#0"},"east":{"uv":[0.8,13.2,1.2,13.9],"texture":"#0"},"south":{"uv":[1.2,13.2,1.6,13.9],"texture":"#0"},"west":{"uv":[1.6,13.2,2,13.9],"texture":"#0"},"up":{"uv":[13.2,13.6,12.8,13.2],"texture":"#0"},"down":{"uv":[13.6,12.8,13.2,13.2],"texture":"#0"}}},{"from":[18.105,0.08311,-0.46],"to":[21.865,3.84311,3.3],"rotation":{"angle":-45,"axis":"y","origin":[19.28,3.25561,-4.22]},"faces":{"north":{"uv":[7.6,12.4,6.8,13.2],"texture":"#0"},"east":{"uv":[12.4,12.4,11.6,13.2],"texture":"#0"},"south":{"uv":[9.2,12.4,8.4,13.2],"texture":"#0"},"west":{"uv":[8.4,12.4,7.6,13.2],"texture":"#0"},"up":{"uv":[12.4,13.2,13.2,12.4],"texture":"#0"},"down":{"uv":[12.8,0.8,13.6,1.6],"texture":"#0"}}},{"from":[18.575,0.55311,-2.34],"to":[21.395,3.37311,-0.46],"rotation":{"angle":-45,"axis":"y","origin":[19.28,3.25561,-4.22]},"faces":{"north":{"uv":[13.4,11.6,12.8,12.2],"texture":"#0"},"east":{"uv":[12,13.2,11.6,13.8],"texture":"#0"},"west":{"uv":[2.4,13.2,2,13.8],"texture":"#0"},"up":{"uv":[12,13.6,12.6,13.2],"texture":"#0"},"down":{"uv":[13.2,12.4,13.8,12.8],"texture":"#0"}}},{"from":[19.045,1.49311,-3.28],"to":[20.925,4.78311,-1.4],"rotation":{"angle":-45,"axis":"y","origin":[19.28,3.25561,-4.22]},"faces":{"north":{"uv":[6.8,12.8,6.4,13.5],"texture":"#0"},"east":{"uv":[2,13.2,1.6,13.9],"texture":"#0"},"south":{"uv":[1.6,13.2,1.2,13.9],"texture":"#0"},"west":{"uv":[1.2,13.2,0.8,13.9],"texture":"#0"},"up":{"uv":[12.8,13.6,13.2,13.2],"texture":"#0"},"down":{"uv":[13.2,12.8,13.6,13.2],"texture":"#0"}}},{"from":[19.9568,1.49311,-4.22],"to":[20.0132,7.60311,1.42],"rotation":{"angle":-45,"axis":"y","origin":[19.28,3.25561,-4.22]},"faces":{"east":{"uv":[7.6,1.6,8.8,2.9],"texture":"#0"},"west":{"uv":[8.8,1.6,7.6,2.9],"texture":"#0"}}},{"from":[-5.865,0.08311,12.7],"to":[-2.105,3.84311,16.46],"rotation":{"angle":-45,"axis":"y","origin":[-3.28,3.25561,20.22]},"faces":{"north":{"uv":[9.2,12.4,8.4,13.2],"texture":"#0"},"east":{"uv":[8.4,12.4,7.6,13.2],"texture":"#0"},"south":{"uv":[7.6,12.4,6.8,13.2],"texture":"#0"},"west":{"uv":[12.4,12.4,11.6,13.2],"texture":"#0"},"up":{"uv":[13.2,12.4,12.4,13.2],"texture":"#0"},"down":{"uv":[13.6,1.6,12.8,0.8],"texture":"#0"}}},{"from":[-5.395,0.55311,16.46],"to":[-2.575,3.37311,18.34],"rotation":{"angle":-45,"axis":"y","origin":[-3.28,3.25561,20.22]},"faces":{"east":{"uv":[2.4,13.2,2,13.8],"texture":"#0"},"south":{"uv":[13.4,11.6,12.8,12.2],"texture":"#0"},"west":{"uv":[12,13.2,11.6,13.8],"texture":"#0"},"up":{"uv":[12.6,13.2,12,13.6],"texture":"#0"},"down":{"uv":[13.8,12.8,13.2,12.4],"texture":"#0"}}},{"from":[-4.925,1.49311,17.4],"to":[-3.045,4.78311,19.28],"rotation":{"angle":-45,"axis":"y","origin":[-3.28,3.25561,20.22]},"faces":{"north":{"uv":[1.6,13.2,1.2,13.9],"texture":"#0"},"east":{"uv":[1.2,13.2,0.8,13.9],"texture":"#0"},"south":{"uv":[6.8,12.8,6.4,13.5],"texture":"#0"},"west":{"uv":[2,13.2,1.6,13.9],"texture":"#0"},"up":{"uv":[13.2,13.2,12.8,13.6],"texture":"#0"},"down":{"uv":[13.6,13.2,13.2,12.8],"texture":"#0"}}},{"from":[-4.0132,1.49311,14.58],"to":[-3.9568,7.60311,20.22],"rotation":{"angle":-45,"axis":"y","origin":[-3.28,3.25561,20.22]},"faces":{"east":{"uv":[8.8,1.6,7.6,2.9],"texture":"#0"},"west":{"uv":[7.6,1.6,8.8,2.9],"texture":"#0"}}},{"from":[19.9568,1.49311,14.58],"to":[20.0132,7.60311,20.22],"rotation":{"angle":45,"axis":"y","origin":[19.28,3.25561,20.22]},"faces":{"east":{"uv":[8.8,1.6,7.6,2.9],"texture":"#0"},"west":{"uv":[7.6,1.6,8.8,2.9],"texture":"#0"}}},{"from":[19.045,1.49311,17.4],"to":[20.925,4.78311,19.28],"rotation":{"angle":45,"axis":"y","origin":[19.28,3.25561,20.22]},"faces":{"north":{"uv":[1.2,13.2,1.6,13.9],"texture":"#0"},"east":{"uv":[1.6,13.2,2,13.9],"texture":"#0"},"south":{"uv":[6.4,12.8,6.8,13.5],"texture":"#0"},"west":{"uv":[0.8,13.2,1.2,13.9],"texture":"#0"},"up":{"uv":[12.8,13.2,13.2,13.6],"texture":"#0"},"down":{"uv":[13.2,13.2,13.6,12.8],"texture":"#0"}}},{"from":[18.575,0.55311,16.46],"to":[21.395,3.37311,18.34],"rotation":{"angle":45,"axis":"y","origin":[19.28,3.25561,20.22]},"faces":{"east":{"uv":[11.6,13.2,12,13.8],"texture":"#0"},"south":{"uv":[12.8,11.6,13.4,12.2],"texture":"#0"},"west":{"uv":[2,13.2,2.4,13.8],"texture":"#0"},"up":{"uv":[12,13.2,12.6,13.6],"texture":"#0"},"down":{"uv":[13.2,12.8,13.8,12.4],"texture":"#0"}}},{"from":[18.105,0.08311,12.7],"to":[21.865,3.84311,16.46],"rotation":{"angle":45,"axis":"y","origin":[19.28,3.25561,20.22]},"faces":{"north":{"uv":[8.4,12.4,9.2,13.2],"texture":"#0"},"east":{"uv":[11.6,12.4,12.4,13.2],"texture":"#0"},"south":{"uv":[6.8,12.4,7.6,13.2],"texture":"#0"},"west":{"uv":[7.6,12.4,8.4,13.2],"texture":"#0"},"up":{"uv":[12.4,12.4,13.2,13.2],"texture":"#0"},"down":{"uv":[12.8,1.6,13.6,0.8],"texture":"#0"}}},{"from":[0.01,1.02311,0.01],"to":[15.99,4.78311,15.99],"rotation":{"angle":0,"axis":"y","origin":[2.36,1.02311,-0.46]},"faces":{"north":{"uv":[9.2,8.8,12.6,9.6],"texture":"#0"},"east":{"uv":[9.6,7.2,13,8],"texture":"#0"},"south":{"uv":[9.6,8,13,8.8],"texture":"#0"},"west":{"uv":[9.2,9.6,12.6,10.4],"texture":"#0"},"up":{"uv":[3.4,7,0,3.6],"texture":"#0"},"down":{"uv":[7,3.6,3.6,7],"texture":"#0"}}},{"from":[0.95,4.78311,0.95],"to":[15.05,5.72311,15.05],"rotation":{"angle":0,"axis":"y","origin":[2.36,1.02311,-0.46]},"faces":{"north":{"uv":[12.8,5.6,15.8,5.8],"texture":"#0"},"east":{"uv":[12.8,6,15.8,6.2],"texture":"#0"},"south":{"uv":[12.8,6.4,15.8,6.6],"texture":"#0"},"west":{"uv":[12.8,6.8,15.8,7],"texture":"#0"}}},{"from":[0.01,5.72311,0.01],"to":[15.99,9.48311,15.99],"rotation":{"angle":0,"axis":"y","origin":[2.36,1.02311,-0.46]},"faces":{"north":{"uv":[10,1.6,13.4,2.4],"texture":"#0"},"east":{"uv":[10,2.4,13.4,3.2],"texture":"#0"},"south":{"uv":[10,3.2,13.4,4],"texture":"#0"},"west":{"uv":[10,4,13.4,4.8],"texture":"#0"},"down":{"uv":[7.4,0,4,3.4],"texture":"#0"}}},{"from":[-1.118,9.95311,0.01],"to":[17.118,13.71311,15.99],"rotation":{"angle":0,"axis":"y","origin":[2.36,1.02311,-0.46]},"faces":{"north":{"uv":[8.8,5.6,12.7,6.4],"texture":"#0"},"east":{"uv":[10,4.8,13.4,5.6],"texture":"#0"},"south":{"uv":[8.8,6.4,12.7,7.2],"texture":"#0"},"west":{"uv":[9.2,10.4,12.6,11.2],"texture":"#0"},"up":{"uv":[3.9,3.4,0,0],"texture":"#0"}}},{"from":[-2.1022,11.14096,0.0194],"to":[5.3238,14.90096,15.9806],"rotation":{"angle":22.5,"axis":"z","origin":[1.3758,16.78096,8.0094]},"faces":{"north":{"uv":[2.4,10.8,4,11.6],"texture":"#0"},"south":{"uv":[4,10.8,5.6,11.6],"texture":"#0"},"up":{"uv":[8.8,7,7.2,3.6],"texture":"#0"}}},{"from":[10.6762,11.14096,0.0194],"to":[18.1022,14.90096,15.9806],"rotation":{"angle":-22.5,"axis":"z","origin":[14.6242,16.78096,8.0094]},"faces":{"north":{"uv":[4,10.8,2.4,11.6],"texture":"#0"},"south":{"uv":[5.6,10.8,4,11.6],"texture":"#0"},"up":{"uv":[7.2,7,8.8,3.6],"texture":"#0"}}},{"from":[5.462,10.89311,-0.93],"to":[10.538,17.47311,16.93],"rotation":{"angle":0,"axis":"y","origin":[2.36,1.02311,-0.46]},"faces":{"north":{"uv":[0,10.8,1.1,12.2],"texture":"#0"},"east":{"uv":[5.6,7.2,9.4,8.6],"texture":"#0"},"south":{"uv":[1.2,10.8,2.3,12.2],"texture":"#0"},"west":{"uv":[7.6,0,11.4,1.4],"texture":"#0"},"up":{"uv":[9.9,5.4,8.8,1.6],"texture":"#0"},"down":{"uv":[6.7,8.8,5.6,12.6],"texture":"#0"}}},{"from":[2.125,8.21424,-0.46],"to":[13.875,10.09424,16.46],"rotation":{"angle":0,"axis":"z","origin":[12.465,9.15424,8]},"faces":{"north":{"uv":[11.6,0,14.1,0.4],"texture":"#0"},"south":{"uv":[11.6,0.4,14.1,0.8],"texture":"#0"},"up":{"uv":[2.5,10.8,0,7.2],"texture":"#0"},"down":{"uv":[5.3,7.2,2.8,10.8],"texture":"#0"}}},{"from":[-2.32261,7.60311,-0.46],"to":[2.37739,9.48311,16.46],"rotation":{"angle":-22.5,"axis":"z","origin":[3.78739,8.54311,8]},"faces":{"north":{"uv":[7.6,3.2,8.6,3.6],"texture":"#0"},"south":{"uv":[12.8,9.6,13.8,10],"texture":"#0"},"west":{"uv":[9.2,11.2,12.8,11.6],"texture":"#0"},"up":{"uv":[7.8,12.4,6.8,8.8],"texture":"#0"},"down":{"uv":[9,8.8,8,12.4],"texture":"#0"}}},{"from":[13.62261,7.60311,-0.46],"to":[18.32261,9.48311,16.46],"rotation":{"angle":22.5,"axis":"z","origin":[12.21261,8.54311,8]},"faces":{"north":{"uv":[8.6,3.2,7.6,3.6],"texture":"#0"},"east":{"uv":[12.8,11.2,9.2,11.6],"texture":"#0"},"south":{"uv":[13.8,9.6,12.8,10],"texture":"#0"},"up":{"uv":[6.8,12.4,7.8,8.8],"texture":"#0"},"down":{"uv":[8,8.8,9,12.4],"texture":"#0"}}},{"from":[6.12,5.72311,-1.4],"to":[9.88,9.48311,0.95],"rotation":{"angle":-45,"axis":"z","origin":[8,7.60311,-0.46]},"faces":{"north":{"uv":[2.4,12.8,3.2,13.6],"texture":"#0"},"east":{"uv":[10,12.8,10.5,13.6],"texture":"#0"},"south":{"uv":[3.2,12.8,4,13.6],"texture":"#0"},"west":{"uv":[12.8,10,13.3,10.8],"texture":"#0"},"up":{"uv":[11.6,13.3,10.8,12.8],"texture":"#0"},"down":{"uv":[13.6,10.8,12.8,11.3],"texture":"#0"}}},{"from":[13.89566,6.85456,5.65],"to":[17.65566,11.55456,10.35],"rotation":{"angle":22.5,"axis":"z","origin":[8.94,15.31111,8]},"faces":{"north":{"uv":[10.8,11.6,11.6,12.6],"rotation":180,"texture":"#0"},"east":{"uv":[4.6,11.6,3.6,12.6],"rotation":270,"texture":"#0"},"south":{"uv":[10,12.6,10.8,11.6],"texture":"#0"},"west":{"uv":[3.4,11.6,2.4,12.6],"rotation":90,"texture":"#0"},"up":{"uv":[5.6,11.6,4.8,12.6],"rotation":180,"texture":"#0"},"down":{"uv":[10,11.6,9.2,12.6],"texture":"#0"}}},{"from":[13.76545,4.39795,6.073],"to":[17.78865,8.25195,9.927],"rotation":{"angle":45,"axis":"z","origin":[8.94,15.31111,8]},"faces":{"north":{"uv":[1.2,12.4,2.1,13.2],"rotation":180,"texture":"#0"},"east":{"uv":[4.8,12.8,4,13.6],"rotation":270,"texture":"#0"},"south":{"uv":[0,13.2,0.9,12.4],"texture":"#0"},"up":{"uv":[12.5,0.8,11.6,1.6],"rotation":180,"texture":"#0"},"down":{"uv":[12.5,11.6,11.6,12.4],"texture":"#0"}}},{"from":[19.09307,19.43603,6.51621],"to":[22.06065,22.642,9.48379],"rotation":{"angle":-22.5,"axis":"z","origin":[8.94,15.31111,8]},"faces":{"north":{"uv":[9.2,12.8,9.8,13.5],"rotation":180,"texture":"#0"},"east":{"uv":[6.3,12.8,5.6,13.4],"rotation":270,"texture":"#0"},"south":{"uv":[12.8,9.5,13.4,8.8],"texture":"#0"},"west":{"uv":[5.5,12.8,4.8,13.4],"rotation":90,"texture":"#0"},"up":{"uv":[0.6,13.2,0,13.8],"rotation":180,"texture":"#0"}}},{"from":[21.32016,17.08658,6.84265],"to":[23.63487,19.58722,9.15737],"rotation":{"angle":0,"axis":"y","origin":[8.94,15.31111,8]},"faces":{"north":{"uv":[8.4,13.2,8.9,13.7],"rotation":180,"texture":"#0"},"east":{"uv":[8.1,13.2,7.6,13.7],"rotation":270,"texture":"#0"},"south":{"uv":[13.2,8.5,13.7,8],"texture":"#0"},"west":{"uv":[13.7,7.2,13.2,7.7],"rotation":90,"texture":"#0"},"up":{"uv":[7.3,13.2,6.8,13.7],"rotation":180,"texture":"#0"}}},{"from":[-1.65566,6.85456,5.65],"to":[2.10434,11.55456,10.35],"rotation":{"angle":-22.5,"axis":"z","origin":[7.06,15.31111,8]},"faces":{"north":{"uv":[11.6,11.6,10.8,12.6],"rotation":180,"texture":"#0"},"east":{"uv":[3.4,12.6,2.4,11.6],"rotation":90,"texture":"#0"},"south":{"uv":[10.8,12.6,10,11.6],"texture":"#0"},"west":{"uv":[4.6,12.6,3.6,11.6],"rotation":270,"texture":"#0"},"up":{"uv":[4.8,11.6,5.6,12.6],"rotation":180,"texture":"#0"},"down":{"uv":[9.2,11.6,10,12.6],"texture":"#0"}}},{"from":[-1.78865,4.39795,6.073],"to":[2.23455,8.25195,9.927],"rotation":{"angle":-45,"axis":"z","origin":[7.06,15.31111,8]},"faces":{"north":{"uv":[2.1,12.4,1.2,13.2],"rotation":180,"texture":"#0"},"south":{"uv":[0.9,13.2,0,12.4],"texture":"#0"},"west":{"uv":[4.8,13.6,4,12.8],"rotation":270,"texture":"#0"},"up":{"uv":[11.6,0.8,12.5,1.6],"rotation":180,"texture":"#0"},"down":{"uv":[11.6,11.6,12.5,12.4],"texture":"#0"}}},{"from":[-6.06065,19.43603,6.51621],"to":[-3.09307,22.642,9.48379],"rotation":{"angle":22.5,"axis":"z","origin":[7.06,15.31111,8]},"faces":{"north":{"uv":[9.8,12.8,9.2,13.5],"rotation":180,"texture":"#0"},"east":{"uv":[5.5,13.4,4.8,12.8],"rotation":90,"texture":"#0"},"south":{"uv":[13.4,9.5,12.8,8.8],"texture":"#0"},"west":{"uv":[6.3,13.4,5.6,12.8],"rotation":270,"texture":"#0"},"up":{"uv":[0,13.2,0.6,13.8],"rotation":180,"texture":"#0"}}},{"from":[-7.63487,17.08658,6.84265],"to":[-5.32016,19.58722,9.15737],"rotation":{"angle":0,"axis":"y","origin":[7.06,15.31111,8]},"faces":{"north":{"uv":[8.9,13.2,8.4,13.7],"rotation":180,"texture":"#0"},"east":{"uv":[13.7,7.7,13.2,7.2],"rotation":90,"texture":"#0"},"south":{"uv":[13.7,8.5,13.2,8],"texture":"#0"},"west":{"uv":[8.1,13.7,7.6,13.2],"rotation":270,"texture":"#0"},"up":{"uv":[6.8,13.2,7.3,13.7],"rotation":180,"texture":"#0"}}}],"gui_light":"front","display":{"thirdperson_righthand":{"rotation":[67.25,0,0],"translation":[0,1.75,1.25],"scale":[0.52539,0.52539,0.52539]},"thirdperson_lefthand":{"rotation":[67.25,0,0],"translation":[0,1.75,1.25],"scale":[0.52539,0.52539,0.52539]},"firstperson_righthand":{"rotation":[-10,180,0],"translation":[0,2.25,-1.75],"scale":[0.5,0.5,0.5]},"firstperson_lefthand":{"rotation":[-10,180,0],"translation":[0,2.25,-1.75],"scale":[0.5,0.5,0.5]},"ground":{"translation":[0,5,0],"scale":[0.6,0.6,0.6]},"gui":{"rotation":[0,135,0],"translation":[0,-1.25,0],"scale":[0.75,0.75,0.75]},"head":{"rotation":[0,180,0],"translation":[0,-30.4,0],"scale":[1.6,1.6,1.6]},"fixed":{"rotation":[-90,0,0],"translation":[0,0,-16],"scale":[2,2,2]}},"mcmodels":"c2b284a03807fb0c0cc3a74d1cfa0866"}