{"credit":"Made by PolygonMC","texture_size":[24,24],"textures":{"1":"infernoset:animations/animations_2","6":"infernoset:hoe","particle":"infernoset:animations/animations_2"},"elements":[{"from":[7.4,0,8],"to":[8.6,1.5,9.5],"rotation":{"angle":-45,"axis":"x","origin":[7.5,0,8]},"faces":{"north":{"uv":[10,0,10.83333,1],"texture":"#6"},"east":{"uv":[8,2.66667,9,3.66667],"texture":"#6"},"south":{"uv":[1.33333,10,2.16667,11],"texture":"#6"},"west":{"uv":[4,8,5,9],"texture":"#6"},"up":{"uv":[3.5,11,2.66667,10],"texture":"#6"},"down":{"uv":[10.83333,2.66667,10,3.66667],"texture":"#6"}}},{"from":[7.15,0.25,8.25],"to":[8.85,1.25,9.25],"rotation":{"angle":-45,"axis":"x","origin":[7.5,0,8]},"faces":{"north":{"uv":[10,6.66667,11.16667,7.33333],"texture":"#6"},"east":{"uv":[11.33333,10.66667,12,11.33333],"texture":"#6"},"south":{"uv":[7.33333,10,8.5,10.66667],"texture":"#6"},"west":{"uv":[11.33333,11.33333,12,12],"texture":"#6"},"up":{"uv":[11.16667,8,10,7.33333],"texture":"#6"},"down":{"uv":[11.16667,8.66667,10,9.33333],"texture":"#6"}}},{"from":[7.75,0.56066,6.45723],"to":[8.25,1.56066,7.45723],"rotation":{"angle":45,"axis":"x","origin":[8,1.06066,6.95723]},"faces":{"north":{"uv":[12.66667,14,13,14.66667],"texture":"#6"},"east":{"uv":[0,12,0.66667,12.66667],"texture":"#6"},"south":{"uv":[14,12.66667,14.33333,13.33333],"texture":"#6"},"west":{"uv":[12,0,12.66667,0.66667],"texture":"#6"},"up":{"uv":[13.66667,14.66667,13.33333,14],"texture":"#6"},"down":{"uv":[14.33333,13.33333,14,14],"texture":"#6"}}},{"from":[7.75,-0.50711,7.5],"to":[8.25,0.49289,8.5],"rotation":{"angle":45,"axis":"x","origin":[8,-0.00711,8]},"faces":{"north":{"uv":[14,14,14.33333,14.66667],"texture":"#6"},"east":{"uv":[0.66667,12,1.33333,12.66667],"texture":"#6"},"south":{"uv":[0,14.66667,0.33333,15.33333],"texture":"#6"},"west":{"uv":[12,0.66667,12.66667,1.33333],"texture":"#6"},"up":{"uv":[15,0.66667,14.66667,0],"texture":"#6"},"down":{"uv":[1,14.66667,0.66667,15.33333],"texture":"#6"}}},{"from":[7.75,0.56066,8.54277],"to":[8.25,1.56066,9.54277],"rotation":{"angle":-45,"axis":"x","origin":[8,1.06066,9.04277]},"faces":{"north":{"uv":[14.66667,0.66667,15,1.33333],"texture":"#6"},"east":{"uv":[12,1.33333,12.66667,2],"texture":"#6"},"south":{"uv":[1.33333,14.66667,1.66667,15.33333],"texture":"#6"},"west":{"uv":[12,2,12.66667,2.66667],"texture":"#6"},"up":{"uv":[15,2,14.66667,1.33333],"texture":"#6"},"down":{"uv":[2.33333,14.66667,2,15.33333],"texture":"#6"}}},{"from":[7.5,1.62132,7.5],"to":[8.5,2.62132,8.5],"rotation":{"angle":0,"axis":"y","origin":[7.5,1.62132,7.5]},"faces":{"north":{"uv":[12,2.66667,12.66667,3.33333],"texture":"#6"},"east":{"uv":[12,3.33333,12.66667,4],"texture":"#6"},"south":{"uv":[4,12,4.66667,12.66667],"texture":"#6"},"west":{"uv":[4.66667,12,5.33333,12.66667],"texture":"#6"}}},{"from":[7.5,11.82132,7.5],"to":[8.5,12.82132,8.5],"rotation":{"angle":0,"axis":"y","origin":[7.5,11.82132,7.5]},"faces":{"north":{"uv":[12,5.33333,12.66667,6],"texture":"#6"},"east":{"uv":[12,6,12.66667,6.66667],"texture":"#6"},"south":{"uv":[6.66667,12,7.33333,12.66667],"texture":"#6"},"west":{"uv":[7.33333,12,8,12.66667],"texture":"#6"}}},{"from":[7.5,6.62132,7.5],"to":[8.5,7.62132,8.5],"rotation":{"angle":0,"axis":"y","origin":[7.5,6.62132,7.5]},"faces":{"north":{"uv":[8,12,8.66667,12.66667],"texture":"#6"},"east":{"uv":[12,8,12.66667,8.66667],"texture":"#6"},"south":{"uv":[8.66667,12,9.33333,12.66667],"texture":"#6"},"west":{"uv":[12,8.66667,12.66667,9.33333],"texture":"#6"}}},{"from":[7.6,3.12132,7.6],"to":[8.4,6.12132,8.4],"rotation":{"angle":45,"axis":"y","origin":[8,4.12132,8]},"faces":{"north":{"uv":[8,4,8.5,6],"texture":"#6"},"east":{"uv":[5.33333,8,5.83333,10],"texture":"#6"},"south":{"uv":[6,8,6.5,10],"texture":"#6"},"west":{"uv":[8,6,8.5,8],"texture":"#6"},"up":{"uv":[12.5,13.83333,12,13.33333],"texture":"#6"},"down":{"uv":[13.83333,12,13.33333,12.5],"texture":"#6"}}},{"from":[7.35,2.62132,7.35],"to":[8.65,3.12132,8.65],"rotation":{"angle":0,"axis":"y","origin":[7.5,2.62132,7.5]},"faces":{"north":{"uv":[13.33333,5.33333,14.16667,5.66667],"texture":"#6"},"east":{"uv":[13.33333,6,14.16667,6.33333],"texture":"#6"},"south":{"uv":[13.33333,6.66667,14.16667,7],"texture":"#6"},"west":{"uv":[13.33333,7.33333,14.16667,7.66667],"texture":"#6"},"up":{"uv":[10.16667,10.83333,9.33333,10],"texture":"#6"},"down":{"uv":[0.83333,10.66667,0,11.5],"texture":"#6"}}},{"from":[7.35,6.12132,7.35],"to":[8.65,6.62132,8.65],"rotation":{"angle":0,"axis":"y","origin":[7.5,6.12132,7.5]},"faces":{"north":{"uv":[8.66667,13.33333,9.5,13.66667],"texture":"#6"},"east":{"uv":[13.33333,8.66667,14.16667,9],"texture":"#6"},"south":{"uv":[13.33333,9.33333,14.16667,9.66667],"texture":"#6"},"west":{"uv":[10,13.33333,10.83333,13.66667],"texture":"#6"},"up":{"uv":[11.5,2.16667,10.66667,1.33333],"texture":"#6"},"down":{"uv":[4.83333,10.66667,4,11.5],"texture":"#6"}}},{"from":[7.75,12.75,8],"to":[8.25,14.75,10],"rotation":{"angle":-45,"axis":"x","origin":[7.75,12.75,8]},"faces":{"east":{"uv":[4,2.66667,5.33333,4],"texture":"#6"},"south":{"uv":[10,12,10.33333,13.33333],"texture":"#6"},"west":{"uv":[4,4,5.33333,5.33333],"texture":"#6"},"up":{"uv":[11,13.33333,10.66667,12],"texture":"#6"}}},{"from":[7.75,12.21243,4.80391],"to":[8.25,12.71243,6.55391],"rotation":{"angle":22.5,"axis":"x","origin":[8,12.33743,6.50391]},"faces":{"east":{"uv":[13.33333,0,14.5,0.33333],"texture":"#6"},"west":{"uv":[0.66667,13.33333,1.83333,13.66667],"texture":"#6"},"down":{"uv":[13.66667,0.66667,13.33333,1.83333],"texture":"#6"}}},{"from":[7.75,12.94657,6.93211],"to":[8.25,13.94657,7.93211],"rotation":{"angle":-45,"axis":"x","origin":[7.75,10.59657,5.93211]},"faces":{"east":{"uv":[12,9.33333,12.66667,10],"texture":"#6"},"south":{"uv":[14.66667,2,15,2.66667],"texture":"#6"},"west":{"uv":[12,10.66667,12.66667,11.33333],"texture":"#6"}}},{"from":[7.5,11.425,5.225],"to":[8.5,13.425,6.725],"rotation":{"angle":-45,"axis":"x","origin":[7.5,13.425,5.225]},"faces":{"north":{"uv":[8.66667,4,9.33333,5.33333],"texture":"#6"},"east":{"uv":[6.66667,1.33333,7.66667,2.66667],"texture":"#6"},"south":{"uv":[8.66667,5.33333,9.33333,6.66667],"texture":"#6"},"west":{"uv":[6.66667,2.66667,7.66667,4],"texture":"#6"},"up":{"uv":[8.66667,11.66667,8,10.66667],"texture":"#6"},"down":{"uv":[9.33333,10.66667,8.66667,11.66667],"texture":"#6"}}},{"from":[7.5035,12.35097,4.08918],"to":[8.4965,13.35097,6.08918],"rotation":{"angle":-22.5,"axis":"x","origin":[7.5035,13.35097,4.08918]},"faces":{"north":{"uv":[11.33333,12,12,12.66667],"texture":"#6"},"east":{"uv":[8.66667,6.66667,10,7.33333],"texture":"#6"},"west":{"uv":[8.66667,7.33333,10,8],"texture":"#6"},"up":{"uv":[0.66667,10.66667,0,9.33333],"texture":"#6"},"down":{"uv":[10,0,9.33333,1.33333],"texture":"#6"}}},{"from":[7.507,12.6771,2.36831],"to":[8.493,13.6771,4.36831],"rotation":{"angle":45,"axis":"x","origin":[7.507,12.4271,4.11831]},"faces":{"north":{"uv":[12,11.33333,12.66667,12],"texture":"#6"},"east":{"uv":[9.33333,1.33333,10.66667,2],"texture":"#6"},"west":{"uv":[9.33333,2,10.66667,2.66667],"texture":"#6"},"up":{"uv":[1.33333,10.66667,0.66667,9.33333],"texture":"#6"},"down":{"uv":[10,2.66667,9.33333,4],"texture":"#6"}}},{"from":[7.507,13.97519,4.14864],"to":[8.493,14.97519,5.14864],"rotation":{"angle":45,"axis":"x","origin":[8,14.72519,4.64864]},"faces":{"north":{"uv":[12,12,12.66667,12.66667],"texture":"#6"},"east":{"uv":[0,12.66667,0.66667,13.33333],"texture":"#6"},"south":{"uv":[12.66667,0,13.33333,0.66667],"texture":"#6"},"west":{"uv":[0.66667,12.66667,1.33333,13.33333],"texture":"#6"},"up":{"uv":[13.33333,1.33333,12.66667,0.66667],"texture":"#6"}}},{"from":[7.3675,15.15036,4.45667],"to":[8.6175,15.18036,7.95667],"rotation":{"angle":45,"axis":"z","origin":[8,15.17286,5.45667]},"faces":{"up":{"uv":[2.16667,5.66667,1.33333,3.33333],"texture":"#6"},"down":{"uv":[3.5,3.33333,2.66667,5.66667],"texture":"#6"}}},{"from":[7.9925,14.55536,4.45667],"to":[8.0225,15.80536,7.95667],"rotation":{"angle":45,"axis":"z","origin":[8,15.17286,5.45667]},"faces":{"east":{"uv":[4,0,6.33333,0.83333],"texture":"#6"},"west":{"uv":[4,1.33333,6.33333,2.16667],"texture":"#6"}}},{"from":[7.3675,15.15036,8.04333],"to":[8.6175,15.18036,11.54333],"rotation":{"angle":45,"axis":"z","origin":[8,15.17286,10.54333]},"faces":{"up":{"uv":[2.16667,3.33333,1.33333,5.66667],"texture":"#6"},"down":{"uv":[3.5,5.66667,2.66667,3.33333],"texture":"#6"}}},{"from":[7.9925,14.55536,8.04333],"to":[8.0225,15.80536,11.54333],"rotation":{"angle":45,"axis":"z","origin":[8,15.17286,10.54333]},"faces":{"east":{"uv":[6.33333,0,4,0.83333],"texture":"#6"},"west":{"uv":[6.33333,1.33333,4,2.16667],"texture":"#6"}}},{"from":[7.4,12.41066,7],"to":[8.6,14.41066,9],"rotation":{"angle":-45,"axis":"x","origin":[8,13.41066,8]},"faces":{"north":{"uv":[2.66667,7.33333,3.5,8.66667],"texture":"#6"},"east":{"uv":[5.33333,2.66667,6.66667,4],"texture":"#6"},"south":{"uv":[0,8,0.83333,9.33333],"texture":"#6"},"west":{"uv":[4,5.33333,5.33333,6.66667],"texture":"#6"},"up":{"uv":[8.83333,1.33333,8,0],"texture":"#6"},"down":{"uv":[8.83333,1.33333,8,2.66667],"texture":"#6"}}},{"from":[7.4,7.62132,7.4],"to":[8.6,11.82132,8.6],"rotation":{"angle":0,"axis":"y","origin":[7.5,7.62132,7.5]},"faces":{"north":{"uv":[0,0,0.83333,2.83333],"texture":"#6"},"east":{"uv":[1.33333,0,2.16667,2.83333],"texture":"#6"},"south":{"uv":[2.66667,0,3.5,2.83333],"texture":"#6"},"west":{"uv":[0,3.33333,0.83333,6.16667],"texture":"#6"},"up":{"uv":[11.5,6.16667,10.66667,5.33333],"texture":"#6"},"down":{"uv":[7.5,10.66667,6.66667,11.5],"texture":"#6"}}},{"from":[7.572,14.71026,3.35297],"to":[8.442,15.58026,4.22297],"rotation":{"angle":-22.5,"axis":"x","origin":[8.007,15.66966,3.90947]},"faces":{"north":{"uv":[12.66667,13.33333,13.16667,13.83333],"texture":"#6"},"east":{"uv":[13.33333,12.66667,13.83333,13.16667],"texture":"#6"},"south":{"uv":[13.33333,13.33333,13.83333,13.83333],"texture":"#6"},"west":{"uv":[0.66667,14,1.16667,14.5],"texture":"#6"},"up":{"uv":[14.5,1.16667,14,0.66667],"texture":"#6"},"down":{"uv":[1.83333,14,1.33333,14.5],"texture":"#6"}}},{"from":[7.6503,15.36865,3.46435],"to":[8.3637,16.08205,4.17775],"rotation":{"angle":0,"axis":"y","origin":[8.007,15.66966,3.90947]},"faces":{"north":{"uv":[14,1.33333,14.5,1.83333],"texture":"#6"},"east":{"uv":[2,14,2.5,14.5],"texture":"#6"},"south":{"uv":[2.66667,14,3.16667,14.5],"texture":"#6"},"west":{"uv":[14,2.66667,14.5,3.16667],"texture":"#6"},"up":{"uv":[3.83333,14.5,3.33333,14],"texture":"#6"}}},{"from":[7.72478,15.86882,3.40188],"to":[8.28922,16.43326,3.96633],"rotation":{"angle":22.5,"axis":"x","origin":[8.007,15.66966,3.90947]},"faces":{"north":{"uv":[8.66667,14.66667,9,15],"texture":"#6"},"east":{"uv":[9.33333,14.66667,9.66667,15],"texture":"#6"},"south":{"uv":[14.66667,9.33333,15,9.66667],"texture":"#6"},"west":{"uv":[10,14.66667,10.33333,15],"texture":"#6"},"up":{"uv":[15,10.33333,14.66667,10],"texture":"#6"}}},{"from":[7.6,12.63673,2.5991],"to":[8.4,13.43673,4.5991],"rotation":{"angle":-22.5,"axis":"x","origin":[7.5,12.03673,2.7991]},"faces":{"north":{"uv":[14,3.33333,14.5,3.83333],"texture":"#6"},"east":{"uv":[10,9.33333,11.33333,9.83333],"texture":"#6"},"west":{"uv":[10.66667,8,12,8.5],"texture":"#6"},"up":{"uv":[11.16667,11.33333,10.66667,10],"texture":"#6"},"down":{"uv":[11.83333,0,11.33333,1.33333],"texture":"#6"}}},{"from":[7.602,11.91368,1.65431],"to":[8.398,12.66368,2.65431],"rotation":{"angle":-45,"axis":"x","origin":[8.002,12.26368,1.65431]},"faces":{"north":{"uv":[4,14,4.5,14.5],"texture":"#6"},"east":{"uv":[3.33333,13.33333,4,13.83333],"texture":"#6"},"west":{"uv":[4,13.33333,4.66667,13.83333],"texture":"#6"},"up":{"uv":[13.83333,4.66667,13.33333,4],"texture":"#6"},"down":{"uv":[5.16667,13.33333,4.66667,14],"texture":"#6"}}},{"from":[7.6035,11.21957,0.95833],"to":[8.3965,12.46957,1.65833],"rotation":{"angle":22.5,"axis":"x","origin":[8,11.46957,1.35833]},"faces":{"north":{"uv":[12.66667,5.33333,13.16667,6.16667],"texture":"#6"},"east":{"uv":[6,12.66667,6.5,13.5],"texture":"#6"},"south":{"uv":[6.66667,12.66667,7.16667,13.5],"texture":"#6"},"west":{"uv":[12.66667,6.66667,13.16667,7.5],"texture":"#6"},"down":{"uv":[14.5,4,14,4.5],"texture":"#6"}}},{"from":[7.607,10.33281,1.054],"to":[8.393,11.58281,1.554],"rotation":{"angle":-22.5,"axis":"x","origin":[8.0035,11.08281,1.454]},"faces":{"north":{"uv":[7.33333,12.66667,7.83333,13.5],"texture":"#6"},"east":{"uv":[13.33333,10,13.66667,10.83333],"texture":"#6"},"south":{"uv":[8,12.66667,8.5,13.5],"texture":"#6"},"west":{"uv":[11.33333,13.33333,11.66667,14.16667],"texture":"#6"},"down":{"uv":[4.5,14.66667,4,15],"texture":"#6"}}},{"from":[7.85,11.89763,2.93025],"to":[8.15,12.69763,4.78025],"rotation":{"angle":-22.5,"axis":"x","origin":[7.75,11.29763,2.98025]},"faces":{"north":{"uv":[14.66667,13.33333,14.83333,13.83333],"texture":"#6"},"east":{"uv":[10,11.33333,11.16667,11.83333],"texture":"#6"},"west":{"uv":[11.33333,10,12.5,10.5],"texture":"#6"},"down":{"uv":[14.83333,3.33333,14.66667,4.5],"texture":"#6"}}},{"from":[7.852,11.30269,2.26975],"to":[8.148,12.05269,2.94475],"rotation":{"angle":-45,"axis":"x","origin":[8.252,11.65269,2.04475]},"faces":{"north":{"uv":[14,14.66667,14.16667,15.16667],"texture":"#6"},"east":{"uv":[4.66667,14,5.16667,14.5],"texture":"#6"},"west":{"uv":[14,4.66667,14.5,5.16667],"texture":"#6"},"down":{"uv":[14.83333,14,14.66667,14.5],"texture":"#6"}}},{"from":[7.8535,11.26768,1.50787],"to":[8.1465,12.01768,2.20787],"rotation":{"angle":22.5,"axis":"x","origin":[8.25,11.01768,1.90787]},"faces":{"east":{"uv":[5.33333,14,5.83333,14.5],"texture":"#6"},"south":{"uv":[14.66667,14.66667,14.83333,15.16667],"texture":"#6"},"west":{"uv":[6,14,6.5,14.5],"texture":"#6"},"down":{"uv":[0.16667,15.33333,0,15.83333],"texture":"#6"}}},{"from":[7.857,10.46153,1.34921],"to":[8.143,12.06153,2.49921],"rotation":{"angle":-22.5,"axis":"x","origin":[8.2535,10.71153,2.09921]},"faces":{"north":{"uv":[4.66667,14.66667,4.83333,15.66667],"texture":"#6"},"east":{"uv":[10,4,10.83333,5],"texture":"#6"},"south":{"uv":[14.66667,4.66667,14.83333,5.66667],"texture":"#6"},"west":{"uv":[5.33333,10,6.16667,11],"texture":"#6"},"down":{"uv":[14.83333,8,14.66667,8.83333],"texture":"#6"}}},{"from":[7.8585,9.61952,1.38779],"to":[8.1415,10.46952,2.48779],"rotation":{"angle":22.5,"axis":"x","origin":[7.8585,9.61952,2.88779]},"faces":{"east":{"uv":[13.33333,4.66667,14,5.16667],"texture":"#6"},"south":{"uv":[15.33333,0,15.5,0.5],"texture":"#6"},"west":{"uv":[5.33333,13.33333,6,13.83333],"texture":"#6"},"up":{"uv":[10.83333,15.33333,10.66667,14.66667],"texture":"#6"},"down":{"uv":[14.83333,10.66667,14.66667,11.33333],"texture":"#6"}}},{"from":[7.75,12.21243,9.44609],"to":[8.25,12.71243,11.19609],"rotation":{"angle":-22.5,"axis":"x","origin":[8,12.33743,9.49609]},"faces":{"east":{"uv":[2,13.33333,3.16667,13.66667],"texture":"#6"},"west":{"uv":[13.33333,2,14.5,2.33333],"texture":"#6"},"down":{"uv":[13.66667,2.66667,13.33333,3.83333],"texture":"#6"}}},{"from":[7.75,12.94657,8.06789],"to":[8.25,13.94657,9.06789],"rotation":{"angle":45,"axis":"x","origin":[7.75,10.59657,10.06789]},"faces":{"north":{"uv":[2.66667,14.66667,3,15.33333],"texture":"#6"},"east":{"uv":[1.33333,12.66667,2,13.33333],"texture":"#6"},"west":{"uv":[12.66667,1.33333,13.33333,2],"texture":"#6"}}},{"from":[7.5,11.425,9.275],"to":[8.5,13.425,10.775],"rotation":{"angle":45,"axis":"x","origin":[7.5,13.425,10.775]},"faces":{"north":{"uv":[4,9.33333,4.66667,10.66667],"texture":"#6"},"east":{"uv":[4,6.66667,5,8],"texture":"#6"},"south":{"uv":[9.33333,4,10,5.33333],"texture":"#6"},"west":{"uv":[6.66667,4,7.66667,5.33333],"texture":"#6"},"up":{"uv":[2,12.33333,1.33333,11.33333],"texture":"#6"},"down":{"uv":[2.66667,11.33333,2,12.33333],"texture":"#6"}}},{"from":[7.5035,12.35097,9.91082],"to":[8.4965,13.35097,11.91082],"rotation":{"angle":22.5,"axis":"x","origin":[7.5035,13.35097,11.91082]},"faces":{"east":{"uv":[9.33333,5.33333,10.66667,6],"texture":"#6"},"south":{"uv":[2,12.66667,2.66667,13.33333],"texture":"#6"},"west":{"uv":[9.33333,6,10.66667,6.66667],"texture":"#6"},"up":{"uv":[5.33333,10.66667,4.66667,9.33333],"texture":"#6"},"down":{"uv":[7.33333,9.33333,6.66667,10.66667],"texture":"#6"}}},{"from":[7.507,12.6771,11.63169],"to":[8.493,13.6771,13.63169],"rotation":{"angle":-45,"axis":"x","origin":[7.507,12.4271,11.88169]},"faces":{"east":{"uv":[7.33333,9.33333,8.66667,10],"texture":"#6"},"south":{"uv":[12.66667,2,13.33333,2.66667],"texture":"#6"},"west":{"uv":[9.33333,8,10.66667,8.66667],"texture":"#6"},"up":{"uv":[9.33333,10.66667,8.66667,9.33333],"texture":"#6"},"down":{"uv":[10,8.66667,9.33333,10],"texture":"#6"}}},{"from":[7.507,13.97519,10.85136],"to":[8.493,14.97519,11.85136],"rotation":{"angle":-45,"axis":"x","origin":[8,14.72519,11.35136]},"faces":{"north":{"uv":[2.66667,12.66667,3.33333,13.33333],"texture":"#6"},"east":{"uv":[12.66667,2.66667,13.33333,3.33333],"texture":"#6"},"south":{"uv":[3.33333,12.66667,4,13.33333],"texture":"#6"},"west":{"uv":[12.66667,3.33333,13.33333,4],"texture":"#6"},"up":{"uv":[4.66667,13.33333,4,12.66667],"texture":"#6"}}},{"from":[7.572,14.71026,11.77703],"to":[8.442,15.58026,12.64703],"rotation":{"angle":22.5,"axis":"x","origin":[8.007,15.66966,12.09053]},"faces":{"north":{"uv":[6.66667,14,7.16667,14.5],"texture":"#6"},"east":{"uv":[7.33333,14,7.83333,14.5],"texture":"#6"},"south":{"uv":[8,14,8.5,14.5],"texture":"#6"},"west":{"uv":[14,8,14.5,8.5],"texture":"#6"},"up":{"uv":[9.16667,14.5,8.66667,14],"texture":"#6"},"down":{"uv":[9.83333,14,9.33333,14.5],"texture":"#6"}}},{"from":[7.6503,15.36865,11.82225],"to":[8.3637,16.08205,12.53565],"rotation":{"angle":0,"axis":"y","origin":[8.007,15.66966,12.09053]},"faces":{"north":{"uv":[10,14,10.5,14.5],"texture":"#6"},"east":{"uv":[14,10,14.5,10.5],"texture":"#6"},"south":{"uv":[10.66667,14,11.16667,14.5],"texture":"#6"},"west":{"uv":[14,10.66667,14.5,11.16667],"texture":"#6"},"up":{"uv":[14.5,11.83333,14,11.33333],"texture":"#6"}}},{"from":[7.72478,15.86882,12.03367],"to":[8.28922,16.43326,12.59812],"rotation":{"angle":-22.5,"axis":"x","origin":[8.007,15.66966,12.09053]},"faces":{"north":{"uv":[11.33333,14.66667,11.66667,15],"texture":"#6"},"east":{"uv":[14.66667,11.33333,15,11.66667],"texture":"#6"},"south":{"uv":[12,14.66667,12.33333,15],"texture":"#6"},"west":{"uv":[14.66667,12,15,12.33333],"texture":"#6"},"up":{"uv":[13,15,12.66667,14.66667],"texture":"#6"}}},{"from":[7.15,12.25,8.25],"to":[8.85,13.75,9.75],"rotation":{"angle":-45,"axis":"x","origin":[7.5,12,8]},"faces":{"north":{"uv":[5.33333,6.66667,6.5,7.66667],"texture":"#6"},"east":{"uv":[6.66667,8,7.66667,9],"texture":"#6"},"south":{"uv":[6.66667,5.33333,7.83333,6.33333],"texture":"#6"},"west":{"uv":[8,8,9,9],"texture":"#6"},"up":{"uv":[7.83333,7.66667,6.66667,6.66667],"texture":"#6"},"down":{"uv":[2.5,7.33333,1.33333,8.33333],"texture":"#6"}}},{"from":[6.25,11.36548,7.25],"to":[7.25,12.86548,8.75],"rotation":{"angle":-22.5,"axis":"z","origin":[6.5,13.11548,8]},"faces":{"north":{"uv":[2.66667,11.33333,3.33333,12.33333],"texture":"#6"},"east":{"uv":[1.33333,8.66667,2.33333,9.66667],"texture":"#6"},"south":{"uv":[11.33333,2.66667,12,3.66667],"texture":"#6"},"west":{"uv":[2.66667,8.66667,3.66667,9.66667],"texture":"#6"},"down":{"uv":[4,11.33333,3.33333,12.33333],"texture":"#6"}}},{"from":[10.47067,11.59437,6],"to":[10.50067,13.59437,10],"rotation":{"angle":22.5,"axis":"z","origin":[10.40067,11.59437,6]},"faces":{"east":{"uv":[16,0,0,7.98333],"texture":"#1"},"west":{"uv":[0,0,16,7.98333],"texture":"#1"}}},{"from":[5.49933,11.59437,6],"to":[5.52933,13.59437,10],"rotation":{"angle":-22.5,"axis":"z","origin":[5.59933,11.59437,6]},"faces":{"east":{"uv":[16,0,0,7.98333],"texture":"#1"},"west":{"uv":[0,0,16,7.98333],"texture":"#1"}}},{"from":[5.25,12.86548,7],"to":[7.25,14.86548,9],"rotation":{"angle":-22.5,"axis":"z","origin":[6.5,13.11548,8]},"faces":{"north":{"uv":[5.33333,4,6.66667,5.33333],"texture":"#6"},"east":{"uv":[5.33333,5.33333,6.66667,6.66667],"texture":"#6"},"south":{"uv":[1.33333,6,2.66667,7.33333],"texture":"#6"},"west":{"uv":[2.66667,6,4,7.33333],"texture":"#6"},"up":{"uv":[1.33333,8,0,6.66667],"texture":"#6"},"down":{"uv":[8,0,6.66667,1.33333],"texture":"#6"}}},{"from":[6.20769,14.31204,5.99718],"to":[7.20769,15.31204,7.49718],"rotation":{"angle":-22.5,"axis":"z","origin":[6.4,15.31204,5.90014]},"faces":{"north":{"uv":[12.66667,4,13.33333,4.66667],"texture":"#6"},"east":{"uv":[11.33333,4,12.33333,4.66667],"texture":"#6"},"south":{"uv":[4.66667,12.66667,5.33333,13.33333],"texture":"#6"},"west":{"uv":[11.33333,4.66667,12.33333,5.33333],"texture":"#6"},"up":{"uv":[6,12.33333,5.33333,11.33333],"texture":"#6"},"down":{"uv":[6.66667,11.33333,6,12.33333],"texture":"#6"}}},{"from":[6.21537,14.42204,5.10818],"to":[6.99537,15.20204,6.27818],"rotation":{"angle":-22.5,"axis":"z","origin":[6.4,15.31204,5.90014]},"faces":{"north":{"uv":[12,14,12.5,14.5],"texture":"#6"},"east":{"uv":[12.66667,8,13.5,8.5],"texture":"#6"},"west":{"uv":[8.66667,12.66667,9.5,13.16667],"texture":"#6"},"up":{"uv":[13.16667,9.5,12.66667,8.66667],"texture":"#6"},"down":{"uv":[13.16667,10,12.66667,10.83333],"texture":"#6"}}},{"from":[5.36919,14.42068,5.10818],"to":[6.23499,14.99788,5.68538],"rotation":{"angle":-22.5,"axis":"z","origin":[6.67164,15.30928,5.90619]},"faces":{"north":{"uv":[5.33333,14.66667,5.83333,15],"texture":"#6"},"south":{"uv":[6,14.66667,6.5,15],"texture":"#6"},"west":{"uv":[14.66667,12.66667,15,13],"texture":"#6"},"up":{"uv":[15.16667,6.33333,14.66667,6],"texture":"#6"},"down":{"uv":[7.16667,14.66667,6.66667,15],"texture":"#6"}}},{"from":[6.20769,14.31204,8.50282],"to":[7.20769,15.31204,10.00282],"rotation":{"angle":-22.5,"axis":"z","origin":[6.4,15.31204,10.09986]},"faces":{"north":{"uv":[12.66667,4.66667,13.33333,5.33333],"texture":"#6"},"east":{"uv":[11.33333,6.66667,12.33333,7.33333],"texture":"#6"},"south":{"uv":[5.33333,12.66667,6,13.33333],"texture":"#6"},"west":{"uv":[11.33333,7.33333,12.33333,8],"texture":"#6"},"up":{"uv":[12,9.66667,11.33333,8.66667],"texture":"#6"},"down":{"uv":[10,11.33333,9.33333,12.33333],"texture":"#6"}}},{"from":[6.21537,14.42204,9.72182],"to":[6.99537,15.20204,10.89182],"rotation":{"angle":-22.5,"axis":"z","origin":[6.4,15.31204,10.09986]},"faces":{"east":{"uv":[11.33333,12.66667,12.16667,13.16667],"texture":"#6"},"south":{"uv":[14,12,14.5,12.5],"texture":"#6"},"west":{"uv":[12.66667,11.33333,13.5,11.83333],"texture":"#6"},"up":{"uv":[13.16667,12.83333,12.66667,12],"texture":"#6"},"down":{"uv":[0.5,13.33333,0,14.16667],"texture":"#6"}}},{"from":[5.36919,14.42068,10.31462],"to":[6.23499,14.99788,10.89182],"rotation":{"angle":-22.5,"axis":"z","origin":[6.67164,15.30928,10.09381]},"faces":{"north":{"uv":[14.66667,6.66667,15.16667,7],"texture":"#6"},"south":{"uv":[7.33333,14.66667,7.83333,15],"texture":"#6"},"west":{"uv":[13.33333,14.66667,13.66667,15],"texture":"#6"},"up":{"uv":[15.16667,7.66667,14.66667,7.33333],"texture":"#6"},"down":{"uv":[8.5,14.66667,8,15],"texture":"#6"}}},{"from":[5.5724,11.07983,7.5],"to":[5.6024,11.57983,8.5],"rotation":{"angle":-22.5,"axis":"z","origin":[5.5474,11.14233,7.75]},"faces":{"east":{"uv":[14.66667,2.66667,15.33333,3],"texture":"#6"},"west":{"uv":[3.33333,14.66667,4,15],"texture":"#6"}}},{"from":[8.75,11.36548,7.25],"to":[9.75,12.86548,8.75],"rotation":{"angle":22.5,"axis":"z","origin":[9.5,13.11548,8]},"faces":{"north":{"uv":[3.33333,11.33333,2.66667,12.33333],"texture":"#6"},"east":{"uv":[3.66667,8.66667,2.66667,9.66667],"texture":"#6"},"south":{"uv":[12,2.66667,11.33333,3.66667],"texture":"#6"},"west":{"uv":[2.33333,8.66667,1.33333,9.66667],"texture":"#6"},"down":{"uv":[3.33333,11.33333,4,12.33333],"texture":"#6"}}},{"from":[8.75,12.86548,7],"to":[10.75,14.86548,9],"rotation":{"angle":22.5,"axis":"z","origin":[9.5,13.11548,8]},"faces":{"north":{"uv":[6.66667,4,5.33333,5.33333],"texture":"#6"},"east":{"uv":[4,6,2.66667,7.33333],"texture":"#6"},"south":{"uv":[2.66667,6,1.33333,7.33333],"texture":"#6"},"west":{"uv":[6.66667,5.33333,5.33333,6.66667],"texture":"#6"},"up":{"uv":[0,8,1.33333,6.66667],"texture":"#6"},"down":{"uv":[6.66667,0,8,1.33333],"texture":"#6"}}},{"from":[8.79231,14.31204,5.99718],"to":[9.79231,15.31204,7.49718],"rotation":{"angle":22.5,"axis":"z","origin":[9.6,15.31204,5.90014]},"faces":{"north":{"uv":[13.33333,4,12.66667,4.66667],"texture":"#6"},"east":{"uv":[12.33333,4.66667,11.33333,5.33333],"texture":"#6"},"south":{"uv":[5.33333,12.66667,4.66667,13.33333],"texture":"#6"},"west":{"uv":[12.33333,4,11.33333,4.66667],"texture":"#6"},"up":{"uv":[5.33333,12.33333,6,11.33333],"texture":"#6"},"down":{"uv":[6,11.33333,6.66667,12.33333],"texture":"#6"}}},{"from":[9.00463,14.42204,5.10818],"to":[9.78463,15.20204,6.27818],"rotation":{"angle":22.5,"axis":"z","origin":[9.6,15.31204,5.90014]},"faces":{"north":{"uv":[12.5,14,12,14.5],"texture":"#6"},"east":{"uv":[9.5,12.66667,8.66667,13.16667],"texture":"#6"},"west":{"uv":[13.5,8,12.66667,8.5],"texture":"#6"},"up":{"uv":[12.66667,9.5,13.16667,8.66667],"texture":"#6"},"down":{"uv":[12.66667,10,13.16667,10.83333],"texture":"#6"}}},{"from":[9.76501,14.42068,5.10818],"to":[10.63081,14.99788,5.68538],"rotation":{"angle":22.5,"axis":"z","origin":[9.32836,15.30928,5.90619]},"faces":{"north":{"uv":[5.83333,14.66667,5.33333,15],"texture":"#6"},"east":{"uv":[15,12.66667,14.66667,13],"texture":"#6"},"south":{"uv":[6.5,14.66667,6,15],"texture":"#6"},"up":{"uv":[14.66667,6.33333,15.16667,6],"texture":"#6"},"down":{"uv":[6.66667,14.66667,7.16667,15],"texture":"#6"}}},{"from":[10.3976,11.07983,7.5],"to":[10.4276,11.57983,8.5],"rotation":{"angle":22.5,"axis":"z","origin":[10.4526,11.14233,7.75]},"faces":{"east":{"uv":[4,14.66667,3.33333,15],"texture":"#6"},"west":{"uv":[15.33333,2.66667,14.66667,3],"texture":"#6"}}},{"from":[9.76501,14.42068,10.31462],"to":[10.63081,14.99788,10.89182],"rotation":{"angle":22.5,"axis":"z","origin":[9.32836,15.30928,10.09381]},"faces":{"north":{"uv":[15.16667,6.66667,14.66667,7],"texture":"#6"},"east":{"uv":[13.66667,14.66667,13.33333,15],"texture":"#6"},"south":{"uv":[7.83333,14.66667,7.33333,15],"texture":"#6"},"up":{"uv":[14.66667,7.66667,15.16667,7.33333],"texture":"#6"},"down":{"uv":[8,14.66667,8.5,15],"texture":"#6"}}},{"from":[9.00463,14.42204,9.72182],"to":[9.78463,15.20204,10.89182],"rotation":{"angle":22.5,"axis":"z","origin":[9.6,15.31204,10.09986]},"faces":{"east":{"uv":[13.5,11.33333,12.66667,11.83333],"texture":"#6"},"south":{"uv":[14.5,12,14,12.5],"texture":"#6"},"west":{"uv":[12.16667,12.66667,11.33333,13.16667],"texture":"#6"},"up":{"uv":[12.66667,12.83333,13.16667,12],"texture":"#6"},"down":{"uv":[0,13.33333,0.5,14.16667],"texture":"#6"}}},{"from":[8.79231,14.31204,8.50282],"to":[9.79231,15.31204,10.00282],"rotation":{"angle":22.5,"axis":"z","origin":[9.6,15.31204,10.09986]},"faces":{"north":{"uv":[13.33333,4.66667,12.66667,5.33333],"texture":"#6"},"east":{"uv":[12.33333,7.33333,11.33333,8],"texture":"#6"},"south":{"uv":[6,12.66667,5.33333,13.33333],"texture":"#6"},"west":{"uv":[12.33333,6.66667,11.33333,7.33333],"texture":"#6"},"up":{"uv":[11.33333,9.66667,12,8.66667],"texture":"#6"},"down":{"uv":[9.33333,11.33333,10,12.33333],"texture":"#6"}}}],"gui_light":"front","display":{"thirdperson_righthand":{"translation":[0,1.25,1]},"thirdperson_lefthand":{"translation":[0,1.25,1]},"firstperson_righthand":{"rotation":[-15,0,0],"translation":[0,2,0]},"firstperson_lefthand":{"rotation":[-15,0,0],"translation":[0,2,0]},"ground":{"rotation":[-45,0,0],"translation":[0,4.5,0],"scale":[0.6,0.6,0.6]},"gui":{"rotation":[-90,45,90],"translation":[1.25,-1.25,0]},"head":{"rotation":[0,90,0]},"fixed":{"rotation":[0,-90,0],"translation":[0,0,-1.5],"scale":[2.5,2.5,2.5]}},"groups":[{"name":"hoe","origin":[9.6,15.31204,10.09986],"color":0,"boneType":"","children":[0,1,2,3,4,5,6,7,8,9,10,11,12,13,14,15,16,17,18,19,20,21,22,23,24,25,26,27,28,29,30,31,32,33,34,35,36,37,38,39,40,41,42,43,44,45,46,47,48,49,50,51,52,53,54,55,56,57,58,59,60,61,62,63,64,65]}],"mcmodels":"c2b284a03807fb0c0cc3a74d1cfa0866"}