{
	"credit": "Made with Blockbench",
	"texture_size": [128, 128],
	"textures": {
		"1": "item/air_vent_fan",
		"3": "item/air_vent",
		"particle": "item/air_vent"
	},
	"elements": [
		{
			"from": [-1.5, 7, -1.5],
			"to": [17.5, 7, 17.5],
			"rotation": {"angle": 0, "axis": "x", "origin": [22, 16, 5.5]},
			"faces": {
				"north": {"uv": [3, 2.5, 13.375, 12.875], "rotation": 180, "texture": "#1"},
				"east": {"uv": [3, 2.5, 13.375, 12.875], "rotation": 180, "texture": "#1"},
				"south": {"uv": [3, 2.5, 13.375, 12.875], "rotation": 180, "texture": "#1"},
				"west": {"uv": [3, 2.5, 13.375, 12.875], "rotation": 180, "texture": "#1"},
				"up": {"uv": [3, 2.5, 13.375, 12.875], "rotation": 180, "texture": "#1"},
				"down": {"uv": [3, 2.5, 13.375, 12.875], "rotation": 180, "texture": "#1"}
			}
		},
		{
			"from": [-5.57, 2, -5.43],
			"to": [21.43, 8, 21.57],
			"rotation": {"angle": 0, "axis": "y", "origin": [8.93, 18.5, 7.07]},
			"faces": {
				"north": {"uv": [7, 0, 10.375, 0.75], "texture": "#3"},
				"east": {"uv": [7, 0.75, 10.375, 1.5], "texture": "#3"},
				"south": {"uv": [7, 1.5, 10.375, 2.25], "texture": "#3"},
				"west": {"uv": [7, 2.25, 10.375, 3], "texture": "#3"},
				"up": {"uv": [7, 3.375, 3.625, 0], "texture": "#3"},
				"down": {"uv": [7, 3.375, 3.625, 6.75], "texture": "#3"}
			}
		},
		{
			"from": [-5.16, 6.92, -5.3],
			"to": [21.3, 6.92, 21.16],
			"rotation": {"angle": 0, "axis": "y", "origin": [0.74, 0, -15.12]},
			"faces": {
				"north": {"uv": [0, 0, 3.25, 0], "texture": "#3"},
				"east": {"uv": [0, 0, 3.25, 0], "texture": "#3"},
				"south": {"uv": [0, 0, 3.25, 0], "texture": "#3"},
				"west": {"uv": [0, 0, 3.25, 0], "texture": "#3"},
				"up": {"uv": [6.875, 10, 3.625, 6.75], "texture": "#3"},
				"down": {"uv": [10.125, 6.75, 6.875, 10], "texture": "#3"}
			}
		},
		{
			"from": [-6.58, -0.01, -6.44],
			"to": [22.44, 5.01, 22.58],
			"rotation": {"angle": 0, "axis": "y", "origin": [0.43, 0, -15.43]},
			"faces": {
				"north": {"uv": [7, 3, 10.625, 3.625], "texture": "#3"},
				"east": {"uv": [7, 3.625, 10.625, 4.25], "texture": "#3"},
				"south": {"uv": [7, 4.25, 10.625, 4.875], "texture": "#3"},
				"west": {"uv": [7, 4.875, 10.625, 5.5], "texture": "#3"},
				"up": {"uv": [3.625, 3.625, 0, 0], "texture": "#3"},
				"down": {"uv": [3.625, 3.625, 0, 7.25], "texture": "#3"}
			}
		},
		{
			"name": "cube_outline",
			"from": [21.43, 8, 21.57],
			"to": [-5.57, 2, -5.43],
			"rotation": {"angle": 0, "axis": "y", "origin": [8.93, 18.5, 7.07]},
			"faces": {
				"north": {"uv": [7, 1.5, 10.375, 2.25], "rotation": 180, "texture": "#3"},
				"east": {"uv": [7, 2.25, 10.375, 3], "rotation": 180, "texture": "#3"},
				"south": {"uv": [7, 0, 10.375, 0.75], "rotation": 180, "texture": "#3"},
				"west": {"uv": [7, 0.75, 10.375, 1.5], "rotation": 180, "texture": "#3"},
				"up": {"uv": [7, 3.375, 3.625, 6.75], "rotation": 180, "texture": "#3"},
				"down": {"uv": [7, 3.375, 3.625, 0], "rotation": 180, "texture": "#3"}
			}
		}
	],
	"display": {
		"thirdperson_righthand": {
			"rotation": [63, 34, 0],
			"translation": [0, 1, -1],
			"scale": [0.21875, 0.21875, 0.21875]
		},
		"thirdperson_lefthand": {
			"rotation": [63, 34, 0],
			"translation": [0, 1, -1],
			"scale": [0.21875, 0.21875, 0.21875]
		},
		"firstperson_righthand": {
			"rotation": [3, 112, -13],
			"translation": [6.5, 0, -4.5],
			"scale": [0.16992, 0.16992, 0.16992]
		},
		"firstperson_lefthand": {
			"rotation": [3, 112, -13],
			"translation": [6.5, 0, -5],
			"scale": [0.16992, 0.16992, 0.16992]
		},
		"ground": {
			"translation": [0, 4.25, 0],
			"scale": [0.28906, 0.28906, 0.28906]
		},
		"gui": {
			"rotation": [30, -158, 0],
			"translation": [0.25, -2, 0],
			"scale": [0.31015, 0.31015, 0.31015]
		},
		"head": {
			"translation": [0, -30.5, 0],
			"scale": [1.6, 1.6, 1.6]
		},
		"fixed": {
			"translation": [0, -3.25, -7.5]
		}
	}
}