{
	"texture_size": [32, 32],
	"textures": {
		"0": "item/bad_blade",
		"3": "item/boom",
		"5": "item/bad_drone",
		"particle": "item/bad_blade"
	},
	"elements": [
		{
			"from": [-5.5, 2, -9.5],
			"to": [-3.5, 4, 0.5],
			"rotation": {"angle": 0, "axis": "y", "origin": [-5.5, -8, -9.5]},
			"faces": {
				"north": {"uv": [0, 0, 5, 1], "texture": "#0"},
				"east": {"uv": [0, 0, 5, 1], "texture": "#0"},
				"south": {"uv": [0, 0, 5, 1], "texture": "#0"},
				"west": {"uv": [0, 0, 5, 1], "texture": "#0"},
				"up": {"uv": [0, 0, 5, 1], "texture": "#0"},
				"down": {"uv": [0, 0, 5, 1], "texture": "#0"}
			}
		},
		{
			"from": [21.5, 0, -1.5],
			"to": [22.5, 2, -0.5],
			"rotation": {"angle": 45, "axis": "y", "origin": [17, -1, -1]},
			"faces": {
				"north": {"uv": [5, 15, 5.5, 15.5], "texture": "#5"},
				"east": {"uv": [15, 5, 15.5, 5.5], "texture": "#5"},
				"south": {"uv": [5.5, 15, 6, 15.5], "texture": "#5"},
				"west": {"uv": [15, 5.5, 15.5, 6], "texture": "#5"},
				"up": {"uv": [6.5, 15.5, 6, 15], "texture": "#5"},
				"down": {"uv": [15.5, 6, 15, 6.5], "texture": "#5"}
			}
		},
		{
			"from": [13, -2, -2],
			"to": [23, 0, 0],
			"rotation": {"angle": 45, "axis": "y", "origin": [17, -1, -1]},
			"faces": {
				"north": {"uv": [0.5, 10, 3, 10.5], "texture": "#5"},
				"east": {"uv": [4.5, 15, 5, 15.5], "texture": "#5"},
				"south": {"uv": [10, 0.5, 12.5, 1], "texture": "#5"},
				"west": {"uv": [15, 4.5, 15.5, 5], "texture": "#5"},
				"up": {"uv": [12, 10.5, 9.5, 10], "texture": "#5"},
				"down": {"uv": [3, 10.5, 0.5, 11], "texture": "#5"}
			}
		},
		{
			"from": [19.5, 2, -9.5],
			"to": [21.5, 4, 0.5],
			"rotation": {"angle": 45, "axis": "y", "origin": [20.5, 3, -4.5]},
			"faces": {
				"north": {"uv": [5, 1, 0, 2], "texture": "#0"},
				"east": {"uv": [5, 1, 0, 2], "texture": "#0"},
				"south": {"uv": [5, 1, 0, 2], "texture": "#0"},
				"west": {"uv": [5, 1, 0, 2], "texture": "#0"},
				"up": {"uv": [5, 1, 0, 2], "texture": "#0"},
				"down": {"uv": [5, 1, 0, 2], "texture": "#0"}
			}
		},
		{
			"from": [15.5, 2, -5.5],
			"to": [25.5, 4, -3.5],
			"rotation": {"angle": 45, "axis": "y", "origin": [20.5, 3, -4.5]},
			"faces": {
				"north": {"uv": [5, 4, 0, 5], "texture": "#0"},
				"east": {"uv": [5, 4, 0, 5], "texture": "#0"},
				"south": {"uv": [5, 4, 0, 5], "texture": "#0"},
				"west": {"uv": [5, 4, 0, 5], "texture": "#0"},
				"up": {"uv": [5, 4, 0, 5], "texture": "#0"},
				"down": {"uv": [5, 4, 0, 5], "texture": "#0"}
			}
		},
		{
			"from": [15.5, 2, -5.5],
			"to": [25.5, 4, -3.5],
			"rotation": {"angle": 0, "axis": "y", "origin": [20.5, 3, -4.5]},
			"faces": {
				"north": {"uv": [5, 2, 0, 3], "texture": "#0"},
				"east": {"uv": [5, 2, 0, 3], "texture": "#0"},
				"south": {"uv": [5, 2, 0, 3], "texture": "#0"},
				"west": {"uv": [5, 2, 0, 3], "texture": "#0"},
				"up": {"uv": [5, 2, 0, 3], "texture": "#0"},
				"down": {"uv": [5, 2, 0, 3], "texture": "#0"}
			}
		},
		{
			"from": [19.5, 2, -9.5],
			"to": [21.5, 4, 0.5],
			"rotation": {"angle": 0, "axis": "y", "origin": [21.5, -8, -9.5]},
			"faces": {
				"north": {"uv": [5, 0, 0, 1], "texture": "#0"},
				"east": {"uv": [5, 0, 0, 1], "texture": "#0"},
				"south": {"uv": [5, 0, 0, 1], "texture": "#0"},
				"west": {"uv": [5, 0, 0, 1], "texture": "#0"},
				"up": {"uv": [5, 0, 0, 1], "texture": "#0"},
				"down": {"uv": [5, 0, 0, 1], "texture": "#0"}
			}
		},
		{
			"from": [-6.5, 0, 16.5],
			"to": [-5.5, 2, 17.5],
			"rotation": {"angle": 45, "axis": "y", "origin": [-1, -1, 17]},
			"faces": {
				"north": {"uv": [9, 15, 9.5, 15.5], "texture": "#5"},
				"east": {"uv": [15, 9, 15.5, 9.5], "texture": "#5"},
				"south": {"uv": [9.5, 15, 10, 15.5], "texture": "#5"},
				"west": {"uv": [15, 9.5, 15.5, 10], "texture": "#5"},
				"up": {"uv": [10.5, 15.5, 10, 15], "texture": "#5"},
				"down": {"uv": [15.5, 10, 15, 10.5], "texture": "#5"}
			}
		},
		{
			"from": [-7, -2, 16],
			"to": [3, 0, 18],
			"rotation": {"angle": 45, "axis": "y", "origin": [-1, -1, 17]},
			"faces": {
				"north": {"uv": [11, 5, 13.5, 5.5], "texture": "#5"},
				"east": {"uv": [8.5, 15, 9, 15.5], "texture": "#5"},
				"south": {"uv": [11, 5.5, 13.5, 6], "texture": "#5"},
				"west": {"uv": [15, 8.5, 15.5, 9], "texture": "#5"},
				"up": {"uv": [11, 11.5, 8.5, 11], "texture": "#5"},
				"down": {"uv": [13.5, 11, 11, 11.5], "texture": "#5"}
			}
		},
		{
			"from": [-9.5, 2, 19.5],
			"to": [0.5, 4, 21.5],
			"rotation": {"angle": 0, "axis": "y", "origin": [-4.5, 3, 20.5]},
			"faces": {
				"north": {"uv": [5, 2, 0, 3], "texture": "#0"},
				"east": {"uv": [5, 2, 0, 3], "texture": "#0"},
				"south": {"uv": [5, 2, 0, 3], "texture": "#0"},
				"west": {"uv": [5, 2, 0, 3], "texture": "#0"},
				"up": {"uv": [0, 3, 5, 2], "texture": "#0"},
				"down": {"uv": [0, 3, 5, 2], "texture": "#0"}
			}
		},
		{
			"from": [-5.5, 2, 15.5],
			"to": [-3.5, 4, 25.5],
			"rotation": {"angle": 45, "axis": "y", "origin": [-4.5, 3, 20.5]},
			"faces": {
				"north": {"uv": [5, 1, 0, 2], "texture": "#0"},
				"east": {"uv": [5, 1, 0, 2], "texture": "#0"},
				"south": {"uv": [5, 1, 0, 2], "texture": "#0"},
				"west": {"uv": [5, 1, 0, 2], "texture": "#0"},
				"up": {"uv": [0, 2, 5, 1], "texture": "#0"},
				"down": {"uv": [0, 2, 5, 1], "texture": "#0"}
			}
		},
		{
			"from": [-9.5, 2, 19.5],
			"to": [0.5, 4, 21.5],
			"rotation": {"angle": 45, "axis": "y", "origin": [-4.5, 3, 20.5]},
			"faces": {
				"north": {"uv": [5, 4, 0, 5], "texture": "#0"},
				"east": {"uv": [5, 4, 0, 5], "texture": "#0"},
				"south": {"uv": [5, 4, 0, 5], "texture": "#0"},
				"west": {"uv": [5, 4, 0, 5], "texture": "#0"},
				"up": {"uv": [0, 5, 5, 4], "texture": "#0"},
				"down": {"uv": [0, 5, 5, 4], "texture": "#0"}
			}
		},
		{
			"from": [-5.5, 2, 15.5],
			"to": [-3.5, 4, 25.5],
			"rotation": {"angle": 0, "axis": "y", "origin": [-5.5, -8, 25.5]},
			"faces": {
				"north": {"uv": [5, 0, 0, 1], "texture": "#0"},
				"east": {"uv": [5, 0, 0, 1], "texture": "#0"},
				"south": {"uv": [5, 0, 0, 1], "texture": "#0"},
				"west": {"uv": [5, 0, 0, 1], "texture": "#0"},
				"up": {"uv": [0, 1, 5, 0], "texture": "#0"},
				"down": {"uv": [0, 1, 5, 0], "texture": "#0"}
			}
		},
		{
			"from": [21.5, 0, 16.5],
			"to": [22.5, 2, 17.5],
			"rotation": {"angle": -45, "axis": "y", "origin": [17, -1, 17]},
			"faces": {
				"north": {"uv": [7, 15, 7.5, 15.5], "texture": "#5"},
				"east": {"uv": [15, 7, 15.5, 7.5], "texture": "#5"},
				"south": {"uv": [7.5, 15, 8, 15.5], "texture": "#5"},
				"west": {"uv": [15, 7.5, 15.5, 8], "texture": "#5"},
				"up": {"uv": [8.5, 15.5, 8, 15], "texture": "#5"},
				"down": {"uv": [15.5, 8, 15, 8.5], "texture": "#5"}
			}
		},
		{
			"from": [13, -2, 16],
			"to": [23, 0, 18],
			"rotation": {"angle": -45, "axis": "y", "origin": [17, -1, 17]},
			"faces": {
				"north": {"uv": [10.5, 1, 13, 1.5], "texture": "#5"},
				"east": {"uv": [6.5, 15, 7, 15.5], "texture": "#5"},
				"south": {"uv": [10.5, 1.5, 13, 2], "texture": "#5"},
				"west": {"uv": [15, 6.5, 15.5, 7], "texture": "#5"},
				"up": {"uv": [12, 11, 9.5, 10.5], "texture": "#5"},
				"down": {"uv": [3, 11, 0.5, 11.5], "texture": "#5"}
			}
		},
		{
			"from": [19.5, 2, 15.5],
			"to": [21.5, 4, 25.5],
			"rotation": {"angle": -45, "axis": "y", "origin": [20.5, 3, 20.5]},
			"faces": {
				"north": {"uv": [0, 1, 5, 2], "texture": "#0"},
				"east": {"uv": [0, 1, 5, 2], "texture": "#0"},
				"south": {"uv": [0, 1, 5, 2], "texture": "#0"},
				"west": {"uv": [0, 1, 5, 2], "texture": "#0"},
				"up": {"uv": [5, 2, 0, 1], "texture": "#0"},
				"down": {"uv": [5, 2, 0, 1], "texture": "#0"}
			}
		},
		{
			"from": [15.5, 2, 19.5],
			"to": [25.5, 4, 21.5],
			"rotation": {"angle": -45, "axis": "y", "origin": [20.5, 3, 20.5]},
			"faces": {
				"north": {"uv": [0, 4, 5, 5], "texture": "#0"},
				"east": {"uv": [0, 4, 5, 5], "texture": "#0"},
				"south": {"uv": [0, 4, 5, 5], "texture": "#0"},
				"west": {"uv": [0, 4, 5, 5], "texture": "#0"},
				"up": {"uv": [5, 5, 0, 4], "texture": "#0"},
				"down": {"uv": [5, 5, 0, 4], "texture": "#0"}
			}
		},
		{
			"from": [15.5, 2, 19.5],
			"to": [25.5, 4, 21.5],
			"rotation": {"angle": 0, "axis": "y", "origin": [20.5, 3, 20.5]},
			"faces": {
				"north": {"uv": [0, 2, 5, 3], "texture": "#0"},
				"east": {"uv": [0, 2, 5, 3], "texture": "#0"},
				"south": {"uv": [0, 2, 5, 3], "texture": "#0"},
				"west": {"uv": [0, 2, 5, 3], "texture": "#0"},
				"up": {"uv": [5, 3, 0, 2], "texture": "#0"},
				"down": {"uv": [5, 3, 0, 2], "texture": "#0"}
			}
		},
		{
			"from": [19.5, 2, 15.5],
			"to": [21.5, 4, 25.5],
			"rotation": {"angle": 0, "axis": "y", "origin": [21.5, -8, 25.5]},
			"faces": {
				"north": {"uv": [0, 0, 5, 1], "texture": "#0"},
				"east": {"uv": [0, 0, 5, 1], "texture": "#0"},
				"south": {"uv": [0, 0, 5, 1], "texture": "#0"},
				"west": {"uv": [0, 0, 5, 1], "texture": "#0"},
				"up": {"uv": [5, 1, 0, 0], "texture": "#0"},
				"down": {"uv": [5, 1, 0, 0], "texture": "#0"}
			}
		},
		{
			"from": [-9.5, 2, -5.5],
			"to": [0.5, 4, -3.5],
			"rotation": {"angle": 0, "axis": "y", "origin": [-4.5, 3, -4.5]},
			"faces": {
				"north": {"uv": [0, 2, 5, 3], "texture": "#0"},
				"east": {"uv": [0, 2, 5, 3], "texture": "#0"},
				"south": {"uv": [0, 2, 5, 3], "texture": "#0"},
				"west": {"uv": [0, 2, 5, 3], "texture": "#0"},
				"up": {"uv": [0, 2, 5, 3], "texture": "#0"},
				"down": {"uv": [0, 2, 5, 3], "texture": "#0"}
			}
		},
		{
			"from": [-9.5, 2, -5.5],
			"to": [0.5, 4, -3.5],
			"rotation": {"angle": -45, "axis": "y", "origin": [-4.5, 3, -4.5]},
			"faces": {
				"north": {"uv": [0, 4, 5, 5], "texture": "#0"},
				"east": {"uv": [0, 4, 5, 5], "texture": "#0"},
				"south": {"uv": [0, 4, 5, 5], "texture": "#0"},
				"west": {"uv": [0, 4, 5, 5], "texture": "#0"},
				"up": {"uv": [0, 4, 5, 5], "texture": "#0"},
				"down": {"uv": [0, 4, 5, 5], "texture": "#0"}
			}
		},
		{
			"from": [-5.5, 2, -9.5],
			"to": [-3.5, 4, 0.5],
			"rotation": {"angle": -45, "axis": "y", "origin": [-4.5, 3, -4.5]},
			"faces": {
				"north": {"uv": [0, 1, 5, 2], "texture": "#0"},
				"east": {"uv": [0, 1, 5, 2], "texture": "#0"},
				"south": {"uv": [0, 1, 5, 2], "texture": "#0"},
				"west": {"uv": [0, 1, 5, 2], "texture": "#0"},
				"up": {"uv": [0, 1, 5, 2], "texture": "#0"},
				"down": {"uv": [0, 1, 5, 2], "texture": "#0"}
			}
		},
		{
			"from": [1, -4, 0],
			"to": [15, 6, 16],
			"rotation": {"angle": 0, "axis": "y", "origin": [-5, -14, -14]},
			"faces": {
				"north": {"uv": [0, 6.5, 3.5, 9], "texture": "#5"},
				"east": {"uv": [0, 4, 4, 6.5], "texture": "#5"},
				"south": {"uv": [3.5, 6.5, 7, 9], "texture": "#5"},
				"west": {"uv": [4, 4, 8, 6.5], "texture": "#5"},
				"up": {"uv": [3.5, 4, 0, 0], "texture": "#5"},
				"down": {"uv": [7, 0, 3.5, 4], "texture": "#5"}
			}
		},
		{
			"from": [-7, -2, -2],
			"to": [3, 0, 0],
			"rotation": {"angle": -45, "axis": "y", "origin": [-1, -1, -1]},
			"faces": {
				"north": {"uv": [9.5, 8.5, 12, 9], "texture": "#5"},
				"east": {"uv": [14.5, 5, 15, 5.5], "texture": "#5"},
				"south": {"uv": [9.5, 9, 12, 9.5], "texture": "#5"},
				"west": {"uv": [5.5, 14.5, 6, 15], "texture": "#5"},
				"up": {"uv": [12, 10, 9.5, 9.5], "texture": "#5"},
				"down": {"uv": [12.5, 0, 10, 0.5], "texture": "#5"}
			}
		},
		{
			"from": [-6.5, 0, -1.5],
			"to": [-5.5, 2, -0.5],
			"rotation": {"angle": -45, "axis": "y", "origin": [-1, -1, -1]},
			"faces": {
				"north": {"uv": [14.5, 5.5, 15, 6], "texture": "#5"},
				"east": {"uv": [6, 14.5, 6.5, 15], "texture": "#5"},
				"south": {"uv": [14.5, 6, 15, 6.5], "texture": "#5"},
				"west": {"uv": [6.5, 14.5, 7, 15], "texture": "#5"},
				"up": {"uv": [15, 7, 14.5, 6.5], "texture": "#5"},
				"down": {"uv": [7.5, 14.5, 7, 15], "texture": "#5"}
			}
		},
		{
			"from": [7, -8, 7],
			"to": [9, -4, 9],
			"rotation": {"angle": 0, "axis": "y", "origin": [6, -28, 6]},
			"faces": {
				"north": {"uv": [2, 1.5, 2.5, 2.5], "texture": "#5"},
				"east": {"uv": [1.5, 1.5, 2, 2.5], "texture": "#5"},
				"south": {"uv": [0.5, 1.5, 1, 2.5], "texture": "#5"},
				"west": {"uv": [1, 1.5, 1.5, 2.5], "texture": "#5"},
				"up": {"uv": [1.5, 0, 2, 0.5], "texture": "#5"},
				"down": {"uv": [1.5, 1, 2, 1.5], "texture": "#5"}
			}
		},
		{
			"from": [3.5, -14, 7],
			"to": [12.5, -8, 9],
			"rotation": {"angle": 0, "axis": "y", "origin": [6, -28, 6]},
			"faces": {
				"north": {"uv": [1, 4.5, 3, 6], "texture": "#5"},
				"east": {"uv": [5, 1.5, 5.5, 3], "texture": "#5"},
				"south": {"uv": [0.5, 1.5, 2.5, 3], "texture": "#5"},
				"west": {"uv": [5.5, 4.5, 6, 6], "texture": "#5"},
				"up": {"uv": [1, 5.5, 2.75, 6], "texture": "#5"},
				"down": {"uv": [0.5, 1, 2.5, 1.5], "texture": "#5"}
			}
		},
		{
			"from": [5, -14.17278, 4.9443],
			"to": [11, -8.17278, 10.9443],
			"rotation": {"angle": 22.5, "axis": "x", "origin": [8, -10.7405, 5.66455]},
			"faces": {
				"north": {"uv": [3, 9, 0, 6], "rotation": 180, "texture": "#3"},
				"east": {"uv": [0, 3, 3, 6], "rotation": 90, "texture": "#3"},
				"south": {"uv": [9, 0, 6, 3], "texture": "#3"},
				"west": {"uv": [3, 3, 6, 6], "rotation": 270, "texture": "#3"},
				"up": {"uv": [3, 0, 6, 3], "texture": "#3"},
				"down": {"uv": [0, 0, 3, 3], "rotation": 180, "texture": "#3"}
			}
		},
		{
			"from": [8, -11.46886, 2.1915],
			"to": [8, -5.46886, 8.1915],
			"rotation": {"angle": -45, "axis": "x", "origin": [8, -10.7405, 5.66455]},
			"faces": {
				"north": {"uv": [0, 0, 0, 3], "texture": "#3"},
				"east": {"uv": [3, 6, 6, 9], "texture": "#3"},
				"south": {"uv": [0, 0, 0, 3], "texture": "#3"},
				"west": {"uv": [6, 6, 3, 9], "texture": "#3"},
				"up": {"uv": [0, 3, 0, 0], "texture": "#3"},
				"down": {"uv": [0, 0, 0, 3], "texture": "#3"}
			}
		}
	],
	"display": {
		"head": {
			"translation": [0, 12.75, 0],
			"scale": [4, 4, 4]
		}
	},
	"groups": [
		{
			"name": "group",
			"origin": [4.5, 5.5, 2.5],
			"color": 0,
			"nbt": "{}",
			"children": [
				{
					"name": "group",
					"origin": [2.25, 8.5, 5.75],
					"color": 0,
					"nbt": "{}",
					"children": [
						{
							"name": "group",
							"origin": [2.25, 8.5, 13.75],
							"color": 0,
							"nbt": "{}",
							"children": [0, 1, 2, 3, 4, 5, 6, 7, 8, 9, 10, 11, 12, 13, 14, 15, 16, 17, 18, 19, 20, 21]
						}
					]
				}
			]
		},
		{
			"name": "wheat",
			"origin": [8, 8, 8],
			"color": 0,
			"nbt": "{}",
			"children": [
				{
					"name": "group",
					"origin": [8.25, 9.25, 4.25],
					"color": 0,
					"nbt": "{}",
					"children": [
						{
							"name": "group",
							"origin": [11, 6.5, 12],
							"color": 0,
							"nbt": "{}",
							"children": [
								22,
								{
									"name": "group",
									"origin": [6.79499, 2.44827, 8],
									"color": 0,
									"nbt": "{}",
									"children": []
								},
								23,
								24,
								25,
								26
							]
						}
					]
				}
			]
		},
		{
			"name": "potato",
			"origin": [8, 8, 8],
			"color": 0,
			"nbt": "{}",
			"children": []
		},
		{
			"name": "group",
			"origin": [8, 10.27975, 8.43228],
			"color": 0,
			"nbt": "{}",
			"children": [27, 28]
		}
	]
}