{
	"texture_size": [48, 48],
	"textures": {
		"2": "item/coming_soon_blocks"
	},
	"elements": [
		{
			"from": [-16, 0, 0],
			"to": [32, 16, 16],
			"rotation": {"angle": 0, "axis": "y", "origin": [8, 8, 8]},
			"faces": {
				"north": {"uv": [0, 0, 16, 5.33333], "rotation": 180, "texture": "#2"},
				"east": {"uv": [0, 0, 5.33333, 5.33333], "rotation": 180, "texture": "#2"},
				"south": {"uv": [0, 0, 16, 5.33333], "rotation": 180, "texture": "#2"},
				"west": {"uv": [0, 0, 5.33333, 5.33333], "rotation": 180, "texture": "#2"},
				"up": {"uv": [0, 0, 16, 5.33333], "rotation": 180, "texture": "#2"},
				"down": {"uv": [0, 0, 16, 5.33333], "rotation": 180, "texture": "#2"}
			}
		}
	],
	"gui_light": "front",
	"display": {
		"thirdperson_righthand": {
			"rotation": [75, 45, 0],
			"translation": [0, 2.5, 0],
			"scale": [0.375, 0.375, 0.375]
		},
		"thirdperson_lefthand": {
			"rotation": [75, 45, 0],
			"translation": [0, 2.5, 0],
			"scale": [0.375, 0.375, 0.375]
		},
		"firstperson_righthand": {
			"rotation": [0, 45, 0],
			"scale": [0.4, 0.4, 0.4]
		},
		"firstperson_lefthand": {
			"rotation": [0, 225, 0],
			"scale": [0.4, 0.4, 0.4]
		},
		"ground": {
			"translation": [0, 3, 0],
			"scale": [0.25, 0.25, 0.25]
		},
		"gui": {
			"rotation": [30, 225, 0],
			"scale": [0.625, 0.625, 0.625]
		},
		"fixed": {
			"rotation": [-90, 0, 0],
			"translation": [0, 0.005, -16],
			"scale": [2.005, 2.005, 2.005]
		}
	}
}