{
	"texture_size": [32, 32],
	"textures": {
		"0": "item/board_blade",
		"3": "item/board_dollar",
		"particle": "item/board_blade"
	},
	"elements": [
		{
			"from": [-8.8, -11.2, 6.6],
			"to": [24.8, 22.4, 9.4],
			"rotation": {"angle": 0, "axis": "y", "origin": [7.3, 0, 10.1]},
			"faces": {
				"north": {"uv": [3, 0, 6, 3], "texture": "#3"},
				"east": {"uv": [0, 6, 0.125, 9], "texture": "#3"},
				"south": {"uv": [3, 3, 6, 6], "texture": "#3"},
				"west": {"uv": [6, 0, 6.125, 3], "texture": "#3"},
				"up": {"uv": [3.125, 6.125, 0.125, 6], "texture": "#3"},
				"down": {"uv": [9, 3, 6, 3.125], "texture": "#3"}
			}
		},
		{
			"from": [-6, -8.4, 6.565],
			"to": [22, 19.6, 6.565],
			"rotation": {"angle": 0, "axis": "y", "origin": [8, 5.6, 6.565]},
			"faces": {
				"north": {"uv": [0, 0, 3, 3], "texture": "#3"},
				"east": {"uv": [0, 0, 0, 3], "texture": "#3"},
				"south": {"uv": [3, 0, 0, 3], "texture": "#3"},
				"west": {"uv": [0, 0, 0, 3], "texture": "#3"},
				"up": {"uv": [3, 0, 0, 0], "texture": "#3"},
				"down": {"uv": [3, 0, 0, 0], "texture": "#3"}
			}
		},
		{
			"from": [9.4, 23.575, 6.95],
			"to": [18.5, 23.925, 9.05],
			"rotation": {"angle": 0, "axis": "y", "origin": [7.3, 9.75, 7.3]},
			"faces": {
				"north": {"uv": [0, 0, 6.5, 0.5], "texture": "#0"},
				"east": {"uv": [0, 0, 1.5, 0.5], "texture": "#0"},
				"south": {"uv": [0, 0, 6.5, 0.5], "texture": "#0"},
				"west": {"uv": [0, 0, 1.5, 0.5], "texture": "#0"},
				"up": {"uv": [6.5, 1.5, 0, 0], "texture": "#0"},
				"down": {"uv": [6.5, 0, 0, 1.5], "texture": "#0"}
			}
		},
		{
			"from": [-2.5, 23.575, 6.95],
			"to": [6.6, 23.925, 9.05],
			"rotation": {"angle": 0, "axis": "y", "origin": [7.3, 9.75, 7.3]},
			"faces": {
				"north": {"uv": [0, 0, 6.5, 0.5], "texture": "#0"},
				"east": {"uv": [0, 0, 1.5, 0.5], "texture": "#0"},
				"south": {"uv": [0, 0, 6.5, 0.5], "texture": "#0"},
				"west": {"uv": [0, 0, 1.5, 0.5], "texture": "#0"},
				"up": {"uv": [0, 1.5, 6.5, 0], "texture": "#0"},
				"down": {"uv": [0, 0, 6.5, 1.5], "texture": "#0"}
			}
		},
		{
			"from": [6.6, 23.05, 6.6],
			"to": [9.4, 24.45, 9.4],
			"rotation": {"angle": 0, "axis": "y", "origin": [7.3, 9.75, 7.3]},
			"faces": {
				"north": {"uv": [6.5, 0, 8.5, 1], "texture": "#0"},
				"east": {"uv": [6.5, 0, 8.5, 1], "texture": "#0"},
				"south": {"uv": [6.5, 0, 8.5, 1], "texture": "#0"},
				"west": {"uv": [6.5, 0, 8.5, 1], "texture": "#0"},
				"up": {"uv": [10.5, 2, 8.5, 0], "texture": "#0"},
				"down": {"uv": [12.5, 0, 10.5, 2], "texture": "#0"}
			}
		},
		{
			"from": [-2.5, 23.575, 6.95],
			"to": [6.6, 23.925, 9.05],
			"rotation": {"angle": -22.5, "axis": "y", "origin": [8, 23.75, 8]},
			"faces": {
				"north": {"uv": [0, 1.5, 4.5, 2], "texture": "#0"},
				"east": {"uv": [0, 1.5, 3, 2], "texture": "#0"},
				"south": {"uv": [0, 1.5, 5.5, 2], "texture": "#0"},
				"west": {"uv": [0, 1.5, 3, 2], "texture": "#0"},
				"up": {"uv": [0, 1.5, 6.5, 3], "texture": "#0"},
				"down": {"uv": [0, 1.5, 6.5, 3], "texture": "#0"}
			}
		},
		{
			"from": [6.6, 23.05, 6.6],
			"to": [9.4, 24.45, 9.4],
			"rotation": {"angle": -22.5, "axis": "y", "origin": [8, 23.75, 8]},
			"faces": {
				"north": {"uv": [6.5, 2, 8.5, 3], "texture": "#0"},
				"east": {"uv": [6.5, 2, 8.5, 3], "texture": "#0"},
				"south": {"uv": [6.5, 2, 8.5, 3], "texture": "#0"},
				"west": {"uv": [6.5, 2, 8.5, 3], "texture": "#0"},
				"up": {"uv": [8.5, 2, 10.5, 4], "texture": "#0"},
				"down": {"uv": [10.5, 2, 12.5, 4], "texture": "#0"}
			}
		},
		{
			"from": [9.4, 23.575, 6.95],
			"to": [18.5, 23.925, 9.05],
			"rotation": {"angle": -22.5, "axis": "y", "origin": [8, 23.75, 8]},
			"faces": {
				"north": {"uv": [0, 1.5, 4.5, 2], "texture": "#0"},
				"east": {"uv": [0, 1.5, 3, 2], "texture": "#0"},
				"south": {"uv": [0, 1.5, 5.5, 2], "texture": "#0"},
				"west": {"uv": [0, 1.5, 3, 2], "texture": "#0"},
				"up": {"uv": [6.5, 1.5, 0, 3], "texture": "#0"},
				"down": {"uv": [6.5, 1.5, 0, 3], "texture": "#0"}
			}
		},
		{
			"from": [9.4, 23.575, 6.95],
			"to": [18.5, 23.925, 9.05],
			"rotation": {"angle": -45, "axis": "y", "origin": [8, 23.75, 8]},
			"faces": {
				"north": {"uv": [0, 3, 3.5, 3.5], "texture": "#0"},
				"east": {"uv": [0, 3, 1, 3.5], "texture": "#0"},
				"south": {"uv": [0, 3, 3.5, 3.5], "texture": "#0"},
				"west": {"uv": [0, 3, 1, 3.5], "texture": "#0"},
				"up": {"uv": [6.5, 3, 0, 4.5], "texture": "#0"},
				"down": {"uv": [6.5, 3, 0, 4.5], "texture": "#0"}
			}
		},
		{
			"from": [-2.5, 23.575, 6.95],
			"to": [6.6, 23.925, 9.05],
			"rotation": {"angle": -45, "axis": "y", "origin": [8, 23.75, 8]},
			"faces": {
				"north": {"uv": [0, 3, 3.5, 3.5], "texture": "#0"},
				"east": {"uv": [0, 3, 1, 3.5], "texture": "#0"},
				"south": {"uv": [0, 3, 3.5, 3.5], "texture": "#0"},
				"west": {"uv": [0, 3, 1, 3.5], "texture": "#0"},
				"up": {"uv": [0, 3, 6.5, 4.5], "texture": "#0"},
				"down": {"uv": [0, 3, 6.5, 4.5], "texture": "#0"}
			}
		},
		{
			"from": [6.6, 23.05, 6.6],
			"to": [9.4, 24.45, 9.4],
			"rotation": {"angle": -45, "axis": "y", "origin": [8, 23.75, 8]},
			"faces": {
				"north": {"uv": [6.5, 4, 8.5, 5], "texture": "#0"},
				"east": {"uv": [6.5, 4, 8.5, 5], "texture": "#0"},
				"south": {"uv": [6.5, 4, 8.5, 5], "texture": "#0"},
				"west": {"uv": [6.5, 4, 8.5, 5], "texture": "#0"},
				"up": {"uv": [8.5, 4, 10.5, 6], "texture": "#0"},
				"down": {"uv": [10.5, 4, 12.5, 6], "texture": "#0"}
			}
		},
		{
			"from": [6.95, 23.575, -2.5],
			"to": [9.05, 23.925, 6.6],
			"rotation": {"angle": 22.5, "axis": "y", "origin": [8, 23.75, 8]},
			"faces": {
				"north": {"uv": [0, 5, 0.5, 4.5], "texture": "#0"},
				"east": {"uv": [0, 5, 4, 4.5], "texture": "#0"},
				"south": {"uv": [0, 5, 0.5, 4.5], "texture": "#0"},
				"west": {"uv": [0, 5, 4, 4.5], "texture": "#0"},
				"up": {"uv": [0, 4.5, 6.5, 6], "rotation": 90, "texture": "#0"},
				"down": {"uv": [0, 4.5, 6.5, 6], "rotation": 270, "texture": "#0"}
			}
		},
		{
			"from": [6.6, 23.05, 6.6],
			"to": [9.4, 24.45, 9.4],
			"rotation": {"angle": 22.5, "axis": "y", "origin": [8, 23.75, 8]},
			"faces": {
				"north": {"uv": [6.5, 6, 8.5, 7], "texture": "#0"},
				"east": {"uv": [6.5, 6, 8.5, 7], "texture": "#0"},
				"south": {"uv": [6.5, 6, 8.5, 7], "texture": "#0"},
				"west": {"uv": [6.5, 6, 8.5, 7], "texture": "#0"},
				"up": {"uv": [8.5, 6, 10.5, 8], "texture": "#0"},
				"down": {"uv": [10.5, 6, 12.5, 8], "texture": "#0"}
			}
		},
		{
			"from": [6.95, 23.575, 9.4],
			"to": [9.05, 23.925, 18.5],
			"rotation": {"angle": 22.5, "axis": "y", "origin": [8, 23.75, 8]},
			"faces": {
				"north": {"uv": [0, 5, 0.5, 4.5], "texture": "#0"},
				"east": {"uv": [0, 5, 4, 4.5], "texture": "#0"},
				"south": {"uv": [0, 5, 0.5, 4.5], "texture": "#0"},
				"west": {"uv": [0, 5, 4, 4.5], "texture": "#0"},
				"up": {"uv": [6.5, 4.5, 0, 6], "rotation": 90, "texture": "#0"},
				"down": {"uv": [6.5, 4.5, 0, 6], "rotation": 270, "texture": "#0"}
			}
		},
		{
			"from": [6.95, 23.575, -2.5],
			"to": [9.05, 23.925, 6.6],
			"rotation": {"angle": 0, "axis": "y", "origin": [8, 23.75, 8]},
			"faces": {
				"north": {"uv": [0, 6, 0, 6.5], "texture": "#0"},
				"east": {"uv": [0, 6, 5, 6.5], "texture": "#0"},
				"south": {"uv": [0, 6, 0, 6.5], "texture": "#0"},
				"west": {"uv": [0, 6, 5, 6.5], "texture": "#0"},
				"up": {"uv": [0, 6, 6.5, 7.5], "rotation": 90, "texture": "#0"},
				"down": {"uv": [0, 6, 6.5, 7.5], "rotation": 270, "texture": "#0"}
			}
		},
		{
			"from": [6.6, 23.05, 6.6],
			"to": [9.4, 24.45, 9.4],
			"rotation": {"angle": 0, "axis": "y", "origin": [8, 23.75, 8]},
			"faces": {
				"north": {"uv": [6.5, 8, 8.5, 9], "texture": "#0"},
				"east": {"uv": [6.5, 8, 8.5, 9], "texture": "#0"},
				"south": {"uv": [6.5, 8, 8.5, 9], "texture": "#0"},
				"west": {"uv": [6.5, 8, 8.5, 9], "texture": "#0"},
				"up": {"uv": [8.5, 8, 10.5, 10], "texture": "#0"},
				"down": {"uv": [12.5, 8, 10.5, 10], "texture": "#0"}
			}
		},
		{
			"from": [6.95, 23.575, 9.4],
			"to": [9.05, 23.925, 18.5],
			"rotation": {"angle": 0, "axis": "y", "origin": [8, 23.75, 8]},
			"faces": {
				"north": {"uv": [0, 6, 0, 6.5], "texture": "#0"},
				"east": {"uv": [0, 6, 5, 6.5], "texture": "#0"},
				"south": {"uv": [0, 6, 0, 6.5], "texture": "#0"},
				"west": {"uv": [0, 6, 5, 6.5], "texture": "#0"},
				"up": {"uv": [6.5, 6, 0, 7.5], "rotation": 90, "texture": "#0"},
				"down": {"uv": [6.5, 6, 0, 7.5], "rotation": 270, "texture": "#0"}
			}
		},
		{
			"from": [6.95, 23.575, -2.5],
			"to": [9.05, 23.925, 6.6],
			"rotation": {"angle": -22.5, "axis": "y", "origin": [8, 23.75, 8]},
			"faces": {
				"north": {"uv": [0, 7.5, 1, 8], "texture": "#0"},
				"east": {"uv": [0, 7.5, 5, 8], "texture": "#0"},
				"south": {"uv": [0, 7.5, 0, 8], "texture": "#0"},
				"west": {"uv": [0, 7.5, 5, 8], "texture": "#0"},
				"up": {"uv": [0, 7.5, 6.5, 9], "rotation": 90, "texture": "#0"},
				"down": {"uv": [0, 7.5, 6.5, 9], "rotation": 270, "texture": "#0"}
			}
		},
		{
			"from": [6.6, 23.05, 6.6],
			"to": [9.4, 24.45, 9.4],
			"rotation": {"angle": -22.5, "axis": "y", "origin": [8, 23.75, 8]},
			"faces": {
				"north": {"uv": [6.5, 10, 8.5, 11], "texture": "#0"},
				"east": {"uv": [6.5, 10, 8.5, 11], "texture": "#0"},
				"south": {"uv": [6.5, 10, 8.5, 11], "texture": "#0"},
				"west": {"uv": [6.5, 10, 8.5, 11], "texture": "#0"},
				"up": {"uv": [8.5, 10, 10.5, 12], "rotation": 90, "texture": "#0"},
				"down": {"uv": [10.5, 10, 12.5, 12], "rotation": 90, "texture": "#0"}
			}
		},
		{
			"from": [6.95, 23.575, 9.4],
			"to": [9.05, 23.925, 18.5],
			"rotation": {"angle": -22.5, "axis": "y", "origin": [8, 23.75, 8]},
			"faces": {
				"north": {"uv": [0, 7.5, 0, 8], "texture": "#0"},
				"east": {"uv": [0, 7.5, 5, 8], "texture": "#0"},
				"south": {"uv": [0, 7.5, 1, 8], "texture": "#0"},
				"west": {"uv": [0, 7.5, 5, 8], "texture": "#0"},
				"up": {"uv": [6.5, 7.5, 0, 9], "rotation": 90, "texture": "#0"},
				"down": {"uv": [6.5, 7.5, 0, 9], "rotation": 270, "texture": "#0"}
			}
		},
		{
			"from": [6.6, 23.05, 6.6],
			"to": [9.4, 24.45, 9.4],
			"rotation": {"angle": -45, "axis": "y", "origin": [8, 23.75, 8]},
			"faces": {
				"north": {"uv": [6.5, 12, 8.5, 13], "texture": "#0"},
				"east": {"uv": [6.5, 12, 8.5, 13], "texture": "#0"},
				"south": {"uv": [6.5, 12, 8.5, 13], "texture": "#0"},
				"west": {"uv": [6.5, 12, 8.5, 13], "texture": "#0"},
				"up": {"uv": [8.5, 12, 10.5, 14], "rotation": 90, "texture": "#0"},
				"down": {"uv": [10.5, 12, 12.5, 14], "rotation": 90, "texture": "#0"}
			}
		},
		{
			"from": [6.95, 23.575, -2.5],
			"to": [9.05, 23.925, 6.6],
			"rotation": {"angle": -45, "axis": "y", "origin": [8, 23.75, 8]},
			"faces": {
				"north": {"uv": [0, 9, 2, 9.5], "texture": "#0"},
				"east": {"uv": [0, 9, 3.5, 9.5], "texture": "#0"},
				"south": {"uv": [0, 9, 2, 9.5], "texture": "#0"},
				"west": {"uv": [0, 9, 3.5, 9.5], "texture": "#0"},
				"up": {"uv": [0, 9, 6.5, 10.5], "rotation": 90, "texture": "#0"},
				"down": {"uv": [0, 9, 6.5, 10.5], "rotation": 270, "texture": "#0"}
			}
		},
		{
			"from": [6.95, 23.575, 9.4],
			"to": [9.05, 23.925, 18.5],
			"rotation": {"angle": -45, "axis": "y", "origin": [8, 23.75, 8]},
			"faces": {
				"north": {"uv": [0, 9, 2, 9.5], "texture": "#0"},
				"east": {"uv": [0, 9, 3.5, 9.5], "texture": "#0"},
				"south": {"uv": [0, 9, 2, 9.5], "texture": "#0"},
				"west": {"uv": [0, 9, 3.5, 9.5], "texture": "#0"},
				"up": {"uv": [6.5, 9, 0, 10.5], "rotation": 90, "texture": "#0"},
				"down": {"uv": [6.5, 9, 0, 10.5], "rotation": 270, "texture": "#0"}
			}
		},
		{
			"from": [9.4, 23.575, 6.95],
			"to": [18.5, 23.925, 9.05],
			"rotation": {"angle": 22.5, "axis": "y", "origin": [8, 23.75, 8]},
			"faces": {
				"north": {"uv": [0, 10.5, 3.5, 11], "texture": "#0"},
				"east": {"uv": [0, 10.5, 1.5, 11], "texture": "#0"},
				"south": {"uv": [0, 10.5, 3.5, 11], "texture": "#0"},
				"west": {"uv": [0, 10.5, 1.5, 11], "texture": "#0"},
				"up": {"uv": [0, 10.5, 6.5, 12], "rotation": 180, "texture": "#0"},
				"down": {"uv": [0, 10.5, 6.5, 12], "rotation": 180, "texture": "#0"}
			}
		},
		{
			"from": [6.6, 23.05, 6.6],
			"to": [9.4, 24.45, 9.4],
			"rotation": {"angle": 22.5, "axis": "y", "origin": [8, 23.75, 8]},
			"faces": {
				"north": {"uv": [6.5, 14, 8.5, 15], "texture": "#0"},
				"east": {"uv": [6.5, 14, 8.5, 15], "texture": "#0"},
				"south": {"uv": [6.5, 14, 8.5, 15], "texture": "#0"},
				"west": {"uv": [6.5, 14, 8.5, 15], "texture": "#0"},
				"up": {"uv": [8.5, 14, 10.5, 16], "texture": "#0"},
				"down": {"uv": [10.5, 14, 12.5, 16], "texture": "#0"}
			}
		},
		{
			"from": [-2.5, 23.575, 6.95],
			"to": [6.6, 23.925, 9.05],
			"rotation": {"angle": 22.5, "axis": "y", "origin": [8, 23.75, 8]},
			"faces": {
				"north": {"uv": [0, 10.5, 3.5, 11], "texture": "#0"},
				"east": {"uv": [0, 10.5, 1.5, 11], "texture": "#0"},
				"south": {"uv": [0, 10.5, 3.5, 11], "texture": "#0"},
				"west": {"uv": [0, 10.5, 1.5, 11], "texture": "#0"},
				"up": {"uv": [6.5, 10.5, 0, 12], "rotation": 180, "texture": "#0"},
				"down": {"uv": [6.5, 10.5, 0, 12], "rotation": 180, "texture": "#0"}
			}
		},
		{
			"from": [7.3, 20.95, 7.3],
			"to": [8.7, 23.75, 8.7],
			"rotation": {"angle": 0, "axis": "y", "origin": [7.3, -2.85, 7.3]},
			"faces": {
				"north": {"uv": [3.0625, 2.9625, 3.3125, 3.2125], "texture": "#3"},
				"east": {"uv": [3.0625, 2.9625, 3.3125, 3.2125], "texture": "#3"},
				"south": {"uv": [3.0625, 2.9625, 3.3125, 3.2125], "texture": "#3"},
				"west": {"uv": [3.0625, 2.9625, 3.3125, 3.2125], "texture": "#3"},
				"up": {"uv": [3.0625, 2.9625, 3.3125, 3.2125], "texture": "#3"},
				"down": {"uv": [3.0625, 2.9625, 3.3125, 3.2125], "texture": "#3"}
			}
		}
	],
	"display": {
		"thirdperson_righthand": {
			"scale": [0.7, 0.7, 0.7]
		},
		"thirdperson_lefthand": {
			"scale": [0.7, 0.7, 0.7]
		},
		"firstperson_righthand": {
			"rotation": [0, -90, 25],
			"translation": [-0.37, 6.7, 1.38],
			"scale": [0.68, 0.68, 0.68]
		},
		"firstperson_lefthand": {
			"rotation": [0, -90, 25],
			"translation": [-0.37, 6.7, 1.38],
			"scale": [0.68, 0.68, 0.68]
		},
		"ground": {
			"translation": [0, 6.75, 0]
		},
		"gui": {
			"rotation": [30, 225, 0],
			"translation": [0, 1.75, 0],
			"scale": [0.5, 0.5, 0.5]
		},
		"head": {
			"translation": [0, 20, 0],
			"scale": [2, 2, 2]
		},
		"fixed": {
			"rotation": [-90, 0, 0],
			"translation": [0, 0, -16],
			"scale": [2, 2, 2]
		}
	},
	"groups": [
		0,
		1,
		{
			"name": "group",
			"origin": [8, 25.5, 8],
			"color": 0,
			"nbt": "{}",
			"children": []
		},
		{
			"name": "blade_animations",
			"origin": [7, 0, 7],
			"color": 0,
			"nbt": "{}",
			"children": [
				{
					"name": "1",
					"origin": [7, -15, 7],
					"color": 0,
					"nbt": "{}",
					"children": [2, 3, 4]
				},
				{
					"name": "2",
					"origin": [8, 5, 8],
					"color": 0,
					"nbt": "{}",
					"children": [5, 6, 7]
				},
				{
					"name": "3",
					"origin": [8, 5, 8],
					"color": 0,
					"nbt": "{}",
					"children": [8, 9, 10]
				},
				{
					"name": "4",
					"origin": [8, 5, 8],
					"color": 0,
					"nbt": "{}",
					"children": [11, 12, 13]
				},
				{
					"name": "5",
					"origin": [8, 5, 8],
					"color": 0,
					"nbt": "{}",
					"children": [14, 15, 16]
				},
				{
					"name": "6",
					"origin": [8, 5, 8],
					"color": 0,
					"nbt": "{}",
					"children": [17, 18, 19]
				},
				{
					"name": "7",
					"origin": [8, 5, 8],
					"color": 0,
					"nbt": "{}",
					"children": [20, 21, 22]
				},
				{
					"name": "8",
					"origin": [8, 5, 8],
					"color": 0,
					"nbt": "{}",
					"children": [23, 24, 25]
				},
				26
			]
		}
	]
}