{
	"textures": {
		"1": "item/compass_gold"
	},
	"elements": [
		{
			"name": "compass_0",
			"from": [3, 2, 7.5],
			"to": [13, 15, 8.5],
			"rotation": {"angle": 0, "axis": "y", "origin": [0, 0, 7.5]},
			"faces": {
				"north": {"uv": [13, 1.06667, 3, 14.93333], "texture": "#1"},
				"east": {"uv": [12, 1.06667, 13, 14.93333], "texture": "#1"},
				"south": {"uv": [3, 1.06667, 13, 14.93333], "texture": "#1"},
				"west": {"uv": [3, 1.06667, 4, 14.93333], "texture": "#1"},
				"up": {"uv": [3, 1.06667, 13, 2.13333], "texture": "#1"},
				"down": {"uv": [3, 13.86667, 13, 14.93333], "texture": "#1"}
			}
		},
		{
			"name": "compass_1",
			"from": [2, 3, 7.5],
			"to": [3, 14, 8.5],
			"rotation": {"angle": 0, "axis": "y", "origin": [0, 0, 7.5]},
			"faces": {
				"north": {"uv": [3, 2.13333, 2, 13.86667], "texture": "#1"},
				"east": {"uv": [2, 2.13333, 3, 13.86667], "texture": "#1"},
				"south": {"uv": [2, 2.13333, 3, 13.86667], "texture": "#1"},
				"west": {"uv": [2, 2.13333, 3, 13.86667], "texture": "#1"},
				"up": {"uv": [2, 2.13333, 3, 3.2], "texture": "#1"},
				"down": {"uv": [2, 12.8, 3, 13.86667], "texture": "#1"}
			}
		},
		{
			"name": "compass_2",
			"from": [13, 3, 7.5],
			"to": [14, 14, 8.5],
			"rotation": {"angle": 0, "axis": "y", "origin": [0, 0, 7.5]},
			"faces": {
				"north": {"uv": [14, 2.13333, 13, 13.86667], "texture": "#1"},
				"east": {"uv": [13, 2.13333, 14, 13.86667], "texture": "#1"},
				"south": {"uv": [13, 2.13333, 14, 13.86667], "texture": "#1"},
				"west": {"uv": [13, 2.13333, 14, 13.86667], "texture": "#1"},
				"up": {"uv": [13, 2.13333, 14, 3.2], "texture": "#1"},
				"down": {"uv": [13, 12.8, 14, 13.86667], "texture": "#1"}
			}
		},
		{
			"name": "compass_3",
			"from": [1, 4, 7.5],
			"to": [2, 13, 8.5],
			"rotation": {"angle": 0, "axis": "y", "origin": [0, 0, 7.5]},
			"faces": {
				"north": {"uv": [2, 3.2, 1, 12.8], "texture": "#1"},
				"east": {"uv": [1, 3.2, 2, 12.8], "texture": "#1"},
				"south": {"uv": [1, 3.2, 2, 12.8], "texture": "#1"},
				"west": {"uv": [1, 3.2, 2, 12.8], "texture": "#1"},
				"up": {"uv": [1, 3.2, 2, 4.26667], "texture": "#1"},
				"down": {"uv": [1, 11.73333, 2, 12.8], "texture": "#1"}
			}
		},
		{
			"name": "compass_4",
			"from": [14, 4, 7.5],
			"to": [15, 13, 8.5],
			"rotation": {"angle": 0, "axis": "y", "origin": [0, 0, 7.5]},
			"faces": {
				"north": {"uv": [15, 3.2, 14, 12.8], "texture": "#1"},
				"east": {"uv": [14, 3.2, 15, 12.8], "texture": "#1"},
				"south": {"uv": [14, 3.2, 15, 12.8], "texture": "#1"},
				"west": {"uv": [14, 3.2, 15, 12.8], "texture": "#1"},
				"up": {"uv": [14, 3.2, 15, 4.26667], "texture": "#1"},
				"down": {"uv": [14, 11.73333, 15, 12.8], "texture": "#1"}
			}
		}
	],
	"gui_light": "front",
	"display": {
		"thirdperson_righthand": {
			"translation": [0, 3, 1],
			"scale": [0.55, 0.55, 0.55]
		},
		"thirdperson_lefthand": {
			"translation": [0, 3, 1],
			"scale": [0.55, 0.55, 0.55]
		},
		"firstperson_righthand": {
			"rotation": [0, -90, 25],
			"translation": [1.13, 3.2, 1.13],
			"scale": [0.68, 0.68, 0.68]
		},
		"firstperson_lefthand": {
			"rotation": [0, -90, 25],
			"translation": [1.13, 3.2, 1.13],
			"scale": [0.68, 0.68, 0.68]
		},
		"ground": {
			"translation": [0, 2, 0],
			"scale": [0.5, 0.5, 0.5]
		},
		"head": {
			"rotation": [0, 180, 0],
			"translation": [0, 13, 7]
		},
		"fixed": {
			"rotation": [0, 180, 0]
		}
	},
	"groups": [
		{
			"name": "compass",
			"origin": [8, 8, 8],
			"color": 0,
			"nbt": "{}",
			"children": [0, 1, 2, 3, 4]
		}
	]
}