{
	"credit": "Made with Blockbench",
	"texture_size": [128, 128],
	"textures": {
		"0": "item/dollar",
		"particle": "item/dollar"
	},
	"elements": [
		{
			"from": [-2, -3, 4],
			"to": [18, 3, 12],
			"faces": {
				"north": {"uv": [3.5, 4.5, 1, 5.25], "texture": "#0"},
				"east": {"uv": [4.5, 4.5, 3.5, 5.25], "texture": "#0"},
				"south": {"uv": [7, 4.5, 4.5, 5.25], "texture": "#0"},
				"west": {"uv": [1, 4.5, 0, 5.25], "texture": "#0"},
				"up": {"uv": [1, 4.5, 3.5, 3.5], "texture": "#0"},
				"down": {"uv": [3.5, 3.5, 6, 4.5], "texture": "#0"}
			}
		},
		{
			"from": [-5, 3, 4],
			"to": [2, 9, 12],
			"faces": {
				"north": {"uv": [4.5, 6.25, 5.375, 7], "texture": "#0"},
				"east": {"uv": [3.5, 6.25, 4.5, 7], "texture": "#0"},
				"south": {"uv": [6.375, 6.25, 7.25, 7], "texture": "#0"},
				"west": {"uv": [5.375, 6.25, 6.375, 7], "texture": "#0"},
				"up": {"uv": [5.375, 6.25, 4.5, 5.25], "texture": "#0"},
				"down": {"uv": [6.25, 5.25, 5.375, 6.25], "texture": "#0"}
			}
		},
		{
			"from": [14, 3, 4],
			"to": [20, 6, 12],
			"faces": {
				"north": {"uv": [7.25, 5.25, 8, 5.625], "texture": "#0"},
				"east": {"uv": [6.25, 5.25, 7.25, 5.625], "texture": "#0"},
				"south": {"uv": [9, 5.25, 9.75, 5.625], "texture": "#0"},
				"west": {"uv": [8, 5.25, 9, 5.625], "texture": "#0"},
				"up": {"uv": [8, 5.25, 7.25, 4.25], "texture": "#0"},
				"down": {"uv": [8.75, 4.25, 8, 5.25], "texture": "#0"}
			}
		},
		{
			"from": [14, 15, 4],
			"to": [21, 21, 12],
			"faces": {
				"north": {"uv": [7, 1.75, 7.875, 2.5], "texture": "#0"},
				"east": {"uv": [6, 1.75, 7, 2.5], "texture": "#0"},
				"south": {"uv": [8.875, 1.75, 9.75, 2.5], "texture": "#0"},
				"west": {"uv": [7.875, 1.75, 8.875, 2.5], "texture": "#0"},
				"up": {"uv": [7.875, 1.75, 7, 0.75], "texture": "#0"},
				"down": {"uv": [8.75, 0.75, 7.875, 1.75], "texture": "#0"}
			}
		},
		{
			"from": [5.5, -8, 6],
			"to": [10.5, 32, 10],
			"faces": {
				"north": {"uv": [0.75, 5.75, 1.375, 10.75], "texture": "#0"},
				"east": {"uv": [0.25, 5.75, 0.75, 10.75], "texture": "#0"},
				"south": {"uv": [1.875, 5.75, 2.5, 10.75], "texture": "#0"},
				"west": {"uv": [1.375, 5.75, 1.875, 10.75], "texture": "#0"},
				"up": {"uv": [1.375, 5.75, 0.75, 5.25], "texture": "#0"},
				"down": {"uv": [2, 5.25, 1.375, 5.75], "texture": "#0"}
			}
		},
		{
			"from": [-4, 18, 4],
			"to": [2, 21, 12],
			"faces": {
				"north": {"uv": [7, 3.5, 7.75, 3.875], "texture": "#0"},
				"east": {"uv": [6, 3.5, 7, 3.875], "texture": "#0"},
				"south": {"uv": [8.75, 3.5, 9.5, 3.875], "texture": "#0"},
				"west": {"uv": [7.75, 3.5, 8.75, 3.875], "texture": "#0"},
				"up": {"uv": [7.75, 3.5, 7, 2.5], "texture": "#0"},
				"down": {"uv": [8.5, 2.5, 7.75, 3.5], "texture": "#0"}
			}
		},
		{
			"from": [-2, 21, 4],
			"to": [18, 27, 12],
			"faces": {
				"north": {"uv": [3.5, 1, 1, 1.75], "texture": "#0"},
				"east": {"uv": [4.5, 1, 3.5, 1.75], "texture": "#0"},
				"south": {"uv": [7, 1, 4.5, 1.75], "texture": "#0"},
				"west": {"uv": [1, 1, 0, 1.75], "texture": "#0"},
				"up": {"uv": [1, 1, 3.5, 0], "texture": "#0"},
				"down": {"uv": [3.5, 0, 6, 1], "texture": "#0"}
			}
		},
		{
			"from": [-2, 9, 4],
			"to": [18, 15, 12],
			"faces": {
				"north": {"uv": [1, 2.75, 3.5, 3.5], "texture": "#0"},
				"east": {"uv": [0, 2.75, 1, 3.5], "texture": "#0"},
				"south": {"uv": [4.5, 2.75, 7, 3.5], "texture": "#0"},
				"west": {"uv": [3.5, 2.75, 4.5, 3.5], "texture": "#0"},
				"up": {"uv": [3.5, 2.75, 1, 1.75], "texture": "#0"},
				"down": {"uv": [6, 1.75, 3.5, 2.75], "texture": "#0"}
			}
		}
	],
	"display": {
		"thirdperson_righthand": {
			"translation": [0, 3, 0],
			"scale": [0.18, 0.18, 0.18]
		},
		"thirdperson_lefthand": {
			"translation": [0, 3, 0],
			"scale": [0.18, 0.18, 0.18]
		},
		"firstperson_righthand": {
			"rotation": [0, 140, 0],
			"translation": [0, 1.75, 0],
			"scale": [0.16, 0.16, 0.16]
		},
		"firstperson_lefthand": {
			"rotation": [0, 140, 0],
			"translation": [0, 1.75, 0],
			"scale": [0.16, 0.16, 0.16]
		},
		"ground": {
			"translation": [0, 2.25, 0],
			"scale": [0.2, 0.2, 0.2]
		},
		"gui": {
			"rotation": [30, 150, 0],
			"translation": [0, -1, 0],
			"scale": [0.38, 0.38, 0.38]
		},
		"head": {
			"translation": [0, -17.25, 0],
			"scale": [1.5, 1.5, 1.5]
		},
		"fixed": {
			"translation": [0, -1.5, 0],
			"scale": [0.45, 0.45, 0.45]
		}
	}
}