{
	"texture_size": [64, 64],
	"textures": {
		"1": "item/iron_block",
		"2": "item/gens_blue",
		"particle": "item/iron_block"
	},
	"elements": [
		{
			"name": "body",
			"from": [4, 6, 4.94982],
			"to": [12, 18, 8.94982],
			"rotation": {"angle": 0, "axis": "y", "origin": [0.05644, -3.5, -1.05018]},
			"faces": {
				"north": {"uv": [0, 0, 2, 3], "texture": "#2"},
				"east": {"uv": [4, 6, 5, 9], "texture": "#2"},
				"south": {"uv": [2, 0, 4, 3], "texture": "#2"},
				"west": {"uv": [5, 6, 6, 9], "texture": "#2"},
				"up": {"uv": [10, 1, 8, 0], "texture": "#2"},
				"down": {"uv": [10, 1, 8, 2], "texture": "#2"}
			}
		},
		{
			"name": "head",
			"from": [4.05644, 18, 2.94982],
			"to": [12.05644, 26, 10.94982],
			"rotation": {"angle": 0, "axis": "y", "origin": [0.05644, -3.5, -1.05018]},
			"faces": {
				"north": {"uv": [4, 0, 6, 2], "texture": "#2"},
				"east": {"uv": [4.5, 2, 6.5, 4], "texture": "#2"},
				"south": {"uv": [4.5, 4, 6.5, 6], "texture": "#2"},
				"west": {"uv": [0, 5.5, 2, 7.5], "texture": "#2"},
				"up": {"uv": [4, 7.5, 2, 5.5], "texture": "#2"},
				"down": {"uv": [8, 0, 6, 2], "texture": "#2"}
			}
		},
		{
			"from": [-4.10922, 18.03131, 5],
			"to": [-1.10922, 22.03131, 9],
			"rotation": {"angle": -45, "axis": "z", "origin": [-0.25498, 20.63395, 7.25]},
			"faces": {
				"north": {"uv": [11.5, 6, 12.5, 6.75], "rotation": 270, "texture": "#2"},
				"east": {"uv": [7.5, 6, 6.5, 5], "rotation": 90, "texture": "#2"},
				"south": {"uv": [11.5, 11.25, 12.5, 12], "rotation": 90, "texture": "#2"},
				"west": {"uv": [7.5, 10.75, 6.5, 11.75], "rotation": 90, "texture": "#2"},
				"up": {"uv": [6.5, 11.75, 7.5, 12.5], "rotation": 90, "texture": "#2"},
				"down": {"uv": [11.5, 6.75, 12.5, 7.5], "rotation": 90, "texture": "#2"}
			}
		},
		{
			"from": [-1.10922, 17.03131, 4],
			"to": [1.89078, 23.03131, 10],
			"rotation": {"angle": -45, "axis": "z", "origin": [-0.25498, 20.63395, 7.25]},
			"faces": {
				"north": {"uv": [10, 0, 11.5, 0.75], "rotation": 270, "texture": "#2"},
				"east": {"uv": [7.5, 7.5, 6, 6], "rotation": 90, "texture": "#2"},
				"south": {"uv": [10, 1.5, 11.5, 2.25], "rotation": 90, "texture": "#2"},
				"west": {"uv": [8, 2, 6.5, 3.5], "rotation": 90, "texture": "#2"},
				"up": {"uv": [10, 2.25, 11.5, 3], "rotation": 90, "texture": "#2"},
				"down": {"uv": [10, 0.75, 11.5, 1.5], "rotation": 90, "texture": "#2"}
			}
		},
		{
			"from": [-0.03257, 17.14061, 5],
			"to": [5.96743, 21.14061, 9],
			"rotation": {"angle": -22.5, "axis": "z", "origin": [-0.25498, 20.63395, 7.25]},
			"faces": {
				"north": {"uv": [3, 7.5, 4, 9], "rotation": 270, "texture": "#2"},
				"east": {"uv": [8.5, 11.75, 7.5, 10.75], "rotation": 90, "texture": "#2"},
				"south": {"uv": [8, 3.5, 9, 5], "rotation": 90, "texture": "#2"},
				"west": {"uv": [9.5, 10.75, 8.5, 11.75], "rotation": 90, "texture": "#2"},
				"up": {"uv": [7.5, 8, 8.5, 9.5], "rotation": 90, "texture": "#2"},
				"down": {"uv": [8, 2, 9, 3.5], "rotation": 90, "texture": "#2"}
			}
		},
		{
			"from": [-4.36882, 23.24678, 5.5],
			"to": [-1.36882, 23.24678, 9.5],
			"rotation": {"angle": -22.5, "axis": "z", "origin": [-0.25498, 20.63395, 7.25]},
			"faces": {
				"north": {"uv": [0, 0, 0, 0.75], "rotation": 270, "texture": "#2"},
				"east": {"uv": [0, 1, 0, 0], "rotation": 90, "texture": "#2"},
				"south": {"uv": [0, 0, 0, 0.75], "rotation": 90, "texture": "#2"},
				"west": {"uv": [0, 0, 0, 1], "rotation": 90, "texture": "#2"},
				"up": {"uv": [12, 9, 13, 9.75], "rotation": 90, "texture": "#2"},
				"down": {"uv": [13, 9, 12, 9.75], "rotation": 90, "texture": "#2"}
			}
		},
		{
			"from": [17.10922, 10.96869, 5],
			"to": [20.10922, 14.96869, 9],
			"rotation": {"angle": -45, "axis": "z", "origin": [16.25498, 12.36605, 7.25]},
			"faces": {
				"north": {"uv": [12.5, 6.75, 11.5, 6], "rotation": 270, "texture": "#2"},
				"east": {"uv": [6.5, 11.75, 7.5, 10.75], "rotation": 90, "texture": "#2"},
				"south": {"uv": [12.5, 12, 11.5, 11.25], "rotation": 90, "texture": "#2"},
				"west": {"uv": [6.5, 5, 7.5, 6], "rotation": 90, "texture": "#2"},
				"up": {"uv": [12.5, 7.5, 11.5, 6.75], "rotation": 90, "texture": "#2"},
				"down": {"uv": [7.5, 12.5, 6.5, 11.75], "rotation": 90, "texture": "#2"}
			}
		},
		{
			"from": [14.10922, 9.96869, 4],
			"to": [17.10922, 15.96869, 10],
			"rotation": {"angle": -45, "axis": "z", "origin": [16.25498, 12.36605, 7.25]},
			"faces": {
				"north": {"uv": [11.5, 0.75, 10, 0], "rotation": 270, "texture": "#2"},
				"east": {"uv": [6.5, 3.5, 8, 2], "rotation": 90, "texture": "#2"},
				"south": {"uv": [11.5, 2.25, 10, 1.5], "rotation": 90, "texture": "#2"},
				"west": {"uv": [6, 6, 7.5, 7.5], "rotation": 90, "texture": "#2"},
				"up": {"uv": [11.5, 1.5, 10, 0.75], "rotation": 90, "texture": "#2"},
				"down": {"uv": [11.5, 3, 10, 2.25], "rotation": 90, "texture": "#2"}
			}
		},
		{
			"from": [10.03257, 11.85939, 5],
			"to": [16.03257, 15.85939, 9],
			"rotation": {"angle": -22.5, "axis": "z", "origin": [16.25498, 12.36605, 7.25]},
			"faces": {
				"north": {"uv": [4, 9, 3, 7.5], "rotation": 270, "texture": "#2"},
				"east": {"uv": [8.5, 11.75, 9.5, 10.75], "rotation": 90, "texture": "#2"},
				"south": {"uv": [9, 5, 8, 3.5], "rotation": 90, "texture": "#2"},
				"west": {"uv": [7.5, 10.75, 8.5, 11.75], "rotation": 90, "texture": "#2"},
				"up": {"uv": [9, 3.5, 8, 2], "rotation": 90, "texture": "#2"},
				"down": {"uv": [8.5, 9.5, 7.5, 8], "rotation": 90, "texture": "#2"}
			}
		},
		{
			"from": [17.36882, 9.75322, 5.5],
			"to": [20.36882, 9.75322, 9.5],
			"rotation": {"angle": -22.5, "axis": "z", "origin": [16.25498, 12.36605, 7.25]},
			"faces": {
				"north": {"uv": [0, 0.75, 0, 0], "rotation": 270, "texture": "#2"},
				"east": {"uv": [0, 1, 0, 0], "rotation": 90, "texture": "#2"},
				"south": {"uv": [0, 0.75, 0, 0], "rotation": 90, "texture": "#2"},
				"west": {"uv": [0, 0, 0, 1], "rotation": 90, "texture": "#2"},
				"up": {"uv": [12, 9.75, 13, 9], "rotation": 90, "texture": "#2"},
				"down": {"uv": [13, 9.75, 12, 9], "rotation": 90, "texture": "#2"}
			}
		},
		{
			"from": [-3.75, 24.25, 4],
			"to": [-0.25, 27.75, 7.5],
			"rotation": {"angle": -45, "axis": "y", "origin": [-3.5, 24.5, 6.5]},
			"faces": {
				"north": {"uv": [0, 0, 16, 16], "texture": "#1"},
				"east": {"uv": [0, 0, 16, 16], "texture": "#1"},
				"south": {"uv": [0, 0, 16, 16], "texture": "#1"},
				"west": {"uv": [0, 0, 16, 16], "texture": "#1"},
				"up": {"uv": [0, 0, 16, 16], "texture": "#1"},
				"down": {"uv": [0, 0, 16, 16], "texture": "#1"}
			}
		},
		{
			"from": [8, -5.75, 3],
			"to": [12, -2.75, 9],
			"rotation": {"angle": 22.5, "axis": "z", "origin": [10, 6.75, 6]},
			"faces": {
				"north": {"uv": [12, 9.75, 13, 10.5], "texture": "#2"},
				"east": {"uv": [10, 6, 11.5, 6.75], "texture": "#2"},
				"south": {"uv": [12, 10.5, 13, 11.25], "texture": "#2"},
				"west": {"uv": [10, 6.75, 11.5, 7.5], "texture": "#2"},
				"up": {"uv": [10, 3.5, 9, 2], "texture": "#2"},
				"down": {"uv": [4, 9, 3, 10.5], "texture": "#2"}
			}
		},
		{
			"from": [4, -5.75, 3],
			"to": [8, -2.75, 9],
			"rotation": {"angle": -22.5, "axis": "z", "origin": [6.75, 4.75, 9.14525]},
			"faces": {
				"north": {"uv": [11.5, 12, 12.5, 12.75], "texture": "#2"},
				"east": {"uv": [9, 10, 10.5, 10.75], "texture": "#2"},
				"south": {"uv": [0, 12.25, 1, 13], "texture": "#2"},
				"west": {"uv": [5, 10.25, 6.5, 11], "texture": "#2"},
				"up": {"uv": [10, 5, 9, 3.5], "texture": "#2"},
				"down": {"uv": [5, 9, 4, 10.5], "texture": "#2"}
			}
		},
		{
			"from": [8, -2.75, 5],
			"to": [12, -1.75, 9],
			"rotation": {"angle": 22.5, "axis": "z", "origin": [10, 6.75, 6]},
			"faces": {
				"north": {"uv": [1, 12.25, 2, 12.5], "texture": "#2"},
				"east": {"uv": [2, 12.25, 3, 12.5], "texture": "#2"},
				"south": {"uv": [3, 12.25, 4, 12.5], "texture": "#2"},
				"west": {"uv": [10.5, 12.25, 11.5, 12.5], "texture": "#2"},
				"up": {"uv": [2, 12.25, 1, 11.25], "texture": "#2"},
				"down": {"uv": [3, 11.25, 2, 12.25], "texture": "#2"}
			}
		},
		{
			"from": [8, 1.25, 5],
			"to": [12, 6.25, 9],
			"rotation": {"angle": 22.5, "axis": "z", "origin": [10, 6.75, 6]},
			"faces": {
				"north": {"uv": [5, 9, 6, 10.25], "texture": "#2"},
				"east": {"uv": [9, 5, 10, 6.25], "texture": "#2"},
				"south": {"uv": [6, 9, 7, 10.25], "texture": "#2"},
				"west": {"uv": [9, 6.25, 10, 7.5], "texture": "#2"},
				"up": {"uv": [4, 12.25, 3, 11.25], "texture": "#2"},
				"down": {"uv": [11.5, 11.25, 10.5, 12.25], "texture": "#2"}
			}
		},
		{
			"from": [7, -1.75, 4],
			"to": [13, 1.25, 10],
			"rotation": {"angle": 22.5, "axis": "z", "origin": [10, 6.75, 6]},
			"faces": {
				"north": {"uv": [0, 10.5, 1.5, 11.25], "texture": "#2"},
				"east": {"uv": [1.5, 10.5, 3, 11.25], "texture": "#2"},
				"south": {"uv": [3, 10.5, 4.5, 11.25], "texture": "#2"},
				"west": {"uv": [10.5, 7.5, 12, 8.25], "texture": "#2"},
				"up": {"uv": [3, 9, 1.5, 7.5], "texture": "#2"},
				"down": {"uv": [9, 5, 7.5, 6.5], "texture": "#2"}
			}
		},
		{
			"from": [4, -2.75, 5],
			"to": [8, -1.75, 9],
			"rotation": {"angle": -22.5, "axis": "z", "origin": [6.75, 4.75, 9.14525]},
			"faces": {
				"north": {"uv": [12.5, 0, 13.5, 0.25], "texture": "#2"},
				"east": {"uv": [12.5, 0.25, 13.5, 0.5], "texture": "#2"},
				"south": {"uv": [12.5, 0.5, 13.5, 0.75], "texture": "#2"},
				"west": {"uv": [12.5, 0.75, 13.5, 1], "texture": "#2"},
				"up": {"uv": [12.5, 1, 11.5, 0], "texture": "#2"},
				"down": {"uv": [12.5, 1, 11.5, 2], "texture": "#2"}
			}
		},
		{
			"from": [3, -1.75, 4],
			"to": [9, 1.25, 10],
			"rotation": {"angle": -22.5, "axis": "z", "origin": [6.75, 4.75, 9.14525]},
			"faces": {
				"north": {"uv": [10.5, 8.25, 12, 9], "texture": "#2"},
				"east": {"uv": [10.5, 9, 12, 9.75], "texture": "#2"},
				"south": {"uv": [10.5, 9.75, 12, 10.5], "texture": "#2"},
				"west": {"uv": [10.5, 10.5, 12, 11.25], "texture": "#2"},
				"up": {"uv": [7.5, 9, 6, 7.5], "texture": "#2"},
				"down": {"uv": [9, 6.5, 7.5, 8], "texture": "#2"}
			}
		},
		{
			"from": [4, 1.25, 5],
			"to": [8, 6.25, 9],
			"rotation": {"angle": -22.5, "axis": "z", "origin": [6.75, 4.75, 9.14525]},
			"faces": {
				"north": {"uv": [7, 9.5, 8, 10.75], "texture": "#2"},
				"east": {"uv": [9.5, 7.5, 10.5, 8.75], "texture": "#2"},
				"south": {"uv": [8, 9.5, 9, 10.75], "texture": "#2"},
				"west": {"uv": [9.5, 8.75, 10.5, 10], "texture": "#2"},
				"up": {"uv": [12.5, 3, 11.5, 2], "texture": "#2"},
				"down": {"uv": [12.5, 3, 11.5, 4], "texture": "#2"}
			}
		},
		{
			"from": [4, 6.49929, 7.09402],
			"to": [13, 6.49929, 17.09402],
			"rotation": {"angle": 45, "axis": "x", "origin": [6.75, 4.75, 9.14525]},
			"faces": {
				"north": {"uv": [0, 0, 2.25, 0], "texture": "#2"},
				"east": {"uv": [0, 0, 2.5, 0], "texture": "#2"},
				"south": {"uv": [0, 0, 2.25, 0], "texture": "#2"},
				"west": {"uv": [0, 0, 2.5, 0], "texture": "#2"},
				"up": {"uv": [2.25, 5.5, 0, 3], "texture": "#2"},
				"down": {"uv": [0, 3, 2.25, 5.5], "texture": "#2"}
			}
		},
		{
			"from": [6.5, 5.5, 4],
			"to": [10.5, 9.5, 5],
			"rotation": {"angle": -45, "axis": "z", "origin": [8, 8, 10]},
			"faces": {
				"north": {"uv": [11.5, 4, 12.5, 5], "texture": "#2"},
				"east": {"uv": [4, 2, 4.25, 3], "texture": "#2"},
				"south": {"uv": [11.5, 5, 12.5, 6], "texture": "#2"},
				"west": {"uv": [4.25, 2, 4.5, 3], "texture": "#2"},
				"up": {"uv": [2, 12.75, 1, 12.5], "texture": "#2"},
				"down": {"uv": [13.5, 1, 12.5, 1.25], "texture": "#2"}
			}
		}
	],
	"display": {
		"thirdperson_righthand": {
			"translation": [0, 3, 1],
			"scale": [0.55, 0.55, 0.55]
		},
		"thirdperson_lefthand": {
			"translation": [0, 3, 1],
			"scale": [0.55, 0.55, 0.55]
		},
		"firstperson_righthand": {
			"rotation": [0, 45, 0],
			"scale": [0.4, 0.4, 0.4]
		},
		"firstperson_lefthand": {
			"rotation": [0, 225, 0],
			"scale": [0.4, 0.4, 0.4]
		},
		"ground": {
			"translation": [0, 3, 0],
			"scale": [0.25, 0.25, 0.25]
		},
		"head": {
			"translation": [0, -3, 0],
			"scale": [3, 3, 3]
		},
		"fixed": {
			"rotation": [-90, 0, 0],
			"translation": [0, 0, -56.25],
			"scale": [4, 4, 4]
		}
	},
	"groups": [
		{
			"name": "body",
			"origin": [-8, 0, -8],
			"color": 0,
			"nbt": "{}",
			"children": [
				0,
				{
					"name": "head",
					"origin": [0, 0, 0],
					"color": 0,
					"nbt": "{}",
					"children": [
						{
							"name": "hair",
							"origin": [-9, 29.55, -4.05],
							"color": 0,
							"nbt": "{}",
							"children": []
						},
						{
							"name": "eyebrows",
							"origin": [0, 0, 0],
							"color": 0,
							"nbt": "{}",
							"children": [
								{
									"name": "left",
									"origin": [-2.5, 26.5, -4.05],
									"color": 0,
									"nbt": "{}",
									"children": []
								},
								{
									"name": "right",
									"origin": [1.97395, 27.14772, -4.05],
									"color": 0,
									"nbt": "{}",
									"children": []
								}
							]
						},
						1,
						{
							"name": "hoodie",
							"origin": [0, 21.6, 4.5],
							"color": 0,
							"nbt": "{}",
							"children": []
						}
					]
				},
				{
					"name": "arms",
					"origin": [17, 26.25, -1],
					"color": 0,
					"nbt": "{}",
					"children": [
						{
							"name": "right_arm",
							"origin": [28, 22.25, -1],
							"color": 0,
							"nbt": "{}",
							"children": [2, 3, 4, 5, 6, 7, 8, 9, 10]
						}
					]
				},
				{
					"name": "legs",
					"origin": [12, 0, 0],
					"color": 0,
					"nbt": "{}",
					"children": [
						{
							"name": "left_leg",
							"origin": [2, 12, 0.6],
							"color": 0,
							"nbt": "{}",
							"children": [
								{
									"name": "shoe",
									"origin": [12, 0.5, 0.6],
									"color": 0,
									"nbt": "{}",
									"children": [
										{
											"name": "shoe_back",
											"origin": [-3, 8.5, 13.6],
											"color": 0,
											"nbt": "{}",
											"children": []
										},
										{
											"name": "shoe_front",
											"origin": [1, 9, 10.1],
											"color": 0,
											"nbt": "{}",
											"children": []
										}
									]
								}
							]
						},
						{
							"name": "right_leg",
							"origin": [-1.7, 11.75, -0.6],
							"color": 0,
							"nbt": "{}",
							"children": [
								{
									"name": "shoe2",
									"origin": [13.3, -4.75, -12.95688],
									"color": 0,
									"nbt": "{}",
									"children": [
										{
											"name": "shoe_back2",
											"origin": [-1.7, 3.25, 0.04312],
											"color": 0,
											"nbt": "{}",
											"children": []
										},
										{
											"name": "shoe_front2",
											"origin": [2.3, 3.75, -3.45688],
											"color": 0,
											"nbt": "{}",
											"children": []
										},
										11,
										12
									]
								},
								13,
								14,
								15,
								16,
								17,
								18,
								19
							]
						}
					]
				},
				{
					"name": "group",
					"origin": [10, -1.25, 6],
					"color": 0,
					"nbt": "{}",
					"children": []
				},
				20
			]
		},
		{
			"name": "group",
			"origin": [8, 8, 8],
			"color": 0,
			"nbt": "{}",
			"children": []
		}
	]
}