{
	"texture_size": [64, 64],
	"textures": {
		"1": "item/pvp_iron_sword",
		"2": "item/gens_red",
		"3": "item/pvp_emerald_block",
		"4": "item/pvp_diamond_block",
		"5": "item/pvp_gold_block",
		"particle": "item/pvp_iron_sword"
	},
	"elements": [
		{
			"name": "body",
			"from": [4.05644, 6, 4.94982],
			"to": [12.05644, 18, 8.94982],
			"rotation": {"angle": 0, "axis": "y", "origin": [0.05644, -3.5, -1.05018]},
			"faces": {
				"north": {"uv": [0, 0, 2, 3], "texture": "#2"},
				"east": {"uv": [2, 5, 3, 8], "texture": "#2"},
				"south": {"uv": [2, 0, 4, 3], "texture": "#2"},
				"west": {"uv": [3, 5, 4, 8], "texture": "#2"},
				"up": {"uv": [10.5, 3.25, 8.5, 2.25], "texture": "#2"},
				"down": {"uv": [5.5, 8.5, 3.5, 9.5], "texture": "#2"}
			}
		},
		{
			"name": "head",
			"from": [4.05644, 18, 2.94982],
			"to": [12.05644, 26, 10.94982],
			"rotation": {"angle": 0, "axis": "y", "origin": [0.05644, -3.5, -1.05018]},
			"faces": {
				"north": {"uv": [0, 3, 2, 5], "texture": "#2"},
				"east": {"uv": [2, 3, 4, 5], "texture": "#2"},
				"south": {"uv": [4, 0, 6, 2], "texture": "#2"},
				"west": {"uv": [4, 2, 6, 4], "texture": "#2"},
				"up": {"uv": [6, 6, 4, 4], "texture": "#2"},
				"down": {"uv": [2, 5, 0, 7], "texture": "#2"}
			}
		},
		{
			"from": [0.30373, 14.12518, 5],
			"to": [4.30373, 18.12518, 9],
			"rotation": {"angle": 22.5, "axis": "x", "origin": [2.19534, 16.21297, 7]},
			"faces": {
				"north": {"uv": [13.25, 0.75, 12.25, 1.75], "rotation": 180, "texture": "#2"},
				"east": {"uv": [5.25, 12.25, 4.25, 13.25], "rotation": 180, "texture": "#2"},
				"south": {"uv": [13.25, 4.25, 12.25, 5.25], "rotation": 180, "texture": "#2"},
				"west": {"uv": [2, 12.5, 1, 13.5], "rotation": 180, "texture": "#2"},
				"up": {"uv": [5.25, 12.5, 6.25, 13.5], "rotation": 180, "texture": "#2"},
				"down": {"uv": [2, 13.5, 3, 12.5], "rotation": 180, "texture": "#2"}
			}
		},
		{
			"from": [13.7197, 22.18183, 5],
			"to": [17.7197, 27.18183, 9],
			"rotation": {"angle": -45, "axis": "z", "origin": [15.82809, 20.76961, 7]},
			"faces": {
				"north": {"uv": [10.75, 9.25, 11.75, 10.5], "texture": "#2"},
				"east": {"uv": [5, 11, 6, 12.25], "texture": "#2"},
				"south": {"uv": [1, 11.25, 2, 12.5], "texture": "#2"},
				"west": {"uv": [11.25, 4.25, 12.25, 5.5], "texture": "#2"},
				"up": {"uv": [7.25, 13.5, 6.25, 12.5], "texture": "#2"},
				"down": {"uv": [9.25, 12.5, 8.25, 13.5], "texture": "#2"}
			}
		},
		{
			"from": [12.7197, 18.18183, 4],
			"to": [18.7197, 22.18183, 10],
			"rotation": {"angle": -45, "axis": "z", "origin": [15.82809, 20.76961, 7]},
			"faces": {
				"north": {"uv": [1, 10.25, 2.5, 11.25], "texture": "#2"},
				"east": {"uv": [10.5, 1.75, 12, 2.75], "texture": "#2"},
				"south": {"uv": [2.5, 10.5, 4, 11.5], "texture": "#2"},
				"west": {"uv": [10.5, 2.75, 12, 3.75], "texture": "#2"},
				"up": {"uv": [1.5, 8.5, 0, 7], "texture": "#2"},
				"down": {"uv": [5.5, 7, 4, 8.5], "texture": "#2"}
			}
		},
		{
			"from": [13.93647, 14.8574, 5],
			"to": [17.93647, 18.8574, 9],
			"rotation": {"angle": -45, "axis": "z", "origin": [15.82809, 20.76961, 7]},
			"faces": {
				"north": {"uv": [12.25, 0.75, 13.25, 1.75], "texture": "#2"},
				"east": {"uv": [4.25, 12.25, 5.25, 13.25], "texture": "#2"},
				"south": {"uv": [12.25, 4.25, 13.25, 5.25], "texture": "#2"},
				"west": {"uv": [1, 12.5, 2, 13.5], "texture": "#2"},
				"up": {"uv": [3, 13.5, 2, 12.5], "texture": "#2"},
				"down": {"uv": [6.25, 12.5, 5.25, 13.5], "texture": "#2"}
			}
		},
		{
			"from": [-0.91304, 10.30076, 5],
			"to": [5.08696, 14.30076, 11],
			"rotation": {"angle": 45, "axis": "x", "origin": [2.19534, 15.71297, 8]},
			"faces": {
				"north": {"uv": [2.5, 10.25, 1, 11.25], "rotation": 180, "texture": "#2"},
				"east": {"uv": [12, 1.75, 10.5, 2.75], "rotation": 180, "texture": "#2"},
				"south": {"uv": [4, 10.5, 2.5, 11.5], "rotation": 180, "texture": "#2"},
				"west": {"uv": [12, 2.75, 10.5, 3.75], "rotation": 180, "texture": "#2"},
				"up": {"uv": [4, 7, 5.5, 8.5], "rotation": 180, "texture": "#2"},
				"down": {"uv": [0, 8.5, 1.5, 7], "rotation": 180, "texture": "#2"}
			}
		},
		{
			"from": [0.08696, 11.71297, -1.16221],
			"to": [4.08696, 15.71297, 3.83779],
			"rotation": {"angle": -22.5, "axis": "x", "origin": [2.19534, 15.71297, 8]},
			"faces": {
				"north": {"uv": [6.25, 13.5, 7.25, 12.5], "texture": "#2"},
				"east": {"uv": [6, 11, 5, 12.25], "rotation": 90, "texture": "#2"},
				"south": {"uv": [8.25, 12.5, 9.25, 13.5], "rotation": 180, "texture": "#2"},
				"west": {"uv": [12.25, 4.25, 11.25, 5.5], "rotation": 270, "texture": "#2"},
				"up": {"uv": [11.75, 9.25, 10.75, 10.5], "texture": "#2"},
				"down": {"uv": [2, 11.25, 1, 12.5], "rotation": 180, "texture": "#2"}
			}
		},
		{
			"from": [5, -2.86388, 3.78714],
			"to": [7, -0.86388, 4.78714],
			"rotation": {"angle": 22.5, "axis": "x", "origin": [6, 6.75, 6]},
			"faces": {
				"north": {"uv": [1.5, 7.5, 2, 8], "texture": "#2"},
				"east": {"uv": [1, 9.25, 1.25, 9.75], "texture": "#2"},
				"south": {"uv": [3.5, 8, 4, 8.5], "texture": "#2"},
				"west": {"uv": [1.25, 9.25, 1.5, 9.75], "texture": "#2"},
				"up": {"uv": [5.5, 9.75, 5, 9.5], "texture": "#2"},
				"down": {"uv": [1.5, 9.75, 1, 10], "texture": "#2"}
			}
		},
		{
			"from": [4, -5.75, 2.62152],
			"to": [8, -2.75, 8.62152],
			"rotation": {"angle": 22.5, "axis": "x", "origin": [6, 6.75, 6]},
			"faces": {
				"north": {"uv": [13, 3.5, 14, 4.25], "texture": "#2"},
				"east": {"uv": [11.75, 8.75, 13.25, 9.5], "texture": "#2"},
				"south": {"uv": [13, 6.25, 14, 7], "texture": "#2"},
				"west": {"uv": [11.75, 9.5, 13.25, 10.25], "texture": "#2"},
				"up": {"uv": [11.5, 7.5, 10.5, 6], "texture": "#2"},
				"down": {"uv": [8.5, 10.5, 7.5, 12], "texture": "#2"}
			}
		},
		{
			"from": [4, -2.75, 4.62152],
			"to": [8, 6.25, 8.62152],
			"rotation": {"angle": 22.5, "axis": "x", "origin": [6, 6.75, 6]},
			"faces": {
				"north": {"uv": [2.5, 8, 3.5, 10.25], "texture": "#2"},
				"east": {"uv": [8, 4, 9, 6.25], "texture": "#2"},
				"south": {"uv": [0, 8.5, 1, 10.75], "texture": "#2"},
				"west": {"uv": [8.5, 0, 9.5, 2.25], "texture": "#2"},
				"up": {"uv": [1, 14, 0, 13], "texture": "#2"},
				"down": {"uv": [14, 1.75, 13, 2.75], "texture": "#2"}
			}
		},
		{
			"from": [8, -2.75, 4.62152],
			"to": [12, 6.25, 8.62152],
			"rotation": {"angle": -22.5, "axis": "x", "origin": [10, 6.75, 6]},
			"faces": {
				"north": {"uv": [2.5, 8, 3.5, 10.25], "texture": "#2"},
				"east": {"uv": [8, 4, 9, 6.25], "texture": "#2"},
				"south": {"uv": [0, 8.5, 1, 10.75], "texture": "#2"},
				"west": {"uv": [8.5, 0, 9.5, 2.25], "texture": "#2"},
				"up": {"uv": [1, 14, 0, 13], "texture": "#2"},
				"down": {"uv": [14, 1.75, 13, 2.75], "texture": "#2"}
			}
		},
		{
			"from": [9, -2.86388, 3.78714],
			"to": [11, -0.86388, 4.78714],
			"rotation": {"angle": -22.5, "axis": "x", "origin": [10, 6.75, 6]},
			"faces": {
				"north": {"uv": [1.5, 7.5, 2, 8], "texture": "#2"},
				"east": {"uv": [1, 9.25, 1.25, 9.75], "texture": "#2"},
				"south": {"uv": [3.5, 8, 4, 8.5], "texture": "#2"},
				"west": {"uv": [1.25, 9.25, 1.5, 9.75], "texture": "#2"},
				"up": {"uv": [5.5, 9.75, 5, 9.5], "texture": "#2"},
				"down": {"uv": [1.5, 9.75, 1, 10], "texture": "#2"}
			}
		},
		{
			"from": [8, -5.75, 2.62152],
			"to": [12, -2.75, 8.62152],
			"rotation": {"angle": -22.5, "axis": "x", "origin": [10, 6.75, 6]},
			"faces": {
				"north": {"uv": [13, 3.5, 14, 4.25], "texture": "#2"},
				"east": {"uv": [11.75, 8.75, 13.25, 9.5], "texture": "#2"},
				"south": {"uv": [13, 6.25, 14, 7], "texture": "#2"},
				"west": {"uv": [11.75, 9.5, 13.25, 10.25], "texture": "#2"},
				"up": {"uv": [11.5, 7.5, 10.5, 6], "texture": "#2"},
				"down": {"uv": [8.5, 10.5, 7.5, 12], "texture": "#2"}
			}
		},
		{
			"from": [5, 24, 2],
			"to": [11, 28, 9],
			"faces": {
				"north": {"uv": [9.75, 14, 11.25, 15], "texture": "#2"},
				"east": {"uv": [9.5, 15, 11.25, 16], "texture": "#2"},
				"south": {"uv": [11.5, 14, 13, 15], "texture": "#2"},
				"west": {"uv": [11.25, 15, 13, 16], "texture": "#2"},
				"up": {"uv": [13, 14.25, 14.5, 16], "texture": "#2"},
				"down": {"uv": [14.5, 14.25, 16, 16], "texture": "#2"}
			}
		},
		{
			"name": "iron_sword_0",
			"from": [1.5325, 19.78, -8.9375],
			"to": [2.3425, 22.21, -6.5075],
			"rotation": {"angle": 0, "axis": "x", "origin": [7.7975, 8, 1.925]},
			"faces": {
				"north": {"uv": [15, 0, 16, 3], "texture": "#1"},
				"east": {"uv": [13, 0, 16, 3], "texture": "#1"},
				"south": {"uv": [13, 0, 14, 3], "texture": "#1"},
				"west": {"uv": [16, 0, 13, 3], "texture": "#1"},
				"up": {"uv": [13, 0, 16, 1], "rotation": 270, "texture": "#1"},
				"down": {"uv": [13, 2, 16, 3], "rotation": 90, "texture": "#1"}
			}
		},
		{
			"name": "iron_sword_1",
			"from": [1.5325, 17.35, -6.5075],
			"to": [2.3425, 21.4, -5.6975],
			"rotation": {"angle": 0, "axis": "x", "origin": [7.7975, 8, 1.925]},
			"faces": {
				"north": {"uv": [12, 1, 13, 6], "texture": "#1"},
				"east": {"uv": [12, 1, 13, 6], "texture": "#1"},
				"south": {"uv": [12, 1, 13, 6], "texture": "#1"},
				"west": {"uv": [13, 1, 12, 6], "texture": "#1"},
				"up": {"uv": [12, 1, 13, 2], "rotation": 270, "texture": "#1"},
				"down": {"uv": [12, 5, 13, 6], "rotation": 90, "texture": "#1"}
			}
		},
		{
			"name": "iron_sword_2",
			"from": [1.5325, 16.54, -5.6975],
			"to": [2.3425, 20.59, -4.8875],
			"rotation": {"angle": 0, "axis": "x", "origin": [7.7975, 8, 1.925]},
			"faces": {
				"north": {"uv": [11, 2, 12, 7], "texture": "#1"},
				"east": {"uv": [11, 2, 12, 7], "texture": "#1"},
				"south": {"uv": [11, 2, 12, 7], "texture": "#1"},
				"west": {"uv": [12, 2, 11, 7], "texture": "#1"},
				"up": {"uv": [11, 2, 12, 3], "rotation": 270, "texture": "#1"},
				"down": {"uv": [11, 6, 12, 7], "rotation": 90, "texture": "#1"}
			}
		},
		{
			"name": "iron_sword_3",
			"from": [1.5325, 15.73, -4.8875],
			"to": [2.3425, 19.78, -4.0775],
			"rotation": {"angle": 0, "axis": "x", "origin": [7.7975, 8, 1.925]},
			"faces": {
				"north": {"uv": [10, 3, 11, 8], "texture": "#1"},
				"east": {"uv": [10, 3, 11, 8], "texture": "#1"},
				"south": {"uv": [10, 3, 11, 8], "texture": "#1"},
				"west": {"uv": [11, 3, 10, 8], "texture": "#1"},
				"up": {"uv": [10, 3, 11, 4], "rotation": 270, "texture": "#1"},
				"down": {"uv": [10, 7, 11, 8], "rotation": 90, "texture": "#1"}
			}
		},
		{
			"name": "iron_sword_4",
			"from": [1.5325, 18.97, -8.1275],
			"to": [2.3425, 19.78, -6.5075],
			"rotation": {"angle": 0, "axis": "x", "origin": [7.7975, 8, 1.925]},
			"faces": {
				"north": {"uv": [14, 3, 15, 4], "texture": "#1"},
				"east": {"uv": [13, 3, 15, 4], "texture": "#1"},
				"south": {"uv": [13, 3, 14, 4], "texture": "#1"},
				"west": {"uv": [15, 3, 13, 4], "texture": "#1"},
				"up": {"uv": [13, 3, 15, 4], "rotation": 270, "texture": "#1"},
				"down": {"uv": [13, 3, 15, 4], "rotation": 90, "texture": "#1"}
			}
		},
		{
			"name": "iron_sword_5",
			"from": [1.5325, 14.92, -4.0775],
			"to": [2.3425, 18.97, -3.2675],
			"rotation": {"angle": 0, "axis": "x", "origin": [7.7975, 8, 1.925]},
			"faces": {
				"north": {"uv": [9, 4, 10, 9], "texture": "#1"},
				"east": {"uv": [9, 4, 10, 9], "texture": "#1"},
				"south": {"uv": [9, 4, 10, 9], "texture": "#1"},
				"west": {"uv": [10, 4, 9, 9], "texture": "#1"},
				"up": {"uv": [9, 4, 10, 5], "rotation": 270, "texture": "#1"},
				"down": {"uv": [9, 8, 10, 9], "rotation": 90, "texture": "#1"}
			}
		},
		{
			"name": "iron_sword_6",
			"from": [1.5325, 18.16, -7.3175],
			"to": [2.3425, 18.97, -6.5075],
			"rotation": {"angle": 0, "axis": "x", "origin": [7.7975, 8, 1.925]},
			"faces": {
				"north": {"uv": [13, 4, 14, 5], "texture": "#1"},
				"east": {"uv": [13, 4, 14, 5], "texture": "#1"},
				"south": {"uv": [13, 4, 14, 5], "texture": "#1"},
				"west": {"uv": [14, 4, 13, 5], "texture": "#1"},
				"up": {"uv": [13, 4, 14, 5], "rotation": 270, "texture": "#1"},
				"down": {"uv": [13, 4, 14, 5], "rotation": 90, "texture": "#1"}
			}
		},
		{
			"name": "iron_sword_7",
			"from": [1.5325, 14.11, -3.2675],
			"to": [2.3425, 18.16, -2.4575],
			"rotation": {"angle": 0, "axis": "x", "origin": [7.7975, 8, 1.925]},
			"faces": {
				"north": {"uv": [8, 5, 9, 10], "texture": "#1"},
				"east": {"uv": [8, 5, 9, 10], "texture": "#1"},
				"south": {"uv": [8, 5, 9, 10], "texture": "#1"},
				"west": {"uv": [9, 5, 8, 10], "texture": "#1"},
				"up": {"uv": [8, 5, 9, 6], "rotation": 270, "texture": "#1"},
				"down": {"uv": [8, 9, 9, 10], "rotation": 90, "texture": "#1"}
			}
		},
		{
			"name": "iron_sword_8",
			"from": [1.5325, 15.73, 0.7825],
			"to": [2.3425, 17.35, 2.4025],
			"rotation": {"angle": 0, "axis": "x", "origin": [7.7975, 8, 1.925]},
			"faces": {
				"north": {"uv": [3, 6, 4, 8], "texture": "#1"},
				"east": {"uv": [2, 6, 4, 8], "texture": "#1"},
				"south": {"uv": [2, 6, 3, 8], "texture": "#1"},
				"west": {"uv": [4, 6, 2, 8], "texture": "#1"},
				"up": {"uv": [2, 6, 4, 7], "rotation": 270, "texture": "#1"},
				"down": {"uv": [2, 7, 4, 8], "rotation": 90, "texture": "#1"}
			}
		},
		{
			"name": "iron_sword_9",
			"from": [1.5325, 11.68, -2.4575],
			"to": [2.3425, 17.35, -1.6475],
			"rotation": {"angle": 0, "axis": "x", "origin": [7.7975, 8, 1.925]},
			"faces": {
				"north": {"uv": [7, 6, 8, 13], "texture": "#1"},
				"east": {"uv": [7, 6, 8, 13], "texture": "#1"},
				"south": {"uv": [7, 6, 8, 13], "texture": "#1"},
				"west": {"uv": [8, 6, 7, 13], "texture": "#1"},
				"up": {"uv": [7, 6, 8, 7], "rotation": 270, "texture": "#1"},
				"down": {"uv": [7, 12, 8, 13], "rotation": 90, "texture": "#1"}
			}
		},
		{
			"name": "iron_sword_10",
			"from": [1.5325, 11.68, -0.0275],
			"to": [2.3425, 16.54, 0.7825],
			"rotation": {"angle": 0, "axis": "x", "origin": [7.7975, 8, 1.925]},
			"faces": {
				"north": {"uv": [4, 7, 5, 13], "texture": "#1"},
				"east": {"uv": [4, 7, 5, 13], "texture": "#1"},
				"south": {"uv": [4, 7, 5, 13], "texture": "#1"},
				"west": {"uv": [5, 7, 4, 13], "texture": "#1"},
				"up": {"uv": [4, 7, 5, 8], "rotation": 270, "texture": "#1"},
				"down": {"uv": [4, 12, 5, 13], "rotation": 90, "texture": "#1"}
			}
		},
		{
			"name": "iron_sword_11",
			"from": [1.5325, 11.68, -1.6475],
			"to": [2.3425, 16.54, -0.8375],
			"rotation": {"angle": 0, "axis": "x", "origin": [7.7975, 8, 1.925]},
			"faces": {
				"north": {"uv": [6, 7, 7, 13], "texture": "#1"},
				"east": {"uv": [6, 7, 7, 13], "texture": "#1"},
				"south": {"uv": [6, 7, 7, 13], "texture": "#1"},
				"west": {"uv": [7, 7, 6, 13], "texture": "#1"},
				"up": {"uv": [6, 7, 7, 8], "rotation": 270, "texture": "#1"},
				"down": {"uv": [6, 12, 7, 13], "rotation": 90, "texture": "#1"}
			}
		},
		{
			"name": "iron_sword_12",
			"from": [1.5325, 14.11, 0.7825],
			"to": [2.3425, 15.73, 1.5925],
			"rotation": {"angle": 0, "axis": "x", "origin": [7.7975, 8, 1.925]},
			"faces": {
				"north": {"uv": [3, 8, 4, 10], "texture": "#1"},
				"east": {"uv": [3, 8, 4, 10], "texture": "#1"},
				"south": {"uv": [3, 8, 4, 10], "texture": "#1"},
				"west": {"uv": [4, 8, 3, 10], "texture": "#1"},
				"up": {"uv": [3, 8, 4, 9], "rotation": 270, "texture": "#1"},
				"down": {"uv": [3, 9, 4, 10], "rotation": 90, "texture": "#1"}
			}
		},
		{
			"name": "iron_sword_13",
			"from": [1.5325, 12.49, -0.8375],
			"to": [2.3425, 15.73, -0.0275],
			"rotation": {"angle": 0, "axis": "x", "origin": [7.7975, 8, 1.925]},
			"faces": {
				"north": {"uv": [5, 8, 6, 12], "texture": "#1"},
				"east": {"uv": [5, 8, 6, 12], "texture": "#1"},
				"south": {"uv": [5, 8, 6, 12], "texture": "#1"},
				"west": {"uv": [6, 8, 5, 12], "texture": "#1"},
				"up": {"uv": [5, 8, 6, 9], "rotation": 270, "texture": "#1"},
				"down": {"uv": [5, 11, 6, 12], "rotation": 90, "texture": "#1"}
			}
		},
		{
			"name": "iron_sword_14",
			"from": [1.5325, 10.87, 0.7825],
			"to": [2.3425, 13.3, 1.5925],
			"rotation": {"angle": 0, "axis": "x", "origin": [7.7975, 8, 1.925]},
			"faces": {
				"north": {"uv": [3, 11, 4, 14], "texture": "#1"},
				"east": {"uv": [3, 11, 4, 14], "texture": "#1"},
				"south": {"uv": [3, 11, 4, 14], "texture": "#1"},
				"west": {"uv": [4, 11, 3, 14], "texture": "#1"},
				"up": {"uv": [3, 11, 4, 12], "rotation": 270, "texture": "#1"},
				"down": {"uv": [3, 13, 4, 14], "rotation": 90, "texture": "#1"}
			}
		},
		{
			"name": "iron_sword_15",
			"from": [1.5325, 10.87, -3.2675],
			"to": [2.3425, 13.3, -2.4575],
			"rotation": {"angle": 0, "axis": "x", "origin": [7.7975, 8, 1.925]},
			"faces": {
				"north": {"uv": [8, 11, 9, 14], "texture": "#1"},
				"east": {"uv": [8, 11, 9, 14], "texture": "#1"},
				"south": {"uv": [8, 11, 9, 14], "texture": "#1"},
				"west": {"uv": [9, 11, 8, 14], "texture": "#1"},
				"up": {"uv": [8, 11, 9, 12], "rotation": 270, "texture": "#1"},
				"down": {"uv": [8, 13, 9, 14], "rotation": 90, "texture": "#1"}
			}
		},
		{
			"name": "iron_sword_16",
			"from": [1.5325, 9.25, 1.5925],
			"to": [2.3425, 12.49, 2.4025],
			"rotation": {"angle": 0, "axis": "x", "origin": [7.7975, 8, 1.925]},
			"faces": {
				"north": {"uv": [2, 12, 3, 16], "texture": "#1"},
				"east": {"uv": [2, 12, 3, 16], "texture": "#1"},
				"south": {"uv": [2, 12, 3, 16], "texture": "#1"},
				"west": {"uv": [3, 12, 2, 16], "texture": "#1"},
				"up": {"uv": [2, 12, 3, 13], "rotation": 270, "texture": "#1"},
				"down": {"uv": [2, 15, 3, 16], "rotation": 90, "texture": "#1"}
			}
		},
		{
			"name": "iron_sword_17",
			"from": [1.5325, 10.87, -4.0775],
			"to": [2.3425, 12.49, -3.2675],
			"rotation": {"angle": 0, "axis": "x", "origin": [7.7975, 8, 1.925]},
			"faces": {
				"north": {"uv": [9, 12, 10, 14], "texture": "#1"},
				"east": {"uv": [9, 12, 10, 14], "texture": "#1"},
				"south": {"uv": [9, 12, 10, 14], "texture": "#1"},
				"west": {"uv": [10, 12, 9, 14], "texture": "#1"},
				"up": {"uv": [9, 12, 10, 13], "rotation": 270, "texture": "#1"},
				"down": {"uv": [9, 13, 10, 14], "rotation": 90, "texture": "#1"}
			}
		},
		{
			"name": "iron_sword_18",
			"from": [1.5325, 9.25, 2.4025],
			"to": [2.3425, 11.68, 4.0225],
			"rotation": {"angle": 0, "axis": "x", "origin": [7.7975, 8, 1.925]},
			"faces": {
				"north": {"uv": [1, 13, 2, 16], "texture": "#1"},
				"east": {"uv": [0, 13, 2, 16], "texture": "#1"},
				"south": {"uv": [0, 13, 1, 16], "texture": "#1"},
				"west": {"uv": [2, 13, 0, 16], "texture": "#1"},
				"up": {"uv": [0, 13, 2, 14], "rotation": 270, "texture": "#1"},
				"down": {"uv": [0, 15, 2, 16], "rotation": 90, "texture": "#1"}
			}
		},
		{
			"from": [19, 23.25, 5.75],
			"to": [22, 26.25, 8.75],
			"rotation": {"angle": 22.5, "axis": "x", "origin": [20.5, 26.5, 8.5]},
			"faces": {
				"north": {"uv": [0, 0, 16, 16], "texture": "#4"},
				"east": {"uv": [0, 0, 16, 16], "texture": "#4"},
				"south": {"uv": [0, 0, 16, 16], "texture": "#4"},
				"west": {"uv": [0, 0, 16, 16], "texture": "#4"},
				"up": {"uv": [0, 0, 16, 16], "texture": "#4"},
				"down": {"uv": [0, 0, 16, 16], "texture": "#4"}
			}
		},
		{
			"from": [17.75, 24, 3.75],
			"to": [20.75, 27, 6.75],
			"rotation": {"angle": 22.5, "axis": "y", "origin": [20.5, 25.5, 5.5]},
			"faces": {
				"north": {"uv": [0, 0, 16, 16], "texture": "#3"},
				"east": {"uv": [0, 0, 16, 16], "texture": "#3"},
				"south": {"uv": [0, 0, 16, 16], "texture": "#3"},
				"west": {"uv": [0, 0, 16, 16], "texture": "#3"},
				"up": {"uv": [0, 0, 16, 16], "texture": "#3"},
				"down": {"uv": [0, 0, 16, 16], "texture": "#3"}
			}
		},
		{
			"from": [17, 25, 5.5],
			"to": [20, 28, 8.5],
			"rotation": {"angle": 0, "axis": "y", "origin": [22, 0, 0]},
			"faces": {
				"north": {"uv": [0, 0, 16, 16], "texture": "#5"},
				"east": {"uv": [0, 0, 16, 16], "texture": "#5"},
				"south": {"uv": [0, 0, 16, 16], "texture": "#5"},
				"west": {"uv": [0, 0, 16, 16], "texture": "#5"},
				"up": {"uv": [0, 0, 16, 16], "texture": "#5"},
				"down": {"uv": [0, 0, 16, 16], "texture": "#5"}
			}
		}
	],
	"display": {
		"thirdperson_righthand": {
			"translation": [0, 3, 1],
			"scale": [0.55, 0.55, 0.55]
		},
		"thirdperson_lefthand": {
			"translation": [0, 3, 1],
			"scale": [0.55, 0.55, 0.55]
		},
		"firstperson_righthand": {
			"rotation": [0, 45, 0],
			"scale": [0.4, 0.4, 0.4]
		},
		"firstperson_lefthand": {
			"rotation": [0, 225, 0],
			"scale": [0.4, 0.4, 0.4]
		},
		"ground": {
			"translation": [0, 3, 0],
			"scale": [0.25, 0.25, 0.25]
		},
		"head": {
			"translation": [0, 11.25, 0],
			"scale": [3, 3, 3]
		},
		"fixed": {
			"rotation": [-90, 0, 0],
			"translation": [0, 0, -56.25],
			"scale": [4, 4, 4]
		}
	},
	"groups": [
		{
			"name": "body",
			"origin": [-8, 0, -8],
			"color": 0,
			"nbt": "{}",
			"children": [
				0,
				{
					"name": "head",
					"origin": [0, 0, 0],
					"color": 0,
					"nbt": "{}",
					"children": [
						{
							"name": "hair",
							"origin": [-9, 29.55, -4.05],
							"color": 0,
							"nbt": "{}",
							"children": []
						},
						{
							"name": "eyebrows",
							"origin": [0, 0, 0],
							"color": 0,
							"nbt": "{}",
							"children": [
								{
									"name": "left",
									"origin": [-2.5, 26.5, -4.05],
									"color": 0,
									"nbt": "{}",
									"children": []
								},
								{
									"name": "right",
									"origin": [1.97395, 27.14772, -4.05],
									"color": 0,
									"nbt": "{}",
									"children": []
								}
							]
						},
						1,
						{
							"name": "hoodie",
							"origin": [0, 21.6, 4.5],
							"color": 0,
							"nbt": "{}",
							"children": []
						}
					]
				},
				{
					"name": "arms",
					"origin": [17, 26.25, -1],
					"color": 0,
					"nbt": "{}",
					"children": [
						{
							"name": "right_arm",
							"origin": [28, 22.25, -1],
							"color": 0,
							"nbt": "{}",
							"children": [2, 3, 4, 5, 6, 7]
						}
					]
				},
				{
					"name": "legs",
					"origin": [12, 0, 0],
					"color": 0,
					"nbt": "{}",
					"children": [
						{
							"name": "left_leg",
							"origin": [2, 12, 0.6],
							"color": 0,
							"nbt": "{}",
							"children": [
								{
									"name": "shoe",
									"origin": [12, 0.5, 0.6],
									"color": 0,
									"nbt": "{}",
									"children": [
										{
											"name": "shoe_back",
											"origin": [-3, 8.5, 13.6],
											"color": 0,
											"nbt": "{}",
											"children": []
										},
										{
											"name": "shoe_front",
											"origin": [1, 9, 10.1],
											"color": 0,
											"nbt": "{}",
											"children": []
										}
									]
								}
							]
						},
						{
							"name": "right_leg",
							"origin": [-1.7, 11.75, -0.6],
							"color": 0,
							"nbt": "{}",
							"children": [
								{
									"name": "shoe2",
									"origin": [13.3, -4.75, -12.95688],
									"color": 0,
									"nbt": "{}",
									"children": [
										{
											"name": "shoe_back2",
											"origin": [-1.7, 3.25, 0.04312],
											"color": 0,
											"nbt": "{}",
											"children": []
										},
										{
											"name": "shoe_front2",
											"origin": [2.3, 3.75, -3.45688],
											"color": 0,
											"nbt": "{}",
											"children": [8]
										},
										9
									]
								},
								10
							]
						}
					]
				},
				{
					"name": "group",
					"origin": [10, -1.25, 6],
					"color": 0,
					"nbt": "{}",
					"children": [11, 12, 13]
				},
				14
			]
		},
		{
			"name": "iron_sword",
			"origin": [8, 8, 8],
			"color": 0,
			"nbt": "{}",
			"children": [15, 16, 17, 18, 19, 20, 21, 22, 23, 24, 25, 26, 27, 28, 29, 30, 31, 32, 33]
		},
		34,
		35,
		36
	]
}