{
	"texture_size": [32, 32],
	"textures": {
		"1": "item/mark"
	},
	"elements": [
		{
			"from": [6, 0, 6],
			"to": [10, 4, 10],
			"rotation": {"angle": 0, "axis": "y", "origin": [6, 0, 6]},
			"faces": {
				"north": {"uv": [2, 8, 4, 10], "texture": "#1"},
				"east": {"uv": [8, 2, 10, 4], "texture": "#1"},
				"south": {"uv": [4, 8, 6, 10], "texture": "#1"},
				"west": {"uv": [8, 4, 10, 6], "texture": "#1"},
				"up": {"uv": [8, 10, 6, 8], "texture": "#1"},
				"down": {"uv": [10, 6, 8, 8], "texture": "#1"}
			}
		},
		{
			"from": [6, 6, 6],
			"to": [10, 22, 10],
			"rotation": {"angle": 0, "axis": "z", "origin": [8, 14, 8]},
			"faces": {
				"north": {"uv": [0, 0, 2, 8], "texture": "#1"},
				"east": {"uv": [2, 0, 4, 8], "texture": "#1"},
				"south": {"uv": [4, 0, 6, 8], "texture": "#1"},
				"west": {"uv": [6, 0, 8, 8], "texture": "#1"},
				"up": {"uv": [2, 10, 0, 8], "texture": "#1"},
				"down": {"uv": [10, 0, 8, 2], "texture": "#1"}
			}
		}
	],
	"display": {
		"head": {
			"translation": [0, 11.25, 0],
			"scale": [2, 2, 2]
		}
	}
}