{
	"textures": {
		"0": "item/npc_enter",
		"particle": "item/npc_enter"
	},
	"elements": [
		{
			"from": [4.04591, 0, -2.663],
			"to": [12.04591, 4, -2.663],
			"rotation": {"angle": 0, "axis": "y", "origin": [8.04516, 2, 8.05502]},
			"faces": {
				"north": {"uv": [0, 0, 16, 8], "texture": "#0"},
				"east": {"uv": [0, 0, 0, 8], "texture": "#0"},
				"south": {"uv": [0, 0, 16, 8], "texture": "#0"},
				"west": {"uv": [0, 0, 0, 8], "texture": "#0"},
				"up": {"uv": [0, 0, 16, 0], "texture": "#0"},
				"down": {"uv": [0, 0, 16, 0], "texture": "#0"}
			}
		},
		{
			"from": [3.29569, 0, -2.35181],
			"to": [12.79569, 4, -2.35181],
			"rotation": {"angle": 45, "axis": "y", "origin": [8.04516, 2, 8.05502]},
			"faces": {
				"north": {"uv": [0, 0, 16, 8], "texture": "#0"},
				"east": {"uv": [0, 0, 0, 8], "texture": "#0"},
				"south": {"uv": [0, 0, 16, 8], "texture": "#0"},
				"west": {"uv": [0, 0, 0, 8], "texture": "#0"},
				"up": {"uv": [0, 0, 16, 0], "texture": "#0"},
				"down": {"uv": [0, 0, 16, 0], "texture": "#0"}
			}
		},
		{
			"from": [3.29605, 0, -2.35301],
			"to": [12.79605, 4, -2.35301],
			"rotation": {"angle": -45, "axis": "y", "origin": [8.04516, 2, 8.05502]},
			"faces": {
				"north": {"uv": [0, 0, 16, 8], "texture": "#0"},
				"east": {"uv": [0, 0, 0, 8], "texture": "#0"},
				"south": {"uv": [0, 0, 16, 8], "texture": "#0"},
				"west": {"uv": [0, 0, 0, 8], "texture": "#0"},
				"up": {"uv": [0, 0, 16, 0], "texture": "#0"},
				"down": {"uv": [0, 0, 16, 0], "texture": "#0"}
			}
		},
		{
			"from": [3.29534, 0, 18.4624],
			"to": [12.79534, 4, 18.4624],
			"rotation": {"angle": -45, "axis": "y", "origin": [8.04516, 2, 8.05502]},
			"faces": {
				"north": {"uv": [0, 0, 16, 8], "texture": "#0"},
				"east": {"uv": [0, 0, 0, 8], "texture": "#0"},
				"south": {"uv": [0, 0, 16, 8], "texture": "#0"},
				"west": {"uv": [0, 0, 0, 8], "texture": "#0"},
				"up": {"uv": [0, 0, 16, 0], "texture": "#0"},
				"down": {"uv": [0, 0, 16, 0], "texture": "#0"}
			}
		},
		{
			"from": [3.29463, 0, 18.46205],
			"to": [12.79463, 4, 18.46205],
			"rotation": {"angle": 45, "axis": "y", "origin": [8.04516, 2, 8.05502]},
			"faces": {
				"north": {"uv": [0, 0, 16, 8], "texture": "#0"},
				"east": {"uv": [0, 0, 0, 8], "texture": "#0"},
				"south": {"uv": [0, 0, 16, 8], "texture": "#0"},
				"west": {"uv": [0, 0, 0, 8], "texture": "#0"},
				"up": {"uv": [0, 0, 16, 0], "texture": "#0"},
				"down": {"uv": [0, 0, 16, 0], "texture": "#0"}
			}
		},
		{
			"from": [4.04491, 0, 18.77303],
			"to": [12.04491, 4, 18.77303],
			"rotation": {"angle": 0, "axis": "y", "origin": [8.04516, 2, 8.05502]},
			"faces": {
				"north": {"uv": [0, 0, 16, 8], "texture": "#0"},
				"east": {"uv": [0, 0, 0, 8], "texture": "#0"},
				"south": {"uv": [0, 0, 16, 8], "texture": "#0"},
				"west": {"uv": [0, 0, 0, 8], "texture": "#0"},
				"up": {"uv": [0, 0, 16, 0], "texture": "#0"},
				"down": {"uv": [0, 0, 16, 0], "texture": "#0"}
			}
		},
		{
			"from": [-2.6721, 0, 4.05502],
			"to": [-2.6721, 4, 12.05502],
			"rotation": {"angle": 0, "axis": "y", "origin": [8.04516, 2, 8.05502]},
			"faces": {
				"north": {"uv": [0, 0, 0, 8], "texture": "#0"},
				"east": {"uv": [0, 0, 16, 8], "texture": "#0"},
				"south": {"uv": [0, 0, 0, 8], "texture": "#0"},
				"west": {"uv": [16, 0, 0, 8], "texture": "#0"},
				"up": {"uv": [0, 0, 16, 0], "rotation": 270, "texture": "#0"},
				"down": {"uv": [0, 0, 16, 0], "rotation": 90, "texture": "#0"}
			}
		},
		{
			"from": [18.76243, 0, 4.05552],
			"to": [18.76243, 4, 12.05552],
			"rotation": {"angle": 0, "axis": "y", "origin": [8.04516, 2, 8.05502]},
			"faces": {
				"north": {"uv": [0, 0, 0, 8], "texture": "#0"},
				"east": {"uv": [0, 0, 16, 8], "texture": "#0"},
				"south": {"uv": [0, 0, 0, 8], "texture": "#0"},
				"west": {"uv": [0, 0, 16, 8], "texture": "#0"},
				"up": {"uv": [0, 0, 16, 0], "rotation": 270, "texture": "#0"},
				"down": {"uv": [0, 0, 16, 0], "rotation": 90, "texture": "#0"}
			}
		}
	],
	"display": {
		"thirdperson_righthand": {
			"translation": [0, 3, 1],
			"scale": [0.55, 0.55, 0.55]
		},
		"thirdperson_lefthand": {
			"translation": [0, 3, 1],
			"scale": [0.55, 0.55, 0.55]
		},
		"firstperson_righthand": {
			"rotation": [0, -90, 25],
			"translation": [1.13, 3.2, 1.13],
			"scale": [0.68, 0.68, 0.68]
		},
		"firstperson_lefthand": {
			"rotation": [0, -90, 25],
			"translation": [1.13, 3.2, 1.13],
			"scale": [0.68, 0.68, 0.68]
		},
		"ground": {
			"translation": [0, 2, 0],
			"scale": [0.5, 0.5, 0.5]
		},
		"head": {
			"translation": [0, -11.25, 0],
			"scale": [4, 4, 4]
		},
		"fixed": {
			"rotation": [0, 180, 0]
		}
	}
}