{
	"texture_size": [256, 256],
	"textures": {
		"1": "item/coming_soon2",
		"3": "item/coming_soon3",
		"6": "item/coming_soon4",
		"8": "item/coming_soon5"
	},
	"elements": [
		{
			"from": [4.57093, -0.01911, -9.14534],
			"to": [11.42907, 3.40996, -2.2872],
			"rotation": {"angle": 0, "axis": "y", "origin": [8, 3.30939, 8]},
			"faces": {
				"north": {"uv": [8, 0, 16, 4], "texture": "#1"},
				"east": {"uv": [8, 0, 16, 4], "texture": "#1"},
				"south": {"uv": [8, 0, 16, 4], "texture": "#1"},
				"west": {"uv": [8, 0, 16, 4], "texture": "#1"},
				"up": {"uv": [0, 0, 8, 8], "rotation": 90, "texture": "#1"},
				"down": {"uv": [0, 0, 8, 8], "rotation": 270, "texture": "#1"}
			}
		},
		{
			"from": [4.57093, -0.01911, 4.57093],
			"to": [11.42907, 3.40996, 11.42907],
			"rotation": {"angle": 0, "axis": "y", "origin": [8, 3.30939, 8]},
			"faces": {
				"north": {"uv": [8, 0, 16, 4], "texture": "#1"},
				"east": {"uv": [8, 0, 16, 4], "texture": "#1"},
				"south": {"uv": [8, 0, 16, 4], "texture": "#1"},
				"west": {"uv": [8, 0, 16, 4], "texture": "#1"},
				"up": {"uv": [0, 0, 8, 8], "rotation": 90, "texture": "#1"},
				"down": {"uv": [0, 0, 8, 8], "rotation": 270, "texture": "#1"}
			}
		},
		{
			"from": [4.57093, -0.01911, 18.2872],
			"to": [11.42907, 3.40996, 25.14534],
			"rotation": {"angle": 0, "axis": "y", "origin": [8, 3.30939, 8]},
			"faces": {
				"north": {"uv": [8, 0, 16, 4], "texture": "#1"},
				"east": {"uv": [8, 0, 16, 4], "texture": "#1"},
				"south": {"uv": [8, 0, 16, 4], "texture": "#1"},
				"west": {"uv": [8, 0, 16, 4], "texture": "#1"},
				"up": {"uv": [0, 0, 8, 8], "rotation": 90, "texture": "#1"},
				"down": {"uv": [0, 0, 8, 8], "rotation": 270, "texture": "#1"}
			}
		},
		{
			"from": [-9.14534, -0.01911, -16],
			"to": [-2.2872, 3.40996, -9.14534],
			"rotation": {"angle": 0, "axis": "y", "origin": [8, 3.30939, 8]},
			"faces": {
				"north": {"uv": [6, 10, 4, 11], "texture": "#3"},
				"east": {"uv": [8, 10, 6, 11], "texture": "#3"},
				"south": {"uv": [12, 5, 10, 6], "texture": "#3"},
				"west": {"uv": [12, 4, 10, 5], "texture": "#3"},
				"up": {"uv": [6, 4, 8, 2], "texture": "#3"},
				"down": {"uv": [4, 6, 6, 8], "texture": "#3"}
			}
		},
		{
			"from": [-9.14534, -0.01911, -9.14534],
			"to": [-2.2872, 3.40996, -2.2872],
			"rotation": {"angle": 0, "axis": "y", "origin": [8, 3.30939, 8]},
			"faces": {
				"north": {"uv": [12, 1, 10, 2], "texture": "#3"},
				"east": {"uv": [12, 3, 10, 4], "texture": "#3"},
				"south": {"uv": [12, 2, 10, 3], "texture": "#3"},
				"west": {"uv": [4, 10, 2, 11], "texture": "#3"},
				"up": {"uv": [6, 2, 8, 0], "texture": "#3"},
				"down": {"uv": [2, 6, 4, 8], "texture": "#3"}
			}
		},
		{
			"from": [-9.14534, -0.01911, -2.2872],
			"to": [-2.2872, 3.40996, 4.57093],
			"rotation": {"angle": 0, "axis": "y", "origin": [8, 3.30939, 8]},
			"faces": {
				"north": {"uv": [10, 5, 8, 6], "texture": "#3"},
				"east": {"uv": [10, 7, 8, 8], "texture": "#3"},
				"south": {"uv": [10, 6, 8, 7], "texture": "#3"},
				"west": {"uv": [8, 8, 6, 9], "texture": "#3"},
				"up": {"uv": [0, 6, 2, 4], "texture": "#3"},
				"down": {"uv": [4, 0, 6, 2], "texture": "#3"}
			}
		},
		{
			"from": [-16, -0.01911, 4.57093],
			"to": [-9.14534, 3.40996, 11.42907],
			"rotation": {"angle": 0, "axis": "y", "origin": [8, 3.30939, 8]},
			"faces": {
				"north": {"uv": [8, 10, 4, 12], "texture": "#6"},
				"east": {"uv": [16, 0, 12, 2], "texture": "#6"},
				"south": {"uv": [4, 12, 0, 14], "texture": "#6"},
				"west": {"uv": [12, 10, 8, 12], "texture": "#6"},
				"up": {"uv": [4, 4, 8, 0], "texture": "#6"},
				"down": {"uv": [4, 4, 8, 8], "texture": "#6"}
			}
		},
		{
			"from": [-2.2872, -0.01911, 4.57093],
			"to": [4.57093, 3.40996, 11.42907],
			"rotation": {"angle": 0, "axis": "y", "origin": [8, 3.30939, 8]},
			"faces": {
				"north": {"uv": [16, 2, 12, 4], "texture": "#6"},
				"east": {"uv": [16, 6, 12, 8], "texture": "#6"},
				"south": {"uv": [16, 4, 12, 6], "texture": "#6"},
				"west": {"uv": [8, 12, 4, 14], "texture": "#6"},
				"up": {"uv": [0, 12, 4, 8], "texture": "#6"},
				"down": {"uv": [8, 0, 12, 4], "texture": "#6"}
			}
		},
		{
			"from": [-9.14534, -0.01911, 4.57093],
			"to": [-2.2872, 3.40996, 11.42907],
			"rotation": {"angle": 0, "axis": "y", "origin": [8, 3.30939, 8]},
			"faces": {
				"north": {"uv": [8, 8, 4, 10], "texture": "#6"},
				"east": {"uv": [12, 8, 8, 10], "texture": "#6"},
				"south": {"uv": [12, 6, 8, 8], "texture": "#6"},
				"west": {"uv": [12, 4, 8, 6], "texture": "#6"},
				"up": {"uv": [0, 4, 4, 0], "texture": "#6"},
				"down": {"uv": [0, 4, 4, 8], "texture": "#6"}
			}
		},
		{
			"from": [-16, -0.01911, -2.2872],
			"to": [-9.14534, 3.40996, 4.57093],
			"rotation": {"angle": 0, "axis": "y", "origin": [8, 3.30939, 8]},
			"faces": {
				"north": {"uv": [10, 8, 8, 9], "texture": "#3"},
				"east": {"uv": [6, 9, 4, 10], "texture": "#3"},
				"south": {"uv": [4, 9, 2, 10], "texture": "#3"},
				"west": {"uv": [2, 9, 0, 10], "texture": "#3"},
				"up": {"uv": [2, 6, 4, 4], "texture": "#3"},
				"down": {"uv": [4, 2, 6, 4], "texture": "#3"}
			}
		},
		{
			"from": [-16, -0.01911, -9.14534],
			"to": [-9.14534, 3.40996, -2.2872],
			"rotation": {"angle": 0, "axis": "y", "origin": [8, 3.30939, 8]},
			"faces": {
				"north": {"uv": [10, 2, 8, 3], "texture": "#3"},
				"east": {"uv": [10, 4, 8, 5], "texture": "#3"},
				"south": {"uv": [6, 8, 4, 9], "texture": "#3"},
				"west": {"uv": [10, 3, 8, 4], "texture": "#3"},
				"up": {"uv": [2, 2, 4, 0], "texture": "#3"},
				"down": {"uv": [2, 2, 4, 4], "texture": "#3"}
			}
		},
		{
			"from": [-2.2872, -0.01911, -2.2872],
			"to": [4.57093, 3.40996, 4.57093],
			"rotation": {"angle": 0, "axis": "y", "origin": [8, 3.30939, 8]},
			"faces": {
				"north": {"uv": [8, 9, 6, 10], "texture": "#3"},
				"east": {"uv": [12, 0, 10, 1], "texture": "#3"},
				"south": {"uv": [2, 10, 0, 11], "texture": "#3"},
				"west": {"uv": [10, 9, 8, 10], "texture": "#3"},
				"up": {"uv": [4, 6, 6, 4], "texture": "#3"},
				"down": {"uv": [0, 6, 2, 8], "texture": "#3"}
			}
		},
		{
			"from": [-2.2872, -0.01911, -9.14534],
			"to": [4.57093, 3.40996, -2.2872],
			"rotation": {"angle": 0, "axis": "y", "origin": [8, 3.30939, 8]},
			"faces": {
				"north": {"uv": [2, 8, 0, 9], "texture": "#3"},
				"east": {"uv": [4, 8, 2, 9], "texture": "#3"},
				"south": {"uv": [10, 1, 8, 2], "texture": "#3"},
				"west": {"uv": [10, 0, 8, 1], "texture": "#3"},
				"up": {"uv": [0, 2, 2, 0], "texture": "#3"},
				"down": {"uv": [0, 2, 2, 4], "texture": "#3"}
			}
		},
		{
			"from": [-2.2872, -0.01911, -16],
			"to": [4.57093, 3.40996, -9.14534],
			"rotation": {"angle": 0, "axis": "y", "origin": [8, 3.30939, 8]},
			"faces": {
				"north": {"uv": [12, 6, 10, 7], "texture": "#3"},
				"east": {"uv": [12, 8, 10, 9], "texture": "#3"},
				"south": {"uv": [10, 10, 8, 11], "texture": "#3"},
				"west": {"uv": [12, 7, 10, 8], "texture": "#3"},
				"up": {"uv": [6, 6, 8, 4], "texture": "#3"},
				"down": {"uv": [6, 6, 8, 8], "texture": "#3"}
			}
		},
		{
			"from": [-2.2872, -0.01911, 11.42907],
			"to": [4.57093, 3.40996, 18.2872],
			"rotation": {"angle": 0, "axis": "y", "origin": [8, 3.30939, 8]},
			"faces": {
				"north": {"uv": [0, 10, 2, 11], "texture": "#3"},
				"east": {"uv": [10, 0, 12, 1], "texture": "#3"},
				"south": {"uv": [6, 9, 8, 10], "texture": "#3"},
				"west": {"uv": [8, 9, 10, 10], "texture": "#3"},
				"up": {"uv": [4, 4, 6, 6], "texture": "#3"},
				"down": {"uv": [0, 8, 2, 6], "texture": "#3"}
			}
		},
		{
			"from": [-16, -0.01911, 11.42907],
			"to": [-9.14534, 3.40996, 18.2872],
			"rotation": {"angle": 0, "axis": "y", "origin": [8, 3.30939, 8]},
			"faces": {
				"north": {"uv": [2, 9, 4, 10], "texture": "#3"},
				"east": {"uv": [4, 9, 6, 10], "texture": "#3"},
				"south": {"uv": [8, 8, 10, 9], "texture": "#3"},
				"west": {"uv": [0, 9, 2, 10], "texture": "#3"},
				"up": {"uv": [2, 4, 4, 6], "texture": "#3"},
				"down": {"uv": [4, 4, 6, 2], "texture": "#3"}
			}
		},
		{
			"from": [-9.14534, -0.01911, 11.42907],
			"to": [-2.2872, 3.40996, 18.2872],
			"rotation": {"angle": 0, "axis": "y", "origin": [8, 3.30939, 8]},
			"faces": {
				"north": {"uv": [8, 6, 10, 7], "texture": "#3"},
				"east": {"uv": [8, 7, 10, 8], "texture": "#3"},
				"south": {"uv": [8, 5, 10, 6], "texture": "#3"},
				"west": {"uv": [6, 8, 8, 9], "texture": "#3"},
				"up": {"uv": [0, 4, 2, 6], "texture": "#3"},
				"down": {"uv": [4, 2, 6, 0], "texture": "#3"}
			}
		},
		{
			"from": [-16, -0.01911, 18.2872],
			"to": [-9.14534, 3.40996, 25.14534],
			"rotation": {"angle": 0, "axis": "y", "origin": [8, 3.30939, 8]},
			"faces": {
				"north": {"uv": [4, 8, 6, 9], "texture": "#3"},
				"east": {"uv": [8, 4, 10, 5], "texture": "#3"},
				"south": {"uv": [8, 2, 10, 3], "texture": "#3"},
				"west": {"uv": [8, 3, 10, 4], "texture": "#3"},
				"up": {"uv": [2, 0, 4, 2], "texture": "#3"},
				"down": {"uv": [2, 4, 4, 2], "texture": "#3"}
			}
		},
		{
			"from": [-9.14534, -0.01911, 18.2872],
			"to": [-2.2872, 3.40996, 25.14534],
			"rotation": {"angle": 0, "axis": "y", "origin": [8, 3.30939, 8]},
			"faces": {
				"north": {"uv": [10, 2, 12, 3], "texture": "#3"},
				"east": {"uv": [10, 3, 12, 4], "texture": "#3"},
				"south": {"uv": [10, 1, 12, 2], "texture": "#3"},
				"west": {"uv": [2, 10, 4, 11], "texture": "#3"},
				"up": {"uv": [6, 0, 8, 2], "texture": "#3"},
				"down": {"uv": [2, 8, 4, 6], "texture": "#3"}
			}
		},
		{
			"from": [-2.2872, -0.01911, 18.2872],
			"to": [4.57093, 3.40996, 25.14534],
			"rotation": {"angle": 0, "axis": "y", "origin": [8, 3.30939, 8]},
			"faces": {
				"north": {"uv": [8, 1, 10, 2], "texture": "#3"},
				"east": {"uv": [2, 8, 4, 9], "texture": "#3"},
				"south": {"uv": [0, 8, 2, 9], "texture": "#3"},
				"west": {"uv": [8, 0, 10, 1], "texture": "#3"},
				"up": {"uv": [0, 0, 2, 2], "texture": "#3"},
				"down": {"uv": [0, 4, 2, 2], "texture": "#3"}
			}
		},
		{
			"from": [-9.14534, -0.01911, 25.14534],
			"to": [-2.2872, 3.40996, 32],
			"rotation": {"angle": 0, "axis": "y", "origin": [8, 3.30939, 8]},
			"faces": {
				"north": {"uv": [10, 5, 12, 6], "texture": "#3"},
				"east": {"uv": [6, 10, 8, 11], "texture": "#3"},
				"south": {"uv": [4, 10, 6, 11], "texture": "#3"},
				"west": {"uv": [10, 4, 12, 5], "texture": "#3"},
				"up": {"uv": [6, 2, 8, 4], "texture": "#3"},
				"down": {"uv": [4, 8, 6, 6], "texture": "#3"}
			}
		},
		{
			"from": [-2.2872, -0.01911, 25.14534],
			"to": [4.57093, 3.40996, 32],
			"rotation": {"angle": 0, "axis": "y", "origin": [8, 3.30939, 8]},
			"faces": {
				"north": {"uv": [8, 10, 10, 11], "texture": "#3"},
				"east": {"uv": [10, 8, 12, 9], "texture": "#3"},
				"south": {"uv": [10, 6, 12, 7], "texture": "#3"},
				"west": {"uv": [10, 7, 12, 8], "texture": "#3"},
				"up": {"uv": [6, 4, 8, 6], "texture": "#3"},
				"down": {"uv": [6, 8, 8, 6], "texture": "#3"}
			}
		},
		{
			"from": [-16, 3.12406, 1.99913],
			"to": [8, 4.8386, 4.99957],
			"rotation": {"angle": 0, "axis": "y", "origin": [8, 3.30939, 8]},
			"faces": {
				"north": {"uv": [4.3125, 1.75, 11.625, 2], "texture": "#8"},
				"east": {"uv": [6.375, 5.875, 6.8125, 6.125], "texture": "#8"},
				"south": {"uv": [4.3125, 2, 11.625, 2.25], "texture": "#8"},
				"west": {"uv": [6.125, 6.375, 6.5625, 6.625], "texture": "#8"},
				"up": {"uv": [7.3125, 1.3125, 3.5, 0.875], "texture": "#8"},
				"down": {"uv": [7.3125, 1.3125, 0, 1.75], "texture": "#8"}
			}
		},
		{
			"from": [-16, 2.98133, 11.00043],
			"to": [8, 4.69586, 14.00087],
			"rotation": {"angle": 0, "axis": "y", "origin": [8, 3.30939, 8]},
			"faces": {
				"north": {"uv": [1.4375, 3.9375, 8.75, 4.1875], "texture": "#8"},
				"east": {"uv": [6.3125, 2.75, 6.75, 3], "texture": "#8"},
				"south": {"uv": [1.4375, 4.1875, 8.75, 4.4375], "texture": "#8"},
				"west": {"uv": [3.1875, 6.375, 3.625, 6.625], "texture": "#8"},
				"up": {"uv": [7.3125, 0.4375, 3.5, 0], "texture": "#8"},
				"down": {"uv": [7.3125, 0.4375, 0, 0.875], "texture": "#8"}
			}
		},
		{
			"from": [-7.4308, 2.12406, 14.4295],
			"to": [2.42777, 4.26723, 29.43167],
			"rotation": {"angle": 0, "axis": "y", "origin": [8, 3.30939, 8]},
			"faces": {
				"north": {"uv": [3.625, 5.5625, 5.0625, 5.875], "texture": "#8"},
				"east": {"uv": [4.3125, 3.625, 6.5, 3.9375], "texture": "#8"},
				"south": {"uv": [5.0625, 5.5625, 6.5, 5.875], "texture": "#8"},
				"west": {"uv": [4.5, 4.9375, 6.6875, 5.25], "texture": "#8"},
				"up": {"uv": [1.4375, 3.9375, 0, 1.75], "texture": "#8"},
				"down": {"uv": [2.875, 1.75, 1.4375, 3.9375], "texture": "#8"}
			}
		},
		{
			"from": [-11.39515, -5.28885, 15.7154],
			"to": [-9.68062, -1.85978, 17.42994],
			"rotation": {"angle": -22.5, "axis": "z", "origin": [8, 3.30939, 8]},
			"faces": {
				"north": {"uv": [4.375, 6.3125, 4.125, 6.8125], "texture": "#8"},
				"east": {"uv": [5.125, 6.3125, 4.875, 6.8125], "texture": "#8"},
				"south": {"uv": [4.875, 6.3125, 4.625, 6.8125], "texture": "#8"},
				"west": {"uv": [4.625, 6.3125, 4.375, 6.8125], "texture": "#8"},
				"up": {"uv": [5.125, 6.8125, 5.375, 6.5625], "texture": "#8"},
				"down": {"uv": [6.5625, 6.3125, 6.8125, 6.5625], "texture": "#8"}
			}
		},
		{
			"from": [-11.39515, -4.86022, 18.71584],
			"to": [-9.68062, -1.43115, 20.43037],
			"rotation": {"angle": -22.5, "axis": "z", "origin": [8, 3.30939, 8]},
			"faces": {
				"north": {"uv": [5.875, 6.25, 5.625, 6.75], "texture": "#8"},
				"east": {"uv": [4.125, 6.3125, 3.875, 6.8125], "texture": "#8"},
				"south": {"uv": [6.5625, 2.25, 6.3125, 2.75], "texture": "#8"},
				"west": {"uv": [6.125, 6.25, 5.875, 6.75], "texture": "#8"},
				"up": {"uv": [6.5625, 2.5, 6.8125, 2.25], "texture": "#8"},
				"down": {"uv": [6.5625, 2.5, 6.8125, 2.75], "texture": "#8"}
			}
		},
		{
			"from": [-11.39515, -5.28885, 21.71627],
			"to": [-9.68062, -1.85978, 23.4308],
			"rotation": {"angle": -22.5, "axis": "z", "origin": [8, 3.30939, 8]},
			"faces": {
				"north": {"uv": [6.4375, 4.4375, 6.1875, 4.9375], "texture": "#8"},
				"east": {"uv": [5.625, 6.25, 5.375, 6.75], "texture": "#8"},
				"south": {"uv": [3.1875, 6.25, 2.9375, 6.75], "texture": "#8"},
				"west": {"uv": [2.9375, 6.25, 2.6875, 6.75], "texture": "#8"},
				"up": {"uv": [2, 6.8125, 2.25, 6.5625], "texture": "#8"},
				"down": {"uv": [2.25, 6.5625, 2.5, 6.8125], "texture": "#8"}
			}
		},
		{
			"from": [-7.4308, -4.00723, 28.16683],
			"to": [2.42777, -4.00723, 31.5959],
			"rotation": {"angle": -22.5, "axis": "x", "origin": [8, 3.30939, 8]},
			"faces": {
				"north": {"uv": [0, 0, 1.4375, 0], "texture": "#8"},
				"east": {"uv": [0, 0, 0.5, 0], "texture": "#8"},
				"south": {"uv": [0, 0, 1.4375, 0], "texture": "#8"},
				"west": {"uv": [0, 0, 0.5, 0], "texture": "#8"},
				"up": {"uv": [5.75, 3.625, 4.3125, 3.125], "texture": "#8"},
				"down": {"uv": [4.5, 4.4375, 3.0625, 4.9375], "texture": "#8"}
			}
		},
		{
			"from": [-7.4308, 2.12406, -13.43167],
			"to": [2.42777, 4.26723, 1.5705],
			"rotation": {"angle": 0, "axis": "y", "origin": [8, 3.30939, 8]},
			"faces": {
				"north": {"uv": [6.5, 5.5625, 5.0625, 5.875], "texture": "#8"},
				"east": {"uv": [6.5, 3.625, 4.3125, 3.9375], "texture": "#8"},
				"south": {"uv": [5.0625, 5.5625, 3.625, 5.875], "texture": "#8"},
				"west": {"uv": [6.6875, 4.9375, 4.5, 5.25], "texture": "#8"},
				"up": {"uv": [1.4375, 1.75, 0, 3.9375], "texture": "#8"},
				"down": {"uv": [2.875, 3.9375, 1.4375, 1.75], "texture": "#8"}
			}
		},
		{
			"from": [-11.39515, -5.28885, -1.42994],
			"to": [-9.68062, -1.85978, 0.2846],
			"rotation": {"angle": -22.5, "axis": "z", "origin": [8, 3.30939, 8]},
			"faces": {
				"north": {"uv": [4.625, 6.3125, 4.875, 6.8125], "texture": "#8"},
				"east": {"uv": [4.875, 6.3125, 5.125, 6.8125], "texture": "#8"},
				"south": {"uv": [4.125, 6.3125, 4.375, 6.8125], "texture": "#8"},
				"west": {"uv": [4.375, 6.3125, 4.625, 6.8125], "texture": "#8"},
				"up": {"uv": [5.125, 6.5625, 5.375, 6.8125], "texture": "#8"},
				"down": {"uv": [6.5625, 6.5625, 6.8125, 6.3125], "texture": "#8"}
			}
		},
		{
			"from": [-11.39515, -4.86022, -4.43037],
			"to": [-9.68062, -1.43115, -2.71584],
			"rotation": {"angle": -22.5, "axis": "z", "origin": [8, 3.30939, 8]},
			"faces": {
				"north": {"uv": [6.3125, 2.25, 6.5625, 2.75], "texture": "#8"},
				"east": {"uv": [3.875, 6.3125, 4.125, 6.8125], "texture": "#8"},
				"south": {"uv": [5.625, 6.25, 5.875, 6.75], "texture": "#8"},
				"west": {"uv": [5.875, 6.25, 6.125, 6.75], "texture": "#8"},
				"up": {"uv": [6.5625, 2.25, 6.8125, 2.5], "texture": "#8"},
				"down": {"uv": [6.5625, 2.75, 6.8125, 2.5], "texture": "#8"}
			}
		},
		{
			"from": [-11.39515, -5.28885, -7.4308],
			"to": [-9.68062, -1.85978, -5.71627],
			"rotation": {"angle": -22.5, "axis": "z", "origin": [8, 3.30939, 8]},
			"faces": {
				"north": {"uv": [2.9375, 6.25, 3.1875, 6.75], "texture": "#8"},
				"east": {"uv": [5.375, 6.25, 5.625, 6.75], "texture": "#8"},
				"south": {"uv": [6.1875, 4.4375, 6.4375, 4.9375], "texture": "#8"},
				"west": {"uv": [2.6875, 6.25, 2.9375, 6.75], "texture": "#8"},
				"up": {"uv": [2, 6.5625, 2.25, 6.8125], "texture": "#8"},
				"down": {"uv": [2.25, 6.8125, 2.5, 6.5625], "texture": "#8"}
			}
		},
		{
			"from": [-7.4308, -4.00723, -15.5959],
			"to": [2.42777, -4.00723, -12.16683],
			"rotation": {"angle": 22.5, "axis": "x", "origin": [8, 3.30939, 8]},
			"faces": {
				"north": {"uv": [1.4375, 0, 0, 0], "texture": "#8"},
				"east": {"uv": [0.5, 0, 0, 0], "texture": "#8"},
				"south": {"uv": [1.4375, 0, 0, 0], "texture": "#8"},
				"west": {"uv": [0.5, 0, 0, 0], "texture": "#8"},
				"up": {"uv": [5.75, 3.125, 4.3125, 3.625], "texture": "#8"},
				"down": {"uv": [4.5, 4.9375, 3.0625, 4.4375], "texture": "#8"}
			}
		}
	],
	"display": {
		"thirdperson_righthand": {
			"translation": [0, 3, 1],
			"scale": [0.55, 0.55, 0.55]
		},
		"thirdperson_lefthand": {
			"translation": [0, 3, 1],
			"scale": [0.55, 0.55, 0.55]
		},
		"firstperson_righthand": {
			"rotation": [0, -90, 25],
			"translation": [1.13, 3.2, 1.13],
			"scale": [0.68, 0.68, 0.68]
		},
		"firstperson_lefthand": {
			"rotation": [0, -90, 25],
			"translation": [1.13, 3.2, 1.13],
			"scale": [0.68, 0.68, 0.68]
		},
		"ground": {
			"translation": [0, 2, 0],
			"scale": [0.5, 0.5, 0.5]
		},
		"head": {
			"translation": [0, -31.25, 0],
			"scale": [4, 4, 4]
		},
		"fixed": {
			"rotation": [0, 180, 0]
		}
	},
	"groups": [
		{
			"name": "mid",
			"origin": [7.92, 0, -7.92],
			"color": 0,
			"nbt": "{}",
			"children": [0, 1, 2]
		},
		{
			"name": "side1",
			"origin": [10.56, -0.165, -7.92],
			"color": 0,
			"nbt": "{}",
			"children": []
		},
		{
			"name": "side2",
			"origin": [-10.56, -0.165, -7.92],
			"color": 0,
			"nbt": "{}",
			"children": [3, 4, 5, 6, 7, 8, 9, 10, 11, 12, 13, 14, 15, 16, 17, 18, 19, 20, 21]
		},
		{
			"name": "other",
			"origin": [-10.56, 0, 7.92],
			"color": 0,
			"nbt": "{}",
			"children": [22, 23]
		},
		{
			"name": "small_part",
			"origin": [0, 0, 0],
			"color": 0,
			"nbt": "{}",
			"children": [24, 25, 26, 27, 28]
		},
		{
			"name": "small_part2",
			"origin": [0, 0, 0],
			"color": 0,
			"nbt": "{}",
			"children": [29, 30, 31, 32, 33]
		}
	]
}