{
	"texture_size": [32, 32],
	"textures": {
		"0": "item/blade",
		"2": "item/potato",
		"5": "item/drone_wheat",
		"particle": "item/blade"
	},
	"elements": [
		{
			"from": [1.25, 8, -0.75],
			"to": [2.25, 9, 4.25],
			"rotation": {"angle": 0, "axis": "y", "origin": [1.25, 3, -0.75]},
			"faces": {
				"north": {"uv": [0, 0, 5, 1], "texture": "#0"},
				"east": {"uv": [0, 0, 5, 1], "texture": "#0"},
				"south": {"uv": [0, 0, 5, 1], "texture": "#0"},
				"west": {"uv": [0, 0, 5, 1], "texture": "#0"},
				"up": {"uv": [0, 0, 5, 1], "texture": "#0"},
				"down": {"uv": [0, 0, 5, 1], "texture": "#0"}
			}
		},
		{
			"from": [14.75, 7, 3.25],
			"to": [15.25, 8, 3.75],
			"rotation": {"angle": 45, "axis": "y", "origin": [12.5, 6.5, 3.5]},
			"faces": {
				"north": {"uv": [5, 15, 5.5, 15.5], "texture": "#5"},
				"east": {"uv": [15, 5, 15.5, 5.5], "texture": "#5"},
				"south": {"uv": [5.5, 15, 6, 15.5], "texture": "#5"},
				"west": {"uv": [15, 5.5, 15.5, 6], "texture": "#5"},
				"up": {"uv": [6.5, 15.5, 6, 15], "texture": "#5"},
				"down": {"uv": [15.5, 6, 15, 6.5], "texture": "#5"}
			}
		},
		{
			"from": [10.5, 6, 3],
			"to": [15.5, 7, 4],
			"rotation": {"angle": 45, "axis": "y", "origin": [12.5, 6.5, 3.5]},
			"faces": {
				"north": {"uv": [0.5, 10, 3, 10.5], "texture": "#5"},
				"east": {"uv": [4.5, 15, 5, 15.5], "texture": "#5"},
				"south": {"uv": [10, 0.5, 12.5, 1], "texture": "#5"},
				"west": {"uv": [15, 4.5, 15.5, 5], "texture": "#5"},
				"up": {"uv": [12, 10.5, 9.5, 10], "texture": "#5"},
				"down": {"uv": [3, 10.5, 0.5, 11], "texture": "#5"}
			}
		},
		{
			"from": [13.75, 8, -0.75],
			"to": [14.75, 9, 4.25],
			"rotation": {"angle": 45, "axis": "y", "origin": [14.25, 8.5, 1.75]},
			"faces": {
				"north": {"uv": [5, 1, 0, 2], "texture": "#0"},
				"east": {"uv": [5, 1, 0, 2], "texture": "#0"},
				"south": {"uv": [5, 1, 0, 2], "texture": "#0"},
				"west": {"uv": [5, 1, 0, 2], "texture": "#0"},
				"up": {"uv": [5, 1, 0, 2], "texture": "#0"},
				"down": {"uv": [5, 1, 0, 2], "texture": "#0"}
			}
		},
		{
			"from": [11.75, 8, 1.25],
			"to": [16.75, 9, 2.25],
			"rotation": {"angle": 45, "axis": "y", "origin": [14.25, 8.5, 1.75]},
			"faces": {
				"north": {"uv": [5, 4, 0, 5], "texture": "#0"},
				"east": {"uv": [5, 4, 0, 5], "texture": "#0"},
				"south": {"uv": [5, 4, 0, 5], "texture": "#0"},
				"west": {"uv": [5, 4, 0, 5], "texture": "#0"},
				"up": {"uv": [5, 4, 0, 5], "texture": "#0"},
				"down": {"uv": [5, 4, 0, 5], "texture": "#0"}
			}
		},
		{
			"from": [11.75, 8, 1.25],
			"to": [16.75, 9, 2.25],
			"rotation": {"angle": 0, "axis": "y", "origin": [14.25, 8.5, 1.75]},
			"faces": {
				"north": {"uv": [5, 2, 0, 3], "texture": "#0"},
				"east": {"uv": [5, 2, 0, 3], "texture": "#0"},
				"south": {"uv": [5, 2, 0, 3], "texture": "#0"},
				"west": {"uv": [5, 2, 0, 3], "texture": "#0"},
				"up": {"uv": [5, 2, 0, 3], "texture": "#0"},
				"down": {"uv": [5, 2, 0, 3], "texture": "#0"}
			}
		},
		{
			"from": [13.75, 8, -0.75],
			"to": [14.75, 9, 4.25],
			"rotation": {"angle": 0, "axis": "y", "origin": [14.75, 3, -0.75]},
			"faces": {
				"north": {"uv": [5, 0, 0, 1], "texture": "#0"},
				"east": {"uv": [5, 0, 0, 1], "texture": "#0"},
				"south": {"uv": [5, 0, 0, 1], "texture": "#0"},
				"west": {"uv": [5, 0, 0, 1], "texture": "#0"},
				"up": {"uv": [5, 0, 0, 1], "texture": "#0"},
				"down": {"uv": [5, 0, 0, 1], "texture": "#0"}
			}
		},
		{
			"from": [0.75, 7, 12.25],
			"to": [1.25, 8, 12.75],
			"rotation": {"angle": 45, "axis": "y", "origin": [3.5, 6.5, 12.5]},
			"faces": {
				"north": {"uv": [9, 15, 9.5, 15.5], "texture": "#5"},
				"east": {"uv": [15, 9, 15.5, 9.5], "texture": "#5"},
				"south": {"uv": [9.5, 15, 10, 15.5], "texture": "#5"},
				"west": {"uv": [15, 9.5, 15.5, 10], "texture": "#5"},
				"up": {"uv": [10.5, 15.5, 10, 15], "texture": "#5"},
				"down": {"uv": [15.5, 10, 15, 10.5], "texture": "#5"}
			}
		},
		{
			"from": [0.5, 6, 12],
			"to": [5.5, 7, 13],
			"rotation": {"angle": 45, "axis": "y", "origin": [3.5, 6.5, 12.5]},
			"faces": {
				"north": {"uv": [11, 5, 13.5, 5.5], "texture": "#5"},
				"east": {"uv": [8.5, 15, 9, 15.5], "texture": "#5"},
				"south": {"uv": [11, 5.5, 13.5, 6], "texture": "#5"},
				"west": {"uv": [15, 8.5, 15.5, 9], "texture": "#5"},
				"up": {"uv": [11, 11.5, 8.5, 11], "texture": "#5"},
				"down": {"uv": [13.5, 11, 11, 11.5], "texture": "#5"}
			}
		},
		{
			"from": [-0.75, 8, 13.75],
			"to": [4.25, 9, 14.75],
			"rotation": {"angle": 0, "axis": "y", "origin": [1.75, 8.5, 14.25]},
			"faces": {
				"north": {"uv": [5, 2, 0, 3], "texture": "#0"},
				"east": {"uv": [5, 2, 0, 3], "texture": "#0"},
				"south": {"uv": [5, 2, 0, 3], "texture": "#0"},
				"west": {"uv": [5, 2, 0, 3], "texture": "#0"},
				"up": {"uv": [0, 3, 5, 2], "texture": "#0"},
				"down": {"uv": [0, 3, 5, 2], "texture": "#0"}
			}
		},
		{
			"from": [1.25, 8, 11.75],
			"to": [2.25, 9, 16.75],
			"rotation": {"angle": 45, "axis": "y", "origin": [1.75, 8.5, 14.25]},
			"faces": {
				"north": {"uv": [5, 1, 0, 2], "texture": "#0"},
				"east": {"uv": [5, 1, 0, 2], "texture": "#0"},
				"south": {"uv": [5, 1, 0, 2], "texture": "#0"},
				"west": {"uv": [5, 1, 0, 2], "texture": "#0"},
				"up": {"uv": [0, 2, 5, 1], "texture": "#0"},
				"down": {"uv": [0, 2, 5, 1], "texture": "#0"}
			}
		},
		{
			"from": [-0.75, 8, 13.75],
			"to": [4.25, 9, 14.75],
			"rotation": {"angle": 45, "axis": "y", "origin": [1.75, 8.5, 14.25]},
			"faces": {
				"north": {"uv": [5, 4, 0, 5], "texture": "#0"},
				"east": {"uv": [5, 4, 0, 5], "texture": "#0"},
				"south": {"uv": [5, 4, 0, 5], "texture": "#0"},
				"west": {"uv": [5, 4, 0, 5], "texture": "#0"},
				"up": {"uv": [0, 5, 5, 4], "texture": "#0"},
				"down": {"uv": [0, 5, 5, 4], "texture": "#0"}
			}
		},
		{
			"from": [1.25, 8, 11.75],
			"to": [2.25, 9, 16.75],
			"rotation": {"angle": 0, "axis": "y", "origin": [1.25, 3, 16.75]},
			"faces": {
				"north": {"uv": [5, 0, 0, 1], "texture": "#0"},
				"east": {"uv": [5, 0, 0, 1], "texture": "#0"},
				"south": {"uv": [5, 0, 0, 1], "texture": "#0"},
				"west": {"uv": [5, 0, 0, 1], "texture": "#0"},
				"up": {"uv": [0, 1, 5, 0], "texture": "#0"},
				"down": {"uv": [0, 1, 5, 0], "texture": "#0"}
			}
		},
		{
			"from": [14.75, 7, 12.25],
			"to": [15.25, 8, 12.75],
			"rotation": {"angle": -45, "axis": "y", "origin": [12.5, 6.5, 12.5]},
			"faces": {
				"north": {"uv": [7, 15, 7.5, 15.5], "texture": "#5"},
				"east": {"uv": [15, 7, 15.5, 7.5], "texture": "#5"},
				"south": {"uv": [7.5, 15, 8, 15.5], "texture": "#5"},
				"west": {"uv": [15, 7.5, 15.5, 8], "texture": "#5"},
				"up": {"uv": [8.5, 15.5, 8, 15], "texture": "#5"},
				"down": {"uv": [15.5, 8, 15, 8.5], "texture": "#5"}
			}
		},
		{
			"from": [10.5, 6, 12],
			"to": [15.5, 7, 13],
			"rotation": {"angle": -45, "axis": "y", "origin": [12.5, 6.5, 12.5]},
			"faces": {
				"north": {"uv": [10.5, 1, 13, 1.5], "texture": "#5"},
				"east": {"uv": [6.5, 15, 7, 15.5], "texture": "#5"},
				"south": {"uv": [10.5, 1.5, 13, 2], "texture": "#5"},
				"west": {"uv": [15, 6.5, 15.5, 7], "texture": "#5"},
				"up": {"uv": [12, 11, 9.5, 10.5], "texture": "#5"},
				"down": {"uv": [3, 11, 0.5, 11.5], "texture": "#5"}
			}
		},
		{
			"from": [13.75, 8, 11.75],
			"to": [14.75, 9, 16.75],
			"rotation": {"angle": -45, "axis": "y", "origin": [14.25, 8.5, 14.25]},
			"faces": {
				"north": {"uv": [0, 1, 5, 2], "texture": "#0"},
				"east": {"uv": [0, 1, 5, 2], "texture": "#0"},
				"south": {"uv": [0, 1, 5, 2], "texture": "#0"},
				"west": {"uv": [0, 1, 5, 2], "texture": "#0"},
				"up": {"uv": [5, 2, 0, 1], "texture": "#0"},
				"down": {"uv": [5, 2, 0, 1], "texture": "#0"}
			}
		},
		{
			"from": [11.75, 8, 13.75],
			"to": [16.75, 9, 14.75],
			"rotation": {"angle": -45, "axis": "y", "origin": [14.25, 8.5, 14.25]},
			"faces": {
				"north": {"uv": [0, 4, 5, 5], "texture": "#0"},
				"east": {"uv": [0, 4, 5, 5], "texture": "#0"},
				"south": {"uv": [0, 4, 5, 5], "texture": "#0"},
				"west": {"uv": [0, 4, 5, 5], "texture": "#0"},
				"up": {"uv": [5, 5, 0, 4], "texture": "#0"},
				"down": {"uv": [5, 5, 0, 4], "texture": "#0"}
			}
		},
		{
			"from": [11.75, 8, 13.75],
			"to": [16.75, 9, 14.75],
			"rotation": {"angle": 0, "axis": "y", "origin": [14.25, 8.5, 14.25]},
			"faces": {
				"north": {"uv": [0, 2, 5, 3], "texture": "#0"},
				"east": {"uv": [0, 2, 5, 3], "texture": "#0"},
				"south": {"uv": [0, 2, 5, 3], "texture": "#0"},
				"west": {"uv": [0, 2, 5, 3], "texture": "#0"},
				"up": {"uv": [5, 3, 0, 2], "texture": "#0"},
				"down": {"uv": [5, 3, 0, 2], "texture": "#0"}
			}
		},
		{
			"from": [13.75, 8, 11.75],
			"to": [14.75, 9, 16.75],
			"rotation": {"angle": 0, "axis": "y", "origin": [14.75, 3, 16.75]},
			"faces": {
				"north": {"uv": [0, 0, 5, 1], "texture": "#0"},
				"east": {"uv": [0, 0, 5, 1], "texture": "#0"},
				"south": {"uv": [0, 0, 5, 1], "texture": "#0"},
				"west": {"uv": [0, 0, 5, 1], "texture": "#0"},
				"up": {"uv": [5, 1, 0, 0], "texture": "#0"},
				"down": {"uv": [5, 1, 0, 0], "texture": "#0"}
			}
		},
		{
			"from": [-0.75, 8, 1.25],
			"to": [4.25, 9, 2.25],
			"rotation": {"angle": 0, "axis": "y", "origin": [1.75, 8.5, 1.75]},
			"faces": {
				"north": {"uv": [0, 2, 5, 3], "texture": "#0"},
				"east": {"uv": [0, 2, 5, 3], "texture": "#0"},
				"south": {"uv": [0, 2, 5, 3], "texture": "#0"},
				"west": {"uv": [0, 2, 5, 3], "texture": "#0"},
				"up": {"uv": [0, 2, 5, 3], "texture": "#0"},
				"down": {"uv": [0, 2, 5, 3], "texture": "#0"}
			}
		},
		{
			"from": [-0.75, 8, 1.25],
			"to": [4.25, 9, 2.25],
			"rotation": {"angle": -45, "axis": "y", "origin": [1.75, 8.5, 1.75]},
			"faces": {
				"north": {"uv": [0, 4, 5, 5], "texture": "#0"},
				"east": {"uv": [0, 4, 5, 5], "texture": "#0"},
				"south": {"uv": [0, 4, 5, 5], "texture": "#0"},
				"west": {"uv": [0, 4, 5, 5], "texture": "#0"},
				"up": {"uv": [0, 4, 5, 5], "texture": "#0"},
				"down": {"uv": [0, 4, 5, 5], "texture": "#0"}
			}
		},
		{
			"from": [1.25, 8, -0.75],
			"to": [2.25, 9, 4.25],
			"rotation": {"angle": -45, "axis": "y", "origin": [1.75, 8.5, 1.75]},
			"faces": {
				"north": {"uv": [0, 1, 5, 2], "texture": "#0"},
				"east": {"uv": [0, 1, 5, 2], "texture": "#0"},
				"south": {"uv": [0, 1, 5, 2], "texture": "#0"},
				"west": {"uv": [0, 1, 5, 2], "texture": "#0"},
				"up": {"uv": [0, 1, 5, 2], "texture": "#0"},
				"down": {"uv": [0, 1, 5, 2], "texture": "#0"}
			}
		},
		{
			"from": [4.5, 5, 4],
			"to": [11.5, 10, 12],
			"rotation": {"angle": 0, "axis": "y", "origin": [1.5, 0, -3]},
			"faces": {
				"north": {"uv": [0, 6.5, 3.5, 9], "texture": "#5"},
				"east": {"uv": [0, 4, 4, 6.5], "texture": "#5"},
				"south": {"uv": [3.5, 6.5, 7, 9], "texture": "#5"},
				"west": {"uv": [4, 4, 8, 6.5], "texture": "#5"},
				"up": {"uv": [3.5, 4, 0, 0], "texture": "#5"},
				"down": {"uv": [7, 0, 3.5, 4], "texture": "#5"}
			}
		},
		{
			"from": [5.5, 4, 7.75],
			"to": [6.5, 5, 8.75],
			"rotation": {"angle": 0, "axis": "y", "origin": [3, 0, -3.25]},
			"faces": {
				"north": {"uv": [14.5, 7, 15, 7.5], "texture": "#5"},
				"east": {"uv": [7.5, 14.5, 8, 15], "texture": "#5"},
				"south": {"uv": [14.5, 7.5, 15, 8], "texture": "#5"},
				"west": {"uv": [8, 14.5, 8.5, 15], "texture": "#5"},
				"up": {"uv": [15, 8.5, 14.5, 8], "texture": "#5"},
				"down": {"uv": [9, 14.5, 8.5, 15], "texture": "#5"}
			}
		},
		{
			"from": [5.84462, 3.26746, 7.75],
			"to": [6.84462, 4.26746, 8.75],
			"rotation": {"angle": 22.5, "axis": "z", "origin": [6.34462, 3.26746, 8.25]},
			"faces": {
				"north": {"uv": [14.5, 8.5, 15, 9], "texture": "#5"},
				"east": {"uv": [9, 14.5, 9.5, 15], "texture": "#5"},
				"south": {"uv": [14.5, 9, 15, 9.5], "texture": "#5"},
				"west": {"uv": [9.5, 14.5, 10, 15], "texture": "#5"},
				"up": {"uv": [15, 10, 14.5, 9.5], "texture": "#5"},
				"down": {"uv": [10.5, 14.5, 10, 15], "texture": "#5"}
			}
		},
		{
			"from": [6.70501, 1.94827, 7.75],
			"to": [7.70501, 2.94827, 8.75],
			"rotation": {"angle": -22.5, "axis": "z", "origin": [7.70501, 2.44827, 8.25]},
			"faces": {
				"north": {"uv": [14.5, 10, 15, 10.5], "texture": "#5"},
				"east": {"uv": [10.5, 14.5, 11, 15], "texture": "#5"},
				"south": {"uv": [14.5, 10.5, 15, 11], "texture": "#5"},
				"west": {"uv": [11, 14.5, 11.5, 15], "texture": "#5"},
				"up": {"uv": [15, 11.5, 14.5, 11], "texture": "#5"},
				"down": {"uv": [12, 14.5, 11.5, 15], "texture": "#5"}
			}
		},
		{
			"from": [9.5, 4, 7.5],
			"to": [10.5, 5, 8.5],
			"rotation": {"angle": 0, "axis": "y", "origin": [13, 0, -3.5]},
			"faces": {
				"north": {"uv": [14.5, 11.5, 15, 12], "texture": "#5"},
				"east": {"uv": [12, 14.5, 12.5, 15], "texture": "#5"},
				"south": {"uv": [14.5, 12, 15, 12.5], "texture": "#5"},
				"west": {"uv": [12.5, 14.5, 13, 15], "texture": "#5"},
				"up": {"uv": [15, 13, 14.5, 12.5], "texture": "#5"},
				"down": {"uv": [13.5, 14.5, 13, 15], "texture": "#5"}
			}
		},
		{
			"from": [9.15538, 3.26746, 7.5],
			"to": [10.15538, 4.26746, 8.5],
			"rotation": {"angle": -22.5, "axis": "z", "origin": [9.65538, 3.26746, 8]},
			"faces": {
				"north": {"uv": [14.5, 13, 15, 13.5], "texture": "#5"},
				"east": {"uv": [13.5, 14.5, 14, 15], "texture": "#5"},
				"south": {"uv": [14.5, 13.5, 15, 14], "texture": "#5"},
				"west": {"uv": [14, 14.5, 14.5, 15], "texture": "#5"},
				"up": {"uv": [15, 14.5, 14.5, 14], "texture": "#5"},
				"down": {"uv": [15, 14.5, 14.5, 15], "texture": "#5"}
			}
		},
		{
			"from": [8.55666, 2.72257, 7.5],
			"to": [9.55666, 3.72257, 8.5],
			"rotation": {"angle": -45, "axis": "z", "origin": [9.05666, 2.72257, 8]},
			"faces": {
				"north": {"uv": [0, 15, 0.5, 15.5], "texture": "#5"},
				"east": {"uv": [15, 0, 15.5, 0.5], "texture": "#5"},
				"south": {"uv": [0.5, 15, 1, 15.5], "texture": "#5"},
				"west": {"uv": [15, 0.5, 15.5, 1], "texture": "#5"},
				"up": {"uv": [1.5, 15.5, 1, 15], "texture": "#5"},
				"down": {"uv": [15.5, 1, 15, 1.5], "texture": "#5"}
			}
		},
		{
			"from": [6.44334, 2.72257, 7.75],
			"to": [7.44334, 3.72257, 8.75],
			"rotation": {"angle": 45, "axis": "z", "origin": [6.94334, 2.72257, 8.25]},
			"faces": {
				"north": {"uv": [1.5, 15, 2, 15.5], "texture": "#5"},
				"east": {"uv": [15, 1.5, 15.5, 2], "texture": "#5"},
				"south": {"uv": [2, 15, 2.5, 15.5], "texture": "#5"},
				"west": {"uv": [15, 2, 15.5, 2.5], "texture": "#5"},
				"up": {"uv": [3, 15.5, 2.5, 15], "texture": "#5"},
				"down": {"uv": [15.5, 2.5, 15, 3], "texture": "#5"}
			}
		},
		{
			"from": [8.29499, 1.94827, 7.5],
			"to": [9.29499, 2.94827, 8.5],
			"rotation": {"angle": 22.5, "axis": "z", "origin": [8.29499, 2.44827, 8]},
			"faces": {
				"north": {"uv": [3, 15, 3.5, 15.5], "texture": "#5"},
				"east": {"uv": [15, 3, 15.5, 3.5], "texture": "#5"},
				"south": {"uv": [3.5, 15, 4, 15.5], "texture": "#5"},
				"west": {"uv": [15, 3.5, 15.5, 4], "texture": "#5"},
				"up": {"uv": [4.5, 15.5, 4, 15], "texture": "#5"},
				"down": {"uv": [15.5, 4, 15, 4.5], "texture": "#5"}
			}
		},
		{
			"from": [0.5, 6, 3],
			"to": [5.5, 7, 4],
			"rotation": {"angle": -45, "axis": "y", "origin": [3.5, 6.5, 3.5]},
			"faces": {
				"north": {"uv": [9.5, 8.5, 12, 9], "texture": "#5"},
				"east": {"uv": [14.5, 5, 15, 5.5], "texture": "#5"},
				"south": {"uv": [9.5, 9, 12, 9.5], "texture": "#5"},
				"west": {"uv": [5.5, 14.5, 6, 15], "texture": "#5"},
				"up": {"uv": [12, 10, 9.5, 9.5], "texture": "#5"},
				"down": {"uv": [12.5, 0, 10, 0.5], "texture": "#5"}
			}
		},
		{
			"from": [0.75, 7, 3.25],
			"to": [1.25, 8, 3.75],
			"rotation": {"angle": -45, "axis": "y", "origin": [3.5, 6.5, 3.5]},
			"faces": {
				"north": {"uv": [14.5, 5.5, 15, 6], "texture": "#5"},
				"east": {"uv": [6, 14.5, 6.5, 15], "texture": "#5"},
				"south": {"uv": [14.5, 6, 15, 6.5], "texture": "#5"},
				"west": {"uv": [6.5, 14.5, 7, 15], "texture": "#5"},
				"up": {"uv": [15, 7, 14.5, 6.5], "texture": "#5"},
				"down": {"uv": [7.5, 14.5, 7, 15], "texture": "#5"}
			}
		},
		{
			"name": "potato_0",
			"from": [7.75, 3.5, 7],
			"to": [8.25, 7.5, 9],
			"rotation": {"angle": 45, "axis": "x", "origin": [8, 2.875, 4.25]},
			"faces": {
				"north": {"uv": [8, 4, 9, 12], "texture": "#2"},
				"east": {"uv": [12, 4, 8, 12], "texture": "#2"},
				"south": {"uv": [11, 4, 12, 12], "texture": "#2"},
				"west": {"uv": [8, 4, 12, 12], "texture": "#2"},
				"up": {"uv": [8, 4, 12, 5], "rotation": 90, "texture": "#2"},
				"down": {"uv": [8, 11, 12, 12], "rotation": 270, "texture": "#2"}
			}
		},
		{
			"name": "potato_1",
			"from": [7.75, 2.5, 5.5],
			"to": [8.25, 7, 7],
			"rotation": {"angle": 45, "axis": "x", "origin": [8, 2.875, 4.25]},
			"faces": {
				"north": {"uv": [5, 5, 6, 14], "texture": "#2"},
				"east": {"uv": [8, 5, 5, 14], "texture": "#2"},
				"south": {"uv": [7, 5, 8, 14], "texture": "#2"},
				"west": {"uv": [5, 5, 8, 14], "texture": "#2"},
				"up": {"uv": [5, 5, 8, 6], "rotation": 90, "texture": "#2"},
				"down": {"uv": [5, 13, 8, 14], "rotation": 270, "texture": "#2"}
			}
		},
		{
			"name": "potato_2",
			"from": [7.75, 4, 9],
			"to": [8.25, 7, 9.5],
			"rotation": {"angle": 45, "axis": "x", "origin": [8, 2.875, 4.25]},
			"faces": {
				"north": {"uv": [12, 5, 13, 11], "texture": "#2"},
				"east": {"uv": [13, 5, 12, 11], "texture": "#2"},
				"south": {"uv": [12, 5, 13, 11], "texture": "#2"},
				"west": {"uv": [12, 5, 13, 11], "texture": "#2"},
				"up": {"uv": [12, 5, 13, 6], "rotation": 90, "texture": "#2"},
				"down": {"uv": [12, 10, 13, 11], "rotation": 270, "texture": "#2"}
			}
		},
		{
			"name": "potato_3",
			"from": [7.75, 2.5, 5],
			"to": [8.25, 6.5, 5.5],
			"rotation": {"angle": 45, "axis": "x", "origin": [8, 2.875, 4.25]},
			"faces": {
				"north": {"uv": [4, 6, 5, 14], "texture": "#2"},
				"east": {"uv": [5, 6, 4, 14], "texture": "#2"},
				"south": {"uv": [4, 6, 5, 14], "texture": "#2"},
				"west": {"uv": [4, 6, 5, 14], "texture": "#2"},
				"up": {"uv": [4, 6, 5, 7], "rotation": 90, "texture": "#2"},
				"down": {"uv": [4, 13, 5, 14], "rotation": 270, "texture": "#2"}
			}
		},
		{
			"name": "potato_4",
			"from": [7.75, 4.5, 9.5],
			"to": [8.25, 6.5, 10],
			"rotation": {"angle": 45, "axis": "x", "origin": [8, 2.875, 4.25]},
			"faces": {
				"north": {"uv": [13, 6, 14, 10], "texture": "#2"},
				"east": {"uv": [14, 6, 13, 10], "texture": "#2"},
				"south": {"uv": [13, 6, 14, 10], "texture": "#2"},
				"west": {"uv": [13, 6, 14, 10], "texture": "#2"},
				"up": {"uv": [13, 6, 14, 7], "rotation": 90, "texture": "#2"},
				"down": {"uv": [13, 9, 14, 10], "rotation": 270, "texture": "#2"}
			}
		},
		{
			"name": "potato_5",
			"from": [7.75, 3, 4.5],
			"to": [8.25, 6, 5],
			"rotation": {"angle": 45, "axis": "x", "origin": [8, 2.875, 4.25]},
			"faces": {
				"north": {"uv": [3, 7, 4, 13], "texture": "#2"},
				"east": {"uv": [4, 7, 3, 13], "texture": "#2"},
				"south": {"uv": [3, 7, 4, 13], "texture": "#2"},
				"west": {"uv": [3, 7, 4, 13], "texture": "#2"},
				"up": {"uv": [3, 7, 4, 8], "rotation": 90, "texture": "#2"},
				"down": {"uv": [3, 12, 4, 13], "rotation": 270, "texture": "#2"}
			}
		},
		{
			"name": "potato_6",
			"from": [7.75, 3.5, 4],
			"to": [8.25, 5.5, 4.5],
			"rotation": {"angle": 45, "axis": "x", "origin": [8, 2.875, 4.25]},
			"faces": {
				"north": {"uv": [2, 8, 3, 12], "texture": "#2"},
				"east": {"uv": [3, 8, 2, 12], "texture": "#2"},
				"south": {"uv": [2, 8, 3, 12], "texture": "#2"},
				"west": {"uv": [2, 8, 3, 12], "texture": "#2"},
				"up": {"uv": [2, 8, 3, 9], "rotation": 90, "texture": "#2"},
				"down": {"uv": [2, 11, 3, 12], "rotation": 270, "texture": "#2"}
			}
		},
		{
			"name": "potato_7",
			"from": [7.75, 3, 7],
			"to": [8.25, 3.5, 8],
			"rotation": {"angle": 45, "axis": "x", "origin": [8, 2.875, 4.25]},
			"faces": {
				"north": {"uv": [8, 12, 9, 13], "texture": "#2"},
				"east": {"uv": [10, 12, 8, 13], "texture": "#2"},
				"south": {"uv": [9, 12, 10, 13], "texture": "#2"},
				"west": {"uv": [8, 12, 10, 13], "texture": "#2"},
				"up": {"uv": [8, 12, 10, 13], "rotation": 90, "texture": "#2"},
				"down": {"uv": [8, 12, 10, 13], "rotation": 270, "texture": "#2"}
			}
		}
	],
	"display": {
		"head": {
			"scale": [3, 3, 3]
		}
	},
	"groups": [
		{
			"name": "group",
			"origin": [4.5, 5.5, 2.5],
			"color": 0,
			"nbt": "{}",
			"children": [
				{
					"name": "group",
					"origin": [2.25, 8.5, 5.75],
					"color": 0,
					"nbt": "{}",
					"children": [
						{
							"name": "group",
							"origin": [2.25, 8.5, 13.75],
							"color": 0,
							"nbt": "{}",
							"children": [0, 1, 2, 3, 4, 5, 6, 7, 8, 9, 10, 11, 12, 13, 14, 15, 16, 17, 18, 19, 20, 21]
						}
					]
				}
			]
		},
		{
			"name": "wheat",
			"origin": [8, 8, 8],
			"color": 0,
			"nbt": "{}",
			"children": [
				{
					"name": "group",
					"origin": [8.25, 9.25, 4.25],
					"color": 0,
					"nbt": "{}",
					"children": [
						{
							"name": "group",
							"origin": [11, 6.5, 12],
							"color": 0,
							"nbt": "{}",
							"children": [
								22,
								{
									"name": "group",
									"origin": [6.79499, 2.44827, 8],
									"color": 0,
									"nbt": "{}",
									"children": [23, 24, 25, 26, 27, 28, 29, 30]
								},
								31,
								32
							]
						}
					]
				}
			]
		},
		{
			"name": "potato",
			"origin": [8, 8, 8],
			"color": 0,
			"nbt": "{}",
			"children": [33, 34, 35, 36, 37, 38, 39, 40]
		}
	]
}