{
	"textures": {
		"1": "item/tnt",
		"4": "item/drone_vent_fan",
		"particle": "item/tnt"
	},
	"elements": [
		{
			"from": [7.5, 15, 7.5],
			"to": [8.5, 18.25, 8.5],
			"rotation": {"angle": 0, "axis": "y", "origin": [7, 0, 7]},
			"faces": {
				"north": {"uv": [0, 15.75, 0.125, 16], "texture": "#1"},
				"east": {"uv": [0, 15.75, 0.125, 16], "texture": "#1"},
				"south": {"uv": [0, 15.75, 0.125, 16], "texture": "#1"},
				"west": {"uv": [0, 15.75, 0.125, 16], "texture": "#1"},
				"up": {"uv": [0, 15.75, 0.125, 16], "texture": "#1"},
				"down": {"uv": [0, 15.75, 0.125, 16], "texture": "#1"}
			}
		},
		{
			"from": [-4, 18, -4],
			"to": [20, 18, 20],
			"rotation": {"angle": 0, "axis": "y", "origin": [7, 0, 7]},
			"faces": {
				"north": {"uv": [0, 0, 16, 0], "texture": "#4"},
				"east": {"uv": [0, 0, 16, 0], "texture": "#4"},
				"south": {"uv": [0, 0, 16, 0], "texture": "#4"},
				"west": {"uv": [0, 0, 16, 0], "texture": "#4"},
				"up": {"uv": [3.5, 3, 13, 12.5], "texture": "#4"},
				"down": {"uv": [13, 3, 3.5, 12.5], "texture": "#4"}
			}
		},
		{
			"from": [0.454, -0.624, 0.454],
			"to": [15.546, 14.468, 15.546],
			"rotation": {"angle": 0, "axis": "y", "origin": [-0.624, -0.624, 15.546]},
			"faces": {
				"north": {"uv": [10, 0, 11.75, 1.75], "texture": "#1"},
				"east": {"uv": [10, 1.75, 11.75, 3.5], "texture": "#1"},
				"south": {"uv": [11.75, 0, 13.5, 1.75], "texture": "#1"},
				"west": {"uv": [11.75, 1.75, 13.5, 3.5], "texture": "#1"},
				"up": {"uv": [11.75, 5.25, 10, 3.5], "texture": "#1"},
				"down": {"uv": [15.25, 0, 13.5, 1.75], "texture": "#1"}
			}
		},
		{
			"from": [-1.702, -0.624, 13.39],
			"to": [2.61, 15.546, 17.702],
			"rotation": {"angle": 0, "axis": "y", "origin": [15.007, -0.624, -0.085]},
			"faces": {
				"north": {"uv": [11.75, 3.5, 12.25, 5.375], "texture": "#1"},
				"east": {"uv": [13.5, 1.75, 14, 3.625], "texture": "#1"},
				"south": {"uv": [12.25, 3.5, 12.75, 5.375], "texture": "#1"},
				"west": {"uv": [12.75, 3.5, 13.25, 5.375], "texture": "#1"},
				"up": {"uv": [15.75, 0.5, 15.25, 0], "texture": "#1"},
				"down": {"uv": [15.75, 0.5, 15.25, 1], "texture": "#1"}
			}
		},
		{
			"from": [-1.702, -0.624, -1.702],
			"to": [2.61, 15.546, 2.61],
			"rotation": {"angle": 0, "axis": "y", "origin": [15.007, -0.624, 48.425]},
			"faces": {
				"north": {"uv": [13.25, 3.625, 13.75, 5.5], "texture": "#1"},
				"east": {"uv": [13.75, 3.625, 14.25, 5.5], "texture": "#1"},
				"south": {"uv": [14, 1.75, 14.5, 3.625], "texture": "#1"},
				"west": {"uv": [14.25, 3.625, 14.75, 5.5], "texture": "#1"},
				"up": {"uv": [15.75, 1.5, 15.25, 1], "texture": "#1"},
				"down": {"uv": [12.5, 5.375, 12, 5.875], "texture": "#1"}
			}
		},
		{
			"from": [13.39, -0.624, -1.702],
			"to": [17.702, 15.546, 2.61],
			"rotation": {"angle": 0, "axis": "y", "origin": [0.993, -0.624, 48.425]},
			"faces": {
				"north": {"uv": [10.5, 5.25, 11, 7.125], "texture": "#1"},
				"east": {"uv": [11, 5.25, 11.5, 7.125], "texture": "#1"},
				"south": {"uv": [15.25, 3.625, 15.75, 5.5], "texture": "#1"},
				"west": {"uv": [11.5, 5.375, 12, 7.25], "texture": "#1"},
				"up": {"uv": [16, 2.5, 15.5, 2], "texture": "#1"},
				"down": {"uv": [16, 2.5, 15.5, 3], "texture": "#1"}
			}
		},
		{
			"from": [13.39, -0.624, 13.39],
			"to": [17.702, 15.546, 17.702],
			"rotation": {"angle": 0, "axis": "y", "origin": [0.993, -0.624, -0.085]},
			"faces": {
				"north": {"uv": [14.5, 1.75, 15, 3.625], "texture": "#1"},
				"east": {"uv": [14.75, 3.625, 15.25, 5.5], "texture": "#1"},
				"south": {"uv": [15, 1.75, 15.5, 3.625], "texture": "#1"},
				"west": {"uv": [10, 5.25, 10.5, 7.125], "texture": "#1"},
				"up": {"uv": [13, 5.875, 12.5, 5.375], "texture": "#1"},
				"down": {"uv": [16, 1.5, 15.5, 2], "texture": "#1"}
			}
		},
		{
			"from": [5.844, 14.468, 5.844],
			"to": [10.156, 16.624, 10.156],
			"rotation": {"angle": 0, "axis": "y", "origin": [6.922, -0.624, 23.092]},
			"faces": {
				"north": {"uv": [13.5, 5.5, 14, 5.75], "texture": "#1"},
				"east": {"uv": [14, 5.5, 14.5, 5.75], "texture": "#1"},
				"south": {"uv": [14.5, 5.5, 15, 5.75], "texture": "#1"},
				"west": {"uv": [15, 5.5, 15.5, 5.75], "texture": "#1"},
				"up": {"uv": [13.5, 6, 13, 5.5], "texture": "#1"},
				"down": {"uv": [16, 3, 15.5, 3.5], "texture": "#1"}
			}
		},
		{
			"from": [0.01876, 7.95688, 2.77709],
			"to": [0.88924, 8.82737, 5.38855],
			"rotation": {"angle": 0, "axis": "y", "origin": [8, 7.52164, 24.17]},
			"faces": {
				"north": {"uv": [10, 7.5, 10.125, 7.625], "texture": "#1"},
				"east": {"uv": [10, 7.5, 10.375, 7.625], "texture": "#1"},
				"south": {"uv": [10, 7.5, 10.125, 7.625], "texture": "#1"},
				"west": {"uv": [10, 7.5, 10.375, 7.625], "texture": "#1"},
				"up": {"uv": [10, 7.5, 10.125, 7.875], "texture": "#1"},
				"down": {"uv": [10, 7.5, 10.125, 7.875], "texture": "#1"}
			}
		},
		{
			"from": [0.01876, 7.0864, 7.12952],
			"to": [0.88924, 7.95688, 8],
			"rotation": {"angle": 0, "axis": "y", "origin": [8, 7.52164, 24.17]},
			"faces": {
				"north": {"uv": [10, 7.5, 10.125, 7.625], "texture": "#1"},
				"east": {"uv": [10, 7.5, 10.125, 7.625], "texture": "#1"},
				"south": {"uv": [10, 7.5, 10.125, 7.625], "texture": "#1"},
				"west": {"uv": [10, 7.5, 10.125, 7.625], "texture": "#1"},
				"up": {"uv": [10, 7.5, 10.125, 7.625], "texture": "#1"},
				"down": {"uv": [10, 7.5, 10.125, 7.625], "texture": "#1"}
			}
		},
		{
			"from": [0.01876, 5.34543, 11.48194],
			"to": [0.88924, 7.95688, 12.35243],
			"rotation": {"angle": 0, "axis": "y", "origin": [8, 7.52164, 24.17]},
			"faces": {
				"north": {"uv": [10, 7.5, 10.125, 7.875], "texture": "#1"},
				"east": {"uv": [10, 7.5, 10.125, 7.875], "texture": "#1"},
				"south": {"uv": [10, 7.5, 10.125, 7.875], "texture": "#1"},
				"west": {"uv": [10, 7.5, 10.125, 7.875], "texture": "#1"},
				"up": {"uv": [10, 7.5, 10.125, 7.625], "texture": "#1"},
				"down": {"uv": [10, 7.5, 10.125, 7.625], "texture": "#1"}
			}
		},
		{
			"from": [0.01876, 7.95688, 10.61146],
			"to": [0.88924, 8.82737, 13.22291],
			"rotation": {"angle": 0, "axis": "y", "origin": [8, 7.52164, 24.17]},
			"faces": {
				"north": {"uv": [10, 7.5, 10.125, 7.625], "texture": "#1"},
				"east": {"uv": [10, 7.5, 10.375, 7.625], "texture": "#1"},
				"south": {"uv": [10, 7.5, 10.125, 7.625], "texture": "#1"},
				"west": {"uv": [10, 7.5, 10.375, 7.625], "texture": "#1"},
				"up": {"uv": [10, 7.5, 10.125, 7.875], "texture": "#1"},
				"down": {"uv": [10, 7.5, 10.125, 7.875], "texture": "#1"}
			}
		},
		{
			"from": [0.01876, 5.34543, 6.25903],
			"to": [0.88924, 8.82737, 7.12952],
			"rotation": {"angle": 0, "axis": "y", "origin": [8, 7.52164, 24.17]},
			"faces": {
				"north": {"uv": [10, 7.5, 10.125, 8], "texture": "#1"},
				"east": {"uv": [10, 7.5, 10.125, 8], "texture": "#1"},
				"south": {"uv": [10, 7.5, 10.125, 8], "texture": "#1"},
				"west": {"uv": [10, 7.5, 10.125, 8], "texture": "#1"},
				"up": {"uv": [10, 7.5, 10.125, 7.625], "texture": "#1"},
				"down": {"uv": [10, 7.5, 10.125, 7.625], "texture": "#1"}
			}
		},
		{
			"from": [0.01876, 5.34543, 8.87048],
			"to": [0.88924, 8.82737, 9.74097],
			"rotation": {"angle": 0, "axis": "y", "origin": [8, 7.52164, 24.17]},
			"faces": {
				"north": {"uv": [10, 7.5, 10.125, 8], "texture": "#1"},
				"east": {"uv": [10, 7.5, 10.125, 8], "texture": "#1"},
				"south": {"uv": [10, 7.5, 10.125, 8], "texture": "#1"},
				"west": {"uv": [10, 7.5, 10.125, 8], "texture": "#1"},
				"up": {"uv": [10, 7.5, 10.125, 7.625], "texture": "#1"},
				"down": {"uv": [10, 7.5, 10.125, 7.625], "texture": "#1"}
			}
		},
		{
			"from": [0.01876, 6.21591, 8],
			"to": [0.88924, 7.0864, 8.87048],
			"rotation": {"angle": 0, "axis": "y", "origin": [8, 7.52164, 24.17]},
			"faces": {
				"north": {"uv": [10, 7.5, 10.125, 7.625], "texture": "#1"},
				"east": {"uv": [10, 7.5, 10.125, 7.625], "texture": "#1"},
				"south": {"uv": [10, 7.5, 10.125, 7.625], "texture": "#1"},
				"west": {"uv": [10, 7.5, 10.125, 7.625], "texture": "#1"},
				"up": {"uv": [10, 7.5, 10.125, 7.625], "texture": "#1"},
				"down": {"uv": [10, 7.5, 10.125, 7.625], "texture": "#1"}
			}
		},
		{
			"from": [2.77709, 7.95688, 0.01876],
			"to": [5.38854, 8.82737, 0.88924],
			"rotation": {"angle": 0, "axis": "y", "origin": [8, 7.52164, 24.17]},
			"faces": {
				"north": {"uv": [10, 7.5, 10.375, 7.625], "texture": "#1"},
				"east": {"uv": [10, 7.5, 10.125, 7.625], "texture": "#1"},
				"south": {"uv": [10, 7.5, 10.375, 7.625], "texture": "#1"},
				"west": {"uv": [10, 7.5, 10.125, 7.625], "texture": "#1"},
				"up": {"uv": [10, 7.5, 10.125, 7.875], "rotation": 90, "texture": "#1"},
				"down": {"uv": [10, 7.5, 10.125, 7.875], "rotation": 270, "texture": "#1"}
			}
		},
		{
			"from": [3.64757, 5.34543, 0.01876],
			"to": [4.51806, 7.95688, 0.88924],
			"rotation": {"angle": 0, "axis": "y", "origin": [8, 7.52164, 24.17]},
			"faces": {
				"north": {"uv": [10, 7.5, 10.125, 7.875], "texture": "#1"},
				"east": {"uv": [10, 7.5, 10.125, 7.875], "texture": "#1"},
				"south": {"uv": [10, 7.5, 10.125, 7.875], "texture": "#1"},
				"west": {"uv": [10, 7.5, 10.125, 7.875], "texture": "#1"},
				"up": {"uv": [10, 7.5, 10.125, 7.625], "rotation": 90, "texture": "#1"},
				"down": {"uv": [10, 7.5, 10.125, 7.625], "rotation": 270, "texture": "#1"}
			}
		},
		{
			"from": [6.25903, 5.34543, 0.01876],
			"to": [7.12951, 8.82737, 0.88924],
			"rotation": {"angle": 0, "axis": "y", "origin": [8, 7.52164, 24.17]},
			"faces": {
				"north": {"uv": [10, 7.5, 10.125, 8], "texture": "#1"},
				"east": {"uv": [10, 7.5, 10.125, 8], "texture": "#1"},
				"south": {"uv": [10, 7.5, 10.125, 8], "texture": "#1"},
				"west": {"uv": [10, 7.5, 10.125, 8], "texture": "#1"},
				"up": {"uv": [10, 7.5, 10.125, 7.625], "rotation": 90, "texture": "#1"},
				"down": {"uv": [10, 7.5, 10.125, 7.625], "rotation": 270, "texture": "#1"}
			}
		},
		{
			"from": [7.12951, 6.21591, 0.01876],
			"to": [8, 7.0864, 0.88924],
			"rotation": {"angle": 0, "axis": "y", "origin": [8, 7.52164, 24.17]},
			"faces": {
				"north": {"uv": [10, 7.5, 10.125, 7.625], "texture": "#1"},
				"east": {"uv": [10, 7.5, 10.125, 7.625], "texture": "#1"},
				"south": {"uv": [10, 7.5, 10.125, 7.625], "texture": "#1"},
				"west": {"uv": [10, 7.5, 10.125, 7.625], "texture": "#1"},
				"up": {"uv": [10, 7.5, 10.125, 7.625], "rotation": 90, "texture": "#1"},
				"down": {"uv": [10, 7.5, 10.125, 7.625], "rotation": 270, "texture": "#1"}
			}
		},
		{
			"from": [8, 7.0864, 0.01876],
			"to": [8.87048, 7.95688, 0.88924],
			"rotation": {"angle": 0, "axis": "y", "origin": [8, 7.52164, 24.17]},
			"faces": {
				"north": {"uv": [10, 7.5, 10.125, 7.625], "texture": "#1"},
				"east": {"uv": [10, 7.5, 10.125, 7.625], "texture": "#1"},
				"south": {"uv": [10, 7.5, 10.125, 7.625], "texture": "#1"},
				"west": {"uv": [10, 7.5, 10.125, 7.625], "texture": "#1"},
				"up": {"uv": [10, 7.5, 10.125, 7.625], "rotation": 90, "texture": "#1"},
				"down": {"uv": [10, 7.5, 10.125, 7.625], "rotation": 270, "texture": "#1"}
			}
		},
		{
			"from": [8.87048, 5.34543, 0.01876],
			"to": [9.74097, 8.82737, 0.88924],
			"rotation": {"angle": 0, "axis": "y", "origin": [8, 7.52164, 24.17]},
			"faces": {
				"north": {"uv": [10, 7.5, 10.125, 8], "texture": "#1"},
				"east": {"uv": [10, 7.5, 10.125, 8], "texture": "#1"},
				"south": {"uv": [10, 7.5, 10.125, 8], "texture": "#1"},
				"west": {"uv": [10, 7.5, 10.125, 8], "texture": "#1"},
				"up": {"uv": [10, 7.5, 10.125, 7.625], "rotation": 90, "texture": "#1"},
				"down": {"uv": [10, 7.5, 10.125, 7.625], "rotation": 270, "texture": "#1"}
			}
		},
		{
			"from": [10.61146, 7.95688, 0.01876],
			"to": [13.22291, 8.82737, 0.88924],
			"rotation": {"angle": 0, "axis": "y", "origin": [8, 7.52164, 24.17]},
			"faces": {
				"north": {"uv": [10, 7.5, 10.375, 7.625], "texture": "#1"},
				"east": {"uv": [10, 7.5, 10.125, 7.625], "texture": "#1"},
				"south": {"uv": [10, 7.5, 10.375, 7.625], "texture": "#1"},
				"west": {"uv": [10, 7.5, 10.125, 7.625], "texture": "#1"},
				"up": {"uv": [10, 7.5, 10.125, 7.875], "rotation": 90, "texture": "#1"},
				"down": {"uv": [10, 7.5, 10.125, 7.875], "rotation": 270, "texture": "#1"}
			}
		},
		{
			"from": [11.48194, 5.34543, 0.01876],
			"to": [12.35243, 7.95688, 0.88924],
			"rotation": {"angle": 0, "axis": "y", "origin": [8, 7.52164, 24.17]},
			"faces": {
				"north": {"uv": [10, 7.5, 10.125, 7.875], "texture": "#1"},
				"east": {"uv": [10, 7.5, 10.125, 7.875], "texture": "#1"},
				"south": {"uv": [10, 7.5, 10.125, 7.875], "texture": "#1"},
				"west": {"uv": [10, 7.5, 10.125, 7.875], "texture": "#1"},
				"up": {"uv": [10, 7.5, 10.125, 7.625], "rotation": 90, "texture": "#1"},
				"down": {"uv": [10, 7.5, 10.125, 7.625], "rotation": 270, "texture": "#1"}
			}
		},
		{
			"from": [0.01876, 5.34543, 3.64758],
			"to": [0.88924, 7.95688, 4.51806],
			"rotation": {"angle": 0, "axis": "y", "origin": [8, 7.52164, 24.17]},
			"faces": {
				"north": {"uv": [10, 7.5, 10.125, 7.875], "texture": "#1"},
				"east": {"uv": [10, 7.5, 10.125, 7.875], "texture": "#1"},
				"south": {"uv": [10, 7.5, 10.125, 7.875], "texture": "#1"},
				"west": {"uv": [10, 7.5, 10.125, 7.875], "texture": "#1"},
				"up": {"uv": [10, 7.5, 10.125, 7.625], "texture": "#1"},
				"down": {"uv": [10, 7.5, 10.125, 7.625], "texture": "#1"}
			}
		},
		{
			"from": [15.11076, 5.34543, 3.64758],
			"to": [15.98124, 7.95688, 4.51806],
			"rotation": {"angle": 0, "axis": "y", "origin": [8, 7.52164, 24.17]},
			"faces": {
				"north": {"uv": [10, 7.5, 10.125, 7.875], "texture": "#1"},
				"east": {"uv": [10, 7.5, 10.125, 7.875], "texture": "#1"},
				"south": {"uv": [10, 7.5, 10.125, 7.875], "texture": "#1"},
				"west": {"uv": [10, 7.5, 10.125, 7.875], "texture": "#1"},
				"up": {"uv": [10, 7.5, 10.125, 7.625], "texture": "#1"},
				"down": {"uv": [10, 7.5, 10.125, 7.625], "texture": "#1"}
			}
		},
		{
			"from": [15.11076, 7.95688, 2.77709],
			"to": [15.98124, 8.82737, 5.38855],
			"rotation": {"angle": 0, "axis": "y", "origin": [8, 7.52164, 24.17]},
			"faces": {
				"north": {"uv": [10, 7.5, 10.125, 7.625], "texture": "#1"},
				"east": {"uv": [10, 7.5, 10.375, 7.625], "texture": "#1"},
				"south": {"uv": [10, 7.5, 10.125, 7.625], "texture": "#1"},
				"west": {"uv": [10, 7.5, 10.375, 7.625], "texture": "#1"},
				"up": {"uv": [10, 7.5, 10.125, 7.875], "texture": "#1"},
				"down": {"uv": [10, 7.5, 10.125, 7.875], "texture": "#1"}
			}
		},
		{
			"from": [15.11076, 7.0864, 8],
			"to": [15.98124, 7.95688, 8.87048],
			"rotation": {"angle": 0, "axis": "y", "origin": [8, 7.52164, 24.17]},
			"faces": {
				"north": {"uv": [10.125, 7.5, 10, 7.625], "texture": "#1"},
				"east": {"uv": [10.125, 7.5, 10, 7.625], "texture": "#1"},
				"south": {"uv": [10.125, 7.5, 10, 7.625], "texture": "#1"},
				"west": {"uv": [10.125, 7.5, 10, 7.625], "texture": "#1"},
				"up": {"uv": [10, 7.625, 10.125, 7.5], "texture": "#1"},
				"down": {"uv": [10, 7.625, 10.125, 7.5], "texture": "#1"}
			}
		},
		{
			"from": [15.11076, 5.34543, 11.48194],
			"to": [15.98124, 7.95688, 12.35243],
			"rotation": {"angle": 0, "axis": "y", "origin": [8, 7.52164, 24.17]},
			"faces": {
				"north": {"uv": [10, 7.5, 10.125, 7.875], "texture": "#1"},
				"east": {"uv": [10, 7.5, 10.125, 7.875], "texture": "#1"},
				"south": {"uv": [10, 7.5, 10.125, 7.875], "texture": "#1"},
				"west": {"uv": [10, 7.5, 10.125, 7.875], "texture": "#1"},
				"up": {"uv": [10, 7.5, 10.125, 7.625], "texture": "#1"},
				"down": {"uv": [10, 7.5, 10.125, 7.625], "texture": "#1"}
			}
		},
		{
			"from": [15.11076, 7.95688, 10.61146],
			"to": [15.98124, 8.82737, 13.22291],
			"rotation": {"angle": 0, "axis": "y", "origin": [8, 7.52164, 24.17]},
			"faces": {
				"north": {"uv": [10, 7.5, 10.125, 7.625], "texture": "#1"},
				"east": {"uv": [10, 7.5, 10.375, 7.625], "texture": "#1"},
				"south": {"uv": [10, 7.5, 10.125, 7.625], "texture": "#1"},
				"west": {"uv": [10, 7.5, 10.375, 7.625], "texture": "#1"},
				"up": {"uv": [10, 7.5, 10.125, 7.875], "texture": "#1"},
				"down": {"uv": [10, 7.5, 10.125, 7.875], "texture": "#1"}
			}
		},
		{
			"from": [15.11076, 5.34543, 6.25903],
			"to": [15.98124, 8.82737, 7.12952],
			"rotation": {"angle": 0, "axis": "y", "origin": [8, 7.52164, 24.17]},
			"faces": {
				"north": {"uv": [10, 7.5, 10.125, 8], "texture": "#1"},
				"east": {"uv": [10, 7.5, 10.125, 8], "texture": "#1"},
				"south": {"uv": [10, 7.5, 10.125, 8], "texture": "#1"},
				"west": {"uv": [10, 7.5, 10.125, 8], "texture": "#1"},
				"up": {"uv": [10, 7.5, 10.125, 7.625], "texture": "#1"},
				"down": {"uv": [10, 7.5, 10.125, 7.625], "texture": "#1"}
			}
		},
		{
			"from": [15.11076, 5.34543, 8.87048],
			"to": [15.98124, 8.82737, 9.74097],
			"rotation": {"angle": 0, "axis": "y", "origin": [8, 7.52164, 24.17]},
			"faces": {
				"north": {"uv": [10, 7.5, 10.125, 8], "texture": "#1"},
				"east": {"uv": [10, 7.5, 10.125, 8], "texture": "#1"},
				"south": {"uv": [10, 7.5, 10.125, 8], "texture": "#1"},
				"west": {"uv": [10, 7.5, 10.125, 8], "texture": "#1"},
				"up": {"uv": [10, 7.5, 10.125, 7.625], "texture": "#1"},
				"down": {"uv": [10, 7.5, 10.125, 7.625], "texture": "#1"}
			}
		},
		{
			"from": [15.11076, 6.21591, 7.12952],
			"to": [15.98124, 7.0864, 8],
			"rotation": {"angle": 0, "axis": "y", "origin": [8, 7.52164, 24.17]},
			"faces": {
				"north": {"uv": [10.125, 7.5, 10, 7.625], "texture": "#1"},
				"east": {"uv": [10.125, 7.5, 10, 7.625], "texture": "#1"},
				"south": {"uv": [10.125, 7.5, 10, 7.625], "texture": "#1"},
				"west": {"uv": [10.125, 7.5, 10, 7.625], "texture": "#1"},
				"up": {"uv": [10, 7.625, 10.125, 7.5], "texture": "#1"},
				"down": {"uv": [10, 7.625, 10.125, 7.5], "texture": "#1"}
			}
		},
		{
			"from": [11.48194, 5.34543, 15.11076],
			"to": [12.35243, 7.95688, 15.98124],
			"rotation": {"angle": 0, "axis": "y", "origin": [8, 7.52164, 24.17]},
			"faces": {
				"north": {"uv": [10, 7.5, 10.125, 7.875], "texture": "#1"},
				"east": {"uv": [10, 7.5, 10.125, 7.875], "texture": "#1"},
				"south": {"uv": [10, 7.5, 10.125, 7.875], "texture": "#1"},
				"west": {"uv": [10, 7.5, 10.125, 7.875], "texture": "#1"},
				"up": {"uv": [10, 7.5, 10.125, 7.625], "rotation": 90, "texture": "#1"},
				"down": {"uv": [10, 7.5, 10.125, 7.625], "rotation": 270, "texture": "#1"}
			}
		},
		{
			"from": [10.61146, 7.95688, 15.11076],
			"to": [13.22291, 8.82737, 15.98124],
			"rotation": {"angle": 0, "axis": "y", "origin": [8, 7.52164, 24.17]},
			"faces": {
				"north": {"uv": [10, 7.5, 10.375, 7.625], "texture": "#1"},
				"east": {"uv": [10, 7.5, 10.125, 7.625], "texture": "#1"},
				"south": {"uv": [10, 7.5, 10.375, 7.625], "texture": "#1"},
				"west": {"uv": [10, 7.5, 10.125, 7.625], "texture": "#1"},
				"up": {"uv": [10, 7.5, 10.125, 7.875], "rotation": 90, "texture": "#1"},
				"down": {"uv": [10, 7.5, 10.125, 7.875], "rotation": 270, "texture": "#1"}
			}
		},
		{
			"from": [8.0539, 6.42612, 15.11076],
			"to": [8.92439, 7.29661, 15.98124],
			"rotation": {"angle": 0, "axis": "y", "origin": [8.0539, 8.91361, 15.546]},
			"faces": {
				"north": {"uv": [10, 7.625, 10.125, 7.5], "texture": "#1"},
				"east": {"uv": [10, 7.625, 10.125, 7.5], "texture": "#1"},
				"south": {"uv": [10, 7.625, 10.125, 7.5], "texture": "#1"},
				"west": {"uv": [10, 7.625, 10.125, 7.5], "texture": "#1"},
				"up": {"uv": [10.125, 7.5, 10, 7.625], "rotation": 270, "texture": "#1"},
				"down": {"uv": [10.125, 7.5, 10, 7.625], "rotation": 90, "texture": "#1"}
			}
		},
		{
			"from": [3.70147, 5.34543, 15.11076],
			"to": [4.57196, 7.95688, 15.98124],
			"rotation": {"angle": 0, "axis": "y", "origin": [8.0539, 7.52164, 8]},
			"faces": {
				"north": {"uv": [10, 7.5, 10.125, 7.875], "texture": "#1"},
				"east": {"uv": [10, 7.5, 10.125, 7.875], "texture": "#1"},
				"south": {"uv": [10, 7.5, 10.125, 7.875], "texture": "#1"},
				"west": {"uv": [10, 7.5, 10.125, 7.875], "texture": "#1"},
				"up": {"uv": [10, 7.5, 10.125, 7.625], "rotation": 90, "texture": "#1"},
				"down": {"uv": [10, 7.5, 10.125, 7.625], "rotation": 270, "texture": "#1"}
			}
		},
		{
			"from": [2.83099, 7.95688, 15.11076],
			"to": [5.44245, 8.82737, 15.98124],
			"rotation": {"angle": 0, "axis": "y", "origin": [8.0539, 7.52164, 8]},
			"faces": {
				"north": {"uv": [10, 7.5, 10.375, 7.625], "texture": "#1"},
				"east": {"uv": [10, 7.5, 10.125, 7.625], "texture": "#1"},
				"south": {"uv": [10, 7.5, 10.375, 7.625], "texture": "#1"},
				"west": {"uv": [10, 7.5, 10.125, 7.625], "texture": "#1"},
				"up": {"uv": [10, 7.5, 10.125, 7.875], "rotation": 90, "texture": "#1"},
				"down": {"uv": [10, 7.5, 10.125, 7.875], "rotation": 270, "texture": "#1"}
			}
		},
		{
			"from": [8.92439, 5.34543, 15.11076],
			"to": [9.79487, 8.82737, 15.98124],
			"rotation": {"angle": 0, "axis": "y", "origin": [8.0539, 7.52164, 8]},
			"faces": {
				"north": {"uv": [10, 7.5, 10.125, 8], "texture": "#1"},
				"east": {"uv": [10, 7.5, 10.125, 8], "texture": "#1"},
				"south": {"uv": [10, 7.5, 10.125, 8], "texture": "#1"},
				"west": {"uv": [10, 7.5, 10.125, 8], "texture": "#1"},
				"up": {"uv": [10, 7.5, 10.125, 7.625], "rotation": 90, "texture": "#1"},
				"down": {"uv": [10, 7.5, 10.125, 7.625], "rotation": 270, "texture": "#1"}
			}
		},
		{
			"from": [6.31293, 5.34543, 15.11076],
			"to": [7.18341, 8.82737, 15.98124],
			"rotation": {"angle": 0, "axis": "y", "origin": [8.0539, 7.52164, 8]},
			"faces": {
				"north": {"uv": [10, 7.5, 10.125, 8], "texture": "#1"},
				"east": {"uv": [10, 7.5, 10.125, 8], "texture": "#1"},
				"south": {"uv": [10, 7.5, 10.125, 8], "texture": "#1"},
				"west": {"uv": [10, 7.5, 10.125, 8], "texture": "#1"},
				"up": {"uv": [10, 7.5, 10.125, 7.625], "rotation": 90, "texture": "#1"},
				"down": {"uv": [10, 7.5, 10.125, 7.625], "rotation": 270, "texture": "#1"}
			}
		},
		{
			"from": [7.18341, 7.29661, 15.11076],
			"to": [8.0539, 8.16709, 15.98124],
			"rotation": {"angle": 0, "axis": "y", "origin": [8.0539, 8.91361, 15.546]},
			"faces": {
				"north": {"uv": [10, 7.625, 10.125, 7.5], "texture": "#1"},
				"east": {"uv": [10, 7.625, 10.125, 7.5], "texture": "#1"},
				"south": {"uv": [10, 7.625, 10.125, 7.5], "texture": "#1"},
				"west": {"uv": [10, 7.625, 10.125, 7.5], "texture": "#1"},
				"up": {"uv": [10.125, 7.5, 10, 7.625], "rotation": 270, "texture": "#1"},
				"down": {"uv": [10.125, 7.5, 10, 7.625], "rotation": 90, "texture": "#1"}
			}
		},
		{
			"from": [0.59625, 7.96, 3.155],
			"to": [1.40375, 8.7675, 5.5775],
			"rotation": {"angle": 0, "axis": "y", "origin": [8, 7.55625, -6]},
			"faces": {
				"north": {"uv": [0, 7.5, 0.125, 7.625], "texture": "#1"},
				"east": {"uv": [0, 7.5, 0.375, 7.625], "texture": "#1"},
				"south": {"uv": [0, 7.5, 0.125, 7.625], "texture": "#1"},
				"west": {"uv": [0, 7.5, 0.375, 7.625], "texture": "#1"},
				"up": {"uv": [0, 7.5, 0.125, 7.875], "texture": "#1"},
				"down": {"uv": [0, 7.5, 0.125, 7.875], "texture": "#1"}
			}
		},
		{
			"from": [0.59625, 7.1525, 7.1925],
			"to": [1.40375, 7.96, 8],
			"rotation": {"angle": 0, "axis": "y", "origin": [8, 7.55625, -6]},
			"faces": {
				"north": {"uv": [0, 7.5, 0.125, 7.625], "texture": "#1"},
				"east": {"uv": [0, 7.5, 0.125, 7.625], "texture": "#1"},
				"south": {"uv": [0, 7.5, 0.125, 7.625], "texture": "#1"},
				"west": {"uv": [0, 7.5, 0.125, 7.625], "texture": "#1"},
				"up": {"uv": [0, 7.5, 0.125, 7.625], "texture": "#1"},
				"down": {"uv": [0, 7.5, 0.125, 7.625], "texture": "#1"}
			}
		},
		{
			"from": [0.59625, 5.5375, 11.23],
			"to": [1.40375, 7.96, 12.0375],
			"rotation": {"angle": 0, "axis": "y", "origin": [8, 7.55625, -6]},
			"faces": {
				"north": {"uv": [0, 7.5, 0.125, 7.875], "texture": "#1"},
				"east": {"uv": [0, 7.5, 0.125, 7.875], "texture": "#1"},
				"south": {"uv": [0, 7.5, 0.125, 7.875], "texture": "#1"},
				"west": {"uv": [0, 7.5, 0.125, 7.875], "texture": "#1"},
				"up": {"uv": [0, 7.5, 0.125, 7.625], "texture": "#1"},
				"down": {"uv": [0, 7.5, 0.125, 7.625], "texture": "#1"}
			}
		},
		{
			"from": [0.59625, 7.96, 10.4225],
			"to": [1.40375, 8.7675, 12.845],
			"rotation": {"angle": 0, "axis": "y", "origin": [8, 7.55625, -6]},
			"faces": {
				"north": {"uv": [0, 7.5, 0.125, 7.625], "texture": "#1"},
				"east": {"uv": [0, 7.5, 0.375, 7.625], "texture": "#1"},
				"south": {"uv": [0, 7.5, 0.125, 7.625], "texture": "#1"},
				"west": {"uv": [0, 7.5, 0.375, 7.625], "texture": "#1"},
				"up": {"uv": [0, 7.5, 0.125, 7.875], "texture": "#1"},
				"down": {"uv": [0, 7.5, 0.125, 7.875], "texture": "#1"}
			}
		},
		{
			"from": [0.59625, 5.5375, 6.385],
			"to": [1.40375, 8.7675, 7.1925],
			"rotation": {"angle": 0, "axis": "y", "origin": [8, 7.55625, -6]},
			"faces": {
				"north": {"uv": [0, 7.5, 0.125, 8], "texture": "#1"},
				"east": {"uv": [0, 7.5, 0.125, 8], "texture": "#1"},
				"south": {"uv": [0, 7.5, 0.125, 8], "texture": "#1"},
				"west": {"uv": [0, 7.5, 0.125, 8], "texture": "#1"},
				"up": {"uv": [0, 7.5, 0.125, 7.625], "texture": "#1"},
				"down": {"uv": [0, 7.5, 0.125, 7.625], "texture": "#1"}
			}
		},
		{
			"from": [0.59625, 5.5375, 8.8075],
			"to": [1.40375, 8.7675, 9.615],
			"rotation": {"angle": 0, "axis": "y", "origin": [8, 7.55625, -6]},
			"faces": {
				"north": {"uv": [0, 7.5, 0.125, 8], "texture": "#1"},
				"east": {"uv": [0, 7.5, 0.125, 8], "texture": "#1"},
				"south": {"uv": [0, 7.5, 0.125, 8], "texture": "#1"},
				"west": {"uv": [0, 7.5, 0.125, 8], "texture": "#1"},
				"up": {"uv": [0, 7.5, 0.125, 7.625], "texture": "#1"},
				"down": {"uv": [0, 7.5, 0.125, 7.625], "texture": "#1"}
			}
		},
		{
			"from": [0.59625, 6.345, 8],
			"to": [1.40375, 7.1525, 8.8075],
			"rotation": {"angle": 0, "axis": "y", "origin": [8, 7.55625, -6]},
			"faces": {
				"north": {"uv": [0, 7.5, 0.125, 7.625], "texture": "#1"},
				"east": {"uv": [0, 7.5, 0.125, 7.625], "texture": "#1"},
				"south": {"uv": [0, 7.5, 0.125, 7.625], "texture": "#1"},
				"west": {"uv": [0, 7.5, 0.125, 7.625], "texture": "#1"},
				"up": {"uv": [0, 7.5, 0.125, 7.625], "texture": "#1"},
				"down": {"uv": [0, 7.5, 0.125, 7.625], "texture": "#1"}
			}
		},
		{
			"from": [3.155, 7.96, 0.59625],
			"to": [5.5775, 8.7675, 1.40375],
			"rotation": {"angle": 0, "axis": "y", "origin": [8, 7.55625, -6]},
			"faces": {
				"north": {"uv": [0, 7.5, 0.375, 7.625], "texture": "#1"},
				"east": {"uv": [0, 7.5, 0.125, 7.625], "texture": "#1"},
				"south": {"uv": [0, 7.5, 0.375, 7.625], "texture": "#1"},
				"west": {"uv": [0, 7.5, 0.125, 7.625], "texture": "#1"},
				"up": {"uv": [0, 7.5, 0.125, 7.875], "rotation": 90, "texture": "#1"},
				"down": {"uv": [0, 7.5, 0.125, 7.875], "rotation": 270, "texture": "#1"}
			}
		},
		{
			"from": [3.9625, 5.5375, 0.59625],
			"to": [4.77, 7.96, 1.40375],
			"rotation": {"angle": 0, "axis": "y", "origin": [8, 7.55625, -6]},
			"faces": {
				"north": {"uv": [0, 7.5, 0.125, 7.875], "texture": "#1"},
				"east": {"uv": [0, 7.5, 0.125, 7.875], "texture": "#1"},
				"south": {"uv": [0, 7.5, 0.125, 7.875], "texture": "#1"},
				"west": {"uv": [0, 7.5, 0.125, 7.875], "texture": "#1"},
				"up": {"uv": [0, 7.5, 0.125, 7.625], "rotation": 90, "texture": "#1"},
				"down": {"uv": [0, 7.5, 0.125, 7.625], "rotation": 270, "texture": "#1"}
			}
		},
		{
			"from": [6.385, 5.5375, 0.59625],
			"to": [7.1925, 8.7675, 1.40375],
			"rotation": {"angle": 0, "axis": "y", "origin": [8, 7.55625, -6]},
			"faces": {
				"north": {"uv": [0, 7.5, 0.125, 8], "texture": "#1"},
				"east": {"uv": [0, 7.5, 0.125, 8], "texture": "#1"},
				"south": {"uv": [0, 7.5, 0.125, 8], "texture": "#1"},
				"west": {"uv": [0, 7.5, 0.125, 8], "texture": "#1"},
				"up": {"uv": [0, 7.5, 0.125, 7.625], "rotation": 90, "texture": "#1"},
				"down": {"uv": [0, 7.5, 0.125, 7.625], "rotation": 270, "texture": "#1"}
			}
		},
		{
			"from": [7.1925, 6.345, 0.59625],
			"to": [8, 7.1525, 1.40375],
			"rotation": {"angle": 0, "axis": "y", "origin": [8, 7.55625, -6]},
			"faces": {
				"north": {"uv": [0, 7.5, 0.125, 7.625], "texture": "#1"},
				"east": {"uv": [0, 7.5, 0.125, 7.625], "texture": "#1"},
				"south": {"uv": [0, 7.5, 0.125, 7.625], "texture": "#1"},
				"west": {"uv": [0, 7.5, 0.125, 7.625], "texture": "#1"},
				"up": {"uv": [0, 7.5, 0.125, 7.625], "rotation": 90, "texture": "#1"},
				"down": {"uv": [0, 7.5, 0.125, 7.625], "rotation": 270, "texture": "#1"}
			}
		},
		{
			"from": [8, 7.1525, 0.59625],
			"to": [8.8075, 7.96, 1.40375],
			"rotation": {"angle": 0, "axis": "y", "origin": [8, 7.55625, -6]},
			"faces": {
				"north": {"uv": [0, 7.5, 0.125, 7.625], "texture": "#1"},
				"east": {"uv": [0, 7.5, 0.125, 7.625], "texture": "#1"},
				"south": {"uv": [0, 7.5, 0.125, 7.625], "texture": "#1"},
				"west": {"uv": [0, 7.5, 0.125, 7.625], "texture": "#1"},
				"up": {"uv": [0, 7.5, 0.125, 7.625], "rotation": 90, "texture": "#1"},
				"down": {"uv": [0, 7.5, 0.125, 7.625], "rotation": 270, "texture": "#1"}
			}
		},
		{
			"from": [8.8075, 5.5375, 0.59625],
			"to": [9.615, 8.7675, 1.40375],
			"rotation": {"angle": 0, "axis": "y", "origin": [8, 7.55625, -6]},
			"faces": {
				"north": {"uv": [0, 7.5, 0.125, 8], "texture": "#1"},
				"east": {"uv": [0, 7.5, 0.125, 8], "texture": "#1"},
				"south": {"uv": [0, 7.5, 0.125, 8], "texture": "#1"},
				"west": {"uv": [0, 7.5, 0.125, 8], "texture": "#1"},
				"up": {"uv": [0, 7.5, 0.125, 7.625], "rotation": 90, "texture": "#1"},
				"down": {"uv": [0, 7.5, 0.125, 7.625], "rotation": 270, "texture": "#1"}
			}
		},
		{
			"from": [10.4225, 7.96, 0.59625],
			"to": [12.845, 8.7675, 1.40375],
			"rotation": {"angle": 0, "axis": "y", "origin": [8, 7.55625, -6]},
			"faces": {
				"north": {"uv": [0, 7.5, 0.375, 7.625], "texture": "#1"},
				"east": {"uv": [0, 7.5, 0.125, 7.625], "texture": "#1"},
				"south": {"uv": [0, 7.5, 0.375, 7.625], "texture": "#1"},
				"west": {"uv": [0, 7.5, 0.125, 7.625], "texture": "#1"},
				"up": {"uv": [0, 7.5, 0.125, 7.875], "rotation": 90, "texture": "#1"},
				"down": {"uv": [0, 7.5, 0.125, 7.875], "rotation": 270, "texture": "#1"}
			}
		},
		{
			"from": [11.23, 5.5375, 0.59625],
			"to": [12.0375, 7.96, 1.40375],
			"rotation": {"angle": 0, "axis": "y", "origin": [8, 7.55625, -6]},
			"faces": {
				"north": {"uv": [0, 7.5, 0.125, 7.875], "texture": "#1"},
				"east": {"uv": [0, 7.5, 0.125, 7.875], "texture": "#1"},
				"south": {"uv": [0, 7.5, 0.125, 7.875], "texture": "#1"},
				"west": {"uv": [0, 7.5, 0.125, 7.875], "texture": "#1"},
				"up": {"uv": [0, 7.5, 0.125, 7.625], "rotation": 90, "texture": "#1"},
				"down": {"uv": [0, 7.5, 0.125, 7.625], "rotation": 270, "texture": "#1"}
			}
		},
		{
			"from": [0.59625, 5.5375, 3.9625],
			"to": [1.40375, 7.96, 4.77],
			"rotation": {"angle": 0, "axis": "y", "origin": [8, 7.55625, -6]},
			"faces": {
				"north": {"uv": [0, 7.5, 0.125, 7.875], "texture": "#1"},
				"east": {"uv": [0, 7.5, 0.125, 7.875], "texture": "#1"},
				"south": {"uv": [0, 7.5, 0.125, 7.875], "texture": "#1"},
				"west": {"uv": [0, 7.5, 0.125, 7.875], "texture": "#1"},
				"up": {"uv": [0, 7.5, 0.125, 7.625], "texture": "#1"},
				"down": {"uv": [0, 7.5, 0.125, 7.625], "texture": "#1"}
			}
		},
		{
			"from": [14.59625, 5.5375, 3.9625],
			"to": [15.40375, 7.96, 4.77],
			"rotation": {"angle": 0, "axis": "y", "origin": [8, 7.55625, -6]},
			"faces": {
				"north": {"uv": [0, 7.5, 0.125, 7.875], "texture": "#1"},
				"east": {"uv": [0, 7.5, 0.125, 7.875], "texture": "#1"},
				"south": {"uv": [0, 7.5, 0.125, 7.875], "texture": "#1"},
				"west": {"uv": [0, 7.5, 0.125, 7.875], "texture": "#1"},
				"up": {"uv": [0, 7.5, 0.125, 7.625], "texture": "#1"},
				"down": {"uv": [0, 7.5, 0.125, 7.625], "texture": "#1"}
			}
		},
		{
			"from": [14.59625, 7.96, 3.155],
			"to": [15.40375, 8.7675, 5.5775],
			"rotation": {"angle": 0, "axis": "y", "origin": [8, 7.55625, -6]},
			"faces": {
				"north": {"uv": [0, 7.5, 0.125, 7.625], "texture": "#1"},
				"east": {"uv": [0, 7.5, 0.375, 7.625], "texture": "#1"},
				"south": {"uv": [0, 7.5, 0.125, 7.625], "texture": "#1"},
				"west": {"uv": [0, 7.5, 0.375, 7.625], "texture": "#1"},
				"up": {"uv": [0, 7.5, 0.125, 7.875], "texture": "#1"},
				"down": {"uv": [0, 7.5, 0.125, 7.875], "texture": "#1"}
			}
		},
		{
			"from": [14.59625, 7.1525, 8],
			"to": [15.40375, 7.96, 8.8075],
			"rotation": {"angle": 0, "axis": "y", "origin": [8, 7.55625, -6]},
			"faces": {
				"north": {"uv": [0.125, 7.5, 0, 7.625], "texture": "#1"},
				"east": {"uv": [0.125, 7.5, 0, 7.625], "texture": "#1"},
				"south": {"uv": [0.125, 7.5, 0, 7.625], "texture": "#1"},
				"west": {"uv": [0.125, 7.5, 0, 7.625], "texture": "#1"},
				"up": {"uv": [0, 7.625, 0.125, 7.5], "texture": "#1"},
				"down": {"uv": [0, 7.625, 0.125, 7.5], "texture": "#1"}
			}
		},
		{
			"from": [14.59625, 5.5375, 11.23],
			"to": [15.40375, 7.96, 12.0375],
			"rotation": {"angle": 0, "axis": "y", "origin": [8, 7.55625, -6]},
			"faces": {
				"north": {"uv": [0, 7.5, 0.125, 7.875], "texture": "#1"},
				"east": {"uv": [0, 7.5, 0.125, 7.875], "texture": "#1"},
				"south": {"uv": [0, 7.5, 0.125, 7.875], "texture": "#1"},
				"west": {"uv": [0, 7.5, 0.125, 7.875], "texture": "#1"},
				"up": {"uv": [0, 7.5, 0.125, 7.625], "texture": "#1"},
				"down": {"uv": [0, 7.5, 0.125, 7.625], "texture": "#1"}
			}
		},
		{
			"from": [14.59625, 7.96, 10.4225],
			"to": [15.40375, 8.7675, 12.845],
			"rotation": {"angle": 0, "axis": "y", "origin": [8, 7.55625, -6]},
			"faces": {
				"north": {"uv": [0, 7.5, 0.125, 7.625], "texture": "#1"},
				"east": {"uv": [0, 7.5, 0.375, 7.625], "texture": "#1"},
				"south": {"uv": [0, 7.5, 0.125, 7.625], "texture": "#1"},
				"west": {"uv": [0, 7.5, 0.375, 7.625], "texture": "#1"},
				"up": {"uv": [0, 7.5, 0.125, 7.875], "texture": "#1"},
				"down": {"uv": [0, 7.5, 0.125, 7.875], "texture": "#1"}
			}
		},
		{
			"from": [14.59625, 5.5375, 6.385],
			"to": [15.40375, 8.7675, 7.1925],
			"rotation": {"angle": 0, "axis": "y", "origin": [8, 7.55625, -6]},
			"faces": {
				"north": {"uv": [0, 7.5, 0.125, 8], "texture": "#1"},
				"east": {"uv": [0, 7.5, 0.125, 8], "texture": "#1"},
				"south": {"uv": [0, 7.5, 0.125, 8], "texture": "#1"},
				"west": {"uv": [0, 7.5, 0.125, 8], "texture": "#1"},
				"up": {"uv": [0, 7.5, 0.125, 7.625], "texture": "#1"},
				"down": {"uv": [0, 7.5, 0.125, 7.625], "texture": "#1"}
			}
		},
		{
			"from": [14.59625, 5.5375, 8.8075],
			"to": [15.40375, 8.7675, 9.615],
			"rotation": {"angle": 0, "axis": "y", "origin": [8, 7.55625, -6]},
			"faces": {
				"north": {"uv": [0, 7.5, 0.125, 8], "texture": "#1"},
				"east": {"uv": [0, 7.5, 0.125, 8], "texture": "#1"},
				"south": {"uv": [0, 7.5, 0.125, 8], "texture": "#1"},
				"west": {"uv": [0, 7.5, 0.125, 8], "texture": "#1"},
				"up": {"uv": [0, 7.5, 0.125, 7.625], "texture": "#1"},
				"down": {"uv": [0, 7.5, 0.125, 7.625], "texture": "#1"}
			}
		},
		{
			"from": [14.59625, 6.345, 7.1925],
			"to": [15.40375, 7.1525, 8],
			"rotation": {"angle": 0, "axis": "y", "origin": [8, 7.55625, -6]},
			"faces": {
				"north": {"uv": [0.125, 7.5, 0, 7.625], "texture": "#1"},
				"east": {"uv": [0.125, 7.5, 0, 7.625], "texture": "#1"},
				"south": {"uv": [0.125, 7.5, 0, 7.625], "texture": "#1"},
				"west": {"uv": [0.125, 7.5, 0, 7.625], "texture": "#1"},
				"up": {"uv": [0, 7.625, 0.125, 7.5], "texture": "#1"},
				"down": {"uv": [0, 7.625, 0.125, 7.5], "texture": "#1"}
			}
		},
		{
			"from": [11.23, 5.5375, 14.59625],
			"to": [12.0375, 7.96, 15.40375],
			"rotation": {"angle": 0, "axis": "y", "origin": [8, 7.55625, -6]},
			"faces": {
				"north": {"uv": [0, 7.5, 0.125, 7.875], "texture": "#1"},
				"east": {"uv": [0, 7.5, 0.125, 7.875], "texture": "#1"},
				"south": {"uv": [0, 7.5, 0.125, 7.875], "texture": "#1"},
				"west": {"uv": [0, 7.5, 0.125, 7.875], "texture": "#1"},
				"up": {"uv": [0, 7.5, 0.125, 7.625], "rotation": 90, "texture": "#1"},
				"down": {"uv": [0, 7.5, 0.125, 7.625], "rotation": 270, "texture": "#1"}
			}
		},
		{
			"from": [10.4225, 7.96, 14.59625],
			"to": [12.845, 8.7675, 15.40375],
			"rotation": {"angle": 0, "axis": "y", "origin": [8, 7.55625, -6]},
			"faces": {
				"north": {"uv": [0, 7.5, 0.375, 7.625], "texture": "#1"},
				"east": {"uv": [0, 7.5, 0.125, 7.625], "texture": "#1"},
				"south": {"uv": [0, 7.5, 0.375, 7.625], "texture": "#1"},
				"west": {"uv": [0, 7.5, 0.125, 7.625], "texture": "#1"},
				"up": {"uv": [0, 7.5, 0.125, 7.875], "rotation": 90, "texture": "#1"},
				"down": {"uv": [0, 7.5, 0.125, 7.875], "rotation": 270, "texture": "#1"}
			}
		},
		{
			"from": [8, 6.54, 14.59625],
			"to": [8.8075, 7.3475, 15.40375],
			"rotation": {"angle": 0, "axis": "y", "origin": [8, 8.8475, 1]},
			"faces": {
				"north": {"uv": [0, 7.625, 0.125, 7.5], "texture": "#1"},
				"east": {"uv": [0, 7.625, 0.125, 7.5], "texture": "#1"},
				"south": {"uv": [0, 7.625, 0.125, 7.5], "texture": "#1"},
				"west": {"uv": [0, 7.625, 0.125, 7.5], "texture": "#1"},
				"up": {"uv": [0.125, 7.5, 0, 7.625], "rotation": 270, "texture": "#1"},
				"down": {"uv": [0.125, 7.5, 0, 7.625], "rotation": 90, "texture": "#1"}
			}
		},
		{
			"from": [3.9625, 5.5375, 14.59625],
			"to": [4.77, 7.96, 15.40375],
			"rotation": {"angle": 0, "axis": "y", "origin": [8, 7.55625, -6]},
			"faces": {
				"north": {"uv": [0, 7.5, 0.125, 7.875], "texture": "#1"},
				"east": {"uv": [0, 7.5, 0.125, 7.875], "texture": "#1"},
				"south": {"uv": [0, 7.5, 0.125, 7.875], "texture": "#1"},
				"west": {"uv": [0, 7.5, 0.125, 7.875], "texture": "#1"},
				"up": {"uv": [0, 7.5, 0.125, 7.625], "rotation": 90, "texture": "#1"},
				"down": {"uv": [0, 7.5, 0.125, 7.625], "rotation": 270, "texture": "#1"}
			}
		},
		{
			"from": [3.155, 7.96, 14.59625],
			"to": [5.5775, 8.7675, 15.40375],
			"rotation": {"angle": 0, "axis": "y", "origin": [8, 7.55625, -6]},
			"faces": {
				"north": {"uv": [0, 7.5, 0.375, 7.625], "texture": "#1"},
				"east": {"uv": [0, 7.5, 0.125, 7.625], "texture": "#1"},
				"south": {"uv": [0, 7.5, 0.375, 7.625], "texture": "#1"},
				"west": {"uv": [0, 7.5, 0.125, 7.625], "texture": "#1"},
				"up": {"uv": [0, 7.5, 0.125, 7.875], "rotation": 90, "texture": "#1"},
				"down": {"uv": [0, 7.5, 0.125, 7.875], "rotation": 270, "texture": "#1"}
			}
		},
		{
			"from": [8.8075, 5.5375, 14.59625],
			"to": [9.615, 8.7675, 15.40375],
			"rotation": {"angle": 0, "axis": "y", "origin": [8, 7.55625, -6]},
			"faces": {
				"north": {"uv": [0, 7.5, 0.125, 8], "texture": "#1"},
				"east": {"uv": [0, 7.5, 0.125, 8], "texture": "#1"},
				"south": {"uv": [0, 7.5, 0.125, 8], "texture": "#1"},
				"west": {"uv": [0, 7.5, 0.125, 8], "texture": "#1"},
				"up": {"uv": [0, 7.5, 0.125, 7.625], "rotation": 90, "texture": "#1"},
				"down": {"uv": [0, 7.5, 0.125, 7.625], "rotation": 270, "texture": "#1"}
			}
		},
		{
			"from": [6.385, 5.5375, 14.59625],
			"to": [7.1925, 8.7675, 15.40375],
			"rotation": {"angle": 0, "axis": "y", "origin": [8, 7.55625, -6]},
			"faces": {
				"north": {"uv": [0, 7.5, 0.125, 8], "texture": "#1"},
				"east": {"uv": [0, 7.5, 0.125, 8], "texture": "#1"},
				"south": {"uv": [0, 7.5, 0.125, 8], "texture": "#1"},
				"west": {"uv": [0, 7.5, 0.125, 8], "texture": "#1"},
				"up": {"uv": [0, 7.5, 0.125, 7.625], "rotation": 90, "texture": "#1"},
				"down": {"uv": [0, 7.5, 0.125, 7.625], "rotation": 270, "texture": "#1"}
			}
		},
		{
			"from": [7.1925, 7.3475, 14.59625],
			"to": [8, 8.155, 15.40375],
			"rotation": {"angle": 0, "axis": "y", "origin": [8, 8.8475, 1]},
			"faces": {
				"north": {"uv": [0, 7.625, 0.125, 7.5], "texture": "#1"},
				"east": {"uv": [0, 7.625, 0.125, 7.5], "texture": "#1"},
				"south": {"uv": [0, 7.625, 0.125, 7.5], "texture": "#1"},
				"west": {"uv": [0, 7.625, 0.125, 7.5], "texture": "#1"},
				"up": {"uv": [0.125, 7.5, 0, 7.625], "rotation": 270, "texture": "#1"},
				"down": {"uv": [0.125, 7.5, 0, 7.625], "rotation": 90, "texture": "#1"}
			}
		},
		{
			"from": [-1, 0, 13],
			"to": [3, 15, 17],
			"rotation": {"angle": 0, "axis": "y", "origin": [14.5, 0, -28.5]},
			"faces": {
				"north": {"uv": [1.75, 3.5, 2.25, 5.375], "texture": "#1"},
				"east": {"uv": [3.5, 1.75, 4, 3.625], "texture": "#1"},
				"south": {"uv": [2.25, 3.5, 2.75, 5.375], "texture": "#1"},
				"west": {"uv": [2.75, 3.5, 3.25, 5.375], "texture": "#1"},
				"up": {"uv": [5.75, 0.5, 5.25, 0], "texture": "#1"},
				"down": {"uv": [5.75, 0.5, 5.25, 1], "texture": "#1"}
			}
		},
		{
			"from": [-1, 0, -1],
			"to": [3, 15, 3],
			"rotation": {"angle": 0, "axis": "y", "origin": [14.5, 0, 16.5]},
			"faces": {
				"north": {"uv": [3.25, 3.625, 3.75, 5.5], "texture": "#1"},
				"east": {"uv": [3.75, 3.625, 4.25, 5.5], "texture": "#1"},
				"south": {"uv": [4, 1.75, 4.5, 3.625], "texture": "#1"},
				"west": {"uv": [4.25, 3.625, 4.75, 5.5], "texture": "#1"},
				"up": {"uv": [5.75, 1.5, 5.25, 1], "texture": "#1"},
				"down": {"uv": [2.5, 5.375, 2, 5.875], "texture": "#1"}
			}
		},
		{
			"from": [13, 0, -1],
			"to": [17, 15, 3],
			"rotation": {"angle": 0, "axis": "y", "origin": [1.5, 0, 16.5]},
			"faces": {
				"north": {"uv": [0.5, 5.25, 1, 7.125], "texture": "#1"},
				"east": {"uv": [1, 5.25, 1.5, 7.125], "texture": "#1"},
				"south": {"uv": [5.25, 3.625, 5.75, 5.5], "texture": "#1"},
				"west": {"uv": [1.5, 5.375, 2, 7.25], "texture": "#1"},
				"up": {"uv": [6, 2.5, 5.5, 2], "texture": "#1"},
				"down": {"uv": [6, 2.5, 5.5, 3], "texture": "#1"}
			}
		},
		{
			"from": [13, 0, 13],
			"to": [17, 15, 17],
			"rotation": {"angle": 0, "axis": "y", "origin": [1.5, 0, -28.5]},
			"faces": {
				"north": {"uv": [4.5, 1.75, 5, 3.625], "texture": "#1"},
				"east": {"uv": [4.75, 3.625, 5.25, 5.5], "texture": "#1"},
				"south": {"uv": [5, 1.75, 5.5, 3.625], "texture": "#1"},
				"west": {"uv": [0, 5.25, 0.5, 7.125], "texture": "#1"},
				"up": {"uv": [3, 5.875, 2.5, 5.375], "texture": "#1"},
				"down": {"uv": [6, 1.5, 5.5, 2], "texture": "#1"}
			}
		},
		{
			"from": [6, 14, 6],
			"to": [10, 16, 10],
			"rotation": {"angle": 0, "axis": "y", "origin": [7, 0, -7]},
			"faces": {
				"north": {"uv": [3.5, 5.5, 4, 5.75], "texture": "#1"},
				"east": {"uv": [4, 5.5, 4.5, 5.75], "texture": "#1"},
				"south": {"uv": [4.5, 5.5, 5, 5.75], "texture": "#1"},
				"west": {"uv": [5, 5.5, 5.5, 5.75], "texture": "#1"},
				"up": {"uv": [3.5, 6, 3, 5.5], "texture": "#1"},
				"down": {"uv": [6, 3, 5.5, 3.5], "texture": "#1"}
			}
		},
		{
			"from": [1, 0, 1],
			"to": [15, 14, 15],
			"rotation": {"angle": 0, "axis": "y", "origin": [0, 0, -14]},
			"faces": {
				"north": {"uv": [0, 0, 1.75, 1.75], "texture": "#1"},
				"east": {"uv": [0, 1.75, 1.75, 3.5], "texture": "#1"},
				"south": {"uv": [1.75, 0, 3.5, 1.75], "texture": "#1"},
				"west": {"uv": [1.75, 1.75, 3.5, 3.5], "texture": "#1"},
				"up": {"uv": [1.75, 5.25, 0, 3.5], "texture": "#1"},
				"down": {"uv": [5.25, 0, 3.5, 1.75], "texture": "#1"}
			}
		}
	],
	"display": {
		"thirdperson_righthand": {
			"rotation": [75, 45, 0],
			"translation": [0, 2.5, 0],
			"scale": [0.375, 0.375, 0.375]
		},
		"thirdperson_lefthand": {
			"rotation": [75, 45, 0],
			"translation": [0, 2.5, 0],
			"scale": [0.375, 0.375, 0.375]
		},
		"firstperson_righthand": {
			"rotation": [0, 45, 0],
			"scale": [0.4, 0.4, 0.4]
		},
		"firstperson_lefthand": {
			"rotation": [0, 225, 0],
			"scale": [0.4, 0.4, 0.4]
		},
		"ground": {
			"translation": [0, 3, 0],
			"scale": [0.25, 0.25, 0.25]
		},
		"gui": {
			"rotation": [30, 225, 0],
			"scale": [0.5, 0.5, 0.5]
		},
		"head": {
			"translation": [0, -30.5, 0],
			"scale": [1.6, 1.6, 1.6]
		},
		"fixed": {
			"scale": [0.5, 0.5, 0.5]
		}
	},
	"groups": [
		0,
		1,
		{
			"name": "group",
			"origin": [8, 8, 8],
			"color": 0,
			"nbt": "{}",
			"children": [2, 3, 4, 5, 6, 7, 8, 9, 10, 11, 12, 13, 14, 15, 16, 17, 18, 19, 20, 21, 22, 23, 24, 25, 26, 27, 28, 29, 30, 31, 32, 33, 34, 35, 36, 37, 38, 39]
		},
		{
			"name": "group",
			"origin": [7.95, 0, -22],
			"color": 0,
			"nbt": "{}",
			"children": [
				{
					"name": "text",
					"origin": [-0.05, 0, -14],
					"color": 0,
					"nbt": "{}",
					"children": [40, 41, 42, 43, 44, 45, 46, 47, 48, 49, 50, 51, 52, 53, 54, 55, 56, 57, 58, 59, 60, 61, 62, 63, 64, 65, 66, 67, 68, 69, 70, 71]
				},
				{
					"name": "rods",
					"origin": [7.95, 0, -22],
					"color": 0,
					"nbt": "{}",
					"children": [72, 73, 74, 75, 76]
				},
				77
			]
		}
	]
}