{
	"texture_size": [32, 32],
	"textures": {
		"0": "item/blade",
		"5": "item/drone_wheat",
		"particle": "item/blade"
	},
	"elements": [
		{
			"from": [1.25, 8, -0.75],
			"to": [2.25, 9, 4.25],
			"rotation": {"angle": 0, "axis": "y", "origin": [1.25, 3, -0.75]},
			"faces": {
				"north": {"uv": [0, 0, 5, 1], "texture": "#0"},
				"east": {"uv": [0, 0, 5, 1], "texture": "#0"},
				"south": {"uv": [0, 0, 5, 1], "texture": "#0"},
				"west": {"uv": [0, 0, 5, 1], "texture": "#0"},
				"up": {"uv": [0, 0, 5, 1], "texture": "#0"},
				"down": {"uv": [0, 0, 5, 1], "texture": "#0"}
			}
		},
		{
			"from": [14.75, 7, 3.25],
			"to": [15.25, 8, 3.75],
			"rotation": {"angle": 45, "axis": "y", "origin": [12.5, 6.5, 3.5]},
			"faces": {
				"north": {"uv": [5, 15, 5.5, 15.5], "texture": "#5"},
				"east": {"uv": [15, 5, 15.5, 5.5], "texture": "#5"},
				"south": {"uv": [5.5, 15, 6, 15.5], "texture": "#5"},
				"west": {"uv": [15, 5.5, 15.5, 6], "texture": "#5"},
				"up": {"uv": [6.5, 15.5, 6, 15], "texture": "#5"},
				"down": {"uv": [15.5, 6, 15, 6.5], "texture": "#5"}
			}
		},
		{
			"from": [10.5, 6, 3],
			"to": [15.5, 7, 4],
			"rotation": {"angle": 45, "axis": "y", "origin": [12.5, 6.5, 3.5]},
			"faces": {
				"north": {"uv": [0.5, 10, 3, 10.5], "texture": "#5"},
				"east": {"uv": [4.5, 15, 5, 15.5], "texture": "#5"},
				"south": {"uv": [10, 0.5, 12.5, 1], "texture": "#5"},
				"west": {"uv": [15, 4.5, 15.5, 5], "texture": "#5"},
				"up": {"uv": [12, 10.5, 9.5, 10], "texture": "#5"},
				"down": {"uv": [3, 10.5, 0.5, 11], "texture": "#5"}
			}
		},
		{
			"from": [13.75, 8, -0.75],
			"to": [14.75, 9, 4.25],
			"rotation": {"angle": 45, "axis": "y", "origin": [14.25, 8.5, 1.75]},
			"faces": {
				"north": {"uv": [5, 1, 0, 2], "texture": "#0"},
				"east": {"uv": [5, 1, 0, 2], "texture": "#0"},
				"south": {"uv": [5, 1, 0, 2], "texture": "#0"},
				"west": {"uv": [5, 1, 0, 2], "texture": "#0"},
				"up": {"uv": [5, 1, 0, 2], "texture": "#0"},
				"down": {"uv": [5, 1, 0, 2], "texture": "#0"}
			}
		},
		{
			"from": [11.75, 8, 1.25],
			"to": [16.75, 9, 2.25],
			"rotation": {"angle": 45, "axis": "y", "origin": [14.25, 8.5, 1.75]},
			"faces": {
				"north": {"uv": [5, 4, 0, 5], "texture": "#0"},
				"east": {"uv": [5, 4, 0, 5], "texture": "#0"},
				"south": {"uv": [5, 4, 0, 5], "texture": "#0"},
				"west": {"uv": [5, 4, 0, 5], "texture": "#0"},
				"up": {"uv": [5, 4, 0, 5], "texture": "#0"},
				"down": {"uv": [5, 4, 0, 5], "texture": "#0"}
			}
		},
		{
			"from": [11.75, 8, 1.25],
			"to": [16.75, 9, 2.25],
			"rotation": {"angle": 0, "axis": "y", "origin": [14.25, 8.5, 1.75]},
			"faces": {
				"north": {"uv": [5, 2, 0, 3], "texture": "#0"},
				"east": {"uv": [5, 2, 0, 3], "texture": "#0"},
				"south": {"uv": [5, 2, 0, 3], "texture": "#0"},
				"west": {"uv": [5, 2, 0, 3], "texture": "#0"},
				"up": {"uv": [5, 2, 0, 3], "texture": "#0"},
				"down": {"uv": [5, 2, 0, 3], "texture": "#0"}
			}
		},
		{
			"from": [13.75, 8, -0.75],
			"to": [14.75, 9, 4.25],
			"rotation": {"angle": 0, "axis": "y", "origin": [14.75, 3, -0.75]},
			"faces": {
				"north": {"uv": [5, 0, 0, 1], "texture": "#0"},
				"east": {"uv": [5, 0, 0, 1], "texture": "#0"},
				"south": {"uv": [5, 0, 0, 1], "texture": "#0"},
				"west": {"uv": [5, 0, 0, 1], "texture": "#0"},
				"up": {"uv": [5, 0, 0, 1], "texture": "#0"},
				"down": {"uv": [5, 0, 0, 1], "texture": "#0"}
			}
		},
		{
			"from": [0.75, 7, 12.25],
			"to": [1.25, 8, 12.75],
			"rotation": {"angle": 45, "axis": "y", "origin": [3.5, 6.5, 12.5]},
			"faces": {
				"north": {"uv": [9, 15, 9.5, 15.5], "texture": "#5"},
				"east": {"uv": [15, 9, 15.5, 9.5], "texture": "#5"},
				"south": {"uv": [9.5, 15, 10, 15.5], "texture": "#5"},
				"west": {"uv": [15, 9.5, 15.5, 10], "texture": "#5"},
				"up": {"uv": [10.5, 15.5, 10, 15], "texture": "#5"},
				"down": {"uv": [15.5, 10, 15, 10.5], "texture": "#5"}
			}
		},
		{
			"from": [0.5, 6, 12],
			"to": [5.5, 7, 13],
			"rotation": {"angle": 45, "axis": "y", "origin": [3.5, 6.5, 12.5]},
			"faces": {
				"north": {"uv": [11, 5, 13.5, 5.5], "texture": "#5"},
				"east": {"uv": [8.5, 15, 9, 15.5], "texture": "#5"},
				"south": {"uv": [11, 5.5, 13.5, 6], "texture": "#5"},
				"west": {"uv": [15, 8.5, 15.5, 9], "texture": "#5"},
				"up": {"uv": [11, 11.5, 8.5, 11], "texture": "#5"},
				"down": {"uv": [13.5, 11, 11, 11.5], "texture": "#5"}
			}
		},
		{
			"from": [-0.75, 8, 13.75],
			"to": [4.25, 9, 14.75],
			"rotation": {"angle": 0, "axis": "y", "origin": [1.75, 8.5, 14.25]},
			"faces": {
				"north": {"uv": [5, 2, 0, 3], "texture": "#0"},
				"east": {"uv": [5, 2, 0, 3], "texture": "#0"},
				"south": {"uv": [5, 2, 0, 3], "texture": "#0"},
				"west": {"uv": [5, 2, 0, 3], "texture": "#0"},
				"up": {"uv": [0, 3, 5, 2], "texture": "#0"},
				"down": {"uv": [0, 3, 5, 2], "texture": "#0"}
			}
		},
		{
			"from": [1.25, 8, 11.75],
			"to": [2.25, 9, 16.75],
			"rotation": {"angle": 45, "axis": "y", "origin": [1.75, 8.5, 14.25]},
			"faces": {
				"north": {"uv": [5, 1, 0, 2], "texture": "#0"},
				"east": {"uv": [5, 1, 0, 2], "texture": "#0"},
				"south": {"uv": [5, 1, 0, 2], "texture": "#0"},
				"west": {"uv": [5, 1, 0, 2], "texture": "#0"},
				"up": {"uv": [0, 2, 5, 1], "texture": "#0"},
				"down": {"uv": [0, 2, 5, 1], "texture": "#0"}
			}
		},
		{
			"from": [-0.75, 8, 13.75],
			"to": [4.25, 9, 14.75],
			"rotation": {"angle": 45, "axis": "y", "origin": [1.75, 8.5, 14.25]},
			"faces": {
				"north": {"uv": [5, 4, 0, 5], "texture": "#0"},
				"east": {"uv": [5, 4, 0, 5], "texture": "#0"},
				"south": {"uv": [5, 4, 0, 5], "texture": "#0"},
				"west": {"uv": [5, 4, 0, 5], "texture": "#0"},
				"up": {"uv": [0, 5, 5, 4], "texture": "#0"},
				"down": {"uv": [0, 5, 5, 4], "texture": "#0"}
			}
		},
		{
			"from": [1.25, 8, 11.75],
			"to": [2.25, 9, 16.75],
			"rotation": {"angle": 0, "axis": "y", "origin": [1.25, 3, 16.75]},
			"faces": {
				"north": {"uv": [5, 0, 0, 1], "texture": "#0"},
				"east": {"uv": [5, 0, 0, 1], "texture": "#0"},
				"south": {"uv": [5, 0, 0, 1], "texture": "#0"},
				"west": {"uv": [5, 0, 0, 1], "texture": "#0"},
				"up": {"uv": [0, 1, 5, 0], "texture": "#0"},
				"down": {"uv": [0, 1, 5, 0], "texture": "#0"}
			}
		},
		{
			"from": [14.75, 7, 12.25],
			"to": [15.25, 8, 12.75],
			"rotation": {"angle": -45, "axis": "y", "origin": [12.5, 6.5, 12.5]},
			"faces": {
				"north": {"uv": [7, 15, 7.5, 15.5], "texture": "#5"},
				"east": {"uv": [15, 7, 15.5, 7.5], "texture": "#5"},
				"south": {"uv": [7.5, 15, 8, 15.5], "texture": "#5"},
				"west": {"uv": [15, 7.5, 15.5, 8], "texture": "#5"},
				"up": {"uv": [8.5, 15.5, 8, 15], "texture": "#5"},
				"down": {"uv": [15.5, 8, 15, 8.5], "texture": "#5"}
			}
		},
		{
			"from": [10.5, 6, 12],
			"to": [15.5, 7, 13],
			"rotation": {"angle": -45, "axis": "y", "origin": [12.5, 6.5, 12.5]},
			"faces": {
				"north": {"uv": [10.5, 1, 13, 1.5], "texture": "#5"},
				"east": {"uv": [6.5, 15, 7, 15.5], "texture": "#5"},
				"south": {"uv": [10.5, 1.5, 13, 2], "texture": "#5"},
				"west": {"uv": [15, 6.5, 15.5, 7], "texture": "#5"},
				"up": {"uv": [12, 11, 9.5, 10.5], "texture": "#5"},
				"down": {"uv": [3, 11, 0.5, 11.5], "texture": "#5"}
			}
		},
		{
			"from": [13.75, 8, 11.75],
			"to": [14.75, 9, 16.75],
			"rotation": {"angle": -45, "axis": "y", "origin": [14.25, 8.5, 14.25]},
			"faces": {
				"north": {"uv": [0, 1, 5, 2], "texture": "#0"},
				"east": {"uv": [0, 1, 5, 2], "texture": "#0"},
				"south": {"uv": [0, 1, 5, 2], "texture": "#0"},
				"west": {"uv": [0, 1, 5, 2], "texture": "#0"},
				"up": {"uv": [5, 2, 0, 1], "texture": "#0"},
				"down": {"uv": [5, 2, 0, 1], "texture": "#0"}
			}
		},
		{
			"from": [11.75, 8, 13.75],
			"to": [16.75, 9, 14.75],
			"rotation": {"angle": -45, "axis": "y", "origin": [14.25, 8.5, 14.25]},
			"faces": {
				"north": {"uv": [0, 4, 5, 5], "texture": "#0"},
				"east": {"uv": [0, 4, 5, 5], "texture": "#0"},
				"south": {"uv": [0, 4, 5, 5], "texture": "#0"},
				"west": {"uv": [0, 4, 5, 5], "texture": "#0"},
				"up": {"uv": [5, 5, 0, 4], "texture": "#0"},
				"down": {"uv": [5, 5, 0, 4], "texture": "#0"}
			}
		},
		{
			"from": [11.75, 8, 13.75],
			"to": [16.75, 9, 14.75],
			"rotation": {"angle": 0, "axis": "y", "origin": [14.25, 8.5, 14.25]},
			"faces": {
				"north": {"uv": [0, 2, 5, 3], "texture": "#0"},
				"east": {"uv": [0, 2, 5, 3], "texture": "#0"},
				"south": {"uv": [0, 2, 5, 3], "texture": "#0"},
				"west": {"uv": [0, 2, 5, 3], "texture": "#0"},
				"up": {"uv": [5, 3, 0, 2], "texture": "#0"},
				"down": {"uv": [5, 3, 0, 2], "texture": "#0"}
			}
		},
		{
			"from": [13.75, 8, 11.75],
			"to": [14.75, 9, 16.75],
			"rotation": {"angle": 0, "axis": "y", "origin": [14.75, 3, 16.75]},
			"faces": {
				"north": {"uv": [0, 0, 5, 1], "texture": "#0"},
				"east": {"uv": [0, 0, 5, 1], "texture": "#0"},
				"south": {"uv": [0, 0, 5, 1], "texture": "#0"},
				"west": {"uv": [0, 0, 5, 1], "texture": "#0"},
				"up": {"uv": [5, 1, 0, 0], "texture": "#0"},
				"down": {"uv": [5, 1, 0, 0], "texture": "#0"}
			}
		},
		{
			"from": [-0.75, 8, 1.25],
			"to": [4.25, 9, 2.25],
			"rotation": {"angle": 0, "axis": "y", "origin": [1.75, 8.5, 1.75]},
			"faces": {
				"north": {"uv": [0, 2, 5, 3], "texture": "#0"},
				"east": {"uv": [0, 2, 5, 3], "texture": "#0"},
				"south": {"uv": [0, 2, 5, 3], "texture": "#0"},
				"west": {"uv": [0, 2, 5, 3], "texture": "#0"},
				"up": {"uv": [0, 2, 5, 3], "texture": "#0"},
				"down": {"uv": [0, 2, 5, 3], "texture": "#0"}
			}
		},
		{
			"from": [-0.75, 8, 1.25],
			"to": [4.25, 9, 2.25],
			"rotation": {"angle": -45, "axis": "y", "origin": [1.75, 8.5, 1.75]},
			"faces": {
				"north": {"uv": [0, 4, 5, 5], "texture": "#0"},
				"east": {"uv": [0, 4, 5, 5], "texture": "#0"},
				"south": {"uv": [0, 4, 5, 5], "texture": "#0"},
				"west": {"uv": [0, 4, 5, 5], "texture": "#0"},
				"up": {"uv": [0, 4, 5, 5], "texture": "#0"},
				"down": {"uv": [0, 4, 5, 5], "texture": "#0"}
			}
		},
		{
			"from": [1.25, 8, -0.75],
			"to": [2.25, 9, 4.25],
			"rotation": {"angle": -45, "axis": "y", "origin": [1.75, 8.5, 1.75]},
			"faces": {
				"north": {"uv": [0, 1, 5, 2], "texture": "#0"},
				"east": {"uv": [0, 1, 5, 2], "texture": "#0"},
				"south": {"uv": [0, 1, 5, 2], "texture": "#0"},
				"west": {"uv": [0, 1, 5, 2], "texture": "#0"},
				"up": {"uv": [0, 1, 5, 2], "texture": "#0"},
				"down": {"uv": [0, 1, 5, 2], "texture": "#0"}
			}
		},
		{
			"from": [4.5, 5, 4],
			"to": [11.5, 10, 12],
			"rotation": {"angle": 0, "axis": "y", "origin": [1.5, 0, -3]},
			"faces": {
				"north": {"uv": [0, 6.5, 3.5, 9], "texture": "#5"},
				"east": {"uv": [0, 4, 4, 6.5], "texture": "#5"},
				"south": {"uv": [3.5, 6.5, 7, 9], "texture": "#5"},
				"west": {"uv": [4, 4, 8, 6.5], "texture": "#5"},
				"up": {"uv": [3.5, 4, 0, 0], "texture": "#5"},
				"down": {"uv": [7, 0, 3.5, 4], "texture": "#5"}
			}
		},
		{
			"from": [5.5, 4, 7.75],
			"to": [6.5, 5, 8.75],
			"rotation": {"angle": 0, "axis": "y", "origin": [3, 0, -3.25]},
			"faces": {
				"north": {"uv": [14.5, 7, 15, 7.5], "texture": "#5"},
				"east": {"uv": [7.5, 14.5, 8, 15], "texture": "#5"},
				"south": {"uv": [14.5, 7.5, 15, 8], "texture": "#5"},
				"west": {"uv": [8, 14.5, 8.5, 15], "texture": "#5"},
				"up": {"uv": [15, 8.5, 14.5, 8], "texture": "#5"},
				"down": {"uv": [9, 14.5, 8.5, 15], "texture": "#5"}
			}
		},
		{
			"from": [5.84462, 3.26746, 7.75],
			"to": [6.84462, 4.26746, 8.75],
			"rotation": {"angle": 22.5, "axis": "z", "origin": [6.34462, 3.26746, 8.25]},
			"faces": {
				"north": {"uv": [14.5, 8.5, 15, 9], "texture": "#5"},
				"east": {"uv": [9, 14.5, 9.5, 15], "texture": "#5"},
				"south": {"uv": [14.5, 9, 15, 9.5], "texture": "#5"},
				"west": {"uv": [9.5, 14.5, 10, 15], "texture": "#5"},
				"up": {"uv": [15, 10, 14.5, 9.5], "texture": "#5"},
				"down": {"uv": [10.5, 14.5, 10, 15], "texture": "#5"}
			}
		},
		{
			"from": [6.70501, 1.94827, 7.75],
			"to": [7.70501, 2.94827, 8.75],
			"rotation": {"angle": -22.5, "axis": "z", "origin": [7.70501, 2.44827, 8.25]},
			"faces": {
				"north": {"uv": [14.5, 10, 15, 10.5], "texture": "#5"},
				"east": {"uv": [10.5, 14.5, 11, 15], "texture": "#5"},
				"south": {"uv": [14.5, 10.5, 15, 11], "texture": "#5"},
				"west": {"uv": [11, 14.5, 11.5, 15], "texture": "#5"},
				"up": {"uv": [15, 11.5, 14.5, 11], "texture": "#5"},
				"down": {"uv": [12, 14.5, 11.5, 15], "texture": "#5"}
			}
		},
		{
			"from": [9.5, 4, 7.5],
			"to": [10.5, 5, 8.5],
			"rotation": {"angle": 0, "axis": "y", "origin": [13, 0, -3.5]},
			"faces": {
				"north": {"uv": [14.5, 11.5, 15, 12], "texture": "#5"},
				"east": {"uv": [12, 14.5, 12.5, 15], "texture": "#5"},
				"south": {"uv": [14.5, 12, 15, 12.5], "texture": "#5"},
				"west": {"uv": [12.5, 14.5, 13, 15], "texture": "#5"},
				"up": {"uv": [15, 13, 14.5, 12.5], "texture": "#5"},
				"down": {"uv": [13.5, 14.5, 13, 15], "texture": "#5"}
			}
		},
		{
			"from": [9.15538, 3.26746, 7.5],
			"to": [10.15538, 4.26746, 8.5],
			"rotation": {"angle": -22.5, "axis": "z", "origin": [9.65538, 3.26746, 8]},
			"faces": {
				"north": {"uv": [14.5, 13, 15, 13.5], "texture": "#5"},
				"east": {"uv": [13.5, 14.5, 14, 15], "texture": "#5"},
				"south": {"uv": [14.5, 13.5, 15, 14], "texture": "#5"},
				"west": {"uv": [14, 14.5, 14.5, 15], "texture": "#5"},
				"up": {"uv": [15, 14.5, 14.5, 14], "texture": "#5"},
				"down": {"uv": [15, 14.5, 14.5, 15], "texture": "#5"}
			}
		},
		{
			"from": [8.55666, 2.72257, 7.5],
			"to": [9.55666, 3.72257, 8.5],
			"rotation": {"angle": -45, "axis": "z", "origin": [9.05666, 2.72257, 8]},
			"faces": {
				"north": {"uv": [0, 15, 0.5, 15.5], "texture": "#5"},
				"east": {"uv": [15, 0, 15.5, 0.5], "texture": "#5"},
				"south": {"uv": [0.5, 15, 1, 15.5], "texture": "#5"},
				"west": {"uv": [15, 0.5, 15.5, 1], "texture": "#5"},
				"up": {"uv": [1.5, 15.5, 1, 15], "texture": "#5"},
				"down": {"uv": [15.5, 1, 15, 1.5], "texture": "#5"}
			}
		},
		{
			"from": [6.44334, 2.72257, 7.75],
			"to": [7.44334, 3.72257, 8.75],
			"rotation": {"angle": 45, "axis": "z", "origin": [6.94334, 2.72257, 8.25]},
			"faces": {
				"north": {"uv": [1.5, 15, 2, 15.5], "texture": "#5"},
				"east": {"uv": [15, 1.5, 15.5, 2], "texture": "#5"},
				"south": {"uv": [2, 15, 2.5, 15.5], "texture": "#5"},
				"west": {"uv": [15, 2, 15.5, 2.5], "texture": "#5"},
				"up": {"uv": [3, 15.5, 2.5, 15], "texture": "#5"},
				"down": {"uv": [15.5, 2.5, 15, 3], "texture": "#5"}
			}
		},
		{
			"from": [8.29499, 1.94827, 7.5],
			"to": [9.29499, 2.94827, 8.5],
			"rotation": {"angle": 22.5, "axis": "z", "origin": [8.29499, 2.44827, 8]},
			"faces": {
				"north": {"uv": [3, 15, 3.5, 15.5], "texture": "#5"},
				"east": {"uv": [15, 3, 15.5, 3.5], "texture": "#5"},
				"south": {"uv": [3.5, 15, 4, 15.5], "texture": "#5"},
				"west": {"uv": [15, 3.5, 15.5, 4], "texture": "#5"},
				"up": {"uv": [4.5, 15.5, 4, 15], "texture": "#5"},
				"down": {"uv": [15.5, 4, 15, 4.5], "texture": "#5"}
			}
		},
		{
			"from": [0.5, 6, 3],
			"to": [5.5, 7, 4],
			"rotation": {"angle": -45, "axis": "y", "origin": [3.5, 6.5, 3.5]},
			"faces": {
				"north": {"uv": [9.5, 8.5, 12, 9], "texture": "#5"},
				"east": {"uv": [14.5, 5, 15, 5.5], "texture": "#5"},
				"south": {"uv": [9.5, 9, 12, 9.5], "texture": "#5"},
				"west": {"uv": [5.5, 14.5, 6, 15], "texture": "#5"},
				"up": {"uv": [12, 10, 9.5, 9.5], "texture": "#5"},
				"down": {"uv": [12.5, 0, 10, 0.5], "texture": "#5"}
			}
		},
		{
			"from": [0.75, 7, 3.25],
			"to": [1.25, 8, 3.75],
			"rotation": {"angle": -45, "axis": "y", "origin": [3.5, 6.5, 3.5]},
			"faces": {
				"north": {"uv": [14.5, 5.5, 15, 6], "texture": "#5"},
				"east": {"uv": [6, 14.5, 6.5, 15], "texture": "#5"},
				"south": {"uv": [14.5, 6, 15, 6.5], "texture": "#5"},
				"west": {"uv": [6.5, 14.5, 7, 15], "texture": "#5"},
				"up": {"uv": [15, 7, 14.5, 6.5], "texture": "#5"},
				"down": {"uv": [7.5, 14.5, 7, 15], "texture": "#5"}
			}
		},
		{
			"name": "wheat_0",
			"from": [8.05, 2.25, 4.25],
			"to": [8.45, 2.75, 9.75],
			"rotation": {"angle": 22.5, "axis": "x", "origin": [8.25, 3.75, 4.25]},
			"faces": {
				"north": {"uv": [4.5, 13, 5, 13.5], "texture": "#5"},
				"east": {"uv": [7, 0, 10, 0.5], "texture": "#5"},
				"south": {"uv": [5, 13, 5.5, 13.5], "texture": "#5"},
				"west": {"uv": [7, 0.5, 10, 1], "texture": "#5"},
				"up": {"uv": [7.5, 4, 7, 1], "texture": "#5"},
				"down": {"uv": [7.5, 6.5, 7, 9.5], "texture": "#5"}
			}
		},
		{
			"name": "wheat_19",
			"from": [7.65, 6.75, 11.75],
			"to": [8.05, 7.25, 12.25],
			"rotation": {"angle": 22.5, "axis": "x", "origin": [7.75, 3.75, 4.25]},
			"faces": {
				"north": {"uv": [14.5, 3.5, 15, 4], "texture": "#5"},
				"east": {"uv": [4, 14.5, 4.5, 15], "texture": "#5"},
				"south": {"uv": [14.5, 4, 15, 4.5], "texture": "#5"},
				"west": {"uv": [4.5, 14.5, 5, 15], "texture": "#5"},
				"up": {"uv": [15, 5, 14.5, 4.5], "texture": "#5"},
				"down": {"uv": [5.5, 14.5, 5, 15], "texture": "#5"}
			}
		},
		{
			"name": "wheat_18",
			"from": [7.65, 0.75, 9.75],
			"to": [8.05, 1.25, 10.25],
			"rotation": {"angle": 22.5, "axis": "x", "origin": [7.75, 3.75, 4.25]},
			"faces": {
				"north": {"uv": [14.5, 2, 15, 2.5], "texture": "#5"},
				"east": {"uv": [2.5, 14.5, 3, 15], "texture": "#5"},
				"south": {"uv": [14.5, 2.5, 15, 3], "texture": "#5"},
				"west": {"uv": [3, 14.5, 3.5, 15], "texture": "#5"},
				"up": {"uv": [15, 3.5, 14.5, 3], "texture": "#5"},
				"down": {"uv": [4, 14.5, 3.5, 15], "texture": "#5"}
			}
		},
		{
			"name": "wheat_17",
			"from": [7.65, 3.25, 9.75],
			"to": [8.05, 3.75, 10.25],
			"rotation": {"angle": 22.5, "axis": "x", "origin": [7.75, 3.75, 4.25]},
			"faces": {
				"north": {"uv": [14.5, 0.5, 15, 1], "texture": "#5"},
				"east": {"uv": [1, 14.5, 1.5, 15], "texture": "#5"},
				"south": {"uv": [14.5, 1, 15, 1.5], "texture": "#5"},
				"west": {"uv": [1.5, 14.5, 2, 15], "texture": "#5"},
				"up": {"uv": [15, 2, 14.5, 1.5], "texture": "#5"},
				"down": {"uv": [2.5, 14.5, 2, 15], "texture": "#5"}
			}
		},
		{
			"name": "wheat_16",
			"from": [7.65, 6.25, 9.75],
			"to": [8.05, 7.25, 11.75],
			"rotation": {"angle": 22.5, "axis": "x", "origin": [7.75, 3.75, 4.25]},
			"faces": {
				"north": {"uv": [14.5, 0, 15, 0.5], "texture": "#5"},
				"east": {"uv": [12.5, 12, 13.5, 12.5], "texture": "#5"},
				"south": {"uv": [0.5, 14.5, 1, 15], "texture": "#5"},
				"west": {"uv": [12.5, 12.5, 13.5, 13], "texture": "#5"},
				"up": {"uv": [13.5, 2, 13, 1], "texture": "#5"},
				"down": {"uv": [13.5, 4, 13, 5], "texture": "#5"}
			}
		},
		{
			"name": "wheat_15",
			"from": [7.65, 5.75, 9.25],
			"to": [8.05, 6.25, 11.75],
			"rotation": {"angle": 22.5, "axis": "x", "origin": [7.75, 3.75, 4.25]},
			"faces": {
				"north": {"uv": [14, 14, 14.5, 14.5], "texture": "#5"},
				"east": {"uv": [12, 8.5, 13.5, 9], "texture": "#5"},
				"south": {"uv": [0, 14.5, 0.5, 15], "texture": "#5"},
				"west": {"uv": [12, 9, 13.5, 9.5], "texture": "#5"},
				"up": {"uv": [9.5, 13.5, 9, 12], "texture": "#5"},
				"down": {"uv": [12.5, 9.5, 12, 11], "texture": "#5"}
			}
		},
		{
			"name": "wheat_14",
			"from": [7.65, 1.25, 8.75],
			"to": [8.05, 1.75, 10.25],
			"rotation": {"angle": 22.5, "axis": "x", "origin": [7.75, 3.75, 4.25]},
			"faces": {
				"north": {"uv": [13.5, 14, 14, 14.5], "texture": "#5"},
				"east": {"uv": [10.5, 12.5, 11.5, 13], "texture": "#5"},
				"south": {"uv": [14, 13.5, 14.5, 14], "texture": "#5"},
				"west": {"uv": [12.5, 10.5, 13.5, 11], "texture": "#5"},
				"up": {"uv": [12, 13.5, 11.5, 12.5], "texture": "#5"},
				"down": {"uv": [12.5, 12.5, 12, 13.5], "texture": "#5"}
			}
		},
		{
			"name": "wheat_13",
			"from": [7.65, 5.25, 8.75],
			"to": [8.05, 5.75, 12.25],
			"rotation": {"angle": 22.5, "axis": "x", "origin": [7.75, 3.75, 4.25]},
			"faces": {
				"north": {"uv": [13, 14, 13.5, 14.5], "texture": "#5"},
				"east": {"uv": [11.5, 7.5, 13.5, 8], "texture": "#5"},
				"south": {"uv": [14, 13, 14.5, 13.5], "texture": "#5"},
				"west": {"uv": [11.5, 8, 13.5, 8.5], "texture": "#5"},
				"up": {"uv": [10, 13.5, 9.5, 11.5], "texture": "#5"},
				"down": {"uv": [10.5, 11.5, 10, 13.5], "texture": "#5"}
			}
		},
		{
			"name": "wheat_12",
			"from": [7.65, -0.25, 7.75],
			"to": [8.05, 0.25, 8.25],
			"rotation": {"angle": 22.5, "axis": "x", "origin": [7.75, 3.75, 4.25]},
			"faces": {
				"north": {"uv": [11.5, 14, 12, 14.5], "texture": "#5"},
				"east": {"uv": [14, 11.5, 14.5, 12], "texture": "#5"},
				"south": {"uv": [12, 14, 12.5, 14.5], "texture": "#5"},
				"west": {"uv": [14, 12, 14.5, 12.5], "texture": "#5"},
				"up": {"uv": [13, 14.5, 12.5, 14], "texture": "#5"},
				"down": {"uv": [14.5, 12.5, 14, 13], "texture": "#5"}
			}
		},
		{
			"name": "wheat_11",
			"from": [7.65, 4.75, 7.75],
			"to": [8.05, 5.25, 11.75],
			"rotation": {"angle": 22.5, "axis": "x", "origin": [7.75, 3.75, 4.25]},
			"faces": {
				"north": {"uv": [11, 14, 11.5, 14.5], "texture": "#5"},
				"east": {"uv": [11.5, 7, 13.5, 7.5], "texture": "#5"},
				"south": {"uv": [14, 11, 14.5, 11.5], "texture": "#5"},
				"west": {"uv": [7.5, 11.5, 9.5, 12], "texture": "#5"},
				"up": {"uv": [6.5, 13.5, 6, 11.5], "texture": "#5"},
				"down": {"uv": [7, 11.5, 6.5, 13.5], "texture": "#5"}
			}
		},
		{
			"name": "wheat_10",
			"from": [7.65, 0.25, 7.25],
			"to": [8.05, 0.75, 8.75],
			"rotation": {"angle": 22.5, "axis": "x", "origin": [7.75, 3.75, 4.25]},
			"faces": {
				"north": {"uv": [10.5, 14, 11, 14.5], "texture": "#5"},
				"east": {"uv": [4.5, 12.5, 5.5, 13], "texture": "#5"},
				"south": {"uv": [14, 10.5, 14.5, 11], "texture": "#5"},
				"west": {"uv": [7, 12.5, 8, 13], "texture": "#5"},
				"up": {"uv": [8.5, 13.5, 8, 12.5], "texture": "#5"},
				"down": {"uv": [13, 9.5, 12.5, 10.5], "texture": "#5"}
			}
		},
		{
			"name": "wheat_9",
			"from": [7.65, -0.25, 6.75],
			"to": [8.05, 0.75, 7.25],
			"rotation": {"angle": 22.5, "axis": "x", "origin": [7.75, 3.75, 4.25]},
			"faces": {
				"north": {"uv": [9, 14, 9.5, 14.5], "texture": "#5"},
				"east": {"uv": [14, 9, 14.5, 9.5], "texture": "#5"},
				"south": {"uv": [9.5, 14, 10, 14.5], "texture": "#5"},
				"west": {"uv": [14, 9.5, 14.5, 10], "texture": "#5"},
				"up": {"uv": [10.5, 14.5, 10, 14], "texture": "#5"},
				"down": {"uv": [14.5, 10, 14, 10.5], "texture": "#5"}
			}
		},
		{
			"name": "wheat_8",
			"from": [7.65, 0.25, 5.75],
			"to": [8.05, 0.75, 6.25],
			"rotation": {"angle": 22.5, "axis": "x", "origin": [7.75, 3.75, 4.25]},
			"faces": {
				"north": {"uv": [7.5, 14, 8, 14.5], "texture": "#5"},
				"east": {"uv": [14, 7.5, 14.5, 8], "texture": "#5"},
				"south": {"uv": [8, 14, 8.5, 14.5], "texture": "#5"},
				"west": {"uv": [14, 8, 14.5, 8.5], "texture": "#5"},
				"up": {"uv": [9, 14.5, 8.5, 14], "texture": "#5"},
				"down": {"uv": [14.5, 8.5, 14, 9], "texture": "#5"}
			}
		},
		{
			"name": "wheat_7",
			"from": [7.65, 0.75, 5.75],
			"to": [8.05, 1.75, 8.75],
			"rotation": {"angle": 22.5, "axis": "x", "origin": [7.75, 3.75, 4.25]},
			"faces": {
				"north": {"uv": [7, 14, 7.5, 14.5], "texture": "#5"},
				"east": {"uv": [4, 12, 5.5, 12.5], "texture": "#5"},
				"south": {"uv": [14, 7, 14.5, 7.5], "texture": "#5"},
				"west": {"uv": [7, 12, 8.5, 12.5], "texture": "#5"},
				"up": {"uv": [6, 13.5, 5.5, 12], "texture": "#5"},
				"down": {"uv": [9, 12, 8.5, 13.5], "texture": "#5"}
			}
		},
		{
			"name": "wheat_6",
			"from": [7.65, 3.75, 5.75],
			"to": [8.05, 4.25, 10.25],
			"rotation": {"angle": 22.5, "axis": "x", "origin": [7.75, 3.75, 4.25]},
			"faces": {
				"north": {"uv": [6.5, 14, 7, 14.5], "texture": "#5"},
				"east": {"uv": [9.5, 4, 12, 4.5], "texture": "#5"},
				"south": {"uv": [14, 6.5, 14.5, 7], "texture": "#5"},
				"west": {"uv": [9.5, 4.5, 12, 5], "texture": "#5"},
				"up": {"uv": [6, 12, 5.5, 9.5], "texture": "#5"},
				"down": {"uv": [7.5, 9.5, 7, 12], "texture": "#5"}
			}
		},
		{
			"name": "wheat_5",
			"from": [7.65, -0.25, 5.25],
			"to": [8.05, 0.25, 5.75],
			"rotation": {"angle": 22.5, "axis": "x", "origin": [7.75, 3.75, 4.25]},
			"faces": {
				"north": {"uv": [5, 14, 5.5, 14.5], "texture": "#5"},
				"east": {"uv": [14, 5, 14.5, 5.5], "texture": "#5"},
				"south": {"uv": [5.5, 14, 6, 14.5], "texture": "#5"},
				"west": {"uv": [14, 5.5, 14.5, 6], "texture": "#5"},
				"up": {"uv": [6.5, 14.5, 6, 14], "texture": "#5"},
				"down": {"uv": [14.5, 6, 14, 6.5], "texture": "#5"}
			}
		},
		{
			"name": "wheat_4",
			"from": [7.65, 1.75, 5.25],
			"to": [8.05, 2.25, 10.25],
			"rotation": {"angle": 22.5, "axis": "x", "origin": [7.75, 3.75, 4.25]},
			"faces": {
				"north": {"uv": [4.5, 14, 5, 14.5], "texture": "#5"},
				"east": {"uv": [9.5, 3, 12, 3.5], "texture": "#5"},
				"south": {"uv": [14, 4.5, 14.5, 5], "texture": "#5"},
				"west": {"uv": [9.5, 3.5, 12, 4], "texture": "#5"},
				"up": {"uv": [5, 12, 4.5, 9.5], "texture": "#5"},
				"down": {"uv": [5.5, 9.5, 5, 12], "texture": "#5"}
			}
		},
		{
			"name": "wheat_3",
			"from": [7.65, 4.25, 5.25],
			"to": [8.05, 4.75, 10.75],
			"rotation": {"angle": 22.5, "axis": "x", "origin": [7.75, 3.75, 4.25]},
			"faces": {
				"north": {"uv": [4, 14, 4.5, 14.5], "texture": "#5"},
				"east": {"uv": [8.5, 6, 11.5, 6.5], "texture": "#5"},
				"south": {"uv": [14, 4, 14.5, 4.5], "texture": "#5"},
				"west": {"uv": [8.5, 6.5, 11.5, 7], "texture": "#5"},
				"up": {"uv": [9, 10, 8.5, 7], "texture": "#5"},
				"down": {"uv": [0.5, 9, 0, 12], "texture": "#5"}
			}
		},
		{
			"name": "wheat_2",
			"from": [7.65, 1.25, 4.75],
			"to": [8.05, 1.75, 5.25],
			"rotation": {"angle": 22.5, "axis": "x", "origin": [7.75, 3.75, 4.25]},
			"faces": {
				"north": {"uv": [2.5, 14, 3, 14.5], "texture": "#5"},
				"east": {"uv": [14, 2.5, 14.5, 3], "texture": "#5"},
				"south": {"uv": [3, 14, 3.5, 14.5], "texture": "#5"},
				"west": {"uv": [14, 3, 14.5, 3.5], "texture": "#5"},
				"up": {"uv": [4, 14.5, 3.5, 14], "texture": "#5"},
				"down": {"uv": [14.5, 3.5, 14, 4], "texture": "#5"}
			}
		},
		{
			"name": "wheat_1",
			"from": [7.65, 2.75, 4.75],
			"to": [8.05, 3.75, 9.75],
			"rotation": {"angle": 22.5, "axis": "x", "origin": [7.75, 3.75, 4.25]},
			"faces": {
				"north": {"uv": [2, 14, 2.5, 14.5], "texture": "#5"},
				"east": {"uv": [0.5, 9.5, 3, 10], "texture": "#5"},
				"south": {"uv": [14, 2, 14.5, 2.5], "texture": "#5"},
				"west": {"uv": [9.5, 2.5, 12, 3], "texture": "#5"},
				"up": {"uv": [4, 12, 3.5, 9.5], "texture": "#5"},
				"down": {"uv": [4.5, 9.5, 4, 12], "texture": "#5"}
			}
		},
		{
			"name": "wheat_0",
			"from": [7.65, 2.25, 4.25],
			"to": [8.05, 2.75, 9.75],
			"rotation": {"angle": 22.5, "axis": "x", "origin": [7.75, 3.75, 4.25]},
			"faces": {
				"north": {"uv": [1.5, 14, 2, 14.5], "texture": "#5"},
				"east": {"uv": [8, 5, 11, 5.5], "texture": "#5"},
				"south": {"uv": [14, 1.5, 14.5, 2], "texture": "#5"},
				"west": {"uv": [8, 5.5, 11, 6], "texture": "#5"},
				"up": {"uv": [8.5, 9, 8, 6], "texture": "#5"},
				"down": {"uv": [9, 2, 8.5, 5], "texture": "#5"}
			}
		},
		{
			"name": "wheat_1",
			"from": [8.05, 2.75, 4.75],
			"to": [8.45, 3.75, 9.75],
			"rotation": {"angle": 22.5, "axis": "x", "origin": [8.25, 3.75, 4.25]},
			"faces": {
				"north": {"uv": [7, 13, 7.5, 13.5], "texture": "#5"},
				"east": {"uv": [0.5, 9, 3, 9.5], "texture": "#5"},
				"south": {"uv": [7.5, 13, 8, 13.5], "texture": "#5"},
				"west": {"uv": [9, 2, 11.5, 2.5], "texture": "#5"},
				"up": {"uv": [9.5, 5, 9, 2.5], "texture": "#5"},
				"down": {"uv": [3.5, 9, 3, 11.5], "texture": "#5"}
			}
		},
		{
			"name": "wheat_2",
			"from": [8.05, 1.25, 4.75],
			"to": [8.45, 1.75, 5.25],
			"rotation": {"angle": 22.5, "axis": "x", "origin": [8.25, 3.75, 4.25]},
			"faces": {
				"north": {"uv": [13, 9.5, 13.5, 10], "texture": "#5"},
				"east": {"uv": [13, 10, 13.5, 10.5], "texture": "#5"},
				"south": {"uv": [10.5, 13, 11, 13.5], "texture": "#5"},
				"west": {"uv": [11, 13, 11.5, 13.5], "texture": "#5"},
				"up": {"uv": [13.5, 12, 13, 11.5], "texture": "#5"},
				"down": {"uv": [13, 13, 12.5, 13.5], "texture": "#5"}
			}
		},
		{
			"name": "wheat_3",
			"from": [8.05, 4.25, 5.25],
			"to": [8.45, 4.75, 10.75],
			"rotation": {"angle": 22.5, "axis": "x", "origin": [8.25, 3.75, 4.25]},
			"faces": {
				"north": {"uv": [13, 13, 13.5, 13.5], "texture": "#5"},
				"east": {"uv": [7.5, 1, 10.5, 1.5], "texture": "#5"},
				"south": {"uv": [0, 13.5, 0.5, 14], "texture": "#5"},
				"west": {"uv": [7.5, 1.5, 10.5, 2], "texture": "#5"},
				"up": {"uv": [8, 9.5, 7.5, 6.5], "texture": "#5"},
				"down": {"uv": [8.5, 2, 8, 5], "texture": "#5"}
			}
		},
		{
			"name": "wheat_4",
			"from": [8.05, 1.75, 5.25],
			"to": [8.45, 2.25, 10.25],
			"rotation": {"angle": 22.5, "axis": "x", "origin": [8.25, 3.75, 4.25]},
			"faces": {
				"north": {"uv": [13.5, 0, 14, 0.5], "texture": "#5"},
				"east": {"uv": [3.5, 9, 6, 9.5], "texture": "#5"},
				"south": {"uv": [0.5, 13.5, 1, 14], "texture": "#5"},
				"west": {"uv": [9, 7, 11.5, 7.5], "texture": "#5"},
				"up": {"uv": [6.5, 11.5, 6, 9], "texture": "#5"},
				"down": {"uv": [7, 9, 6.5, 11.5], "texture": "#5"}
			}
		},
		{
			"name": "wheat_5",
			"from": [8.05, -0.25, 5.25],
			"to": [8.45, 0.25, 5.75],
			"rotation": {"angle": 22.5, "axis": "x", "origin": [8.25, 3.75, 4.25]},
			"faces": {
				"north": {"uv": [13.5, 0.5, 14, 1], "texture": "#5"},
				"east": {"uv": [1, 13.5, 1.5, 14], "texture": "#5"},
				"south": {"uv": [13.5, 1, 14, 1.5], "texture": "#5"},
				"west": {"uv": [1.5, 13.5, 2, 14], "texture": "#5"},
				"up": {"uv": [14, 2, 13.5, 1.5], "texture": "#5"},
				"down": {"uv": [2.5, 13.5, 2, 14], "texture": "#5"}
			}
		},
		{
			"name": "wheat_6",
			"from": [8.05, 3.75, 5.75],
			"to": [8.45, 4.25, 10.25],
			"rotation": {"angle": 22.5, "axis": "x", "origin": [8.25, 3.75, 4.25]},
			"faces": {
				"north": {"uv": [13.5, 2, 14, 2.5], "texture": "#5"},
				"east": {"uv": [9, 7.5, 11.5, 8], "texture": "#5"},
				"south": {"uv": [2.5, 13.5, 3, 14], "texture": "#5"},
				"west": {"uv": [9, 8, 11.5, 8.5], "texture": "#5"},
				"up": {"uv": [8.5, 11.5, 8, 9], "texture": "#5"},
				"down": {"uv": [9.5, 8.5, 9, 11], "texture": "#5"}
			}
		},
		{
			"name": "wheat_7",
			"from": [8.05, 0.75, 5.75],
			"to": [8.45, 1.75, 8.75],
			"rotation": {"angle": 22.5, "axis": "x", "origin": [8.25, 3.75, 4.25]},
			"faces": {
				"north": {"uv": [13.5, 2.5, 14, 3], "texture": "#5"},
				"east": {"uv": [10.5, 11.5, 12, 12], "texture": "#5"},
				"south": {"uv": [3, 13.5, 3.5, 14], "texture": "#5"},
				"west": {"uv": [0, 12, 1.5, 12.5], "texture": "#5"},
				"up": {"uv": [2, 13.5, 1.5, 12], "texture": "#5"},
				"down": {"uv": [2.5, 12, 2, 13.5], "texture": "#5"}
			}
		},
		{
			"name": "wheat_8",
			"from": [8.05, 0.25, 5.75],
			"to": [8.45, 0.75, 6.25],
			"rotation": {"angle": 22.5, "axis": "x", "origin": [8.25, 3.75, 4.25]},
			"faces": {
				"north": {"uv": [13.5, 3, 14, 3.5], "texture": "#5"},
				"east": {"uv": [3.5, 13.5, 4, 14], "texture": "#5"},
				"south": {"uv": [13.5, 3.5, 14, 4], "texture": "#5"},
				"west": {"uv": [4, 13.5, 4.5, 14], "texture": "#5"},
				"up": {"uv": [14, 4.5, 13.5, 4], "texture": "#5"},
				"down": {"uv": [5, 13.5, 4.5, 14], "texture": "#5"}
			}
		},
		{
			"name": "wheat_9",
			"from": [8.05, -0.25, 6.75],
			"to": [8.45, 0.75, 7.25],
			"rotation": {"angle": 22.5, "axis": "x", "origin": [8.25, 3.75, 4.25]},
			"faces": {
				"north": {"uv": [13.5, 4.5, 14, 5], "texture": "#5"},
				"east": {"uv": [5, 13.5, 5.5, 14], "texture": "#5"},
				"south": {"uv": [13.5, 5, 14, 5.5], "texture": "#5"},
				"west": {"uv": [5.5, 13.5, 6, 14], "texture": "#5"},
				"up": {"uv": [14, 6, 13.5, 5.5], "texture": "#5"},
				"down": {"uv": [6.5, 13.5, 6, 14], "texture": "#5"}
			}
		},
		{
			"name": "wheat_10",
			"from": [8.05, 0.25, 7.25],
			"to": [8.45, 0.75, 8.75],
			"rotation": {"angle": 22.5, "axis": "x", "origin": [8.25, 3.75, 4.25]},
			"faces": {
				"north": {"uv": [13.5, 6, 14, 6.5], "texture": "#5"},
				"east": {"uv": [10.5, 12, 11.5, 12.5], "texture": "#5"},
				"south": {"uv": [6.5, 13.5, 7, 14], "texture": "#5"},
				"west": {"uv": [11.5, 12, 12.5, 12.5], "texture": "#5"},
				"up": {"uv": [9, 11, 8.5, 10], "texture": "#5"},
				"down": {"uv": [0.5, 12.5, 0, 13.5], "texture": "#5"}
			}
		},
		{
			"name": "wheat_11",
			"from": [8.05, 4.75, 7.75],
			"to": [8.45, 5.25, 11.75],
			"rotation": {"angle": 22.5, "axis": "x", "origin": [8.25, 3.75, 4.25]},
			"faces": {
				"north": {"uv": [13.5, 6.5, 14, 7], "texture": "#5"},
				"east": {"uv": [0.5, 11.5, 2.5, 12], "texture": "#5"},
				"south": {"uv": [7, 13.5, 7.5, 14], "texture": "#5"},
				"west": {"uv": [11.5, 2, 13.5, 2.5], "texture": "#5"},
				"up": {"uv": [8, 4, 7.5, 2], "texture": "#5"},
				"down": {"uv": [8, 9.5, 7.5, 11.5], "texture": "#5"}
			}
		},
		{
			"name": "wheat_12",
			"from": [8.05, -0.25, 7.75],
			"to": [8.45, 0.25, 8.25],
			"rotation": {"angle": 22.5, "axis": "x", "origin": [8.25, 3.75, 4.25]},
			"faces": {
				"north": {"uv": [13.5, 7, 14, 7.5], "texture": "#5"},
				"east": {"uv": [7.5, 13.5, 8, 14], "texture": "#5"},
				"south": {"uv": [13.5, 7.5, 14, 8], "texture": "#5"},
				"west": {"uv": [8, 13.5, 8.5, 14], "texture": "#5"},
				"up": {"uv": [14, 8.5, 13.5, 8], "texture": "#5"},
				"down": {"uv": [9, 13.5, 8.5, 14], "texture": "#5"}
			}
		},
		{
			"name": "wheat_13",
			"from": [8.05, 5.25, 8.75],
			"to": [8.45, 5.75, 12.25],
			"rotation": {"angle": 22.5, "axis": "x", "origin": [8.25, 3.75, 4.25]},
			"faces": {
				"north": {"uv": [13.5, 8.5, 14, 9], "texture": "#5"},
				"east": {"uv": [11.5, 6, 13.5, 6.5], "texture": "#5"},
				"south": {"uv": [9, 13.5, 9.5, 14], "texture": "#5"},
				"west": {"uv": [11.5, 6.5, 13.5, 7], "texture": "#5"},
				"up": {"uv": [3, 13.5, 2.5, 11.5], "texture": "#5"},
				"down": {"uv": [3.5, 11.5, 3, 13.5], "texture": "#5"}
			}
		},
		{
			"name": "wheat_14",
			"from": [8.05, 1.25, 8.75],
			"to": [8.45, 1.75, 10.25],
			"rotation": {"angle": 22.5, "axis": "x", "origin": [8.25, 3.75, 4.25]},
			"faces": {
				"north": {"uv": [13.5, 9, 14, 9.5], "texture": "#5"},
				"east": {"uv": [12, 11.5, 13, 12], "texture": "#5"},
				"south": {"uv": [9.5, 13.5, 10, 14], "texture": "#5"},
				"west": {"uv": [12.5, 0, 13.5, 0.5], "texture": "#5"},
				"up": {"uv": [1, 13.5, 0.5, 12.5], "texture": "#5"},
				"down": {"uv": [1.5, 12.5, 1, 13.5], "texture": "#5"}
			}
		},
		{
			"name": "wheat_15",
			"from": [8.05, 5.75, 9.25],
			"to": [8.45, 6.25, 11.75],
			"rotation": {"angle": 22.5, "axis": "x", "origin": [8.25, 3.75, 4.25]},
			"faces": {
				"north": {"uv": [13.5, 9.5, 14, 10], "texture": "#5"},
				"east": {"uv": [12, 2.5, 13.5, 3], "texture": "#5"},
				"south": {"uv": [10, 13.5, 10.5, 14], "texture": "#5"},
				"west": {"uv": [12, 3, 13.5, 3.5], "texture": "#5"},
				"up": {"uv": [4, 13.5, 3.5, 12], "texture": "#5"},
				"down": {"uv": [12.5, 3.5, 12, 5], "texture": "#5"}
			}
		},
		{
			"name": "wheat_16",
			"from": [8.05, 6.25, 9.75],
			"to": [8.45, 7.25, 11.75],
			"rotation": {"angle": 22.5, "axis": "x", "origin": [8.25, 3.75, 4.25]},
			"faces": {
				"north": {"uv": [13.5, 10, 14, 10.5], "texture": "#5"},
				"east": {"uv": [12.5, 0.5, 13.5, 1], "texture": "#5"},
				"south": {"uv": [10.5, 13.5, 11, 14], "texture": "#5"},
				"west": {"uv": [12.5, 3.5, 13.5, 4], "texture": "#5"},
				"up": {"uv": [4.5, 13.5, 4, 12.5], "texture": "#5"},
				"down": {"uv": [13, 4, 12.5, 5], "texture": "#5"}
			}
		},
		{
			"name": "wheat_17",
			"from": [8.05, 3.25, 9.75],
			"to": [8.45, 3.75, 10.25],
			"rotation": {"angle": 22.5, "axis": "x", "origin": [8.25, 3.75, 4.25]},
			"faces": {
				"north": {"uv": [13.5, 10.5, 14, 11], "texture": "#5"},
				"east": {"uv": [11, 13.5, 11.5, 14], "texture": "#5"},
				"south": {"uv": [13.5, 11, 14, 11.5], "texture": "#5"},
				"west": {"uv": [11.5, 13.5, 12, 14], "texture": "#5"},
				"up": {"uv": [14, 12, 13.5, 11.5], "texture": "#5"},
				"down": {"uv": [12.5, 13.5, 12, 14], "texture": "#5"}
			}
		},
		{
			"name": "wheat_18",
			"from": [8.05, 0.75, 9.75],
			"to": [8.45, 1.25, 10.25],
			"rotation": {"angle": 22.5, "axis": "x", "origin": [8.25, 3.75, 4.25]},
			"faces": {
				"north": {"uv": [13.5, 12, 14, 12.5], "texture": "#5"},
				"east": {"uv": [12.5, 13.5, 13, 14], "texture": "#5"},
				"south": {"uv": [13.5, 12.5, 14, 13], "texture": "#5"},
				"west": {"uv": [13, 13.5, 13.5, 14], "texture": "#5"},
				"up": {"uv": [14, 13.5, 13.5, 13], "texture": "#5"},
				"down": {"uv": [14, 13.5, 13.5, 14], "texture": "#5"}
			}
		},
		{
			"name": "wheat_19",
			"from": [8.05, 6.75, 11.75],
			"to": [8.45, 7.25, 12.25],
			"rotation": {"angle": 22.5, "axis": "x", "origin": [8.25, 3.75, 4.25]},
			"faces": {
				"north": {"uv": [0, 14, 0.5, 14.5], "texture": "#5"},
				"east": {"uv": [14, 0, 14.5, 0.5], "texture": "#5"},
				"south": {"uv": [0.5, 14, 1, 14.5], "texture": "#5"},
				"west": {"uv": [14, 0.5, 14.5, 1], "texture": "#5"},
				"up": {"uv": [1.5, 14.5, 1, 14], "texture": "#5"},
				"down": {"uv": [14.5, 1, 14, 1.5], "texture": "#5"}
			}
		}
	],
	"display": {
		"head": {
			"scale": [3, 3, 3]
		}
	},
	"groups": [
		{
			"name": "group",
			"origin": [4.5, 5.5, 2.5],
			"color": 0,
			"nbt": "{}",
			"children": [
				{
					"name": "group",
					"origin": [2.25, 8.5, 5.75],
					"color": 0,
					"nbt": "{}",
					"children": [
						{
							"name": "group",
							"origin": [2.25, 8.5, 13.75],
							"color": 0,
							"nbt": "{}",
							"children": [0, 1, 2, 3, 4, 5, 6, 7, 8, 9, 10, 11, 12, 13, 14, 15, 16, 17, 18, 19, 20, 21]
						}
					]
				}
			]
		},
		{
			"name": "wheat",
			"origin": [8, 8, 8],
			"color": 0,
			"nbt": "{}",
			"children": [
				{
					"name": "group",
					"origin": [8.25, 9.25, 4.25],
					"color": 0,
					"nbt": "{}",
					"children": [
						{
							"name": "group",
							"origin": [11, 6.5, 12],
							"color": 0,
							"nbt": "{}",
							"children": [
								22,
								{
									"name": "group",
									"origin": [6.79499, 2.44827, 8],
									"color": 0,
									"nbt": "{}",
									"children": [23, 24, 25, 26, 27, 28, 29, 30]
								},
								31,
								32
							]
						}
					]
				}
			]
		},
		{
			"name": "wheat",
			"origin": [8, 8, 8],
			"color": 0,
			"nbt": "{}",
			"children": [33, 34, 35, 36, 37, 38, 39, 40, 41, 42, 43, 44, 45, 46, 47, 48, 49, 50, 51, 52, 53, 54, 55, 56, 57, 58, 59, 60, 61, 62, 63, 64, 65, 66, 67, 68, 69, 70, 71, 72]
		}
	]
}