{"credit":"Made with Blockbench","texture_size":[32,32],"textures":{"0":"elitecreatures:steampunk_v2/texture","1":"elitecreatures:steampunk_v2/eff_1","2":"elitecreatures:steampunk_v2/eff_2","4":"elitecreatures:steampunk_v2/eff_4","5":"elitecreatures:steampunk_v2/eff_3","particle":"elitecreatures:steampunk_v2/texture"},"elements":[{"from":[7.5,-4.13839,7.53875],"to":[8.5,2.86161,8.53875],"rotation":{"angle":0,"axis":"y","origin":[8,9,8]},"faces":{"north":{"uv":[5.5,7,6,10.5],"texture":"#0"},"east":{"uv":[6,7,6.5,10.5],"texture":"#0"},"south":{"uv":[6.5,7,7,10.5],"texture":"#0"},"west":{"uv":[7.5,0,8,3.5],"texture":"#0"},"up":{"uv":[12,1.5,11.5,1],"texture":"#0"},"down":{"uv":[12,8.5,11.5,9],"texture":"#0"}}},{"from":[6.75,3.61161,7.5],"to":[9.25,4.61161,8.5],"rotation":{"angle":0,"axis":"z","origin":[8,4.11161,8]},"faces":{"north":{"uv":[10.5,1.5,11.75,2],"texture":"#0"},"east":{"uv":[13.5,0.5,14,1],"texture":"#0"},"south":{"uv":[10.5,9,11.75,9.5],"texture":"#0"},"west":{"uv":[10.5,13.5,11,14],"texture":"#0"},"up":{"uv":[11.75,10,10.5,9.5],"texture":"#0"},"down":{"uv":[11.75,10,10.5,10.5],"texture":"#0"}}},{"from":[7.25,2.86161,7.28875],"to":[8.75,3.86161,8.78875],"rotation":{"angle":0,"axis":"y","origin":[8,2.48661,8.03875]},"faces":{"north":{"uv":[12.5,8,13.25,8.5],"texture":"#0"},"east":{"uv":[12.5,10.5,13.25,11],"texture":"#0"},"south":{"uv":[5.5,13,6.25,13.5],"texture":"#0"},"west":{"uv":[13,6,13.75,6.5],"texture":"#0"},"up":{"uv":[11.75,4.75,11,4],"texture":"#0"},"down":{"uv":[11.75,5,11,5.75],"texture":"#0"}}},{"from":[7,4.06339,6.875],"to":[9,6.31339,9.125],"rotation":{"angle":-45,"axis":"x","origin":[8,5.18839,8]},"faces":{"north":{"uv":[9.5,8,10.5,9.125],"texture":"#0"},"east":{"uv":[8.5,3,9.625,4.125],"texture":"#0"},"south":{"uv":[9.5,9.5,10.5,10.625],"texture":"#0"},"west":{"uv":[8.5,4.5,9.625,5.625],"texture":"#0"},"up":{"uv":[11,3.125,10,2],"texture":"#0"},"down":{"uv":[11,3.5,10,4.625],"texture":"#0"}}},{"from":[7.75,5.06339,10.075],"to":[8.25,6.31339,11.325],"rotation":{"angle":-45,"axis":"x","origin":[8,5.18839,10.2]},"faces":{"north":{"uv":[9.5,8,10.5,9.125],"texture":"#0"},"east":{"uv":[8.5,3,9.625,4.125],"texture":"#0"},"south":{"uv":[9.5,9.5,10.5,10.625],"texture":"#0"},"west":{"uv":[8.5,4.5,9.625,5.625],"texture":"#0"},"up":{"uv":[11,3.125,10,2],"texture":"#0"},"down":{"uv":[11,3.5,10,4.625],"texture":"#0"}}},{"from":[7.75,5.06339,4.675],"to":[8.25,6.31339,5.925],"rotation":{"angle":45,"axis":"x","origin":[8,5.18839,5.8]},"faces":{"north":{"uv":[10.5,9.5,9.5,10.625],"texture":"#0"},"east":{"uv":[9.625,3,8.5,4.125],"texture":"#0"},"south":{"uv":[10.5,8,9.5,9.125],"texture":"#0"},"west":{"uv":[9.625,4.5,8.5,5.625],"texture":"#0"},"up":{"uv":[11,2,10,3.125],"texture":"#0"},"down":{"uv":[11,4.625,10,3.5],"texture":"#0"}}},{"from":[8,-7.06682,5.4215],"to":[8,-4.56682,7.9215],"rotation":{"angle":-45,"axis":"x","origin":[8,-6.06682,6.7715]},"faces":{"north":{"uv":[16,0,16,0],"texture":"#1"},"east":{"uv":[0,0,16,16],"texture":"#1"},"south":{"uv":[16,0,16,0],"texture":"#1"},"west":{"uv":[16,0,0,16],"texture":"#1"},"up":{"uv":[16,0,16,0],"texture":"#1"},"down":{"uv":[16,0,16,0],"texture":"#1"}}},{"from":[8,-7.06682,8.0785],"to":[8,-4.56682,10.5785],"rotation":{"angle":45,"axis":"x","origin":[8,-6.06682,9.2285]},"faces":{"north":{"uv":[16,0,16,0],"texture":"#1"},"east":{"uv":[16,0,0,16],"texture":"#1"},"south":{"uv":[16,0,16,0],"texture":"#1"},"west":{"uv":[0,0,16,16],"texture":"#1"},"up":{"uv":[16,0,16,0],"texture":"#1"},"down":{"uv":[16,0,16,0],"texture":"#1"}}},{"from":[8.5,15.70628,8.125],"to":[8.5,16.95628,9.375],"rotation":{"angle":0,"axis":"x","origin":[8.5,17.23128,8]},"faces":{"north":{"uv":[16,0,16,0],"texture":"#2"},"east":{"uv":[16,0,0,16],"texture":"#2"},"south":{"uv":[16,0,16,0],"texture":"#2"},"west":{"uv":[16,0,0,16],"texture":"#2"},"up":{"uv":[16,0,16,0],"texture":"#2"},"down":{"uv":[16,0,16,0],"texture":"#2"}}},{"from":[8.5,16.70628,7.375],"to":[8.5,17.95628,8.625],"rotation":{"angle":0,"axis":"x","origin":[8.5,18.23128,7.25]},"faces":{"north":{"uv":[16,0,16,0],"texture":"#2"},"east":{"uv":[0,0,16,16],"texture":"#2"},"south":{"uv":[16,0,16,0],"texture":"#2"},"west":{"uv":[16,0,0,16],"texture":"#2"},"up":{"uv":[16,0,16,0],"texture":"#2"},"down":{"uv":[16,0,16,0],"texture":"#2"}}},{"from":[8.5,15.70628,6.625],"to":[8.5,16.95628,7.875],"rotation":{"angle":0,"axis":"x","origin":[8.5,17.23128,8]},"faces":{"north":{"uv":[16,0,16,0],"texture":"#2"},"east":{"uv":[16,0,0,16],"texture":"#2"},"south":{"uv":[16,0,16,0],"texture":"#2"},"west":{"uv":[0,0,16,16],"texture":"#2"},"up":{"uv":[16,0,16,0],"texture":"#2"},"down":{"uv":[16,0,16,0],"texture":"#2"}}},{"from":[8.5,9.70628,6.875],"to":[8.5,11.95628,9.125],"rotation":{"angle":0,"axis":"x","origin":[8.5,12.83128,8]},"faces":{"north":{"uv":[16,0,16,0],"texture":"#2"},"east":{"uv":[16,0,0,16],"texture":"#2"},"south":{"uv":[16,0,16,0],"texture":"#2"},"west":{"uv":[0,0,16,16],"texture":"#2"},"up":{"uv":[16,0,16,0],"texture":"#2"},"down":{"uv":[16,0,16,0],"texture":"#2"}}},{"from":[8,-7.79372,7.125],"to":[8,-6.04372,8.875],"rotation":{"angle":0,"axis":"x","origin":[8,-6.66872,8]},"faces":{"north":{"uv":[16,0,16,0],"texture":"#5"},"east":{"uv":[16,0,0,16],"texture":"#5"},"south":{"uv":[16,0,16,0],"texture":"#5"},"west":{"uv":[0,0,16,16],"texture":"#5"},"up":{"uv":[16,0,16,0],"texture":"#5"},"down":{"uv":[16,0,16,0],"texture":"#5"}}},{"from":[9.3,2.50628,6.375],"to":[9.3,5.75628,9.625],"rotation":{"angle":-45,"axis":"x","origin":[9.3,4.13128,8]},"faces":{"north":{"uv":[16,0,16,0],"texture":"#2"},"east":{"uv":[16,0,0,16],"texture":"#2"},"south":{"uv":[16,0,16,0],"texture":"#2"},"west":{"uv":[0,0,16,16],"texture":"#2"},"up":{"uv":[16,0,16,0],"texture":"#2"},"down":{"uv":[16,0,16,0],"texture":"#2"}}},{"from":[7.5,9.70628,6.875],"to":[7.5,11.95628,9.125],"rotation":{"angle":0,"axis":"x","origin":[7.5,12.83128,8]},"faces":{"north":{"uv":[16,0,16,0],"texture":"#2"},"east":{"uv":[16,0,0,16],"texture":"#2"},"south":{"uv":[16,0,16,0],"texture":"#2"},"west":{"uv":[0,0,16,16],"texture":"#2"},"up":{"uv":[16,0,16,0],"texture":"#2"},"down":{"uv":[16,0,16,0],"texture":"#2"}}},{"from":[7.5,15.70628,6.625],"to":[7.5,16.95628,7.875],"rotation":{"angle":0,"axis":"x","origin":[7.5,17.23128,8]},"faces":{"north":{"uv":[16,0,16,0],"texture":"#2"},"east":{"uv":[16,0,0,16],"texture":"#2"},"south":{"uv":[16,0,16,0],"texture":"#2"},"west":{"uv":[0,0,16,16],"texture":"#2"},"up":{"uv":[16,0,16,0],"texture":"#2"},"down":{"uv":[16,0,16,0],"texture":"#2"}}},{"from":[7.5,15.70628,8.125],"to":[7.5,16.95628,9.375],"rotation":{"angle":0,"axis":"x","origin":[7.5,17.23128,8]},"faces":{"north":{"uv":[16,0,16,0],"texture":"#2"},"east":{"uv":[0,0,16,16],"texture":"#2"},"south":{"uv":[16,0,16,0],"texture":"#2"},"west":{"uv":[0,0,16,16],"texture":"#2"},"up":{"uv":[16,0,16,0],"texture":"#2"},"down":{"uv":[16,0,16,0],"texture":"#2"}}},{"from":[7.5,16.70628,7.375],"to":[7.5,17.95628,8.625],"rotation":{"angle":0,"axis":"x","origin":[7.5,18.23128,7.25]},"faces":{"north":{"uv":[16,0,16,0],"texture":"#2"},"east":{"uv":[0,0,16,16],"texture":"#2"},"south":{"uv":[16,0,16,0],"texture":"#2"},"west":{"uv":[16,0,0,16],"texture":"#2"},"up":{"uv":[16,0,16,0],"texture":"#2"},"down":{"uv":[16,0,16,0],"texture":"#2"}}},{"from":[6.7,2.50628,6.375],"to":[6.7,5.75628,9.625],"rotation":{"angle":-45,"axis":"x","origin":[6.7,4.13128,8]},"faces":{"north":{"uv":[16,0,16,0],"texture":"#2"},"east":{"uv":[16,0,0,16],"texture":"#2"},"south":{"uv":[16,0,16,0],"texture":"#2"},"west":{"uv":[0,0,16,16],"texture":"#2"},"up":{"uv":[16,0,16,0],"texture":"#2"},"down":{"uv":[16,0,16,0],"texture":"#2"}}},{"from":[7.25,4.41339,6.16375],"to":[8.75,5.91339,9.41375],"rotation":{"angle":0,"axis":"y","origin":[8,8,8.25]},"faces":{"north":{"uv":[11,6,11.75,6.75],"texture":"#0"},"east":{"uv":[8.5,6,10.125,6.75],"texture":"#0"},"south":{"uv":[7,11,7.75,11.75],"texture":"#0"},"west":{"uv":[8.5,7,10.125,7.75],"texture":"#0"},"up":{"uv":[9.25,9.625,8.5,8],"texture":"#0"},"down":{"uv":[10.25,0,9.5,1.625],"texture":"#0"}}},{"from":[7.5,3.78756,4.77358],"to":[8.5,4.88756,7.02358],"rotation":{"angle":-45,"axis":"x","origin":[8,4.33756,5.89858]},"faces":{"north":{"uv":[13.5,10.5,14,11],"texture":"#0"},"east":{"uv":[11,7,12.125,7.5],"texture":"#0"},"south":{"uv":[11,13.5,11.5,14],"texture":"#0"},"west":{"uv":[11,10.5,12.125,11],"texture":"#0"},"up":{"uv":[10,12.125,9.5,11],"texture":"#0"},"down":{"uv":[10.5,11,10,12.125],"texture":"#0"}}},{"from":[7.25,2.8224,4.57276],"to":[8.75,4.0724,6.07276],"rotation":{"angle":0,"axis":"y","origin":[8,7.01394,8.68651]},"faces":{"north":{"uv":[11,12,11.75,12.625],"texture":"#0"},"east":{"uv":[12,11,12.75,11.625],"texture":"#0"},"south":{"uv":[12,12,12.75,12.625],"texture":"#0"},"west":{"uv":[12.5,0,13.25,0.625],"texture":"#0"},"up":{"uv":[11.75,11.75,11,11],"texture":"#0"},"down":{"uv":[12.25,0,11.5,0.75],"texture":"#0"}}},{"from":[7.5,0.6224,5.22276],"to":[8.5,1.3724,6.22276],"rotation":{"angle":-22.5,"axis":"x","origin":[8,1.84201,5.70575]},"faces":{"north":{"uv":[14,10.5,14.5,10.875],"texture":"#0"},"east":{"uv":[14,11,14.5,11.375],"texture":"#0"},"south":{"uv":[11.5,14,12,14.375],"texture":"#0"},"west":{"uv":[14,11.5,14.5,11.875],"texture":"#0"},"up":{"uv":[12,14,11.5,13.5],"texture":"#0"},"down":{"uv":[12.5,13.5,12,14],"texture":"#0"}}},{"from":[7.55,5.91339,6.5],"to":[8.45,19.16339,8],"rotation":{"angle":0,"axis":"y","origin":[8,12.53839,7.25]},"faces":{"north":{"uv":[7,0,6.5,6.625],"texture":"#0"},"east":{"uv":[4.75,0,4,6.625],"texture":"#0"},"south":{"uv":[6.5,0,6,6.625],"texture":"#0"},"west":{"uv":[5.75,0,5,6.625],"texture":"#0"},"up":{"uv":[7,13,6.5,13.75],"texture":"#0"},"down":{"uv":[7.5,13.75,7,13],"texture":"#0"}}},{"from":[7.675,5.91339,6.96375],"to":[8.325,10.16339,7.96375],"rotation":{"angle":0,"axis":"y","origin":[8,8.03839,7.46375]},"faces":{"north":{"uv":[9,10,9.375,12.125],"texture":"#0"},"east":{"uv":[4.5,10,5,12.125],"texture":"#0"},"south":{"uv":[10.5,5,10.875,7.125],"texture":"#0"},"west":{"uv":[5,10,5.5,12.125],"texture":"#0"},"up":{"uv":[12.375,14.5,12,14],"texture":"#0"},"down":{"uv":[12.875,14,12.5,14.5],"texture":"#0"}}},{"from":[7.675,10.66339,6.96375],"to":[8.325,11.91339,7.96375],"rotation":{"angle":0,"axis":"y","origin":[8,12.78839,7.46375]},"faces":{"north":{"uv":[13.5,13,13.875,13.625],"texture":"#0"},"east":{"uv":[13.5,5,14,5.625],"texture":"#0"},"south":{"uv":[0,14,0.375,14.625],"texture":"#0"},"west":{"uv":[8,13.5,8.5,14.125],"texture":"#0"},"up":{"uv":[13.375,14.5,13,14],"texture":"#0"},"down":{"uv":[14.375,13,14,13.5],"texture":"#0"}}},{"from":[7.675,11.91339,7.46375],"to":[8.325,15.16339,7.96375],"rotation":{"angle":0,"axis":"y","origin":[8,14.03839,7.96375]},"faces":{"north":{"uv":[10.5,10.5,10.875,12.125],"texture":"#0"},"east":{"uv":[4,13,4.25,14.625],"texture":"#0"},"south":{"uv":[11,2,11.375,3.625],"texture":"#0"},"west":{"uv":[13,4,13.25,5.625],"texture":"#0"},"up":{"uv":[10.875,15.25,10.5,15],"texture":"#0"},"down":{"uv":[11.375,15,11,15.25],"texture":"#0"}}},{"from":[7.6,18.56339,7.25],"to":[8.4,27.81339,8],"rotation":{"angle":0,"axis":"y","origin":[8,23.18839,8]},"faces":{"north":{"uv":[4.5,7,4,11.625],"texture":"#0"},"east":{"uv":[8.375,0,8,4.625],"texture":"#0"},"south":{"uv":[7.5,0,7,4.625],"texture":"#0"},"west":{"uv":[8.375,5,8,9.625],"texture":"#0"},"up":{"uv":[14,14,13.5,14.375],"texture":"#0"},"down":{"uv":[14.5,13.875,14,13.5],"texture":"#0"}}},{"from":[7.65,27.28839,7.475],"to":[8.35,28.33839,8.525],"rotation":{"angle":45,"axis":"x","origin":[8,27.81339,8]},"faces":{"north":{"uv":[8.5,13.5,9,14],"texture":"#0"},"east":{"uv":[0.375,14,0.875,14.5],"texture":"#0"},"south":{"uv":[9,13.5,9.5,14.125],"texture":"#0"},"west":{"uv":[14,0.5,14.5,1],"texture":"#0"},"up":{"uv":[14.5,14.375,14,13.875],"texture":"#0"},"down":{"uv":[15,0.5,14.5,0.875],"texture":"#0"}}},{"from":[7.4,5.56339,8.51375],"to":[8.6,11.16339,10.01375],"rotation":{"angle":0,"axis":"y","origin":[8,12.5375,8]},"faces":{"north":{"uv":[7,8,7.625,10.75],"texture":"#0"},"east":{"uv":[4.5,7,5.25,9.75],"texture":"#0"},"south":{"uv":[8.5,0,9.125,2.75],"texture":"#0"},"west":{"uv":[7,5,7.75,7.75],"texture":"#0"},"up":{"uv":[13.125,2.75,12.5,2],"texture":"#0"},"down":{"uv":[13.125,3,12.5,3.75],"texture":"#0"}}},{"from":[7.4125,11.92914,9.33492],"to":[8.5875,13.42914,9.93492],"rotation":{"angle":45,"axis":"x","origin":[8,12.5375,8]},"faces":{"north":{"uv":[4.5,12.5,5.125,13.25],"texture":"#0"},"east":{"uv":[1,14.5,1.25,15.25],"texture":"#0"},"south":{"uv":[12.5,7,13.125,7.75],"texture":"#0"},"west":{"uv":[1.5,14.5,1.75,15.25],"texture":"#0"},"up":{"uv":[15.125,12.25,14.5,12],"texture":"#0"},"down":{"uv":[13.125,14.5,12.5,14.75],"texture":"#0"}}},{"from":[7.4,11.16339,9.26375],"to":[8.6,11.91339,10.01375],"rotation":{"angle":0,"axis":"x","origin":[8,12.5375,8]},"faces":{"north":{"uv":[1,14,1.625,14.375],"texture":"#0"},"east":{"uv":[4,15,4.375,15.375],"texture":"#0"},"south":{"uv":[14,1.5,14.625,1.875],"texture":"#0"},"west":{"uv":[15,4,15.375,4.375],"texture":"#0"},"up":{"uv":[2.625,14.375,2,14],"texture":"#0"},"down":{"uv":[14.625,2,14,2.375],"texture":"#0"}}},{"from":[7.4,16.33661,9.33625],"to":[8.6,17.08661,10.08625],"rotation":{"angle":0,"axis":"x","origin":[8,12.5375,8]},"faces":{"north":{"uv":[14,2.5,14.625,2.875],"texture":"#0"},"east":{"uv":[4.5,15,4.875,15.375],"texture":"#0"},"south":{"uv":[3,14,3.625,14.375],"texture":"#0"},"west":{"uv":[15,4.5,15.375,4.875],"texture":"#0"},"up":{"uv":[14.625,3.375,14,3],"texture":"#0"},"down":{"uv":[14.625,3.5,14,3.875],"texture":"#0"}}},{"from":[7.4125,15.63842,5.72816],"to":[8.5875,17.13842,6.32816],"rotation":{"angle":45,"axis":"x","origin":[8,12.5375,8]},"faces":{"north":{"uv":[8,12.5,8.625,13.25],"texture":"#0"},"east":{"uv":[2,14.5,2.25,15.25],"texture":"#0"},"south":{"uv":[9,12.5,9.625,13.25],"texture":"#0"},"west":{"uv":[2.5,14.5,2.75,15.25],"texture":"#0"},"up":{"uv":[15.625,0.75,15,0.5],"texture":"#0"},"down":{"uv":[15.625,1.5,15,1.75],"texture":"#0"}}},{"from":[7.4,13.03661,8.58625],"to":[8.6,13.33661,9.03625],"rotation":{"angle":0,"axis":"x","origin":[8,12.5375,8]},"faces":{"north":{"uv":[0,15.5,0.625,15.625],"texture":"#0"},"east":{"uv":[15.5,12,15.75,12.125],"texture":"#0"},"south":{"uv":[1,15.5,1.625,15.625],"texture":"#0"},"west":{"uv":[12.5,15.5,12.75,15.625],"texture":"#0"},"up":{"uv":[15.625,2.25,15,2],"texture":"#0"},"down":{"uv":[15.625,2.5,15,2.75],"texture":"#0"}}},{"from":[7.4,13.33661,8.58625],"to":[8.6,14.08661,9.33625],"rotation":{"angle":0,"axis":"x","origin":[8,12.5375,8]},"faces":{"north":{"uv":[14,4,14.625,4.375],"texture":"#0"},"east":{"uv":[5,15,5.375,15.375],"texture":"#0"},"south":{"uv":[14,4.5,14.625,4.875],"texture":"#0"},"west":{"uv":[15,5,15.375,5.375],"texture":"#0"},"up":{"uv":[14.625,5.375,14,5],"texture":"#0"},"down":{"uv":[14.625,5.5,14,5.875],"texture":"#0"}}},{"from":[7.4125,13.60809,7.77982],"to":[8.5875,15.10809,8.37982],"rotation":{"angle":45,"axis":"x","origin":[8,12.5375,8]},"faces":{"north":{"uv":[10,12.5,10.625,13.25],"texture":"#0"},"east":{"uv":[3,14.5,3.25,15.25],"texture":"#0"},"south":{"uv":[0,13,0.625,13.75],"texture":"#0"},"west":{"uv":[3.5,14.5,3.75,15.25],"texture":"#0"},"up":{"uv":[15.625,3.25,15,3],"texture":"#0"},"down":{"uv":[15.625,3.5,15,3.75],"texture":"#0"}}},{"from":[7.4,14.08661,8.58625],"to":[8.6,16.33661,10.08625],"rotation":{"angle":0,"axis":"y","origin":[8,12.5375,8]},"faces":{"north":{"uv":[5.5,10.5,6.125,11.625],"texture":"#0"},"east":{"uv":[8,10,8.75,11.125],"texture":"#0"},"south":{"uv":[10.5,7.5,11.125,8.625],"texture":"#0"},"west":{"uv":[10.5,0,11.25,1.125],"texture":"#0"},"up":{"uv":[1.625,13.75,1,13],"texture":"#0"},"down":{"uv":[13.625,1,13,1.75],"texture":"#0"}}},{"from":[7.4,16.33661,5.91375],"to":[8.6,17.08661,6.66375],"rotation":{"angle":0,"axis":"x","origin":[8,12.5375,8]},"faces":{"north":{"uv":[3.625,14,3,14.375],"texture":"#0"},"east":{"uv":[4.875,15,4.5,15.375],"texture":"#0"},"south":{"uv":[14.625,2.5,14,2.875],"texture":"#0"},"west":{"uv":[15.375,4.5,15,4.875],"texture":"#0"},"up":{"uv":[14.625,3,14,3.375],"texture":"#0"},"down":{"uv":[14.625,3.875,14,3.5],"texture":"#0"}}},{"from":[7.4125,15.63842,9.67184],"to":[8.5875,17.13842,10.27184],"rotation":{"angle":-45,"axis":"x","origin":[8,12.5375,8]},"faces":{"north":{"uv":[9.625,12.5,9,13.25],"texture":"#0"},"east":{"uv":[2.25,14.5,2,15.25],"texture":"#0"},"south":{"uv":[8.625,12.5,8,13.25],"texture":"#0"},"west":{"uv":[2.75,14.5,2.5,15.25],"texture":"#0"},"up":{"uv":[15.625,0.5,15,0.75],"texture":"#0"},"down":{"uv":[15.625,1.75,15,1.5],"texture":"#0"}}},{"from":[7.4,14.08661,5.91375],"to":[8.6,16.33661,7.41375],"rotation":{"angle":0,"axis":"y","origin":[8,12.5375,8]},"faces":{"north":{"uv":[11.125,7.5,10.5,8.625],"texture":"#0"},"east":{"uv":[8.75,10,8,11.125],"texture":"#0"},"south":{"uv":[6.125,10.5,5.5,11.625],"texture":"#0"},"west":{"uv":[11.25,0,10.5,1.125],"texture":"#0"},"up":{"uv":[1.625,13,1,13.75],"texture":"#0"},"down":{"uv":[13.625,1.75,13,1],"texture":"#0"}}},{"from":[7.4125,13.60809,7.62018],"to":[8.5875,15.10809,8.22018],"rotation":{"angle":-45,"axis":"x","origin":[8,12.5375,8]},"faces":{"north":{"uv":[0.625,13,0,13.75],"texture":"#0"},"east":{"uv":[3.25,14.5,3,15.25],"texture":"#0"},"south":{"uv":[10.625,12.5,10,13.25],"texture":"#0"},"west":{"uv":[3.75,14.5,3.5,15.25],"texture":"#0"},"up":{"uv":[15.625,3,15,3.25],"texture":"#0"},"down":{"uv":[15.625,3.75,15,3.5],"texture":"#0"}}},{"from":[7.4,13.33661,6.66375],"to":[8.6,14.08661,7.41375],"rotation":{"angle":0,"axis":"x","origin":[8,12.5375,8]},"faces":{"north":{"uv":[14.625,4.5,14,4.875],"texture":"#0"},"east":{"uv":[5.375,15,5,15.375],"texture":"#0"},"south":{"uv":[14.625,4,14,4.375],"texture":"#0"},"west":{"uv":[15.375,5,15,5.375],"texture":"#0"},"up":{"uv":[14.625,5,14,5.375],"texture":"#0"},"down":{"uv":[14.625,5.875,14,5.5],"texture":"#0"}}},{"from":[7.4,13.03661,6.96375],"to":[8.6,13.33661,7.41375],"rotation":{"angle":0,"axis":"x","origin":[8,12.5375,8]},"faces":{"north":{"uv":[1.625,15.5,1,15.625],"texture":"#0"},"east":{"uv":[15.75,12,15.5,12.125],"texture":"#0"},"south":{"uv":[0.625,15.5,0,15.625],"texture":"#0"},"west":{"uv":[12.75,15.5,12.5,15.625],"texture":"#0"},"up":{"uv":[15.625,2,15,2.25],"texture":"#0"},"down":{"uv":[15.625,2.75,15,2.5],"texture":"#0"}}},{"from":[7.4125,11.92914,6.06508],"to":[8.5875,13.42914,6.66508],"rotation":{"angle":-45,"axis":"x","origin":[8,12.5375,8]},"faces":{"north":{"uv":[13.125,7,12.5,7.75],"texture":"#0"},"east":{"uv":[1.25,14.5,1,15.25],"texture":"#0"},"south":{"uv":[5.125,12.5,4.5,13.25],"texture":"#0"},"west":{"uv":[1.75,14.5,1.5,15.25],"texture":"#0"},"up":{"uv":[15.125,12,14.5,12.25],"texture":"#0"},"down":{"uv":[13.125,14.75,12.5,14.5],"texture":"#0"}}},{"from":[7.4,11.16339,5.98625],"to":[8.6,11.91339,6.73625],"rotation":{"angle":0,"axis":"x","origin":[8,12.5375,8]},"faces":{"north":{"uv":[14.625,1.5,14,1.875],"texture":"#0"},"east":{"uv":[4.375,15,4,15.375],"texture":"#0"},"south":{"uv":[1.625,14,1,14.375],"texture":"#0"},"west":{"uv":[15.375,4,15,4.375],"texture":"#0"},"up":{"uv":[2.625,14,2,14.375],"texture":"#0"},"down":{"uv":[14.625,2.375,14,2],"texture":"#0"}}},{"from":[7.4,5.56339,5.98625],"to":[8.6,11.16339,7.48625],"rotation":{"angle":0,"axis":"y","origin":[8,12.5375,8]},"faces":{"north":{"uv":[9.125,0,8.5,2.75],"texture":"#0"},"east":{"uv":[5.25,7,4.5,9.75],"texture":"#0"},"south":{"uv":[7.625,8,7,10.75],"texture":"#0"},"west":{"uv":[7.75,5,7,7.75],"texture":"#0"},"up":{"uv":[13.125,2,12.5,2.75],"texture":"#0"},"down":{"uv":[13.125,3.75,12.5,3],"texture":"#0"}}},{"from":[8,5.91339,4.61375],"to":[8,32,8.11375],"rotation":{"angle":0,"axis":"y","origin":[8,7.75,8]},"faces":{"north":{"uv":[0,0,0,13],"texture":"#4"},"east":{"uv":[6.67961,0,8.89563,16],"texture":"#4"},"south":{"uv":[0,0,0,13],"texture":"#4"},"west":{"uv":[8.87621,0,6.66019,16],"texture":"#4"},"up":{"uv":[0,1.75,0,0],"texture":"#4"},"down":{"uv":[0,0,0,1.75],"texture":"#4"}}},{"from":[7.6,18.56339,8],"to":[8.4,27.81339,8.75],"rotation":{"angle":0,"axis":"y","origin":[8,23.18839,8]},"faces":{"north":{"uv":[7,0,7.5,4.625],"texture":"#0"},"east":{"uv":[8,0,8.375,4.625],"texture":"#0"},"south":{"uv":[4,7,4.5,11.625],"texture":"#0"},"west":{"uv":[8,5,8.375,9.625],"texture":"#0"},"up":{"uv":[14,14.375,13.5,14],"texture":"#0"},"down":{"uv":[14.5,13.5,14,13.875],"texture":"#0"}}},{"from":[8,5.91339,7.95875],"to":[8,32,11.45875],"rotation":{"angle":0,"axis":"y","origin":[8,7.75,8.0725]},"faces":{"north":{"uv":[0,0,0,13],"texture":"#4"},"east":{"uv":[8.89563,0,6.67961,16],"texture":"#4"},"south":{"uv":[0,0,0,13],"texture":"#4"},"west":{"uv":[6.66019,0,8.87621,16],"texture":"#4"},"up":{"uv":[0,0,0,1.75],"texture":"#4"},"down":{"uv":[0,1.75,0,0],"texture":"#4"}}},{"from":[7.55,5.91339,8],"to":[8.45,19.16339,9.5],"rotation":{"angle":0,"axis":"y","origin":[8,12.53839,8.75]},"faces":{"north":{"uv":[6,0,6.5,6.625],"texture":"#0"},"east":{"uv":[4,0,4.75,6.625],"texture":"#0"},"south":{"uv":[6.5,0,7,6.625],"texture":"#0"},"west":{"uv":[5,0,5.75,6.625],"texture":"#0"},"up":{"uv":[7,13.75,6.5,13],"texture":"#0"},"down":{"uv":[7.5,13,7,13.75],"texture":"#0"}}},{"from":[7.75,1.31161,5.43875],"to":[8.25,3.06161,5.93875],"rotation":{"angle":-22.5,"axis":"x","origin":[8,1.84201,5.70575]},"faces":{"north":{"uv":[14,6,14.25,6.875],"texture":"#0"},"east":{"uv":[6.5,14,6.75,14.875],"texture":"#0"},"south":{"uv":[7,14,7.25,14.875],"texture":"#0"},"west":{"uv":[14,7,14.25,7.875],"texture":"#0"},"up":{"uv":[15.75,4.25,15.5,4],"texture":"#0"},"down":{"uv":[4.75,15.5,4.5,15.75],"texture":"#0"}}},{"from":[7.65,2.36161,5.33875],"to":[8.35,2.61161,6.03875],"rotation":{"angle":-22.5,"axis":"x","origin":[8,1.84201,5.70575]},"faces":{"north":{"uv":[15.5,6,15.875,6.125],"texture":"#0"},"east":{"uv":[6.5,15.5,6.875,15.625],"texture":"#0"},"south":{"uv":[15.5,6.5,15.875,6.625],"texture":"#0"},"west":{"uv":[7,15.5,7.375,15.625],"texture":"#0"},"up":{"uv":[5.875,15.375,5.5,15],"texture":"#0"},"down":{"uv":[15.375,5.5,15,5.875],"texture":"#0"}}},{"from":[7.65,1.66161,5.33875],"to":[8.35,1.91161,6.03875],"rotation":{"angle":-22.5,"axis":"x","origin":[8,1.84201,5.70575]},"faces":{"north":{"uv":[15.5,8,15.875,8.125],"texture":"#0"},"east":{"uv":[8.5,15.5,8.875,15.625],"texture":"#0"},"south":{"uv":[15.5,8.5,15.875,8.625],"texture":"#0"},"west":{"uv":[9,15.5,9.375,15.625],"texture":"#0"},"up":{"uv":[7.375,15.375,7,15],"texture":"#0"},"down":{"uv":[7.875,15,7.5,15.375],"texture":"#0"}}},{"from":[7.5,3.78756,8.97642],"to":[8.5,4.88756,11.22642],"rotation":{"angle":45,"axis":"x","origin":[8,4.33756,10.10142]},"faces":{"north":{"uv":[11.5,13.5,11,14],"texture":"#0"},"east":{"uv":[12.125,7,11,7.5],"texture":"#0"},"south":{"uv":[14,10.5,13.5,11],"texture":"#0"},"west":{"uv":[12.125,10.5,11,11],"texture":"#0"},"up":{"uv":[10,11,9.5,12.125],"texture":"#0"},"down":{"uv":[10.5,12.125,10,11],"texture":"#0"}}},{"from":[7.25,2.8224,9.92724],"to":[8.75,4.0724,11.42724],"rotation":{"angle":0,"axis":"y","origin":[8,7.01394,7.31349]},"faces":{"north":{"uv":[12.75,12,12,12.625],"texture":"#0"},"east":{"uv":[12.75,11,12,11.625],"texture":"#0"},"south":{"uv":[11.75,12,11,12.625],"texture":"#0"},"west":{"uv":[13.25,0,12.5,0.625],"texture":"#0"},"up":{"uv":[11.75,11,11,11.75],"texture":"#0"},"down":{"uv":[12.25,0.75,11.5,0],"texture":"#0"}}},{"from":[7.65,2.36161,9.96125],"to":[8.35,2.61161,10.66125],"rotation":{"angle":22.5,"axis":"x","origin":[8,1.84201,10.29425]},"faces":{"north":{"uv":[15.875,6.5,15.5,6.625],"texture":"#0"},"east":{"uv":[6.875,15.5,6.5,15.625],"texture":"#0"},"south":{"uv":[15.875,6,15.5,6.125],"texture":"#0"},"west":{"uv":[7.375,15.5,7,15.625],"texture":"#0"},"up":{"uv":[5.875,15,5.5,15.375],"texture":"#0"},"down":{"uv":[15.375,5.875,15,5.5],"texture":"#0"}}},{"from":[7.75,1.31161,10.06125],"to":[8.25,3.06161,10.56125],"rotation":{"angle":22.5,"axis":"x","origin":[8,1.84201,10.29425]},"faces":{"north":{"uv":[7.25,14,7,14.875],"texture":"#0"},"east":{"uv":[6.75,14,6.5,14.875],"texture":"#0"},"south":{"uv":[14.25,6,14,6.875],"texture":"#0"},"west":{"uv":[14.25,7,14,7.875],"texture":"#0"},"up":{"uv":[15.75,4,15.5,4.25],"texture":"#0"},"down":{"uv":[4.75,15.75,4.5,15.5],"texture":"#0"}}},{"from":[7.65,1.66161,9.96125],"to":[8.35,1.91161,10.66125],"rotation":{"angle":22.5,"axis":"x","origin":[8,1.84201,10.29425]},"faces":{"north":{"uv":[15.875,8.5,15.5,8.625],"texture":"#0"},"east":{"uv":[8.875,15.5,8.5,15.625],"texture":"#0"},"south":{"uv":[15.875,8,15.5,8.125],"texture":"#0"},"west":{"uv":[9.375,15.5,9,15.625],"texture":"#0"},"up":{"uv":[7.375,15,7,15.375],"texture":"#0"},"down":{"uv":[7.875,15.375,7.5,15],"texture":"#0"}}},{"from":[7.5,0.6224,9.77724],"to":[8.5,1.3724,10.77724],"rotation":{"angle":22.5,"axis":"x","origin":[8,1.84201,10.29425]},"faces":{"north":{"uv":[12,14,11.5,14.375],"texture":"#0"},"east":{"uv":[14.5,11,14,11.375],"texture":"#0"},"south":{"uv":[14.5,10.5,14,10.875],"texture":"#0"},"west":{"uv":[14.5,11.5,14,11.875],"texture":"#0"},"up":{"uv":[12,13.5,11.5,14],"texture":"#0"},"down":{"uv":[12.5,14,12,13.5],"texture":"#0"}}},{"from":[7.5,-5.13338,5.08637],"to":[8.5,-4.13338,5.83637],"rotation":{"angle":0,"axis":"x","origin":[8,-4.65038,6.20598]},"faces":{"north":{"uv":[12.5,14,12,13.5],"rotation":180,"texture":"#0"},"east":{"uv":[14.5,11,14,11.375],"rotation":270,"texture":"#0"},"south":{"uv":[12,13.5,11.5,14],"texture":"#0"},"west":{"uv":[14.5,11.5,14,11.875],"rotation":90,"texture":"#0"},"up":{"uv":[12,14,11.5,14.375],"rotation":180,"texture":"#0"},"down":{"uv":[14.5,10.5,14,10.875],"texture":"#0"}}},{"from":[7.65,-5.01739,6.12558],"to":[8.35,-4.31739,6.37558],"rotation":{"angle":0,"axis":"x","origin":[8,-4.65038,6.20598]},"faces":{"north":{"uv":[7.875,15.375,7.5,15],"rotation":180,"texture":"#0"},"east":{"uv":[8.875,15.5,8.5,15.625],"rotation":270,"texture":"#0"},"south":{"uv":[7.375,15,7,15.375],"texture":"#0"},"west":{"uv":[9.375,15.5,9,15.625],"rotation":90,"texture":"#0"},"up":{"uv":[15.875,8.5,15.5,8.625],"rotation":180,"texture":"#0"},"down":{"uv":[15.875,8,15.5,8.125],"texture":"#0"}}},{"from":[7.75,-4.91739,5.77558],"to":[8.25,-4.41739,7.52558],"rotation":{"angle":0,"axis":"x","origin":[8,-4.15038,6.20598]},"faces":{"north":{"uv":[4.75,15.75,4.5,15.5],"rotation":180,"texture":"#0"},"east":{"uv":[6.75,14,6.5,14.875],"rotation":270,"texture":"#0"},"south":{"uv":[15.75,4,15.5,4.25],"texture":"#0"},"west":{"uv":[14.25,7,14,7.875],"rotation":90,"texture":"#0"},"up":{"uv":[7.25,14,7,14.875],"rotation":180,"texture":"#0"},"down":{"uv":[14.25,6,14,6.875],"texture":"#0"}}},{"from":[7.65,-5.01739,6.82558],"to":[8.35,-4.31739,7.07558],"rotation":{"angle":0,"axis":"x","origin":[8,-4.65038,6.20598]},"faces":{"north":{"uv":[15.375,5.875,15,5.5],"rotation":180,"texture":"#0"},"east":{"uv":[6.875,15.5,6.5,15.625],"rotation":270,"texture":"#0"},"south":{"uv":[5.875,15,5.5,15.375],"texture":"#0"},"west":{"uv":[7.375,15.5,7,15.625],"rotation":90,"texture":"#0"},"up":{"uv":[15.875,6.5,15.5,6.625],"rotation":180,"texture":"#0"},"down":{"uv":[15.875,6,15.5,6.125],"texture":"#0"}}},{"from":[7.65,-5.01739,8.92442],"to":[8.35,-4.31739,9.17442],"rotation":{"angle":0,"axis":"x","origin":[8,-4.65038,9.79402]},"faces":{"north":{"uv":[5.5,15,5.875,15.375],"texture":"#0"},"east":{"uv":[6.875,15.625,6.5,15.5],"rotation":270,"texture":"#0"},"south":{"uv":[15,5.875,15.375,5.5],"rotation":180,"texture":"#0"},"west":{"uv":[7.375,15.625,7,15.5],"rotation":90,"texture":"#0"},"up":{"uv":[15.875,6.625,15.5,6.5],"rotation":180,"texture":"#0"},"down":{"uv":[15.875,6.125,15.5,6],"texture":"#0"}}},{"from":[7.75,-4.91739,8.47442],"to":[8.25,-4.41739,10.22442],"rotation":{"angle":0,"axis":"x","origin":[8,-4.65038,9.79402]},"faces":{"north":{"uv":[15.5,4,15.75,4.25],"texture":"#0"},"east":{"uv":[6.75,14.875,6.5,14],"rotation":270,"texture":"#0"},"south":{"uv":[4.5,15.75,4.75,15.5],"rotation":180,"texture":"#0"},"west":{"uv":[14.25,7.875,14,7],"rotation":90,"texture":"#0"},"up":{"uv":[7.25,14.875,7,14],"rotation":180,"texture":"#0"},"down":{"uv":[14.25,6.875,14,6],"texture":"#0"}}},{"from":[7.65,-5.01739,9.62442],"to":[8.35,-4.31739,9.87442],"rotation":{"angle":0,"axis":"x","origin":[8,-4.65038,9.79402]},"faces":{"north":{"uv":[7,15,7.375,15.375],"texture":"#0"},"east":{"uv":[8.875,15.625,8.5,15.5],"rotation":270,"texture":"#0"},"south":{"uv":[7.5,15.375,7.875,15],"rotation":180,"texture":"#0"},"west":{"uv":[9.375,15.625,9,15.5],"rotation":90,"texture":"#0"},"up":{"uv":[15.875,8.625,15.5,8.5],"rotation":180,"texture":"#0"},"down":{"uv":[15.875,8.125,15.5,8],"texture":"#0"}}},{"from":[7.5,-5.13338,10.16363],"to":[8.5,-4.13338,10.91363],"rotation":{"angle":0,"axis":"x","origin":[8,-4.65038,9.79402]},"faces":{"north":{"uv":[11.5,13.5,12,14],"texture":"#0"},"east":{"uv":[14.5,11.375,14,11],"rotation":270,"texture":"#0"},"south":{"uv":[12,14,12.5,13.5],"rotation":180,"texture":"#0"},"west":{"uv":[14.5,11.875,14,11.5],"rotation":90,"texture":"#0"},"up":{"uv":[12,14.375,11.5,14],"rotation":180,"texture":"#0"},"down":{"uv":[14.5,10.875,14,10.5],"texture":"#0"}}},{"from":[7.75,2.08868,11.70933],"to":[8.25,2.58868,14.45933],"rotation":{"angle":45,"axis":"x","origin":[8,3.64657,12.31457]},"faces":{"north":{"uv":[15.5,5,15.75,5.25],"texture":"#0"},"east":{"uv":[4.75,14.875,4.5,13.5],"rotation":270,"texture":"#0"},"south":{"uv":[5.5,15.75,5.75,15.5],"rotation":180,"texture":"#0"},"west":{"uv":[5.75,14.875,5.5,13.5],"rotation":90,"texture":"#0"},"up":{"uv":[5.25,14.875,5,13.5],"rotation":180,"texture":"#0"},"down":{"uv":[13.75,4.875,13.5,3.5],"texture":"#0"}}},{"from":[7.5,1.58868,13.45933],"to":[8.5,3.43868,13.95933],"rotation":{"angle":45,"axis":"x","origin":[8,3.64657,12.31457]},"faces":{"north":{"uv":[3,13,3.5,13.875],"texture":"#0"},"east":{"uv":[14.875,10.25,14,10],"rotation":270,"texture":"#0"},"south":{"uv":[3.5,13.875,4,13],"rotation":180,"texture":"#0"},"west":{"uv":[11.375,14.25,10.5,14],"rotation":90,"texture":"#0"},"up":{"uv":[10,15.25,9.5,15],"rotation":180,"texture":"#0"},"down":{"uv":[9.5,15.25,9,15],"texture":"#0"}}},{"from":[7.475,2.30648,12.84075],"to":[8.525,4.80648,13.34075],"rotation":{"angle":0,"axis":"x","origin":[8,3.64657,12.31457]},"faces":{"north":{"uv":[7.5,3.5,8,4.75],"texture":"#0"},"east":{"uv":[9.5,13.5,9.75,14.75],"texture":"#0"},"south":{"uv":[6.5,10.5,7,11.75],"texture":"#0"},"west":{"uv":[10,13.5,10.25,14.75],"texture":"#0"},"up":{"uv":[10.5,15.25,10,15],"texture":"#0"},"down":{"uv":[15.5,10,15,10.25],"texture":"#0"}}},{"from":[7.5,4.68286,10.36516],"to":[8.5,5.18286,12.21516],"rotation":{"angle":45,"axis":"x","origin":[8,3.64657,12.31457]},"faces":{"north":{"uv":[8,15,8.5,15.25],"texture":"#0"},"east":{"uv":[14.25,8.875,14,8],"rotation":270,"texture":"#0"},"south":{"uv":[8.5,15.25,9,15],"rotation":180,"texture":"#0"},"west":{"uv":[14.25,9.875,14,9],"rotation":90,"texture":"#0"},"up":{"uv":[3,13.875,2.5,13],"rotation":180,"texture":"#0"},"down":{"uv":[2.5,13.875,2,13],"texture":"#0"}}},{"from":[7.75,2.93286,10.86516],"to":[8.25,5.68286,11.36516],"rotation":{"angle":45,"axis":"x","origin":[8,3.64657,12.31457]},"faces":{"north":{"uv":[7.5,13,7.75,14.375],"texture":"#0"},"east":{"uv":[13.375,13.25,12,13],"rotation":270,"texture":"#0"},"south":{"uv":[13.5,3.375,13.75,2],"rotation":180,"texture":"#0"},"west":{"uv":[14.375,12.25,13,12],"rotation":90,"texture":"#0"},"up":{"uv":[5.25,15.75,5,15.5],"rotation":180,"texture":"#0"},"down":{"uv":[15.75,4.75,15.5,4.5],"texture":"#0"}}},{"from":[7.75,3.25648,11.29075],"to":[8.25,3.75648,14.04075],"rotation":{"angle":0,"axis":"x","origin":[8,3.64657,12.31457]},"faces":{"north":{"uv":[15.5,5.5,15.75,5.75],"texture":"#0"},"east":{"uv":[13,12.5,14.375,12.75],"texture":"#0"},"south":{"uv":[6,15.5,6.25,15.75],"texture":"#0"},"west":{"uv":[13.5,0,14.875,0.25],"texture":"#0"},"up":{"uv":[6.25,14.875,6,13.5],"texture":"#0"},"down":{"uv":[13.75,7,13.5,8.375],"texture":"#0"}}},{"from":[7.75,2.93286,4.63484],"to":[8.25,5.68286,5.13484],"rotation":{"angle":-45,"axis":"x","origin":[8,3.64657,3.68543]},"faces":{"north":{"uv":[13.75,3.375,13.5,2],"rotation":180,"texture":"#0"},"east":{"uv":[13.375,13,12,13.25],"rotation":270,"texture":"#0"},"south":{"uv":[7.75,13,7.5,14.375],"texture":"#0"},"west":{"uv":[14.375,12,13,12.25],"rotation":90,"texture":"#0"},"up":{"uv":[5.25,15.5,5,15.75],"rotation":180,"texture":"#0"},"down":{"uv":[15.75,4.5,15.5,4.75],"texture":"#0"}}},{"from":[7.5,4.68286,3.78484],"to":[8.5,5.18286,5.63484],"rotation":{"angle":-45,"axis":"x","origin":[8,3.64657,3.68543]},"faces":{"north":{"uv":[9,15.25,8.5,15],"rotation":180,"texture":"#0"},"east":{"uv":[14.25,8,14,8.875],"rotation":270,"texture":"#0"},"south":{"uv":[8.5,15,8,15.25],"texture":"#0"},"west":{"uv":[14.25,9,14,9.875],"rotation":90,"texture":"#0"},"up":{"uv":[3,13,2.5,13.875],"rotation":180,"texture":"#0"},"down":{"uv":[2.5,13,2,13.875],"texture":"#0"}}},{"from":[7.475,2.30648,2.65925],"to":[8.525,4.80648,3.15925],"rotation":{"angle":0,"axis":"x","origin":[8,3.64657,3.68543]},"faces":{"north":{"uv":[7,10.5,6.5,11.75],"texture":"#0"},"east":{"uv":[9.75,13.5,9.5,14.75],"texture":"#0"},"south":{"uv":[8,3.5,7.5,4.75],"texture":"#0"},"west":{"uv":[10.25,13.5,10,14.75],"texture":"#0"},"up":{"uv":[10.5,15,10,15.25],"texture":"#0"},"down":{"uv":[15.5,10.25,15,10],"texture":"#0"}}},{"from":[7.5,1.58868,2.04067],"to":[8.5,3.43868,2.54067],"rotation":{"angle":-45,"axis":"x","origin":[8,3.64657,3.68543]},"faces":{"north":{"uv":[4,13.875,3.5,13],"rotation":180,"texture":"#0"},"east":{"uv":[14.875,10,14,10.25],"rotation":270,"texture":"#0"},"south":{"uv":[3.5,13,3,13.875],"texture":"#0"},"west":{"uv":[11.375,14,10.5,14.25],"rotation":90,"texture":"#0"},"up":{"uv":[10,15,9.5,15.25],"rotation":180,"texture":"#0"},"down":{"uv":[9.5,15,9,15.25],"texture":"#0"}}},{"from":[7.75,2.08868,1.54067],"to":[8.25,2.58868,4.29067],"rotation":{"angle":-45,"axis":"x","origin":[8,3.64657,3.68543]},"faces":{"north":{"uv":[5.75,15.75,5.5,15.5],"rotation":180,"texture":"#0"},"east":{"uv":[4.75,13.5,4.5,14.875],"rotation":270,"texture":"#0"},"south":{"uv":[15.75,5,15.5,5.25],"texture":"#0"},"west":{"uv":[5.75,13.5,5.5,14.875],"rotation":90,"texture":"#0"},"up":{"uv":[5.25,13.5,5,14.875],"rotation":180,"texture":"#0"},"down":{"uv":[13.75,3.5,13.5,4.875],"texture":"#0"}}},{"from":[7.75,3.25648,1.95925],"to":[8.25,3.75648,4.70925],"rotation":{"angle":0,"axis":"x","origin":[8,3.64657,3.68543]},"faces":{"north":{"uv":[6.25,15.5,6,15.75],"texture":"#0"},"east":{"uv":[14.375,12.5,13,12.75],"texture":"#0"},"south":{"uv":[15.75,5.5,15.5,5.75],"texture":"#0"},"west":{"uv":[14.875,0,13.5,0.25],"texture":"#0"},"up":{"uv":[6.25,13.5,6,14.875],"texture":"#0"},"down":{"uv":[13.75,8.375,13.5,7],"texture":"#0"}}},{"from":[7.25,2.11161,7.28875],"to":[8.75,2.61161,8.78875],"rotation":{"angle":0,"axis":"y","origin":[8,2.48661,8.03875]},"faces":{"north":{"uv":[14.5,1,15.25,1.25],"texture":"#0"},"east":{"uv":[14.5,6,15.25,6.25],"texture":"#0"},"south":{"uv":[14.5,6.5,15.25,6.75],"texture":"#0"},"west":{"uv":[14.5,7,15.25,7.25],"texture":"#0"},"up":{"uv":[12.25,2.75,11.5,2],"texture":"#0"},"down":{"uv":[12.25,3,11.5,3.75],"texture":"#0"}}},{"from":[7.25,1.36161,7.28875],"to":[8.75,1.86161,8.78875],"rotation":{"angle":0,"axis":"y","origin":[8,2.48661,8.03875]},"faces":{"north":{"uv":[7.5,14.5,8.25,14.75],"texture":"#0"},"east":{"uv":[14.5,7.5,15.25,7.75],"texture":"#0"},"south":{"uv":[14.5,8,15.25,8.25],"texture":"#0"},"west":{"uv":[8.5,14.5,9.25,14.75],"texture":"#0"},"up":{"uv":[12.25,8.25,11.5,7.5],"texture":"#0"},"down":{"uv":[8.75,11.5,8,12.25],"texture":"#0"}}},{"from":[7.25,-3.13839,7.28875],"to":[8.75,-2.63839,8.78875],"rotation":{"angle":0,"axis":"y","origin":[8,-3.76339,8.03875]},"faces":{"north":{"uv":[14.5,8.5,15.25,8.75],"texture":"#0"},"east":{"uv":[14.5,9,15.25,9.25],"texture":"#0"},"south":{"uv":[14.5,9.5,15.25,9.75],"texture":"#0"},"west":{"uv":[10.5,14.5,11.25,14.75],"texture":"#0"},"up":{"uv":[12.75,1.75,12,1],"texture":"#0"},"down":{"uv":[12.75,4,12,4.75],"texture":"#0"}}},{"from":[7.25,-3.88839,7.28875],"to":[8.75,-3.38839,8.78875],"rotation":{"angle":0,"axis":"y","origin":[8,-3.76339,8.03875]},"faces":{"north":{"uv":[14.5,10.5,15.25,10.75],"texture":"#0"},"east":{"uv":[14.5,11,15.25,11.25],"texture":"#0"},"south":{"uv":[11.5,14.5,12.25,14.75],"texture":"#0"},"west":{"uv":[14.5,11.5,15.25,11.75],"texture":"#0"},"up":{"uv":[12.75,5.75,12,5],"texture":"#0"},"down":{"uv":[6.25,12,5.5,12.75],"texture":"#0"}}},{"from":[7.25,-5.13839,7.28875],"to":[8.75,-4.13839,8.78875],"rotation":{"angle":0,"axis":"y","origin":[8,-4.63839,8.03875]},"faces":{"north":{"uv":[13,6.5,13.75,7],"texture":"#0"},"east":{"uv":[13,8.5,13.75,9],"texture":"#0"},"south":{"uv":[13,9,13.75,9.5],"texture":"#0"},"west":{"uv":[13,9.5,13.75,10],"texture":"#0"},"up":{"uv":[12.75,6.75,12,6],"texture":"#0"},"down":{"uv":[7.25,12,6.5,12.75],"texture":"#0"}}},{"from":[7.25,-8.13839,7.28875],"to":[8.75,-7.13839,8.78875],"rotation":{"angle":0,"axis":"y","origin":[8,-7.63839,8.03875]},"faces":{"north":{"uv":[13,10,13.75,10.5],"texture":"#0"},"east":{"uv":[11,13,11.75,13.5],"texture":"#0"},"south":{"uv":[13,11,13.75,11.5],"texture":"#0"},"west":{"uv":[13,11.5,13.75,12],"texture":"#0"},"up":{"uv":[12.75,9.25,12,8.5],"texture":"#0"},"down":{"uv":[12.75,9.5,12,10.25],"texture":"#0"}}}],"gui_light":"front","display":{"thirdperson_righthand":{"translation":[0,6,1.25],"scale":[0.85078,0.85078,0.85078]},"thirdperson_lefthand":{"translation":[0,6,1.25],"scale":[0.85078,0.85078,0.85078]},"firstperson_righthand":{"rotation":[-11,0,0],"translation":[5,3.5,-4.5],"scale":[0.92891,0.92891,0.92891]},"firstperson_lefthand":{"rotation":[-11,0,0],"translation":[5,3.5,-4.5],"scale":[0.92891,0.92891,0.92891]},"ground":{"rotation":[-147,0,-79],"translation":[-1.75,1.25,0],"scale":[0.6,0.6,0.6]},"gui":{"rotation":[-90,46,90],"translation":[1,-1,0],"scale":[0.45898,0.45898,0.45898]},"head":{"rotation":[-90,-45,90],"translation":[4.25,-11,4.25],"scale":[1.1,1.1,1.1]},"fixed":{"rotation":[-90,-90,-90],"translation":[0.5,-2.25,-2],"scale":[1.28984,1.28984,1.28984]}},"groups":[{"name":"sword","origin":[8,-8.63839,8.03875],"color":0,"nbt":"{}","armAnimationEnabled":false,"boneType":"","children":[0,1,2,3,4,5,6,7,8,9,10,11,12,13,14,15,16,17,18,19,20,21,22,23,24,25,26,27,28,29,30,31,32,33,34,35,36,37,38,39,40,41,42,43,44,45,46,47,48,49,50,51,52,53,54,55,56,57,58,59,60,61,62,63,64,65,66,67,68,69,70,71,72,73,74,75,76,77,78,79,80,81,82,83,84,85]}],"mcmodels":"407c67e31bd2a722f90d34ac8da338a4"}