{"credit":"Made with Blockbench","textures":{"0":"elitecreatures:steampunk_v2/texture","1":"elitecreatures:steampunk_v2/eff_1","2":"elitecreatures:steampunk_v2/eff_2","4":"elitecreatures:steampunk_v2/eff_4_pickaxe","particle":"elitecreatures:steampunk_v2/texture"},"elements":[{"from":[7.74,12.8518,6.3],"to":[8.26,13.6518,9.7],"rotation":{"angle":0,"axis":"y","origin":[8,13.2518,8]},"faces":{"north":{"uv":[12.5,14,12.875,14.5],"texture":"#0"},"east":{"uv":[4.5,12.125,5,10],"rotation":90,"texture":"#0"},"south":{"uv":[12,14.5,12.375,14],"rotation":180,"texture":"#0"},"west":{"uv":[5,12.125,5.5,10],"rotation":270,"texture":"#0"},"up":{"uv":[10.5,7.125,10.875,5],"texture":"#0"},"down":{"uv":[9,12.125,9.375,10],"rotation":180,"texture":"#0"}}},{"from":[8,18.06592,3.08902],"to":[8,19.86592,4.88902],"rotation":{"angle":-45,"axis":"x","origin":[8,14.20545,8]},"faces":{"north":{"uv":[16,0,16,0],"rotation":180,"texture":"#2"},"east":{"uv":[16,0,0,16],"rotation":90,"texture":"#2"},"south":{"uv":[16,0,16,0],"texture":"#2"},"west":{"uv":[0,0,16,16],"rotation":270,"texture":"#2"},"up":{"uv":[16,0,16,0],"texture":"#2"},"down":{"uv":[16,0,16,0],"rotation":180,"texture":"#2"}}},{"from":[7.6,20.6115,0.82628],"to":[7.6,21.6115,1.82628],"rotation":{"angle":-45,"axis":"x","origin":[8,14.20545,8]},"faces":{"north":{"uv":[16,0,16,0],"rotation":180,"texture":"#2"},"east":{"uv":[16,0,0,16],"rotation":90,"texture":"#2"},"south":{"uv":[16,0,16,0],"texture":"#2"},"west":{"uv":[0,0,16,16],"rotation":270,"texture":"#2"},"up":{"uv":[16,0,16,0],"texture":"#2"},"down":{"uv":[16,0,16,0],"rotation":180,"texture":"#2"}}},{"from":[7.6,21.52062,0.09089],"to":[7.6,22.12062,0.69089],"rotation":{"angle":-45,"axis":"x","origin":[8,14.20545,8]},"faces":{"north":{"uv":[16,0,16,0],"rotation":180,"texture":"#2"},"east":{"uv":[16,0,0,16],"rotation":90,"texture":"#2"},"south":{"uv":[16,0,16,0],"texture":"#2"},"west":{"uv":[0,0,16,16],"rotation":270,"texture":"#2"},"up":{"uv":[16,0,16,0],"texture":"#2"},"down":{"uv":[16,0,16,0],"rotation":180,"texture":"#2"}}},{"from":[7.6,21.51375,0.68001],"to":[7.6,22.23375,1.40001],"rotation":{"angle":-45,"axis":"x","origin":[8,14.20545,8]},"faces":{"north":{"uv":[16,0,16,0],"rotation":180,"texture":"#2"},"east":{"uv":[0,0,16,16],"rotation":90,"texture":"#2"},"south":{"uv":[16,0,16,0],"texture":"#2"},"west":{"uv":[16,0,0,16],"rotation":270,"texture":"#2"},"up":{"uv":[16,0,16,0],"texture":"#2"},"down":{"uv":[16,0,16,0],"rotation":180,"texture":"#2"}}},{"from":[8.4,21.52062,0.09089],"to":[8.4,22.12062,0.69089],"rotation":{"angle":-45,"axis":"x","origin":[8,14.20545,8]},"faces":{"north":{"uv":[16,0,16,0],"rotation":180,"texture":"#2"},"east":{"uv":[16,0,0,16],"rotation":90,"texture":"#2"},"south":{"uv":[16,0,16,0],"texture":"#2"},"west":{"uv":[0,0,16,16],"rotation":270,"texture":"#2"},"up":{"uv":[16,0,16,0],"texture":"#2"},"down":{"uv":[16,0,16,0],"rotation":180,"texture":"#2"}}},{"from":[8.4,21.51375,0.68001],"to":[8.4,22.23375,1.40001],"rotation":{"angle":-45,"axis":"x","origin":[8,14.20545,8]},"faces":{"north":{"uv":[16,0,16,0],"rotation":180,"texture":"#2"},"east":{"uv":[0,0,16,16],"rotation":90,"texture":"#2"},"south":{"uv":[16,0,16,0],"texture":"#2"},"west":{"uv":[16,0,0,16],"rotation":270,"texture":"#2"},"up":{"uv":[16,0,16,0],"texture":"#2"},"down":{"uv":[16,0,16,0],"rotation":180,"texture":"#2"}}},{"from":[8.4,20.6115,0.82628],"to":[8.4,21.6115,1.82628],"rotation":{"angle":-45,"axis":"x","origin":[8,14.20545,8]},"faces":{"north":{"uv":[16,0,16,0],"rotation":180,"texture":"#2"},"east":{"uv":[16,0,0,16],"rotation":90,"texture":"#2"},"south":{"uv":[16,0,16,0],"texture":"#2"},"west":{"uv":[0,0,16,16],"rotation":270,"texture":"#2"},"up":{"uv":[16,0,16,0],"texture":"#2"},"down":{"uv":[16,0,16,0],"rotation":180,"texture":"#2"}}},{"from":[7.64,13.64111,-3.14803],"to":[8.36,14.84111,7.45197],"rotation":{"angle":0,"axis":"y","origin":[8,14.20545,8]},"faces":{"north":{"uv":[7,13.75,6.5,13],"rotation":180,"texture":"#0"},"east":{"uv":[4,0,4.75,6.625],"rotation":90,"texture":"#0"},"south":{"uv":[7.5,13,7,13.75],"texture":"#0"},"west":{"uv":[5,0,5.75,6.625],"rotation":270,"texture":"#0"},"up":{"uv":[6.5,0,7,6.625],"texture":"#0"},"down":{"uv":[6,0,6.5,6.625],"rotation":180,"texture":"#0"}}},{"from":[7.74,12.8518,4.821],"to":[8.26,13.6518,5.821],"rotation":{"angle":0,"axis":"y","origin":[8,14.20545,8]},"faces":{"north":{"uv":[13.375,14.5,13,14],"rotation":180,"texture":"#0"},"east":{"uv":[13.5,5,14,5.625],"rotation":90,"texture":"#0"},"south":{"uv":[14.375,13,14,13.5],"texture":"#0"},"west":{"uv":[8,13.5,8.5,14.125],"rotation":270,"texture":"#0"},"up":{"uv":[0,14,0.375,14.625],"texture":"#0"},"down":{"uv":[13.5,13,13.875,13.625],"rotation":180,"texture":"#0"}}},{"from":[7.74,13.2518,2.221],"to":[8.26,13.6518,4.821],"rotation":{"angle":0,"axis":"y","origin":[8,14.20545,8]},"faces":{"north":{"uv":[10.875,15.25,10.5,15],"rotation":180,"texture":"#0"},"east":{"uv":[4,13,4.25,14.625],"rotation":90,"texture":"#0"},"south":{"uv":[11.375,15,11,15.25],"texture":"#0"},"west":{"uv":[13,4,13.25,5.625],"rotation":270,"texture":"#0"},"up":{"uv":[11,2,11.375,3.625],"texture":"#0"},"down":{"uv":[10.5,10.5,10.875,12.125],"rotation":180,"texture":"#0"}}},{"from":[7.64,21.68925,-0.2819],"to":[8.36,22.68925,0.3181],"rotation":{"angle":-45,"axis":"x","origin":[8,14.20545,8]},"faces":{"north":{"uv":[8.5,13.5,9,14.125],"texture":"#0"},"east":{"uv":[0.5,14,0.875,14.625],"texture":"#0"},"south":{"uv":[9,13.5,9.5,14.125],"texture":"#0"},"west":{"uv":[14,0.5,14.375,1.125],"texture":"#0"},"up":{"uv":[14.5,14.375,14,14],"texture":"#0"},"down":{"uv":[15,0.5,14.5,0.875],"texture":"#0"}}},{"from":[7.52,14.08111,3.25197],"to":[8.48,15.28111,7.73197],"rotation":{"angle":0,"axis":"y","origin":[8,14.20545,8]},"faces":{"north":{"uv":[13.125,2.75,12.5,2],"rotation":180,"texture":"#0"},"east":{"uv":[4.5,7,5.25,9.75],"rotation":90,"texture":"#0"},"south":{"uv":[13.125,3,12.5,3.75],"texture":"#0"},"west":{"uv":[7,5,7.75,7.75],"rotation":270,"texture":"#0"},"up":{"uv":[8.5,0,9.125,2.75],"texture":"#0"},"down":{"uv":[7,8,7.625,10.75],"rotation":180,"texture":"#0"}}},{"from":[7.52,17.4749,4.55471],"to":[8.48,18.6749,5.03471],"rotation":{"angle":-45,"axis":"x","origin":[8,14.20545,8]},"faces":{"north":{"uv":[4.5,12.5,5.125,13.25],"texture":"#0"},"east":{"uv":[1,14.5,1.25,15.25],"texture":"#0"},"south":{"uv":[12.5,7,13.125,7.75],"texture":"#0"},"west":{"uv":[1.5,14.5,1.75,15.25],"texture":"#0"},"up":{"uv":[15.125,12.25,14.5,12],"texture":"#0"},"down":{"uv":[13.125,14.5,12.5,14.75],"texture":"#0"}}},{"from":[7.52,14.68111,2.65197],"to":[8.48,15.28111,3.25197],"rotation":{"angle":0,"axis":"y","origin":[8,14.20545,8]},"faces":{"north":{"uv":[2.625,14.375,2,14],"rotation":180,"texture":"#0"},"east":{"uv":[4,15,4.375,15.375],"rotation":90,"texture":"#0"},"south":{"uv":[14.625,2,14,2.375],"texture":"#0"},"west":{"uv":[15,4,15.375,4.375],"rotation":270,"texture":"#0"},"up":{"uv":[14,1.5,14.625,1.875],"texture":"#0"},"down":{"uv":[1,14,1.625,14.375],"rotation":180,"texture":"#0"}}},{"from":[7.52,14.92111,2.41197],"to":[8.48,15.28111,2.65197],"rotation":{"angle":0,"axis":"y","origin":[8,14.20545,8]},"faces":{"north":{"uv":[15.125,12.75,14.5,12.5],"rotation":180,"texture":"#0"},"east":{"uv":[15.5,9,15.75,9.125],"rotation":90,"texture":"#0"},"south":{"uv":[15.125,13,14.5,13.25],"texture":"#0"},"west":{"uv":[9.5,15.5,9.75,15.625],"rotation":270,"texture":"#0"},"up":{"uv":[12.5,15,13.125,15.125],"texture":"#0"},"down":{"uv":[11.5,15,12.125,15.125],"rotation":180,"texture":"#0"}}},{"from":[7.52,14.97911,-1.72661],"to":[8.48,15.33911,-1.48661],"rotation":{"angle":0,"axis":"y","origin":[8,14.20545,8]},"faces":{"north":{"uv":[14.125,14.75,13.5,14.5],"rotation":180,"texture":"#0"},"east":{"uv":[15.5,9.5,15.75,9.625],"rotation":90,"texture":"#0"},"south":{"uv":[15.125,13.5,14.5,13.75],"texture":"#0"},"west":{"uv":[10,15.5,10.25,15.625],"rotation":270,"texture":"#0"},"up":{"uv":[14.5,15,15.125,15.125],"texture":"#0"},"down":{"uv":[13.5,15,14.125,15.125],"rotation":180,"texture":"#0"}}},{"from":[7.52,14.05911,-0.52661],"to":[8.48,14.37911,-0.20661],"rotation":{"angle":0,"axis":"y","origin":[8,14.20545,8]},"faces":{"north":{"uv":[0.625,15.25,0,15],"rotation":180,"texture":"#0"},"east":{"uv":[15.5,1,15.75,1.25],"rotation":90,"texture":"#0"},"south":{"uv":[15.625,0,15,0.25],"texture":"#0"},"west":{"uv":[2,15.5,2.25,15.75],"rotation":270,"texture":"#0"},"up":{"uv":[14.5,14.5,15.125,14.75],"texture":"#0"},"down":{"uv":[14.5,14,15.125,14.25],"rotation":180,"texture":"#0"}}},{"from":[7.28,13.97911,-0.60661],"to":[7.52,14.45911,-0.12661],"rotation":{"angle":0,"axis":"y","origin":[8,14.20545,8]},"faces":{"north":{"uv":[15.625,10.75,15.5,10.5],"rotation":180,"texture":"#0"},"east":{"uv":[2.5,15.5,2.75,15.75],"rotation":90,"texture":"#0"},"south":{"uv":[11.125,15.5,11,15.75],"texture":"#0"},"west":{"uv":[3,15.5,3.25,15.75],"rotation":270,"texture":"#0"},"up":{"uv":[10.5,15.5,10.625,15.75],"texture":"#0"},"down":{"uv":[15.5,10,15.625,10.25],"rotation":180,"texture":"#0"}}},{"from":[8.48,13.97911,-0.60661],"to":[8.72,14.45911,-0.12661],"rotation":{"angle":0,"axis":"y","origin":[8,14.20545,8]},"faces":{"north":{"uv":[15.625,11.75,15.5,11.5],"rotation":180,"texture":"#0"},"east":{"uv":[3.5,15.5,3.75,15.75],"rotation":90,"texture":"#0"},"south":{"uv":[12.125,15.5,12,15.75],"texture":"#0"},"west":{"uv":[4,15.5,4.25,15.75],"rotation":270,"texture":"#0"},"up":{"uv":[11.5,15.5,11.625,15.75],"texture":"#0"},"down":{"uv":[15.5,11,15.625,11.25],"rotation":180,"texture":"#0"}}},{"from":[7.28,13.97911,0.39339],"to":[7.52,14.45911,0.87339],"rotation":{"angle":0,"axis":"y","origin":[8,14.20545,8]},"faces":{"north":{"uv":[15.625,10.75,15.5,10.5],"rotation":180,"texture":"#0"},"east":{"uv":[2.5,15.5,2.75,15.75],"rotation":90,"texture":"#0"},"south":{"uv":[11.125,15.5,11,15.75],"texture":"#0"},"west":{"uv":[3,15.5,3.25,15.75],"rotation":270,"texture":"#0"},"up":{"uv":[10.5,15.5,10.625,15.75],"texture":"#0"},"down":{"uv":[15.5,10,15.625,10.25],"rotation":180,"texture":"#0"}}},{"from":[7.52,14.05911,0.47339],"to":[8.48,14.37911,0.79339],"rotation":{"angle":0,"axis":"y","origin":[8,14.20545,8]},"faces":{"north":{"uv":[0.625,15.25,0,15],"rotation":180,"texture":"#0"},"east":{"uv":[15.5,1,15.75,1.25],"rotation":90,"texture":"#0"},"south":{"uv":[15.625,0,15,0.25],"texture":"#0"},"west":{"uv":[2,15.5,2.25,15.75],"rotation":270,"texture":"#0"},"up":{"uv":[14.5,14.5,15.125,14.75],"texture":"#0"},"down":{"uv":[14.5,14,15.125,14.25],"rotation":180,"texture":"#0"}}},{"from":[8.48,13.97911,0.39339],"to":[8.72,14.45911,0.87339],"rotation":{"angle":0,"axis":"y","origin":[8,14.20545,8]},"faces":{"north":{"uv":[15.625,11.75,15.5,11.5],"rotation":180,"texture":"#0"},"east":{"uv":[3.5,15.5,3.75,15.75],"rotation":90,"texture":"#0"},"south":{"uv":[12.125,15.5,12,15.75],"texture":"#0"},"west":{"uv":[4,15.5,4.25,15.75],"rotation":270,"texture":"#0"},"up":{"uv":[11.5,15.5,11.625,15.75],"texture":"#0"},"down":{"uv":[15.5,11,15.625,11.25],"rotation":180,"texture":"#0"}}},{"from":[7.28,13.97911,5.99339],"to":[7.52,14.45911,6.47339],"rotation":{"angle":0,"axis":"y","origin":[8,14.20545,8]},"faces":{"north":{"uv":[15.625,10.75,15.5,10.5],"rotation":180,"texture":"#0"},"east":{"uv":[2.5,15.5,2.75,15.75],"rotation":90,"texture":"#0"},"south":{"uv":[11.125,15.5,11,15.75],"texture":"#0"},"west":{"uv":[3,15.5,3.25,15.75],"rotation":270,"texture":"#0"},"up":{"uv":[10.5,15.5,10.625,15.75],"texture":"#0"},"down":{"uv":[15.5,10,15.625,10.25],"rotation":180,"texture":"#0"}}},{"from":[7.52,14.05911,6.07339],"to":[8.48,14.37911,6.39339],"rotation":{"angle":0,"axis":"y","origin":[8,14.20545,8]},"faces":{"north":{"uv":[0.625,15.25,0,15],"rotation":180,"texture":"#0"},"east":{"uv":[15.5,1,15.75,1.25],"rotation":90,"texture":"#0"},"south":{"uv":[15.625,0,15,0.25],"texture":"#0"},"west":{"uv":[2,15.5,2.25,15.75],"rotation":270,"texture":"#0"},"up":{"uv":[14.5,14.5,15.125,14.75],"texture":"#0"},"down":{"uv":[14.5,14,15.125,14.25],"rotation":180,"texture":"#0"}}},{"from":[8.48,13.97911,5.99339],"to":[8.72,14.45911,6.47339],"rotation":{"angle":0,"axis":"y","origin":[8,14.20545,8]},"faces":{"north":{"uv":[15.625,11.75,15.5,11.5],"rotation":180,"texture":"#0"},"east":{"uv":[3.5,15.5,3.75,15.75],"rotation":90,"texture":"#0"},"south":{"uv":[12.125,15.5,12,15.75],"texture":"#0"},"west":{"uv":[4,15.5,4.25,15.75],"rotation":270,"texture":"#0"},"up":{"uv":[11.5,15.5,11.625,15.75],"texture":"#0"},"down":{"uv":[15.5,11,15.625,11.25],"rotation":180,"texture":"#0"}}},{"from":[7.28,13.97911,3.79339],"to":[7.52,14.45911,4.27339],"rotation":{"angle":0,"axis":"y","origin":[8,14.20545,8]},"faces":{"north":{"uv":[15.625,10.75,15.5,10.5],"rotation":180,"texture":"#0"},"east":{"uv":[2.5,15.5,2.75,15.75],"rotation":90,"texture":"#0"},"south":{"uv":[11.125,15.5,11,15.75],"texture":"#0"},"west":{"uv":[3,15.5,3.25,15.75],"rotation":270,"texture":"#0"},"up":{"uv":[10.5,15.5,10.625,15.75],"texture":"#0"},"down":{"uv":[15.5,10,15.625,10.25],"rotation":180,"texture":"#0"}}},{"from":[7.52,14.05911,3.87339],"to":[8.48,14.37911,4.19339],"rotation":{"angle":0,"axis":"y","origin":[8,14.20545,8]},"faces":{"north":{"uv":[0.625,15.25,0,15],"rotation":180,"texture":"#0"},"east":{"uv":[15.5,1,15.75,1.25],"rotation":90,"texture":"#0"},"south":{"uv":[15.625,0,15,0.25],"texture":"#0"},"west":{"uv":[2,15.5,2.25,15.75],"rotation":270,"texture":"#0"},"up":{"uv":[14.5,14.5,15.125,14.75],"texture":"#0"},"down":{"uv":[14.5,14,15.125,14.25],"rotation":180,"texture":"#0"}}},{"from":[8.48,13.97911,3.79339],"to":[8.72,14.45911,4.27339],"rotation":{"angle":0,"axis":"y","origin":[8,14.20545,8]},"faces":{"north":{"uv":[15.625,11.75,15.5,11.5],"rotation":180,"texture":"#0"},"east":{"uv":[3.5,15.5,3.75,15.75],"rotation":90,"texture":"#0"},"south":{"uv":[12.125,15.5,12,15.75],"texture":"#0"},"west":{"uv":[4,15.5,4.25,15.75],"rotation":270,"texture":"#0"},"up":{"uv":[11.5,15.5,11.625,15.75],"texture":"#0"},"down":{"uv":[15.5,11,15.625,11.25],"rotation":180,"texture":"#0"}}},{"from":[7.52,14.73911,-1.48661],"to":[8.48,15.33911,-0.88661],"rotation":{"angle":0,"axis":"y","origin":[8,14.20545,8]},"faces":{"north":{"uv":[14.625,3.375,14,3],"rotation":180,"texture":"#0"},"east":{"uv":[4.5,15,4.875,15.375],"rotation":90,"texture":"#0"},"south":{"uv":[14.625,3.5,14,3.875],"texture":"#0"},"west":{"uv":[15,4.5,15.375,4.875],"rotation":270,"texture":"#0"},"up":{"uv":[3,14,3.625,14.375],"texture":"#0"},"down":{"uv":[14,2.5,14.625,2.875],"rotation":180,"texture":"#0"}}},{"from":[7.52,20.44232,1.6693],"to":[8.48,21.64232,2.1493],"rotation":{"angle":-45,"axis":"x","origin":[8,14.20545,8]},"faces":{"north":{"uv":[8,12.5,8.625,13.25],"texture":"#0"},"east":{"uv":[2,14.5,2.25,15.25],"texture":"#0"},"south":{"uv":[9,12.5,9.625,13.25],"texture":"#0"},"west":{"uv":[2.5,14.5,2.75,15.25],"texture":"#0"},"up":{"uv":[15.625,0.75,15,0.5],"texture":"#0"},"down":{"uv":[15.625,1.5,15,1.75],"texture":"#0"}}},{"from":[7.52,14.13911,1.51339],"to":[8.48,14.49911,1.75339],"rotation":{"angle":0,"axis":"y","origin":[8,14.20545,8]},"faces":{"north":{"uv":[15.625,2.25,15,2],"rotation":180,"texture":"#0"},"east":{"uv":[15.5,12,15.75,12.125],"rotation":90,"texture":"#0"},"south":{"uv":[15.625,2.5,15,2.75],"texture":"#0"},"west":{"uv":[12.5,15.5,12.75,15.625],"rotation":270,"texture":"#0"},"up":{"uv":[1,15.5,1.625,15.625],"texture":"#0"},"down":{"uv":[0,15.5,0.625,15.625],"rotation":180,"texture":"#0"}}},{"from":[7.52,14.13911,0.91339],"to":[8.48,14.73911,1.51339],"rotation":{"angle":0,"axis":"y","origin":[8,14.20545,8]},"faces":{"north":{"uv":[14.625,5.375,14,5],"rotation":180,"texture":"#0"},"east":{"uv":[5,15,5.375,15.375],"rotation":90,"texture":"#0"},"south":{"uv":[14.625,5.5,14,5.875],"texture":"#0"},"west":{"uv":[15,5,15.375,5.375],"rotation":270,"texture":"#0"},"up":{"uv":[14,4.5,14.625,4.875],"texture":"#0"},"down":{"uv":[14,4,14.625,4.375],"rotation":180,"texture":"#0"}}},{"from":[7.52,18.81806,3.31062],"to":[8.48,20.01806,3.79062],"rotation":{"angle":-45,"axis":"x","origin":[8,14.20545,8]},"faces":{"north":{"uv":[10,12.5,10.625,13.25],"texture":"#0"},"east":{"uv":[3,14.5,3.25,15.25],"texture":"#0"},"south":{"uv":[0,13,0.625,13.75],"texture":"#0"},"west":{"uv":[3.5,14.5,3.75,15.25],"texture":"#0"},"up":{"uv":[15.625,3.25,15,3],"texture":"#0"},"down":{"uv":[15.625,3.5,15,3.75],"texture":"#0"}}},{"from":[7.52,14.13911,-0.88661],"to":[8.48,15.33911,0.91339],"rotation":{"angle":0,"axis":"y","origin":[8,14.20545,8]},"faces":{"north":{"uv":[1.625,13.75,1,13],"rotation":180,"texture":"#0"},"east":{"uv":[8,10,8.75,11.125],"rotation":90,"texture":"#0"},"south":{"uv":[13.625,1,13,1.75],"texture":"#0"},"west":{"uv":[10.5,0,11.25,1.125],"rotation":270,"texture":"#0"},"up":{"uv":[10.5,7.5,11.125,8.625],"texture":"#0"},"down":{"uv":[5.5,10.5,6.125,11.625],"rotation":180,"texture":"#0"}}},{"from":[8,12.04111,-5.61732],"to":[8,14.84111,15.25197],"rotation":{"angle":0,"axis":"y","origin":[8,14.20545,8]},"faces":{"north":{"uv":[0,1.75,0,0],"rotation":180,"texture":"#4"},"east":{"uv":[6.67961,0,8.89563,16],"rotation":90,"texture":"#4"},"south":{"uv":[0,0,0,1.75],"texture":"#4"},"west":{"uv":[8.87621,0,6.66019,16],"rotation":270,"texture":"#4"},"up":{"uv":[0,0,0,13],"texture":"#4"},"down":{"uv":[0,0,0,13],"rotation":180,"texture":"#4"}}},{"from":[7.5,3.86161,7.5],"to":[8.5,10.86161,8.5],"rotation":{"angle":0,"axis":"y","origin":[8,6.11161,8]},"faces":{"north":{"uv":[5.5,7,6,10.5],"texture":"#0"},"east":{"uv":[6,7,6.5,10.5],"texture":"#0"},"south":{"uv":[6.5,7,7,10.5],"texture":"#0"},"west":{"uv":[7.5,0,8,3.5],"texture":"#0"},"up":{"uv":[12,1.5,11.5,1],"texture":"#0"},"down":{"uv":[12,8.5,11.5,9],"texture":"#0"}}},{"from":[7.5,-3.13839,7.5],"to":[8.5,3.86161,8.5],"rotation":{"angle":0,"axis":"y","origin":[8,-0.88839,8]},"faces":{"north":{"uv":[5.5,7,6,10.5],"texture":"#0"},"east":{"uv":[6,7,6.5,10.5],"texture":"#0"},"south":{"uv":[6.5,7,7,10.5],"texture":"#0"},"west":{"uv":[7.5,0,8,3.5],"texture":"#0"},"up":{"uv":[12,1.5,11.5,1],"texture":"#0"},"down":{"uv":[12,8.5,11.5,9],"texture":"#0"}}},{"from":[6.75,11.61161,7.53875],"to":[9.25,12.61161,8.53875],"rotation":{"angle":0,"axis":"y","origin":[8,10.1158,8]},"faces":{"north":{"uv":[10.5,1.5,11.75,2],"texture":"#0"},"east":{"uv":[13.5,0.5,14,1],"texture":"#0"},"south":{"uv":[10.5,9,11.75,9.5],"texture":"#0"},"west":{"uv":[10.5,13.5,11,14],"texture":"#0"},"up":{"uv":[11.75,10,10.5,9.5],"texture":"#0"},"down":{"uv":[11.75,10,10.5,10.5],"texture":"#0"}}},{"from":[7.25,10.86161,7.25],"to":[8.75,11.86161,8.75],"rotation":{"angle":0,"axis":"y","origin":[8,6.11161,8]},"faces":{"north":{"uv":[12.5,8,13.25,8.5],"texture":"#0"},"east":{"uv":[12.5,10.5,13.25,11],"texture":"#0"},"south":{"uv":[5.5,13,6.25,13.5],"texture":"#0"},"west":{"uv":[13,6,13.75,6.5],"texture":"#0"},"up":{"uv":[11.75,4.75,11,4],"texture":"#0"},"down":{"uv":[11.75,5,11,5.75],"texture":"#0"}}},{"from":[6.8,12.69482,6.65],"to":[9.2,15.39482,9.35],"rotation":{"angle":45,"axis":"x","origin":[8,14.04482,8]},"faces":{"north":{"uv":[11,3.125,10,2],"rotation":180,"texture":"#0"},"east":{"uv":[8.5,3,9.625,4.125],"rotation":90,"texture":"#0"},"south":{"uv":[11,3.5,10,4.625],"texture":"#0"},"west":{"uv":[8.5,4.5,9.625,5.625],"rotation":270,"texture":"#0"},"up":{"uv":[9.5,9.5,10.5,10.625],"texture":"#0"},"down":{"uv":[9.5,8,10.5,9.125],"rotation":180,"texture":"#0"}}},{"from":[6.7,9.88856,7.82756],"to":[6.7,13.13856,11.07756],"rotation":{"angle":-45,"axis":"x","origin":[8,10.1158,8]},"faces":{"north":{"uv":[16,0,16,0],"texture":"#2"},"east":{"uv":[16,0,0,16],"texture":"#2"},"south":{"uv":[16,0,16,0],"texture":"#2"},"west":{"uv":[0,0,16,16],"texture":"#2"},"up":{"uv":[16,0,16,0],"texture":"#2"},"down":{"uv":[16,0,16,0],"texture":"#2"}}},{"from":[8,-6.49372,5.225],"to":[8,-4.24372,7.475],"rotation":{"angle":0,"axis":"y","origin":[8,-5.36872,6.35]},"faces":{"north":{"uv":[16,0,16,0],"texture":"#1"},"east":{"uv":[16,0,0,16],"texture":"#1"},"south":{"uv":[16,0,16,0],"texture":"#1"},"west":{"uv":[0,0,16,16],"texture":"#1"},"up":{"uv":[16,0,16,0],"texture":"#1"},"down":{"uv":[16,0,16,0],"texture":"#1"}}},{"from":[9.3,9.88856,7.82756],"to":[9.3,13.13856,11.07756],"rotation":{"angle":-45,"axis":"x","origin":[8,10.1158,8]},"faces":{"north":{"uv":[16,0,16,0],"texture":"#2"},"east":{"uv":[16,0,0,16],"texture":"#2"},"south":{"uv":[16,0,16,0],"texture":"#2"},"west":{"uv":[0,0,16,16],"texture":"#2"},"up":{"uv":[16,0,16,0],"texture":"#2"},"down":{"uv":[16,0,16,0],"texture":"#2"}}},{"from":[7.25,10.76128,7.14686],"to":[8.75,12.26128,10.39686],"rotation":{"angle":0,"axis":"y","origin":[8,11.51128,8.77186]},"faces":{"north":{"uv":[7,11,7.75,11.75],"texture":"#0"},"east":{"uv":[8.5,7,10.125,7.75],"texture":"#0"},"south":{"uv":[11,6,11.75,6.75],"texture":"#0"},"west":{"uv":[8.5,6,10.125,6.75],"texture":"#0"},"up":{"uv":[9.25,9.625,8.5,8],"rotation":180,"texture":"#0"},"down":{"uv":[10.25,0,9.5,1.625],"rotation":180,"texture":"#0"}}},{"from":[7.5,9.68907,10.1784],"to":[8.5,11.93907,11.2784],"rotation":{"angle":-22.5,"axis":"x","origin":[8,9.50625,11.73237]},"faces":{"north":{"uv":[10,12.125,9.5,11],"rotation":180,"texture":"#0"},"east":{"uv":[11,7,12.125,7.5],"rotation":90,"texture":"#0"},"south":{"uv":[10.5,11,10,12.125],"texture":"#0"},"west":{"uv":[11,10.5,12.125,11],"rotation":270,"texture":"#0"},"up":{"uv":[11,13.5,11.5,14],"texture":"#0"},"down":{"uv":[13.5,10.5,14,11],"rotation":180,"texture":"#0"}}},{"from":[7.25,8.39529,10.36285],"to":[8.75,9.89529,11.61285],"rotation":{"angle":22.5,"axis":"x","origin":[8,9.50625,11.73237]},"faces":{"north":{"uv":[11.75,11.75,11,11],"rotation":180,"texture":"#0"},"east":{"uv":[12,11,12.75,11.625],"rotation":90,"texture":"#0"},"south":{"uv":[12.25,0,11.5,0.75],"texture":"#0"},"west":{"uv":[12.5,0,13.25,0.625],"rotation":270,"texture":"#0"},"up":{"uv":[12,12,12.75,12.625],"texture":"#0"},"down":{"uv":[11,12,11.75,12.625],"rotation":180,"texture":"#0"}}},{"from":[7.5,8.71417,13.00575],"to":[8.5,9.71417,13.75575],"rotation":{"angle":0,"axis":"x","origin":[8,9.50625,11.73237]},"faces":{"north":{"uv":[12,14,11.5,13.5],"rotation":180,"texture":"#0"},"east":{"uv":[14,11,14.5,11.375],"rotation":90,"texture":"#0"},"south":{"uv":[12.5,13.5,12,14],"texture":"#0"},"west":{"uv":[14,11.5,14.5,11.875],"rotation":270,"texture":"#0"},"up":{"uv":[11.5,14,12,14.375],"texture":"#0"},"down":{"uv":[14,10.5,14.5,10.875],"rotation":180,"texture":"#0"}}},{"from":[7.1,10.01824,10.05071],"to":[7.4,10.61824,10.65071],"rotation":{"angle":0,"axis":"x","origin":[8,9.50625,11.73237]},"faces":{"north":{"uv":[15.625,10.75,15.5,10.5],"rotation":180,"texture":"#0"},"east":{"uv":[2.5,15.5,2.75,15.75],"rotation":90,"texture":"#0"},"south":{"uv":[11.125,15.5,11,15.75],"texture":"#0"},"west":{"uv":[3,15.5,3.25,15.75],"rotation":270,"texture":"#0"},"up":{"uv":[10.5,15.5,10.625,15.75],"texture":"#0"},"down":{"uv":[15.5,10,15.625,10.25],"rotation":180,"texture":"#0"}}},{"from":[7.75,8.93016,11.31654],"to":[8.25,9.43016,13.06654],"rotation":{"angle":0,"axis":"x","origin":[8,9.50625,11.73237]},"faces":{"north":{"uv":[15.75,4.25,15.5,4],"rotation":180,"texture":"#0"},"east":{"uv":[6.5,14,6.75,14.875],"rotation":90,"texture":"#0"},"south":{"uv":[4.75,15.5,4.5,15.75],"texture":"#0"},"west":{"uv":[14,7,14.25,7.875],"rotation":270,"texture":"#0"},"up":{"uv":[7,14,7.25,14.875],"texture":"#0"},"down":{"uv":[14,6,14.25,6.875],"rotation":180,"texture":"#0"}}},{"from":[7.65,8.83016,11.56654],"to":[8.35,9.53016,11.81654],"rotation":{"angle":0,"axis":"x","origin":[8,9.50625,11.73237]},"faces":{"north":{"uv":[5.875,15.375,5.5,15],"rotation":180,"texture":"#0"},"east":{"uv":[6.5,15.5,6.875,15.625],"rotation":90,"texture":"#0"},"south":{"uv":[15.375,5.5,15,5.875],"texture":"#0"},"west":{"uv":[7,15.5,7.375,15.625],"rotation":270,"texture":"#0"},"up":{"uv":[15.5,6.5,15.875,6.625],"texture":"#0"},"down":{"uv":[15.5,6,15.875,6.125],"rotation":180,"texture":"#0"}}},{"from":[7.65,8.83016,12.56654],"to":[8.35,9.53016,12.81654],"rotation":{"angle":0,"axis":"x","origin":[8,9.50625,11.73237]},"faces":{"north":{"uv":[7.375,15.375,7,15],"rotation":180,"texture":"#0"},"east":{"uv":[8.5,15.5,8.875,15.625],"rotation":90,"texture":"#0"},"south":{"uv":[7.875,15,7.5,15.375],"texture":"#0"},"west":{"uv":[9,15.5,9.375,15.625],"rotation":270,"texture":"#0"},"up":{"uv":[15.5,8.5,15.875,8.625],"texture":"#0"},"down":{"uv":[15.5,8,15.875,8.125],"rotation":180,"texture":"#0"}}},{"from":[7.75,-3.89099,6.27536],"to":[8.25,-3.39099,8.02536],"rotation":{"angle":0,"axis":"y","origin":[8,-3.65799,6.80576]},"faces":{"north":{"uv":[4.75,15.5,4.5,15.75],"rotation":180,"texture":"#0"},"east":{"uv":[6.5,14,6.75,14.875],"rotation":270,"texture":"#0"},"south":{"uv":[15.75,4.25,15.5,4],"texture":"#0"},"west":{"uv":[14,7,14.25,7.875],"rotation":90,"texture":"#0"},"up":{"uv":[14,6,14.25,6.875],"rotation":180,"texture":"#0"},"down":{"uv":[7,14,7.25,14.875],"texture":"#0"}}},{"from":[7.65,-4.08718,6.55623],"to":[8.35,-3.38718,6.80623],"rotation":{"angle":-22.5,"axis":"x","origin":[8,-3.70799,6.35576]},"faces":{"north":{"uv":[7.875,15,7.5,15.375],"rotation":180,"texture":"#0"},"east":{"uv":[8.5,15.5,8.875,15.625],"rotation":270,"texture":"#0"},"south":{"uv":[7.375,15.375,7,15],"texture":"#0"},"west":{"uv":[9,15.5,9.375,15.625],"rotation":90,"texture":"#0"},"up":{"uv":[15.5,8,15.875,8.125],"rotation":180,"texture":"#0"},"down":{"uv":[15.5,8.5,15.875,8.625],"texture":"#0"}}},{"from":[7.5,-4.1788,5.65529],"to":[8.5,-3.1788,6.40529],"rotation":{"angle":-22.5,"axis":"x","origin":[8,-3.70799,6.35576]},"faces":{"north":{"uv":[12.5,13.5,12,14],"rotation":180,"texture":"#0"},"east":{"uv":[14,11,14.5,11.375],"rotation":270,"texture":"#0"},"south":{"uv":[12,14,11.5,13.5],"texture":"#0"},"west":{"uv":[14,11.5,14.5,11.875],"rotation":90,"texture":"#0"},"up":{"uv":[14,10.5,14.5,10.875],"rotation":180,"texture":"#0"},"down":{"uv":[11.5,14,12,14.375],"texture":"#0"}}},{"from":[7.65,-4.08718,9.19377],"to":[8.35,-3.38718,9.44377],"rotation":{"angle":22.5,"axis":"x","origin":[8,-3.70799,9.64424]},"faces":{"north":{"uv":[7,15.375,7.375,15],"texture":"#0"},"east":{"uv":[8.5,15.625,8.875,15.5],"rotation":270,"texture":"#0"},"south":{"uv":[7.5,15,7.875,15.375],"rotation":180,"texture":"#0"},"west":{"uv":[9,15.625,9.375,15.5],"rotation":90,"texture":"#0"},"up":{"uv":[15.5,8.125,15.875,8],"rotation":180,"texture":"#0"},"down":{"uv":[15.5,8.625,15.875,8.5],"texture":"#0"}}},{"from":[7.5,-4.1788,9.59471],"to":[8.5,-3.1788,10.34471],"rotation":{"angle":22.5,"axis":"x","origin":[8,-3.70799,9.64424]},"faces":{"north":{"uv":[11.5,14,12,13.5],"texture":"#0"},"east":{"uv":[14,11.375,14.5,11],"rotation":270,"texture":"#0"},"south":{"uv":[12,13.5,12.5,14],"rotation":180,"texture":"#0"},"west":{"uv":[14,11.875,14.5,11.5],"rotation":90,"texture":"#0"},"up":{"uv":[14,10.875,14.5,10.5],"rotation":180,"texture":"#0"},"down":{"uv":[11.5,14.375,12,14],"texture":"#0"}}},{"from":[7.75,-3.89099,7.97464],"to":[8.25,-3.39099,9.72464],"rotation":{"angle":0,"axis":"y","origin":[8,-3.65799,9.19424]},"faces":{"north":{"uv":[15.75,4,15.5,4.25],"rotation":180,"texture":"#0"},"east":{"uv":[6.75,14,6.5,14.875],"rotation":90,"texture":"#0"},"south":{"uv":[4.75,15.75,4.5,15.5],"texture":"#0"},"west":{"uv":[14.25,7,14,7.875],"rotation":270,"texture":"#0"},"up":{"uv":[14.25,6,14,6.875],"texture":"#0"},"down":{"uv":[7.25,14,7,14.875],"rotation":180,"texture":"#0"}}},{"from":[7.5,-7.175,5.68615],"to":[8.5,-6.175,6.43615],"rotation":{"angle":22.5,"axis":"x","origin":[8,-6.65799,6.40576]},"faces":{"north":{"uv":[12.5,13.5,12,14],"rotation":180,"texture":"#0"},"east":{"uv":[14,11,14.5,11.375],"rotation":270,"texture":"#0"},"south":{"uv":[12,14,11.5,13.5],"texture":"#0"},"west":{"uv":[14,11.5,14.5,11.875],"rotation":90,"texture":"#0"},"up":{"uv":[14,10.5,14.5,10.875],"rotation":180,"texture":"#0"},"down":{"uv":[11.5,14,12,14.375],"texture":"#0"}}},{"from":[7.65,-6.89099,6.62536],"to":[8.35,-6.19099,6.87536],"rotation":{"angle":22.5,"axis":"x","origin":[8,-6.55799,6.40576]},"faces":{"north":{"uv":[7.875,15,7.5,15.375],"rotation":180,"texture":"#0"},"east":{"uv":[8.5,15.5,8.875,15.625],"rotation":270,"texture":"#0"},"south":{"uv":[7.375,15.375,7,15],"texture":"#0"},"west":{"uv":[9,15.5,9.375,15.625],"rotation":90,"texture":"#0"},"up":{"uv":[15.5,8,15.875,8.125],"rotation":180,"texture":"#0"},"down":{"uv":[15.5,8.5,15.875,8.625],"texture":"#0"}}},{"from":[7.65,-6.89479,9.14377],"to":[8.35,-6.19479,9.39377],"rotation":{"angle":-22.5,"axis":"x","origin":[8,-6.60799,9.59424]},"faces":{"north":{"uv":[7,15.375,7.375,15],"texture":"#0"},"east":{"uv":[8.5,15.625,8.875,15.5],"rotation":270,"texture":"#0"},"south":{"uv":[7.5,15,7.875,15.375],"rotation":180,"texture":"#0"},"west":{"uv":[9,15.625,9.375,15.5],"rotation":90,"texture":"#0"},"up":{"uv":[15.5,8.125,15.875,8],"rotation":180,"texture":"#0"},"down":{"uv":[15.5,8.625,15.875,8.5],"texture":"#0"}}},{"from":[7.5,-7.17119,9.54471],"to":[8.5,-6.17119,10.29471],"rotation":{"angle":-22.5,"axis":"x","origin":[8,-6.60799,9.59424]},"faces":{"north":{"uv":[11.5,14,12,13.5],"texture":"#0"},"east":{"uv":[14,11.375,14.5,11],"rotation":270,"texture":"#0"},"south":{"uv":[12,13.5,12.5,14],"rotation":180,"texture":"#0"},"west":{"uv":[14,11.875,14.5,11.5],"rotation":90,"texture":"#0"},"up":{"uv":[14,10.875,14.5,10.5],"rotation":180,"texture":"#0"},"down":{"uv":[11.5,14.375,12,14],"texture":"#0"}}},{"from":[7.75,-6.89099,6.27536],"to":[8.25,-6.39099,8.02536],"rotation":{"angle":0,"axis":"y","origin":[8,-6.65799,6.80576]},"faces":{"north":{"uv":[4.75,15.5,4.5,15.75],"rotation":180,"texture":"#0"},"east":{"uv":[6.5,14,6.75,14.875],"rotation":270,"texture":"#0"},"south":{"uv":[15.75,4.25,15.5,4],"texture":"#0"},"west":{"uv":[14,7,14.25,7.875],"rotation":90,"texture":"#0"},"up":{"uv":[14,6,14.25,6.875],"rotation":180,"texture":"#0"},"down":{"uv":[7,14,7.25,14.875],"texture":"#0"}}},{"from":[7.75,-6.89099,7.97464],"to":[8.25,-6.39099,9.72464],"rotation":{"angle":0,"axis":"y","origin":[8,-6.65799,9.19424]},"faces":{"north":{"uv":[15.75,4,15.5,4.25],"rotation":180,"texture":"#0"},"east":{"uv":[6.75,14,6.5,14.875],"rotation":90,"texture":"#0"},"south":{"uv":[4.75,15.75,4.5,15.5],"texture":"#0"},"west":{"uv":[14.25,7,14,7.875],"rotation":270,"texture":"#0"},"up":{"uv":[14.25,6,14,6.875],"texture":"#0"},"down":{"uv":[7.25,14,7,14.875],"rotation":180,"texture":"#0"}}},{"from":[8.6,10.01824,10.05071],"to":[8.9,10.61824,10.65071],"rotation":{"angle":0,"axis":"x","origin":[8,9.50625,11.73237]},"faces":{"north":{"uv":[15.625,11.75,15.5,11.5],"rotation":180,"texture":"#0"},"east":{"uv":[3.5,15.5,3.75,15.75],"rotation":90,"texture":"#0"},"south":{"uv":[12.125,15.5,12,15.75],"texture":"#0"},"west":{"uv":[4,15.5,4.25,15.75],"rotation":270,"texture":"#0"},"up":{"uv":[11.5,15.5,11.625,15.75],"texture":"#0"},"down":{"uv":[15.5,11,15.625,11.25],"rotation":180,"texture":"#0"}}},{"from":[7.4,10.11824,10.15071],"to":[8.6,10.51824,10.55071],"rotation":{"angle":0,"axis":"x","origin":[8,9.50625,11.73237]},"faces":{"north":{"uv":[0.625,15.25,0,15],"rotation":180,"texture":"#0"},"east":{"uv":[15.5,1,15.75,1.25],"rotation":90,"texture":"#0"},"south":{"uv":[15.625,0,15,0.25],"texture":"#0"},"west":{"uv":[2,15.5,2.25,15.75],"rotation":270,"texture":"#0"},"up":{"uv":[14.5,14.5,15.125,14.75],"texture":"#0"},"down":{"uv":[14.5,14,15.125,14.25],"rotation":180,"texture":"#0"}}},{"from":[7.7,14.48237,8.37472],"to":[8.3,17.78237,8.97472],"rotation":{"angle":0,"axis":"x","origin":[8,15.20865,10.24419]},"faces":{"north":{"uv":[7.75,14.375,7.5,13],"rotation":180,"texture":"#0"},"east":{"uv":[12,13,13.375,13.25],"rotation":90,"texture":"#0"},"south":{"uv":[13.75,2,13.5,3.375],"texture":"#0"},"west":{"uv":[13,12,14.375,12.25],"rotation":270,"texture":"#0"},"up":{"uv":[5,15.5,5.25,15.75],"texture":"#0"},"down":{"uv":[15.5,4.5,15.75,4.75],"rotation":180,"texture":"#0"}}},{"from":[7.4,16.58237,7.77472],"to":[8.6,17.18237,9.99472],"rotation":{"angle":0,"axis":"x","origin":[8,15.20865,10.24419]},"faces":{"north":{"uv":[8.5,15.25,8,15],"rotation":180,"texture":"#0"},"east":{"uv":[14,8,14.25,8.875],"rotation":90,"texture":"#0"},"south":{"uv":[9,15,8.5,15.25],"texture":"#0"},"west":{"uv":[14,9,14.25,9.875],"rotation":270,"texture":"#0"},"up":{"uv":[2.5,13,3,13.875],"texture":"#0"},"down":{"uv":[2,13,2.5,13.875],"rotation":180,"texture":"#0"}}},{"from":[7.7,13.46935,9.38773],"to":[8.3,14.06935,12.68773],"rotation":{"angle":0,"axis":"x","origin":[8,15.20865,10.24419]},"faces":{"north":{"uv":[15.75,5.25,15.5,5],"rotation":180,"texture":"#0"},"east":{"uv":[4.5,13.5,4.75,14.875],"rotation":90,"texture":"#0"},"south":{"uv":[5.75,15.5,5.5,15.75],"texture":"#0"},"west":{"uv":[5.5,13.5,5.75,14.875],"rotation":270,"texture":"#0"},"up":{"uv":[5,13.5,5.25,14.875],"texture":"#0"},"down":{"uv":[13.5,3.5,13.75,4.875],"rotation":180,"texture":"#0"}}},{"from":[7.4,12.86935,11.48773],"to":[8.6,15.08935,12.08773],"rotation":{"angle":0,"axis":"x","origin":[8,15.20865,10.24419]},"faces":{"north":{"uv":[3.5,13.875,3,13],"rotation":180,"texture":"#0"},"east":{"uv":[14,10,14.875,10.25],"rotation":90,"texture":"#0"},"south":{"uv":[4,13,3.5,13.875],"texture":"#0"},"west":{"uv":[10.5,14,11.375,14.25],"rotation":270,"texture":"#0"},"up":{"uv":[9.5,15,10,15.25],"texture":"#0"},"down":{"uv":[9,15,9.5,15.25],"rotation":180,"texture":"#0"}}},{"from":[7.7,13.98007,9.92822],"to":[8.3,17.28007,10.52822],"rotation":{"angle":45,"axis":"x","origin":[8,15.20865,10.24419]},"faces":{"north":{"uv":[6.25,14.875,6,13.5],"rotation":180,"texture":"#0"},"east":{"uv":[13,12.5,14.375,12.75],"rotation":90,"texture":"#0"},"south":{"uv":[13.75,7,13.5,8.375],"texture":"#0"},"west":{"uv":[13.5,0,14.875,0.25],"rotation":270,"texture":"#0"},"up":{"uv":[6,15.5,6.25,15.75],"texture":"#0"},"down":{"uv":[15.5,5.5,15.75,5.75],"rotation":180,"texture":"#0"}}},{"from":[7.375,15.84007,8.66822],"to":[8.625,16.44007,11.66822],"rotation":{"angle":45,"axis":"x","origin":[8,15.20865,10.24419]},"faces":{"north":{"uv":[10.5,15.25,10,15],"rotation":180,"texture":"#0"},"east":{"uv":[9.5,13.5,9.75,14.75],"rotation":90,"texture":"#0"},"south":{"uv":[15.5,10,15,10.25],"texture":"#0"},"west":{"uv":[10,13.5,10.25,14.75],"rotation":270,"texture":"#0"},"up":{"uv":[6.5,10.5,7,11.75],"texture":"#0"},"down":{"uv":[7.5,3.5,8,4.75],"rotation":180,"texture":"#0"}}},{"from":[7.25,10.11161,7.25],"to":[8.75,10.61161,8.75],"rotation":{"angle":0,"axis":"y","origin":[8,6.11161,8]},"faces":{"north":{"uv":[14.5,1,15.25,1.25],"texture":"#0"},"east":{"uv":[14.5,6,15.25,6.25],"texture":"#0"},"south":{"uv":[14.5,6.5,15.25,6.75],"texture":"#0"},"west":{"uv":[14.5,7,15.25,7.25],"texture":"#0"},"up":{"uv":[12.25,2.75,11.5,2],"texture":"#0"},"down":{"uv":[12.25,3,11.5,3.75],"texture":"#0"}}},{"from":[7.25,9.36161,7.25],"to":[8.75,9.86161,8.75],"rotation":{"angle":0,"axis":"y","origin":[8,6.11161,8]},"faces":{"north":{"uv":[7.5,14.5,8.25,14.75],"texture":"#0"},"east":{"uv":[14.5,7.5,15.25,7.75],"texture":"#0"},"south":{"uv":[14.5,8,15.25,8.25],"texture":"#0"},"west":{"uv":[8.5,14.5,9.25,14.75],"texture":"#0"},"up":{"uv":[12.25,8.25,11.5,7.5],"texture":"#0"},"down":{"uv":[8.75,11.5,8,12.25],"texture":"#0"}}},{"from":[7.25,-2.13839,7.25],"to":[8.75,-1.63839,8.75],"rotation":{"angle":0,"axis":"y","origin":[8,-1.38839,8]},"faces":{"north":{"uv":[14.5,8.5,15.25,8.75],"texture":"#0"},"east":{"uv":[14.5,9,15.25,9.25],"texture":"#0"},"south":{"uv":[14.5,9.5,15.25,9.75],"texture":"#0"},"west":{"uv":[10.5,14.5,11.25,14.75],"texture":"#0"},"up":{"uv":[12.75,1.75,12,1],"texture":"#0"},"down":{"uv":[12.75,4,12,4.75],"texture":"#0"}}},{"from":[7.25,-2.88839,7.25],"to":[8.75,-2.38839,8.75],"rotation":{"angle":0,"axis":"y","origin":[8,-1.38839,8]},"faces":{"north":{"uv":[14.5,10.5,15.25,10.75],"texture":"#0"},"east":{"uv":[14.5,11,15.25,11.25],"texture":"#0"},"south":{"uv":[11.5,14.5,12.25,14.75],"texture":"#0"},"west":{"uv":[14.5,11.5,15.25,11.75],"texture":"#0"},"up":{"uv":[12.75,5.75,12,5],"texture":"#0"},"down":{"uv":[6.25,12,5.5,12.75],"texture":"#0"}}},{"from":[7.25,-4.13839,7.25],"to":[8.75,-3.13839,8.75],"rotation":{"angle":0,"axis":"y","origin":[8,-1.38839,8]},"faces":{"north":{"uv":[13,6.5,13.75,7],"texture":"#0"},"east":{"uv":[13,8.5,13.75,9],"texture":"#0"},"south":{"uv":[13,9,13.75,9.5],"texture":"#0"},"west":{"uv":[13,9.5,13.75,10],"texture":"#0"},"up":{"uv":[12.75,6.75,12,6],"texture":"#0"},"down":{"uv":[7.25,12,6.5,12.75],"texture":"#0"}}},{"from":[7.5,-6.13839,5.75],"to":[8.5,-4.13839,6.75],"rotation":{"angle":0,"axis":"y","origin":[8,-1.38839,6.25]},"faces":{"north":{"uv":[9.5,2,10,3],"texture":"#0"},"east":{"uv":[10,5,10.5,6],"texture":"#0"},"south":{"uv":[4,12,4.5,13],"texture":"#0"},"west":{"uv":[7.5,12,8,13],"texture":"#0"},"up":{"uv":[13,14,12.5,13.5],"texture":"#0"},"down":{"uv":[13.5,13.5,13,14],"texture":"#0"}}},{"from":[7.5,10.84645,5.18484],"to":[8.5,11.84645,7.18484],"rotation":{"angle":0,"axis":"x","origin":[8,11.39645,6.3]},"faces":{"north":{"uv":[13,14,12.5,13.5],"rotation":180,"texture":"#0"},"east":{"uv":[10,5,10.5,6],"rotation":90,"texture":"#0"},"south":{"uv":[13.5,13.5,13,14],"texture":"#0"},"west":{"uv":[7.5,12,8,13],"rotation":270,"texture":"#0"},"up":{"uv":[4,12,4.5,13],"texture":"#0"},"down":{"uv":[9.5,2,10,3],"rotation":180,"texture":"#0"}}},{"from":[8,10.32144,5.29016],"to":[8,12.57145,7.54016],"rotation":{"angle":0,"axis":"x","origin":[8,11.39645,6.3]},"faces":{"north":{"uv":[16,0,16,0],"rotation":180,"texture":"#1"},"east":{"uv":[16,0,0,16],"rotation":90,"texture":"#1"},"south":{"uv":[16,0,16,0],"texture":"#1"},"west":{"uv":[0,0,16,16],"rotation":270,"texture":"#1"},"up":{"uv":[16,0,16,0],"texture":"#1"},"down":{"uv":[16,0,16,0],"rotation":180,"texture":"#1"}}},{"from":[7.5,-6.13839,9.25],"to":[8.5,-4.13839,10.25],"rotation":{"angle":0,"axis":"y","origin":[8,-1.38839,9.75]},"faces":{"north":{"uv":[4.5,12,4,13],"texture":"#0"},"east":{"uv":[10.5,5,10,6],"texture":"#0"},"south":{"uv":[10,2,9.5,3],"texture":"#0"},"west":{"uv":[8,12,7.5,13],"texture":"#0"},"up":{"uv":[13,13.5,12.5,14],"texture":"#0"},"down":{"uv":[13.5,14,13,13.5],"texture":"#0"}}},{"from":[8,-6.49372,8.525],"to":[8,-4.24372,10.775],"rotation":{"angle":0,"axis":"y","origin":[8,-5.36872,9.65]},"faces":{"north":{"uv":[16,0,16,0],"texture":"#1"},"east":{"uv":[0,0,16,16],"texture":"#1"},"south":{"uv":[16,0,16,0],"texture":"#1"},"west":{"uv":[16,0,0,16],"texture":"#1"},"up":{"uv":[16,0,16,0],"texture":"#1"},"down":{"uv":[16,0,16,0],"texture":"#1"}}},{"from":[7.25,-7.13839,7.25],"to":[8.75,-6.13839,8.75],"rotation":{"angle":0,"axis":"y","origin":[8,-1.38839,8]},"faces":{"north":{"uv":[13,10,13.75,10.5],"texture":"#0"},"east":{"uv":[11,13,11.75,13.5],"texture":"#0"},"south":{"uv":[13,11,13.75,11.5],"texture":"#0"},"west":{"uv":[13,11.5,13.75,12],"texture":"#0"},"up":{"uv":[12.75,9.25,12,8.5],"texture":"#0"},"down":{"uv":[12.75,9.5,12,10.25],"texture":"#0"}}}],"gui_light":"front","display":{"thirdperson_righthand":{"translation":[0,2.5,1.25],"scale":[0.85078,0.85078,0.85078]},"thirdperson_lefthand":{"translation":[0,2.5,1.25],"scale":[0.85078,0.85078,0.85078]},"firstperson_righthand":{"rotation":[-11,0,0],"translation":[5,1.5,-2.25],"scale":[1.15352,1.15352,1.15352]},"firstperson_lefthand":{"rotation":[-11,0,0],"translation":[5,1.5,-2.25],"scale":[1.15352,1.15352,1.15352]},"ground":{"rotation":[-147,0,-79],"translation":[1.5,1.25,-1.25],"scale":[0.6,0.6,0.6]},"gui":{"rotation":[-90,46,90],"translation":[0.5,0.75,0],"scale":[0.48633,0.48633,0.48633]},"head":{"rotation":[-90,-45,90],"translation":[4.25,-11,4.25],"scale":[1.1,1.1,1.1]},"fixed":{"rotation":[-90,-90,-90],"translation":[0.5,2.75,-2],"scale":[1.43633,1.43633,1.43633]}},"groups":[{"name":"hoe","origin":[8,-8.63839,8.03875],"color":0,"nbt":"{}","armAnimationEnabled":false,"boneType":"","children":[{"name":"group","origin":[8,14.95545,8],"color":0,"nbt":"{}","armAnimationEnabled":false,"boneType":"","children":[{"name":"group","origin":[8.6,14.96911,13.06661],"color":0,"nbt":"{}","armAnimationEnabled":false,"boneType":"","children":[0]},{"name":"group","origin":[8,14.19111,4.81732],"color":0,"nbt":"{}","armAnimationEnabled":false,"boneType":"","children":[1,2,3,4,5,6,7,8,9,10,11,12,13,14,15,16,17,18,19,20,21,22,23,24,25,26,27,28,29,30,31,32,33,34,35]}]},36,37,38,39,40,41,42,43,44,45,46,47,48,49,50,51,52,53,54,55,56,57,58,59,60,61,62,63,64,65,66,67,68,69,70,71,72,73,74,75,76,77,78,79,80,81,82]}],"mcmodels":"407c67e31bd2a722f90d34ac8da338a4"}