{
	"texture_size": [128, 128],
	"textures": {
		"1": "item/cosmetics_chest",
		"particle": "item/cosmetics_chest"
	},
	"elements": [
		{
			"from": [-1, 0, 3],
			"to": [17, 8, 16],
			"rotation": {"angle": 0, "axis": "y", "origin": [8, -0.5, 8]},
			"faces": {
				"north": {"uv": [5, 3.75, 7.25, 4.75], "texture": "#1"},
				"east": {"uv": [5.5, 0.625, 7.125, 1.625], "texture": "#1"},
				"south": {"uv": [5, 4.75, 7.25, 5.75], "texture": "#1"},
				"west": {"uv": [5.5, 1.625, 7.125, 2.625], "texture": "#1"},
				"up": {"uv": [5, 5.375, 2.75, 3.75], "texture": "#1"},
				"down": {"uv": [2.25, 4.25, 0, 5.875], "texture": "#1"}
			}
		},
		{
			"from": [-2, 5, 2],
			"to": [1, 8, 5],
			"rotation": {"angle": 0, "axis": "y", "origin": [0, -3, 0]},
			"faces": {
				"north": {"uv": [4.625, 6, 5, 6.375], "texture": "#1"},
				"east": {"uv": [7.125, 1, 7.5, 1.375], "texture": "#1"},
				"south": {"uv": [7.125, 1.375, 7.5, 1.75], "texture": "#1"},
				"west": {"uv": [7.125, 1.75, 7.5, 2.125], "texture": "#1"},
				"up": {"uv": [7.5, 2.5, 7.125, 2.125], "texture": "#1"},
				"down": {"uv": [7.5, 5.75, 7.125, 6.125], "texture": "#1"}
			}
		},
		{
			"from": [15, 5, 2],
			"to": [18, 8, 5],
			"rotation": {"angle": 0, "axis": "y", "origin": [0, -3, 0]},
			"faces": {
				"north": {"uv": [7.125, 7, 7.5, 7.375], "texture": "#1"},
				"east": {"uv": [7.25, 3.625, 7.625, 4], "texture": "#1"},
				"south": {"uv": [7.25, 4, 7.625, 4.375], "texture": "#1"},
				"west": {"uv": [7.25, 4.375, 7.625, 4.75], "texture": "#1"},
				"up": {"uv": [7.625, 5.125, 7.25, 4.75], "texture": "#1"},
				"down": {"uv": [7.625, 5.125, 7.25, 5.5], "texture": "#1"}
			}
		},
		{
			"from": [-2, 5, 14],
			"to": [1, 8, 17],
			"rotation": {"angle": 0, "axis": "y", "origin": [0, -3, 0]},
			"faces": {
				"north": {"uv": [7.375, 6.5, 7.75, 6.875], "texture": "#1"},
				"east": {"uv": [6.875, 7.375, 7.25, 7.75], "texture": "#1"},
				"south": {"uv": [7.25, 7.375, 7.625, 7.75], "texture": "#1"},
				"west": {"uv": [7.5, 1, 7.875, 1.375], "texture": "#1"},
				"up": {"uv": [7.875, 1.75, 7.5, 1.375], "texture": "#1"},
				"down": {"uv": [7.875, 1.75, 7.5, 2.125], "texture": "#1"}
			}
		},
		{
			"from": [15, 5, 14],
			"to": [18, 8, 17],
			"rotation": {"angle": 0, "axis": "y", "origin": [0, -3, 0]},
			"faces": {
				"north": {"uv": [0, 7.375, 0.375, 7.75], "texture": "#1"},
				"east": {"uv": [0.375, 7.375, 0.75, 7.75], "texture": "#1"},
				"south": {"uv": [0.75, 7.375, 1.125, 7.75], "texture": "#1"},
				"west": {"uv": [1.125, 7.375, 1.5, 7.75], "texture": "#1"},
				"up": {"uv": [7.75, 6.5, 7.375, 6.125], "texture": "#1"},
				"down": {"uv": [6.875, 7.375, 6.5, 7.75], "texture": "#1"}
			}
		},
		{
			"from": [5.5, 21.61611, 14.01611],
			"to": [10.5, 24.61611, 19.01612],
			"rotation": {"angle": 22.5, "axis": "x", "origin": [8, 11.61612, 16.5]},
			"faces": {
				"north": {"uv": [7.75, 0.625, 7.125, 1], "rotation": 180, "texture": "#1"},
				"east": {"uv": [5.75, 7, 6.125, 7.625], "rotation": 270, "texture": "#1"},
				"south": {"uv": [7.125, 7.375, 6.5, 7], "texture": "#1"},
				"west": {"uv": [6.125, 7, 6.5, 7.625], "rotation": 90, "texture": "#1"},
				"up": {"uv": [0, 6.75, 0.625, 7.375], "rotation": 180, "texture": "#1"},
				"down": {"uv": [0.625, 6.75, 1.25, 7.375], "texture": "#1"}
			}
		},
		{
			"from": [-3, 6.61612, 15.78388],
			"to": [19, 23.61611, 20.78389],
			"rotation": {"angle": 22.5, "axis": "x", "origin": [8, 11.61612, 16.5]},
			"faces": {
				"north": {"uv": [2.75, 2.125, 0, 4.25], "rotation": 180, "texture": "#1"},
				"east": {"uv": [5.5, 2.625, 7.625, 3.25], "rotation": 270, "texture": "#1"},
				"south": {"uv": [2.75, 2.125, 0, 0], "texture": "#1"},
				"west": {"uv": [5, 5.75, 7.125, 6.375], "rotation": 90, "texture": "#1"},
				"up": {"uv": [2.25, 5.375, 5, 6], "rotation": 180, "texture": "#1"},
				"down": {"uv": [5.5, 0, 8.25, 0.625], "texture": "#1"}
			}
		},
		{
			"from": [-3, 7.61612, 20.78389],
			"to": [19, 22.61611, 23.78389],
			"rotation": {"angle": 22.5, "axis": "x", "origin": [8, 11.61612, 16.5]},
			"faces": {
				"north": {"uv": [5.5, 1.875, 2.75, 3.75], "rotation": 180, "texture": "#1"},
				"east": {"uv": [2.75, 6, 4.625, 6.375], "rotation": 270, "texture": "#1"},
				"south": {"uv": [5.5, 1.875, 2.75, 0], "texture": "#1"},
				"west": {"uv": [0, 6.375, 1.875, 6.75], "rotation": 90, "texture": "#1"},
				"up": {"uv": [5.5, 3.25, 8.25, 3.625], "rotation": 180, "texture": "#1"},
				"down": {"uv": [0, 6, 2.75, 6.375], "texture": "#1"}
			}
		},
		{
			"from": [10, 6.25, 2.5],
			"to": [15, 11.25, 3.5],
			"faces": {
				"north": {"uv": [1.625, 8.25, 2, 8.625], "texture": "#1"},
				"east": {"uv": [2.375, 8.25, 2.5, 8.625], "texture": "#1"},
				"south": {"uv": [1.125, 8.25, 1.5, 8.625], "texture": "#1"},
				"west": {"uv": [2.125, 8.25, 2.25, 8.625], "texture": "#1"},
				"up": {"uv": [2.625, 8.5, 3, 8.625], "texture": "#1"},
				"down": {"uv": [2.625, 8.25, 3, 8.375], "texture": "#1"}
			}
		},
		{
			"from": [1, 6.25, 2.5],
			"to": [6, 11.25, 3.5],
			"faces": {
				"north": {"uv": [1.625, 8.25, 2, 8.625], "texture": "#1"},
				"east": {"uv": [2.375, 8.25, 2.5, 8.625], "texture": "#1"},
				"south": {"uv": [1.125, 8.25, 1.5, 8.625], "texture": "#1"},
				"west": {"uv": [2.125, 8.25, 2.25, 8.625], "texture": "#1"},
				"up": {"uv": [2.625, 8.5, 3, 8.625], "texture": "#1"},
				"down": {"uv": [2.625, 8.25, 3, 8.375], "texture": "#1"}
			}
		},
		{
			"from": [7, 2.75, 1],
			"to": [9, 2.75, 3],
			"rotation": {"angle": -22.5, "axis": "x", "origin": [8, 3.75, 1]},
			"faces": {
				"north": {"uv": [0.5, 7.75, 0.75, 7.75], "texture": "#1"},
				"east": {"uv": [0.5, 7.75, 0.75, 7.75], "texture": "#1"},
				"south": {"uv": [0.5, 7.75, 0.75, 7.75], "texture": "#1"},
				"west": {"uv": [0.5, 7.75, 0.75, 7.75], "texture": "#1"},
				"up": {"uv": [0.625, 8.625, 0.875, 8.875], "texture": "#1"},
				"down": {"uv": [0.375, 8.625, 0.625, 8.875], "texture": "#1"}
			}
		},
		{
			"from": [7, 2.82604, -0.6177],
			"to": [9, 2.82604, 1.3823],
			"rotation": {"angle": 0, "axis": "y", "origin": [8, 2.82604, 5.3823]},
			"faces": {
				"north": {"uv": [0.5, 7.75, 0.75, 7.75], "texture": "#1"},
				"east": {"uv": [0.5, 7.75, 0.75, 7.75], "texture": "#1"},
				"south": {"uv": [0.5, 7.75, 0.75, 7.75], "texture": "#1"},
				"west": {"uv": [0.5, 7.75, 0.75, 7.75], "texture": "#1"},
				"up": {"uv": [0.625, 8.375, 0.875, 8.625], "texture": "#1"},
				"down": {"uv": [0.375, 8.375, 0.625, 8.625], "texture": "#1"}
			}
		}
	],
	"gui_light": "front",
	"display": {
		"thirdperson_righthand": {
			"rotation": [75, 45, 0],
			"translation": [0, 2.5, 0],
			"scale": [0.375, 0.375, 0.375]
		},
		"thirdperson_lefthand": {
			"rotation": [75, 45, 0],
			"translation": [0, 2.5, 0],
			"scale": [0.375, 0.375, 0.375]
		},
		"firstperson_righthand": {
			"rotation": [0, 45, 0],
			"scale": [0.4, 0.4, 0.4]
		},
		"firstperson_lefthand": {
			"rotation": [0, 225, 0],
			"scale": [0.4, 0.4, 0.4]
		},
		"gui": {
			"rotation": [-180, 0, 180],
			"translation": [0, -2.5, 0],
			"scale": [0.6, 0.6, 0.6]
		},
		"head": {
			"translation": [0, -2.25, -2.25],
			"scale": [1.2, 1.2, 1.2]
		}
	},
	"groups": [
		0,
		1,
		2,
		3,
		4,
		{
			"name": "group",
			"origin": [0, 0, 0],
			"color": 0,
			"nbt": "{}",
			"children": [5, 6, 7]
		},
		8,
		9,
		10,
		11
	],
	"file_name": "guns"
}