{
	"texture_size": [32, 32],
	"textures": {
		"1": "item/cosmetics_villager",
		"particle": "item/cosmetics_villager"
	},
	"elements": [
		{
			"from": [4, 3, 4],
			"to": [12, 13, 12],
			"rotation": {"angle": 0, "axis": "y", "origin": [7, 0, 7]},
			"faces": {
				"north": {"uv": [0, 0, 4, 5], "texture": "#1"},
				"east": {"uv": [4, 0, 8, 5], "texture": "#1"},
				"south": {"uv": [0, 5, 4, 10], "texture": "#1"},
				"west": {"uv": [4, 5, 8, 10], "texture": "#1"},
				"up": {"uv": [12, 4, 8, 0], "texture": "#1"},
				"down": {"uv": [12, 4, 8, 8], "texture": "#1"}
			}
		},
		{
			"from": [5, 2, 4],
			"to": [11, 3, 4],
			"faces": {
				"north": {"uv": [4, 10, 7, 10.5], "texture": "#1"},
				"east": {"uv": [0, 0, 0, 0.5], "texture": "#1"},
				"south": {"uv": [7, 10, 10, 10.5], "texture": "#1"},
				"west": {"uv": [0, 0, 0, 0.5], "texture": "#1"},
				"up": {"uv": [3, 0, 0, 0], "texture": "#1"},
				"down": {"uv": [3, 0, 0, 0], "texture": "#1"}
			}
		},
		{
			"from": [7, 2, 2],
			"to": [9, 6, 4],
			"faces": {
				"north": {"uv": [0, 10, 1, 12], "texture": "#1"},
				"east": {"uv": [1, 10, 2, 12], "texture": "#1"},
				"south": {"uv": [2, 10, 3, 12], "texture": "#1"},
				"west": {"uv": [3, 10, 4, 12], "texture": "#1"},
				"up": {"uv": [11, 9, 10, 8], "texture": "#1"},
				"down": {"uv": [11, 9, 10, 10], "texture": "#1"}
			}
		},
		{
			"from": [3.5, 8.5, 3.9],
			"to": [7.5, 10.5, 3.9],
			"rotation": {"angle": -22.5, "axis": "z", "origin": [6, 9, 3.9]},
			"faces": {
				"north": {"uv": [8, 8, 10, 9], "texture": "#1"},
				"east": {"uv": [0, 0, 0, 1], "texture": "#1"},
				"south": {"uv": [8, 9, 10, 10], "texture": "#1"},
				"west": {"uv": [0, 0, 0, 1], "texture": "#1"},
				"up": {"uv": [2, 0, 0, 0], "texture": "#1"},
				"down": {"uv": [2, 0, 0, 0], "texture": "#1"}
			}
		},
		{
			"from": [8.25157, 8.74895, 3.9],
			"to": [12.25157, 10.74895, 3.9],
			"rotation": {"angle": 22.5, "axis": "z", "origin": [10.50157, 9.74895, 3.9]},
			"faces": {
				"north": {"uv": [10, 8, 8, 9], "texture": "#1"},
				"east": {"uv": [0, 0, 0, 1], "texture": "#1"},
				"south": {"uv": [10, 9, 8, 10], "texture": "#1"},
				"west": {"uv": [0, 0, 0, 1], "texture": "#1"},
				"up": {"uv": [0, 0, 2, 0], "texture": "#1"},
				"down": {"uv": [0, 0, 2, 0], "texture": "#1"}
			}
		}
	],
	"gui_light": "front",
	"display": {
		"thirdperson_righthand": {
			"translation": [0, 3, 1],
			"scale": [0.55, 0.55, 0.55]
		},
		"thirdperson_lefthand": {
			"translation": [0, 3, 1],
			"scale": [0.55, 0.55, 0.55]
		},
		"firstperson_righthand": {
			"rotation": [0, -90, 25],
			"translation": [1.13, 3.2, 1.13],
			"scale": [0.68, 0.68, 0.68]
		},
		"firstperson_lefthand": {
			"rotation": [0, -90, 25],
			"translation": [1.13, 3.2, 1.13],
			"scale": [0.68, 0.68, 0.68]
		},
		"ground": {
			"translation": [0, 2, 0],
			"scale": [0.5, 0.5, 0.5]
		},
		"gui": {
			"rotation": [0, 180, 0],
			"translation": [0, 0.5, 0],
			"scale": [1.3, 1.3, 1.3]
		},
		"head": {
			"translation": [0, 2.5, 0],
			"scale": [1.81, 1.81, 1.81]
		},
		"fixed": {
			"rotation": [0, 180, 0]
		}
	},
	"file_name": "guns"
}