{
	"texture_size": [32, 32],
	"textures": {
		"0": "item/cosmetics_blade",
		"5": "item/cosmetics_drone",
		"particle": "item/cosmetics_blade"
	},
	"elements": [
		{
			"from": [1.25, 8, -0.75],
			"to": [2.25, 9, 4.25],
			"rotation": {"angle": 0, "axis": "y", "origin": [1.25, 3, -0.75]},
			"faces": {
				"north": {"uv": [0, 0, 5, 1], "texture": "#0"},
				"east": {"uv": [0, 0, 5, 1], "texture": "#0"},
				"south": {"uv": [0, 0, 5, 1], "texture": "#0"},
				"west": {"uv": [0, 0, 5, 1], "texture": "#0"},
				"up": {"uv": [0, 0, 5, 1], "texture": "#0"},
				"down": {"uv": [0, 0, 5, 1], "texture": "#0"}
			}
		},
		{
			"from": [14.75, 7, 3.25],
			"to": [15.25, 8, 3.75],
			"rotation": {"angle": 45, "axis": "y", "origin": [12.5, 6.5, 3.5]},
			"faces": {
				"north": {"uv": [5, 15, 5.5, 15.5], "texture": "#5"},
				"east": {"uv": [15, 5, 15.5, 5.5], "texture": "#5"},
				"south": {"uv": [5.5, 15, 6, 15.5], "texture": "#5"},
				"west": {"uv": [15, 5.5, 15.5, 6], "texture": "#5"},
				"up": {"uv": [6.5, 15.5, 6, 15], "texture": "#5"},
				"down": {"uv": [15.5, 6, 15, 6.5], "texture": "#5"}
			}
		},
		{
			"from": [10.5, 6, 3],
			"to": [15.5, 7, 4],
			"rotation": {"angle": 45, "axis": "y", "origin": [12.5, 6.5, 3.5]},
			"faces": {
				"north": {"uv": [0.5, 10, 3, 10.5], "texture": "#5"},
				"east": {"uv": [4.5, 15, 5, 15.5], "texture": "#5"},
				"south": {"uv": [10, 0.5, 12.5, 1], "texture": "#5"},
				"west": {"uv": [15, 4.5, 15.5, 5], "texture": "#5"},
				"up": {"uv": [12, 10.5, 9.5, 10], "texture": "#5"},
				"down": {"uv": [3, 10.5, 0.5, 11], "texture": "#5"}
			}
		},
		{
			"from": [13.75, 8, -0.75],
			"to": [14.75, 9, 4.25],
			"rotation": {"angle": 45, "axis": "y", "origin": [14.25, 8.5, 1.75]},
			"faces": {
				"north": {"uv": [5, 1, 0, 2], "texture": "#0"},
				"east": {"uv": [5, 1, 0, 2], "texture": "#0"},
				"south": {"uv": [5, 1, 0, 2], "texture": "#0"},
				"west": {"uv": [5, 1, 0, 2], "texture": "#0"},
				"up": {"uv": [5, 1, 0, 2], "texture": "#0"},
				"down": {"uv": [5, 1, 0, 2], "texture": "#0"}
			}
		},
		{
			"from": [11.75, 8, 1.25],
			"to": [16.75, 9, 2.25],
			"rotation": {"angle": 45, "axis": "y", "origin": [14.25, 8.5, 1.75]},
			"faces": {
				"north": {"uv": [5, 4, 0, 5], "texture": "#0"},
				"east": {"uv": [5, 4, 0, 5], "texture": "#0"},
				"south": {"uv": [5, 4, 0, 5], "texture": "#0"},
				"west": {"uv": [5, 4, 0, 5], "texture": "#0"},
				"up": {"uv": [5, 4, 0, 5], "texture": "#0"},
				"down": {"uv": [5, 4, 0, 5], "texture": "#0"}
			}
		},
		{
			"from": [11.75, 8, 1.25],
			"to": [16.75, 9, 2.25],
			"rotation": {"angle": 0, "axis": "y", "origin": [14.25, 8.5, 1.75]},
			"faces": {
				"north": {"uv": [5, 2, 0, 3], "texture": "#0"},
				"east": {"uv": [5, 2, 0, 3], "texture": "#0"},
				"south": {"uv": [5, 2, 0, 3], "texture": "#0"},
				"west": {"uv": [5, 2, 0, 3], "texture": "#0"},
				"up": {"uv": [5, 2, 0, 3], "texture": "#0"},
				"down": {"uv": [5, 2, 0, 3], "texture": "#0"}
			}
		},
		{
			"from": [13.75, 8, -0.75],
			"to": [14.75, 9, 4.25],
			"rotation": {"angle": 0, "axis": "y", "origin": [14.75, 3, -0.75]},
			"faces": {
				"north": {"uv": [5, 0, 0, 1], "texture": "#0"},
				"east": {"uv": [5, 0, 0, 1], "texture": "#0"},
				"south": {"uv": [5, 0, 0, 1], "texture": "#0"},
				"west": {"uv": [5, 0, 0, 1], "texture": "#0"},
				"up": {"uv": [5, 0, 0, 1], "texture": "#0"},
				"down": {"uv": [5, 0, 0, 1], "texture": "#0"}
			}
		},
		{
			"from": [0.75, 7, 12.25],
			"to": [1.25, 8, 12.75],
			"rotation": {"angle": 45, "axis": "y", "origin": [3.5, 6.5, 12.5]},
			"faces": {
				"north": {"uv": [9, 15, 9.5, 15.5], "texture": "#5"},
				"east": {"uv": [15, 9, 15.5, 9.5], "texture": "#5"},
				"south": {"uv": [9.5, 15, 10, 15.5], "texture": "#5"},
				"west": {"uv": [15, 9.5, 15.5, 10], "texture": "#5"},
				"up": {"uv": [10.5, 15.5, 10, 15], "texture": "#5"},
				"down": {"uv": [15.5, 10, 15, 10.5], "texture": "#5"}
			}
		},
		{
			"from": [0.5, 6, 12],
			"to": [5.5, 7, 13],
			"rotation": {"angle": 45, "axis": "y", "origin": [3.5, 6.5, 12.5]},
			"faces": {
				"north": {"uv": [11, 5, 13.5, 5.5], "texture": "#5"},
				"east": {"uv": [8.5, 15, 9, 15.5], "texture": "#5"},
				"south": {"uv": [11, 5.5, 13.5, 6], "texture": "#5"},
				"west": {"uv": [15, 8.5, 15.5, 9], "texture": "#5"},
				"up": {"uv": [11, 11.5, 8.5, 11], "texture": "#5"},
				"down": {"uv": [13.5, 11, 11, 11.5], "texture": "#5"}
			}
		},
		{
			"from": [-0.75, 8, 13.75],
			"to": [4.25, 9, 14.75],
			"rotation": {"angle": 0, "axis": "y", "origin": [1.75, 8.5, 14.25]},
			"faces": {
				"north": {"uv": [5, 2, 0, 3], "texture": "#0"},
				"east": {"uv": [5, 2, 0, 3], "texture": "#0"},
				"south": {"uv": [5, 2, 0, 3], "texture": "#0"},
				"west": {"uv": [5, 2, 0, 3], "texture": "#0"},
				"up": {"uv": [0, 3, 5, 2], "texture": "#0"},
				"down": {"uv": [0, 3, 5, 2], "texture": "#0"}
			}
		},
		{
			"from": [1.25, 8, 11.75],
			"to": [2.25, 9, 16.75],
			"rotation": {"angle": 45, "axis": "y", "origin": [1.75, 8.5, 14.25]},
			"faces": {
				"north": {"uv": [5, 1, 0, 2], "texture": "#0"},
				"east": {"uv": [5, 1, 0, 2], "texture": "#0"},
				"south": {"uv": [5, 1, 0, 2], "texture": "#0"},
				"west": {"uv": [5, 1, 0, 2], "texture": "#0"},
				"up": {"uv": [0, 2, 5, 1], "texture": "#0"},
				"down": {"uv": [0, 2, 5, 1], "texture": "#0"}
			}
		},
		{
			"from": [-0.75, 8, 13.75],
			"to": [4.25, 9, 14.75],
			"rotation": {"angle": 45, "axis": "y", "origin": [1.75, 8.5, 14.25]},
			"faces": {
				"north": {"uv": [5, 4, 0, 5], "texture": "#0"},
				"east": {"uv": [5, 4, 0, 5], "texture": "#0"},
				"south": {"uv": [5, 4, 0, 5], "texture": "#0"},
				"west": {"uv": [5, 4, 0, 5], "texture": "#0"},
				"up": {"uv": [0, 5, 5, 4], "texture": "#0"},
				"down": {"uv": [0, 5, 5, 4], "texture": "#0"}
			}
		},
		{
			"from": [1.25, 8, 11.75],
			"to": [2.25, 9, 16.75],
			"rotation": {"angle": 0, "axis": "y", "origin": [1.25, 3, 16.75]},
			"faces": {
				"north": {"uv": [5, 0, 0, 1], "texture": "#0"},
				"east": {"uv": [5, 0, 0, 1], "texture": "#0"},
				"south": {"uv": [5, 0, 0, 1], "texture": "#0"},
				"west": {"uv": [5, 0, 0, 1], "texture": "#0"},
				"up": {"uv": [0, 1, 5, 0], "texture": "#0"},
				"down": {"uv": [0, 1, 5, 0], "texture": "#0"}
			}
		},
		{
			"from": [14.75, 7, 12.25],
			"to": [15.25, 8, 12.75],
			"rotation": {"angle": -45, "axis": "y", "origin": [12.5, 6.5, 12.5]},
			"faces": {
				"north": {"uv": [7, 15, 7.5, 15.5], "texture": "#5"},
				"east": {"uv": [15, 7, 15.5, 7.5], "texture": "#5"},
				"south": {"uv": [7.5, 15, 8, 15.5], "texture": "#5"},
				"west": {"uv": [15, 7.5, 15.5, 8], "texture": "#5"},
				"up": {"uv": [8.5, 15.5, 8, 15], "texture": "#5"},
				"down": {"uv": [15.5, 8, 15, 8.5], "texture": "#5"}
			}
		},
		{
			"from": [10.5, 6, 12],
			"to": [15.5, 7, 13],
			"rotation": {"angle": -45, "axis": "y", "origin": [12.5, 6.5, 12.5]},
			"faces": {
				"north": {"uv": [10.5, 1, 13, 1.5], "texture": "#5"},
				"east": {"uv": [6.5, 15, 7, 15.5], "texture": "#5"},
				"south": {"uv": [10.5, 1.5, 13, 2], "texture": "#5"},
				"west": {"uv": [15, 6.5, 15.5, 7], "texture": "#5"},
				"up": {"uv": [12, 11, 9.5, 10.5], "texture": "#5"},
				"down": {"uv": [3, 11, 0.5, 11.5], "texture": "#5"}
			}
		},
		{
			"from": [13.75, 8, 11.75],
			"to": [14.75, 9, 16.75],
			"rotation": {"angle": -45, "axis": "y", "origin": [14.25, 8.5, 14.25]},
			"faces": {
				"north": {"uv": [0, 1, 5, 2], "texture": "#0"},
				"east": {"uv": [0, 1, 5, 2], "texture": "#0"},
				"south": {"uv": [0, 1, 5, 2], "texture": "#0"},
				"west": {"uv": [0, 1, 5, 2], "texture": "#0"},
				"up": {"uv": [5, 2, 0, 1], "texture": "#0"},
				"down": {"uv": [5, 2, 0, 1], "texture": "#0"}
			}
		},
		{
			"from": [11.75, 8, 13.75],
			"to": [16.75, 9, 14.75],
			"rotation": {"angle": -45, "axis": "y", "origin": [14.25, 8.5, 14.25]},
			"faces": {
				"north": {"uv": [0, 4, 5, 5], "texture": "#0"},
				"east": {"uv": [0, 4, 5, 5], "texture": "#0"},
				"south": {"uv": [0, 4, 5, 5], "texture": "#0"},
				"west": {"uv": [0, 4, 5, 5], "texture": "#0"},
				"up": {"uv": [5, 5, 0, 4], "texture": "#0"},
				"down": {"uv": [5, 5, 0, 4], "texture": "#0"}
			}
		},
		{
			"from": [11.75, 8, 13.75],
			"to": [16.75, 9, 14.75],
			"rotation": {"angle": 0, "axis": "y", "origin": [14.25, 8.5, 14.25]},
			"faces": {
				"north": {"uv": [0, 2, 5, 3], "texture": "#0"},
				"east": {"uv": [0, 2, 5, 3], "texture": "#0"},
				"south": {"uv": [0, 2, 5, 3], "texture": "#0"},
				"west": {"uv": [0, 2, 5, 3], "texture": "#0"},
				"up": {"uv": [5, 3, 0, 2], "texture": "#0"},
				"down": {"uv": [5, 3, 0, 2], "texture": "#0"}
			}
		},
		{
			"from": [13.75, 8, 11.75],
			"to": [14.75, 9, 16.75],
			"rotation": {"angle": 0, "axis": "y", "origin": [14.75, 3, 16.75]},
			"faces": {
				"north": {"uv": [0, 0, 5, 1], "texture": "#0"},
				"east": {"uv": [0, 0, 5, 1], "texture": "#0"},
				"south": {"uv": [0, 0, 5, 1], "texture": "#0"},
				"west": {"uv": [0, 0, 5, 1], "texture": "#0"},
				"up": {"uv": [5, 1, 0, 0], "texture": "#0"},
				"down": {"uv": [5, 1, 0, 0], "texture": "#0"}
			}
		},
		{
			"from": [-0.75, 8, 1.25],
			"to": [4.25, 9, 2.25],
			"rotation": {"angle": 0, "axis": "y", "origin": [1.75, 8.5, 1.75]},
			"faces": {
				"north": {"uv": [0, 2, 5, 3], "texture": "#0"},
				"east": {"uv": [0, 2, 5, 3], "texture": "#0"},
				"south": {"uv": [0, 2, 5, 3], "texture": "#0"},
				"west": {"uv": [0, 2, 5, 3], "texture": "#0"},
				"up": {"uv": [0, 2, 5, 3], "texture": "#0"},
				"down": {"uv": [0, 2, 5, 3], "texture": "#0"}
			}
		},
		{
			"from": [-0.75, 8, 1.25],
			"to": [4.25, 9, 2.25],
			"rotation": {"angle": -45, "axis": "y", "origin": [1.75, 8.5, 1.75]},
			"faces": {
				"north": {"uv": [0, 4, 5, 5], "texture": "#0"},
				"east": {"uv": [0, 4, 5, 5], "texture": "#0"},
				"south": {"uv": [0, 4, 5, 5], "texture": "#0"},
				"west": {"uv": [0, 4, 5, 5], "texture": "#0"},
				"up": {"uv": [0, 4, 5, 5], "texture": "#0"},
				"down": {"uv": [0, 4, 5, 5], "texture": "#0"}
			}
		},
		{
			"from": [1.25, 8, -0.75],
			"to": [2.25, 9, 4.25],
			"rotation": {"angle": -45, "axis": "y", "origin": [1.75, 8.5, 1.75]},
			"faces": {
				"north": {"uv": [0, 1, 5, 2], "texture": "#0"},
				"east": {"uv": [0, 1, 5, 2], "texture": "#0"},
				"south": {"uv": [0, 1, 5, 2], "texture": "#0"},
				"west": {"uv": [0, 1, 5, 2], "texture": "#0"},
				"up": {"uv": [0, 1, 5, 2], "texture": "#0"},
				"down": {"uv": [0, 1, 5, 2], "texture": "#0"}
			}
		},
		{
			"from": [4.5, 5, 4],
			"to": [11.5, 10, 12],
			"rotation": {"angle": 0, "axis": "y", "origin": [1.5, 0, -3]},
			"faces": {
				"north": {"uv": [0, 6.5, 3.5, 9], "texture": "#5"},
				"east": {"uv": [0, 4, 4, 6.5], "texture": "#5"},
				"south": {"uv": [3.5, 6.5, 7, 9], "texture": "#5"},
				"west": {"uv": [4, 4, 8, 6.5], "texture": "#5"},
				"up": {"uv": [3.5, 4, 0, 0], "texture": "#5"},
				"down": {"uv": [7, 0, 3.5, 4], "texture": "#5"}
			}
		},
		{
			"from": [0.5, 6, 3],
			"to": [5.5, 7, 4],
			"rotation": {"angle": -45, "axis": "y", "origin": [3.5, 6.5, 3.5]},
			"faces": {
				"north": {"uv": [9.5, 8.5, 12, 9], "texture": "#5"},
				"east": {"uv": [14.5, 5, 15, 5.5], "texture": "#5"},
				"south": {"uv": [9.5, 9, 12, 9.5], "texture": "#5"},
				"west": {"uv": [5.5, 14.5, 6, 15], "texture": "#5"},
				"up": {"uv": [12, 10, 9.5, 9.5], "texture": "#5"},
				"down": {"uv": [12.5, 0, 10, 0.5], "texture": "#5"}
			}
		},
		{
			"from": [0.75, 7, 3.25],
			"to": [1.25, 8, 3.75],
			"rotation": {"angle": -45, "axis": "y", "origin": [3.5, 6.5, 3.5]},
			"faces": {
				"north": {"uv": [14.5, 5.5, 15, 6], "texture": "#5"},
				"east": {"uv": [6, 14.5, 6.5, 15], "texture": "#5"},
				"south": {"uv": [14.5, 6, 15, 6.5], "texture": "#5"},
				"west": {"uv": [6.5, 14.5, 7, 15], "texture": "#5"},
				"up": {"uv": [15, 7, 14.5, 6.5], "texture": "#5"},
				"down": {"uv": [7.5, 14.5, 7, 15], "texture": "#5"}
			}
		}
	],
	"gui_light": "front",
	"display": {
		"gui": {
			"rotation": [30, 225, 0],
			"scale": [0.7, 0.7, 0.7]
		},
		"head": {
			"translation": [0, 2.5, 0],
			"scale": [3, 3, 3]
		}
	},
	"groups": [
		{
			"name": "group",
			"origin": [4.5, 5.5, 2.5],
			"color": 0,
			"nbt": "{}",
			"children": [
				{
					"name": "group",
					"origin": [2.25, 8.5, 5.75],
					"color": 0,
					"nbt": "{}",
					"children": [
						{
							"name": "group",
							"origin": [2.25, 8.5, 13.75],
							"color": 0,
							"nbt": "{}",
							"children": [0, 1, 2, 3, 4, 5, 6, 7, 8, 9, 10, 11, 12, 13, 14, 15, 16, 17, 18, 19, 20, 21]
						}
					]
				}
			]
		},
		{
			"name": "wheat",
			"origin": [8, 8, 8],
			"color": 0,
			"nbt": "{}",
			"children": [
				{
					"name": "group",
					"origin": [8.25, 9.25, 4.25],
					"color": 0,
					"nbt": "{}",
					"children": [
						{
							"name": "group",
							"origin": [11, 6.5, 12],
							"color": 0,
							"nbt": "{}",
							"children": [
								22,
								{
									"name": "group",
									"origin": [6.79499, 2.44827, 8],
									"color": 0,
									"nbt": "{}",
									"children": []
								},
								23,
								24
							]
						}
					]
				}
			]
		}
	],
	"file_name": "guns"
}