{
	"texture_size": [32, 32],
	"textures": {
		"1": "item/cosmetics_mail_hat",
		"particle": "item/cosmetics_mail_hat"
	},
	"elements": [
		{
			"from": [5.52227, 8.99917, 2.62206],
			"to": [10.52227, 9.99917, 10.62206],
			"rotation": {"angle": 22.5, "axis": "x", "origin": [8.01316, 11.5026, 7.45274]},
			"faces": {
				"north": {"uv": [0, 6.5, 2.5, 7], "texture": "#1"},
				"east": {"uv": [5.5, 6, 9.5, 6.5], "texture": "#1"},
				"south": {"uv": [0, 7, 2.5, 7.5], "texture": "#1"},
				"west": {"uv": [5.5, 6.5, 9.5, 7], "texture": "#1"},
				"up": {"uv": [2.5, 4, 0, 0], "texture": "#1"},
				"down": {"uv": [5, 0, 2.5, 4], "texture": "#1"}
			}
		},
		{
			"from": [5.52227, 9.99917, 5.62206],
			"to": [10.52227, 12.99917, 8.62206],
			"rotation": {"angle": 22.5, "axis": "x", "origin": [8.01316, 11.5026, 7.45274]},
			"faces": {
				"north": {"uv": [0, 4, 2.5, 5.5], "texture": "#1"},
				"east": {"uv": [2.5, 5.5, 4, 7], "texture": "#1"},
				"south": {"uv": [2.5, 4, 5, 5.5], "texture": "#1"},
				"west": {"uv": [4, 6, 5.5, 7.5], "texture": "#1"},
				"up": {"uv": [7.5, 1.5, 5, 0], "texture": "#1"},
				"down": {"uv": [7.5, 1.5, 5, 3], "texture": "#1"}
			}
		},
		{
			"from": [5.52227, 9.99917, 8.62206],
			"to": [10.52227, 11.99917, 10.62206],
			"rotation": {"angle": 22.5, "axis": "x", "origin": [8.01316, 11.5026, 7.45274]},
			"faces": {
				"north": {"uv": [5, 3, 7.5, 4], "texture": "#1"},
				"east": {"uv": [2.5, 7, 3.5, 8], "texture": "#1"},
				"south": {"uv": [5, 4, 7.5, 5], "texture": "#1"},
				"west": {"uv": [5.5, 7, 6.5, 8], "texture": "#1"},
				"up": {"uv": [7.5, 6, 5, 5], "texture": "#1"},
				"down": {"uv": [2.5, 5.5, 0, 6.5], "texture": "#1"}
			}
		}
	],
	"gui_light": "front",
	"display": {
		"gui": {
			"rotation": [30, 225, 0],
			"translation": [-1.75, -2.75, 0],
			"scale": [1.5, 1.5, 1.5]
		},
		"head": {
			"rotation": [-12.5, 0, 0],
			"translation": [0, 4.25, 2.5],
			"scale": [2, 2, 2]
		}
	},
	"groups": [
		{
			"name": "group",
			"origin": [0, 0, 0],
			"color": 0,
			"nbt": "{}",
			"children": [0, 1, 2]
		}
	],
	"file_name": "guns"
}