{
	"texture_size": [32, 32],
	"textures": {
		"1": "item/cosmetics_crown",
		"particle": "item/cosmetics_crown"
	},
	"elements": [
		{
			"from": [4.5, 0, 11.5],
			"to": [11.5, 2, 12.5],
			"rotation": {"angle": 0, "axis": "y", "origin": [12, 8.75, 8]},
			"faces": {
				"north": {"uv": [0, 4, 3.5, 5], "texture": "#1"},
				"east": {"uv": [2, 7, 2.5, 8], "texture": "#1"},
				"south": {"uv": [3.5, 4, 7, 5], "texture": "#1"},
				"west": {"uv": [2.5, 7, 3, 8], "texture": "#1"},
				"up": {"uv": [8, 2.5, 4.5, 2], "texture": "#1"},
				"down": {"uv": [8, 2.5, 4.5, 3], "texture": "#1"}
			}
		},
		{
			"from": [4.5, 2, 11.5],
			"to": [5.5, 3, 12.5],
			"rotation": {"angle": 0, "axis": "y", "origin": [12, 8.75, 8]},
			"faces": {
				"north": {"uv": [8, 4, 8.5, 4.5], "texture": "#1"},
				"east": {"uv": [4.5, 8, 5, 8.5], "texture": "#1"},
				"south": {"uv": [8, 4.5, 8.5, 5], "texture": "#1"},
				"west": {"uv": [5, 8, 5.5, 8.5], "texture": "#1"},
				"up": {"uv": [8.5, 5.5, 8, 5], "texture": "#1"},
				"down": {"uv": [6, 8, 5.5, 8.5], "texture": "#1"}
			}
		},
		{
			"from": [6.5, 2, 11.5],
			"to": [9.5, 3, 12.5],
			"rotation": {"angle": 0, "axis": "y", "origin": [12, 8.75, 8]},
			"faces": {
				"north": {"uv": [2, 5, 3.5, 5.5], "texture": "#1"},
				"east": {"uv": [8, 5.5, 8.5, 6], "texture": "#1"},
				"south": {"uv": [3.5, 5, 5, 5.5], "texture": "#1"},
				"west": {"uv": [6, 8, 6.5, 8.5], "texture": "#1"},
				"up": {"uv": [6.5, 5.5, 5, 5], "texture": "#1"},
				"down": {"uv": [3.5, 5.5, 2, 6], "texture": "#1"}
			}
		},
		{
			"from": [10.5, 2, 11.5],
			"to": [11.5, 3, 12.5],
			"rotation": {"angle": 0, "axis": "y", "origin": [12, 8.75, 8]},
			"faces": {
				"north": {"uv": [8, 6, 8.5, 6.5], "texture": "#1"},
				"east": {"uv": [6.5, 8, 7, 8.5], "texture": "#1"},
				"south": {"uv": [8, 6.5, 8.5, 7], "texture": "#1"},
				"west": {"uv": [8, 7, 8.5, 7.5], "texture": "#1"},
				"up": {"uv": [8, 8.5, 7.5, 8], "texture": "#1"},
				"down": {"uv": [8.5, 8, 8, 8.5], "texture": "#1"}
			}
		},
		{
			"from": [6.5, 2, 3.5],
			"to": [9.5, 3, 4.5],
			"rotation": {"angle": 0, "axis": "y", "origin": [12, 8.75, 8]},
			"faces": {
				"north": {"uv": [3.5, 5.5, 5, 6], "texture": "#1"},
				"east": {"uv": [8.5, 0.5, 9, 1], "texture": "#1"},
				"south": {"uv": [5, 5.5, 6.5, 6], "texture": "#1"},
				"west": {"uv": [8.5, 1, 9, 1.5], "texture": "#1"},
				"up": {"uv": [3.5, 6.5, 2, 6], "texture": "#1"},
				"down": {"uv": [5, 6, 3.5, 6.5], "texture": "#1"}
			}
		},
		{
			"from": [4.5, 0, 3.5],
			"to": [11.5, 2, 4.5],
			"rotation": {"angle": 0, "axis": "y", "origin": [12, 8.75, 8]},
			"faces": {
				"north": {"uv": [4.5, 0, 8, 1], "texture": "#1"},
				"east": {"uv": [3, 7, 3.5, 8], "texture": "#1"},
				"south": {"uv": [4.5, 1, 8, 2], "texture": "#1"},
				"west": {"uv": [7, 4, 7.5, 5], "texture": "#1"},
				"up": {"uv": [8, 3.5, 4.5, 3], "texture": "#1"},
				"down": {"uv": [8, 3.5, 4.5, 4], "texture": "#1"}
			}
		},
		{
			"from": [4.5, 2, 3.5],
			"to": [5.5, 3, 4.5],
			"rotation": {"angle": 0, "axis": "y", "origin": [12, 8.75, 8]},
			"faces": {
				"north": {"uv": [8.5, 1.5, 9, 2], "texture": "#1"},
				"east": {"uv": [2, 8.5, 2.5, 9], "texture": "#1"},
				"south": {"uv": [8.5, 2, 9, 2.5], "texture": "#1"},
				"west": {"uv": [2.5, 8.5, 3, 9], "texture": "#1"},
				"up": {"uv": [9, 3.5, 8.5, 3], "texture": "#1"},
				"down": {"uv": [9, 3.5, 8.5, 4], "texture": "#1"}
			}
		},
		{
			"from": [10.5, 2, 3.5],
			"to": [11.5, 3, 4.5],
			"rotation": {"angle": 0, "axis": "y", "origin": [12, 8.75, 8]},
			"faces": {
				"north": {"uv": [8.5, 4, 9, 4.5], "texture": "#1"},
				"east": {"uv": [4.5, 8.5, 5, 9], "texture": "#1"},
				"south": {"uv": [8.5, 4.5, 9, 5], "texture": "#1"},
				"west": {"uv": [5, 8.5, 5.5, 9], "texture": "#1"},
				"up": {"uv": [9, 5.5, 8.5, 5], "texture": "#1"},
				"down": {"uv": [6, 8.5, 5.5, 9], "texture": "#1"}
			}
		},
		{
			"from": [3.5, 2, 6.5],
			"to": [4.5, 3, 9.5],
			"rotation": {"angle": 0, "axis": "y", "origin": [12, 8.75, 8]},
			"faces": {
				"north": {"uv": [8.5, 5.5, 9, 6], "texture": "#1"},
				"east": {"uv": [5, 6, 6.5, 6.5], "texture": "#1"},
				"south": {"uv": [6, 8.5, 6.5, 9], "texture": "#1"},
				"west": {"uv": [2, 6.5, 3.5, 7], "texture": "#1"},
				"up": {"uv": [4, 8, 3.5, 6.5], "texture": "#1"},
				"down": {"uv": [4.5, 6.5, 4, 8], "texture": "#1"}
			}
		},
		{
			"from": [3.5, 0, 3.5],
			"to": [4.5, 2, 12.5],
			"rotation": {"angle": 0, "axis": "y", "origin": [12, 8.75, 8]},
			"faces": {
				"north": {"uv": [4.5, 7, 5, 8], "texture": "#1"},
				"east": {"uv": [0, 0, 4.5, 1], "texture": "#1"},
				"south": {"uv": [5, 7, 5.5, 8], "texture": "#1"},
				"west": {"uv": [0, 1, 4.5, 2], "texture": "#1"},
				"up": {"uv": [0.5, 9.5, 0, 5], "texture": "#1"},
				"down": {"uv": [1, 5, 0.5, 9.5], "texture": "#1"}
			}
		},
		{
			"from": [3.5, 2, 3.5],
			"to": [4.5, 3, 5.5],
			"rotation": {"angle": 0, "axis": "y", "origin": [12, 8.75, 8]},
			"faces": {
				"north": {"uv": [8.5, 6, 9, 6.5], "texture": "#1"},
				"east": {"uv": [7, 5.5, 8, 6], "texture": "#1"},
				"south": {"uv": [6.5, 8.5, 7, 9], "texture": "#1"},
				"west": {"uv": [7, 6, 8, 6.5], "texture": "#1"},
				"up": {"uv": [6, 8, 5.5, 7], "texture": "#1"},
				"down": {"uv": [7, 7, 6.5, 8], "texture": "#1"}
			}
		},
		{
			"from": [3.5, 2, 10.5],
			"to": [4.5, 3, 12.5],
			"rotation": {"angle": 0, "axis": "y", "origin": [12, 8.75, 8]},
			"faces": {
				"north": {"uv": [8.5, 6.5, 9, 7], "texture": "#1"},
				"east": {"uv": [7, 6.5, 8, 7], "texture": "#1"},
				"south": {"uv": [7, 8.5, 7.5, 9], "texture": "#1"},
				"west": {"uv": [7, 7, 8, 7.5], "texture": "#1"},
				"up": {"uv": [8, 5, 7.5, 4], "texture": "#1"},
				"down": {"uv": [7.5, 7.5, 7, 8.5], "texture": "#1"}
			}
		},
		{
			"from": [11.5, 2, 10.5],
			"to": [12.5, 3, 12.5],
			"rotation": {"angle": 0, "axis": "y", "origin": [12, 8.75, 8]},
			"faces": {
				"north": {"uv": [8.5, 7, 9, 7.5], "texture": "#1"},
				"east": {"uv": [7.5, 7.5, 8.5, 8], "texture": "#1"},
				"south": {"uv": [7.5, 8.5, 8, 9], "texture": "#1"},
				"west": {"uv": [8, 0, 9, 0.5], "texture": "#1"},
				"up": {"uv": [8.5, 1.5, 8, 0.5], "texture": "#1"},
				"down": {"uv": [8.5, 1.5, 8, 2.5], "texture": "#1"}
			}
		},
		{
			"from": [11.5, 2, 3.5],
			"to": [12.5, 3, 5.5],
			"rotation": {"angle": 0, "axis": "y", "origin": [12, 8.75, 8]},
			"faces": {
				"north": {"uv": [8.5, 7.5, 9, 8], "texture": "#1"},
				"east": {"uv": [2, 8, 3, 8.5], "texture": "#1"},
				"south": {"uv": [8, 8.5, 8.5, 9], "texture": "#1"},
				"west": {"uv": [8, 2.5, 9, 3], "texture": "#1"},
				"up": {"uv": [3.5, 9, 3, 8], "texture": "#1"},
				"down": {"uv": [8.5, 3, 8, 4], "texture": "#1"}
			}
		},
		{
			"from": [11.5, 0, 3.5],
			"to": [12.5, 2, 12.5],
			"rotation": {"angle": 0, "axis": "y", "origin": [12, 8.75, 8]},
			"faces": {
				"north": {"uv": [3.5, 8, 4, 9], "texture": "#1"},
				"east": {"uv": [0, 2, 4.5, 3], "texture": "#1"},
				"south": {"uv": [4, 8, 4.5, 9], "texture": "#1"},
				"west": {"uv": [0, 3, 4.5, 4], "texture": "#1"},
				"up": {"uv": [1.5, 9.5, 1, 5], "texture": "#1"},
				"down": {"uv": [2, 5, 1.5, 9.5], "texture": "#1"}
			}
		},
		{
			"from": [11.5, 2, 6.5],
			"to": [12.5, 3, 9.5],
			"rotation": {"angle": 0, "axis": "y", "origin": [12, 8.75, 8]},
			"faces": {
				"north": {"uv": [8.5, 8, 9, 8.5], "texture": "#1"},
				"east": {"uv": [4.5, 6.5, 6, 7], "texture": "#1"},
				"south": {"uv": [8.5, 8.5, 9, 9], "texture": "#1"},
				"west": {"uv": [6.5, 5, 8, 5.5], "texture": "#1"},
				"up": {"uv": [7, 7, 6.5, 5.5], "texture": "#1"},
				"down": {"uv": [6.5, 6.5, 6, 8], "texture": "#1"}
			}
		}
	],
	"gui_light": "front",
	"display": {
		"thirdperson_righthand": {
			"translation": [0, 3, 1],
			"scale": [0.55, 0.55, 0.55]
		},
		"thirdperson_lefthand": {
			"translation": [0, 3, 1],
			"scale": [0.55, 0.55, 0.55]
		},
		"firstperson_righthand": {
			"rotation": [0, 45, 0],
			"scale": [0.4, 0.4, 0.4]
		},
		"firstperson_lefthand": {
			"rotation": [0, 225, 0],
			"scale": [0.4, 0.4, 0.4]
		},
		"ground": {
			"translation": [0, 3, 0],
			"scale": [0.25, 0.25, 0.25]
		},
		"gui": {
			"translation": [0, 9.5, 0],
			"scale": [1.5, 1.5, 1.5]
		},
		"head": {
			"rotation": [0, 0, -7.75],
			"translation": [2, 17.75, 0],
			"scale": [1.8, 1.8, 1.8]
		},
		"fixed": {
			"rotation": [-90, 0, 0],
			"translation": [0, 0, -56.25],
			"scale": [4, 4, 4]
		}
	},
	"groups": [
		{
			"name": "body",
			"origin": [-4, 0, -8],
			"color": 0,
			"nbt": "{}",
			"children": [
				{
					"name": "head",
					"origin": [4, 0, 0],
					"color": 0,
					"nbt": "{}",
					"children": [
						{
							"name": "hair",
							"origin": [-5, 29.55, -4.05],
							"color": 0,
							"nbt": "{}",
							"children": []
						},
						{
							"name": "eyebrows",
							"origin": [4, 0, 0],
							"color": 0,
							"nbt": "{}",
							"children": [
								{
									"name": "left",
									"origin": [1.5, 26.5, -4.05],
									"color": 0,
									"nbt": "{}",
									"children": []
								},
								{
									"name": "right",
									"origin": [5.97395, 27.14772, -4.05],
									"color": 0,
									"nbt": "{}",
									"children": []
								}
							]
						},
						{
							"name": "crown",
							"origin": [4, 31.65, 0],
							"color": 0,
							"nbt": "{}",
							"children": [0, 1, 2, 3, 4, 5, 6, 7, 8, 9, 10, 11, 12, 13, 14, 15]
						},
						{
							"name": "hoodie",
							"origin": [4, 21.6, 4.5],
							"color": 0,
							"nbt": "{}",
							"children": []
						}
					]
				},
				{
					"name": "arms",
					"origin": [21, 26.25, -1],
					"color": 0,
					"nbt": "{}",
					"children": [
						{
							"name": "right_arm",
							"origin": [32, 22.25, -1],
							"color": 0,
							"nbt": "{}",
							"children": []
						}
					]
				},
				{
					"name": "legs",
					"origin": [16, 0, 0],
					"color": 0,
					"nbt": "{}",
					"children": [
						{
							"name": "left_leg",
							"origin": [6, 12, 0.6],
							"color": 0,
							"nbt": "{}",
							"children": [
								{
									"name": "shoe",
									"origin": [16, 0.5, 0.6],
									"color": 0,
									"nbt": "{}",
									"children": [
										{
											"name": "shoe_back",
											"origin": [1, 8.5, 13.6],
											"color": 0,
											"nbt": "{}",
											"children": []
										},
										{
											"name": "shoe_front",
											"origin": [5, 9, 10.1],
											"color": 0,
											"nbt": "{}",
											"children": []
										}
									]
								}
							]
						},
						{
							"name": "right_leg",
							"origin": [2.3, 11.75, -0.6],
							"color": 0,
							"nbt": "{}",
							"children": [
								{
									"name": "shoe2",
									"origin": [17.3, -4.75, -12.95688],
									"color": 0,
									"nbt": "{}",
									"children": [
										{
											"name": "shoe_back2",
											"origin": [2.3, 3.25, 0.04312],
											"color": 0,
											"nbt": "{}",
											"children": []
										},
										{
											"name": "shoe_front2",
											"origin": [6.3, 3.75, -3.45688],
											"color": 0,
											"nbt": "{}",
											"children": []
										}
									]
								}
							]
						}
					]
				},
				{
					"name": "group",
					"origin": [14, -1.25, 6],
					"color": 0,
					"nbt": "{}",
					"children": []
				}
			]
		}
	],
	"file_name": "guns"
}