{"credit":"MadewithBlockbench","texture_size":[128,128],"textures":{"0":"elitecreatures:headlesshorseman_animated_weapon_set/headlesshorseman_texture_01","1":"elitecreatures:headlesshorseman_animated_weapon_set/headlesshorseman_animation_01","2":"elitecreatures:headlesshorseman_animated_weapon_set/headlesshorseman_animation_02","3":"elitecreatures:headlesshorseman_animated_weapon_set/headlesshorseman_animation_03","4":"elitecreatures:headlesshorseman_animated_weapon_set/headlesshorseman_animation_04","particle":"elitecreatures:headlesshorseman_animated_weapon_set/headlesshorseman_texture_01"},"elements":[{"from":[6.8,18.9,7.6],"to":[9.3,21.9,10.6],"rotation":{"angle":45,"axis":"x","origin":[8,21.5,8]},"faces":{"north":{"uv":[2.1875,0.375,1.875,0.75],"texture":"#0"},"east":{"uv":[1.875,0.375,1.5,0.75],"texture":"#0"},"south":{"uv":[2.5,0.375,2.1875,0.75],"texture":"#0"},"west":{"uv":[1.5,0.375,1.875,0.75],"texture":"#0"},"up":{"uv":[2.1875,0.375,1.875,0.75],"texture":"#0"},"down":{"uv":[2.5,0.375,2.1875,0.75],"texture":"#0"}}},{"from":[7.5,18.4,5.6],"to":[8.5,22.4,9.6],"rotation":{"angle":45,"axis":"x","origin":[8,20,8]},"faces":{"north":{"uv":[2.25,1.75,2.125,2.25],"texture":"#0"},"east":{"uv":[1.5,1.75,2,2.25],"texture":"#0"},"south":{"uv":[2,1.75,2.125,2.25],"texture":"#0"},"west":{"uv":[2,1.75,1.5,2.25],"texture":"#0"},"up":{"uv":[2,1.75,2.125,2.25],"texture":"#0"},"down":{"uv":[2.125,1.75,2.25,2.25],"texture":"#0"}}},{"from":[5,15.20711,6.5],"to":[11,18.20711,9.5],"rotation":{"angle":-45,"axis":"x","origin":[8,16.70711,8]},"faces":{"north":{"uv":[2.5,0,1.75,0.375],"texture":"#0"},"east":{"uv":[1,0,0.625,0.375],"texture":"#0"},"south":{"uv":[1.75,0,1,0.375],"texture":"#0"},"west":{"uv":[0.625,0,1,0.375],"texture":"#0"},"up":{"uv":[1.75,0,1,0.375],"texture":"#0"},"down":{"uv":[2.5,0,1.75,0.375],"texture":"#0"}}},{"from":[11.1,15.20711,6.5],"to":[11.1,18.20711,9.5],"rotation":{"angle":-45,"axis":"x","origin":[8,16.70711,8]},"faces":{"north":{"uv":[0,0,0,6],"texture":"#3"},"east":{"uv":[6,0,0,6],"texture":"#3"},"south":{"uv":[0,0,0,6],"texture":"#3"},"west":{"uv":[0,0,6,6],"texture":"#3"},"up":{"uv":[0,6,0,0],"texture":"#3"},"down":{"uv":[0,0,0,6],"texture":"#3"}}},{"from":[6,14,6],"to":[10,19,11],"rotation":{"angle":-45,"axis":"x","origin":[8,16,8]},"faces":{"north":{"uv":[0,0.625,0.625,1.125],"rotation":90,"texture":"#0"},"east":{"uv":[0,0,0.625,0.625],"rotation":90,"texture":"#0"},"south":{"uv":[0,0.625,0.625,1.125],"rotation":90,"texture":"#0"},"west":{"uv":[0,0,0.625,0.625],"rotation":90,"texture":"#0"},"up":{"uv":[0.625,0.625,0,1.125],"rotation":90,"texture":"#0"},"down":{"uv":[0.625,0.625,0,1.125],"rotation":90,"texture":"#0"}}},{"from":[7,-10,7],"to":[9,2,9],"rotation":{"angle":0,"axis":"y","origin":[7,5.5,8]},"faces":{"north":{"uv":[0.625,1.5625,0.875,3.0625],"texture":"#0"},"east":{"uv":[0.625,1.5625,0.875,3.0625],"texture":"#0"},"south":{"uv":[0.625,1.5625,0.875,3.0625],"texture":"#0"},"west":{"uv":[0.625,1.5625,0.875,3.0625],"texture":"#0"},"up":{"uv":[0.625,1.5625,0.875,1.8125],"texture":"#0"},"down":{"uv":[0.625,1.5625,0.875,1.8125],"texture":"#0"}}},{"from":[7,2,7],"to":[9,14,9],"rotation":{"angle":0,"axis":"y","origin":[7,5.5,8]},"faces":{"north":{"uv":[0.625,1.5625,0.875,3.0625],"texture":"#0"},"east":{"uv":[0.625,1.5625,0.875,3.0625],"texture":"#0"},"south":{"uv":[0.625,1.5625,0.875,3.0625],"texture":"#0"},"west":{"uv":[0.625,1.5625,0.875,3.0625],"texture":"#0"},"up":{"uv":[0.625,1.5625,0.875,1.8125],"texture":"#0"},"down":{"uv":[0.625,1.5625,0.875,1.8125],"texture":"#0"}}},{"from":[7,-15.5,7.25],"to":[9,-13,8.75],"rotation":{"angle":0,"axis":"y","origin":[7,5.5,8]},"faces":{"north":{"uv":[3.0625,0.5625,3.25,0.875],"texture":"#0"},"east":{"uv":[3.0625,0.5625,3.25,0.875],"texture":"#0"},"south":{"uv":[3.0625,0.5625,3.25,0.875],"texture":"#0"},"west":{"uv":[3.0625,0.5625,3.25,0.875],"texture":"#0"},"up":{"uv":[2.8125,0.8125,3.0625,1],"texture":"#0"},"down":{"uv":[2.8125,0.8125,3.0625,1],"texture":"#0"}}},{"from":[6.5,9.5,6.5],"to":[9.5,12,9.5],"rotation":{"angle":0,"axis":"y","origin":[8,28.31499,8]},"faces":{"north":{"uv":[0.875,1.5625,1.25,1.875],"texture":"#0"},"east":{"uv":[0.875,1.5625,1.25,1.875],"texture":"#0"},"south":{"uv":[0.875,1.5625,1.25,1.875],"texture":"#0"},"west":{"uv":[0.875,1.5625,1.25,1.875],"texture":"#0"},"up":{"uv":[0.875,1.875,1.25,2.25],"texture":"#0"},"down":{"uv":[0.875,1.875,1.25,2.25],"texture":"#0"}}},{"from":[6.5,5.5,6.5],"to":[9.5,8,9.5],"rotation":{"angle":0,"axis":"y","origin":[8,28.31499,8]},"faces":{"north":{"uv":[0.875,1.5625,1.25,1.875],"texture":"#0"},"east":{"uv":[0.875,1.5625,1.25,1.875],"texture":"#0"},"south":{"uv":[0.875,1.5625,1.25,1.875],"texture":"#0"},"west":{"uv":[0.875,1.5625,1.25,1.875],"texture":"#0"},"up":{"uv":[0.875,1.875,1.25,2.25],"texture":"#0"},"down":{"uv":[0.875,1.875,1.25,2.25],"texture":"#0"}}},{"from":[6.5,-12.5,6.5],"to":[9.5,-10,9.5],"rotation":{"angle":0,"axis":"y","origin":[8,28.31499,8]},"faces":{"north":{"uv":[0.875,1.5625,1.25,1.875],"texture":"#0"},"east":{"uv":[0.875,1.5625,1.25,1.875],"texture":"#0"},"south":{"uv":[0.875,1.5625,1.25,1.875],"texture":"#0"},"west":{"uv":[0.875,1.5625,1.25,1.875],"texture":"#0"},"up":{"uv":[0.875,1.875,1.25,2.25],"texture":"#0"},"down":{"uv":[0.875,1.875,1.25,2.25],"texture":"#0"}}},{"from":[6.5,12.5,6.5],"to":[9.5,15,9.5],"rotation":{"angle":0,"axis":"y","origin":[8,23.68501,8]},"faces":{"north":{"uv":[1.4375,2.5625,1.8125,2.25],"texture":"#0"},"east":{"uv":[1.4375,2.5625,1.8125,2.25],"texture":"#0"},"south":{"uv":[1.4375,2.5625,1.8125,2.25],"texture":"#0"},"west":{"uv":[1.4375,2.5625,1.8125,2.25],"texture":"#0"},"up":{"uv":[1.4375,2.9375,1.8125,2.5625],"texture":"#0"},"down":{"uv":[1.4375,2.9375,1.8125,2.5625],"texture":"#0"}}},{"from":[5.75,-8.08922,-6.30421],"to":[10.25,-5.58922,-3.80421],"rotation":{"angle":-45,"axis":"x","origin":[8,6.21499,8]},"faces":{"north":{"uv":[1.4375,2.5625,0.875,2.875],"texture":"#0"},"east":{"uv":[1.1875,2.25,0.875,2.5625],"texture":"#0"},"south":{"uv":[1.4375,2.5625,0.875,2.875],"texture":"#0"},"west":{"uv":[0.875,2.25,1.1875,2.5625],"texture":"#0"},"up":{"uv":[1.4375,2.5625,0.875,2.875],"texture":"#0"},"down":{"uv":[1.4375,2.5625,0.875,2.875],"texture":"#0"}}},{"from":[7,9.8,8.8],"to":[9,11.3,10.8],"rotation":{"angle":22.5,"axis":"x","origin":[8,9.825,10.375]},"faces":{"north":{"uv":[3.5,0.125,3.75,0.3125],"texture":"#0"},"east":{"uv":[3.25,0.125,3.5,0.3125],"texture":"#0"},"south":{"uv":[3.5,0.125,3.75,0.3125],"texture":"#0"},"west":{"uv":[3.25,0.125,3.5,0.3125],"texture":"#0"},"up":{"uv":[2.8125,0.3125,3.0625,0.5625],"rotation":90,"texture":"#0"},"down":{"uv":[2.8125,0.3125,3.0625,0.5625],"rotation":90,"texture":"#0"}}},{"from":[7.1,8.41812,10.02574],"to":[8.9,10.41812,11.52574],"rotation":{"angle":-22.5,"axis":"x","origin":[8,9.825,10.375]},"faces":{"north":{"uv":[2.8125,0.5625,3.0625,0.8125],"rotation":90,"texture":"#0"},"east":{"uv":[3.75,0.3125,4,0.125],"rotation":90,"texture":"#0"},"south":{"uv":[2.8125,0.5625,3.0625,0.8125],"rotation":90,"texture":"#0"},"west":{"uv":[3.75,0.125,4,0.3125],"rotation":90,"texture":"#0"},"up":{"uv":[4.0125,0.125,4.2625,0.3125],"texture":"#0"},"down":{"uv":[4.0125,0.125,4.2625,0.3125],"texture":"#0"}}},{"from":[7.25,7.7,10.5],"to":[8.75,9.2,11.5],"rotation":{"angle":22.5,"axis":"x","origin":[8,9.825,10.375]},"faces":{"north":{"uv":[4.3125,0.125,4.5,0.3125],"rotation":90,"texture":"#0"},"east":{"uv":[3.0625,0.3125,3.25,0.4375],"rotation":90,"texture":"#0"},"south":{"uv":[4.3125,0.125,4.5,0.3125],"rotation":90,"texture":"#0"},"west":{"uv":[3.0625,0.3125,3.25,0.4375],"rotation":90,"texture":"#0"},"up":{"uv":[3.0625,0.4375,3.25,0.5625],"texture":"#0"},"down":{"uv":[3.0625,0.4375,3.25,0.5625],"texture":"#0"}}},{"from":[7.1,8.41812,4.47426],"to":[8.9,10.41812,5.97426],"rotation":{"angle":22.5,"axis":"x","origin":[8,9.825,5.625]},"faces":{"north":{"uv":[2.8125,0.8125,3.0625,0.5625],"rotation":90,"texture":"#0"},"east":{"uv":[3.75,0.125,4,0.3125],"rotation":90,"texture":"#0"},"south":{"uv":[2.8125,0.8125,3.0625,0.5625],"rotation":90,"texture":"#0"},"west":{"uv":[3.75,0.3125,4,0.125],"rotation":90,"texture":"#0"},"up":{"uv":[4.0125,0.3125,4.2625,0.125],"texture":"#0"},"down":{"uv":[4.0125,0.3125,4.2625,0.125],"texture":"#0"}}},{"from":[7.25,7.7,4.5],"to":[8.75,9.2,5.5],"rotation":{"angle":-22.5,"axis":"x","origin":[8,9.825,5.625]},"faces":{"north":{"uv":[4.3125,0.3125,4.5,0.125],"rotation":90,"texture":"#0"},"east":{"uv":[3.0625,0.4375,3.25,0.3125],"rotation":90,"texture":"#0"},"south":{"uv":[4.3125,0.3125,4.5,0.125],"rotation":90,"texture":"#0"},"west":{"uv":[3.0625,0.4375,3.25,0.3125],"rotation":90,"texture":"#0"},"up":{"uv":[3.0625,0.5625,3.25,0.4375],"texture":"#0"},"down":{"uv":[3.0625,0.5625,3.25,0.4375],"texture":"#0"}}},{"from":[7,9.8,5.2],"to":[9,11.3,7.2],"rotation":{"angle":-22.5,"axis":"x","origin":[8,9.825,5.625]},"faces":{"north":{"uv":[3.75,0.125,3.5,0.3125],"texture":"#0"},"east":{"uv":[3.5,0.125,3.25,0.3125],"texture":"#0"},"south":{"uv":[3.75,0.125,3.5,0.3125],"texture":"#0"},"west":{"uv":[3.5,0.125,3.25,0.3125],"texture":"#0"},"up":{"uv":[3.0625,0.3125,2.8125,0.5625],"rotation":90,"texture":"#0"},"down":{"uv":[3.0625,0.3125,2.8125,0.5625],"rotation":90,"texture":"#0"}}},{"from":[8.50065,10.68529,7],"to":[10.50065,12.18529,9],"rotation":{"angle":-22.5,"axis":"z","origin":[8,9.51517,8]},"faces":{"north":{"uv":[3.5,0.125,3.25,0.3125],"texture":"#0"},"east":{"uv":[3.75,0.125,3.5,0.3125],"texture":"#0"},"south":{"uv":[3.5,0.125,3.25,0.3125],"texture":"#0"},"west":{"uv":[3.75,0.125,3.5,0.3125],"texture":"#0"},"up":{"uv":[3.0625,0.3125,2.8125,0.5625],"rotation":180,"texture":"#0"},"down":{"uv":[3.0625,0.3125,2.8125,0.5625],"texture":"#0"}}},{"from":[9.96352,7.48566,7.1],"to":[11.46352,9.48566,8.9],"rotation":{"angle":22.5,"axis":"z","origin":[8,9.51517,8]},"faces":{"north":{"uv":[3.75,0.3125,4,0.125],"rotation":90,"texture":"#0"},"east":{"uv":[2.8125,0.8125,3.0625,0.5625],"rotation":90,"texture":"#0"},"south":{"uv":[3.75,0.125,4,0.3125],"rotation":90,"texture":"#0"},"west":{"uv":[2.8125,0.8125,3.0625,0.5625],"rotation":90,"texture":"#0"},"up":{"uv":[4.0125,0.3125,4.2625,0.125],"rotation":90,"texture":"#0"},"down":{"uv":[4.0125,0.3125,4.2625,0.125],"rotation":270,"texture":"#0"}}},{"from":[10.20065,8.58529,7.25],"to":[11.20065,10.08529,8.75],"rotation":{"angle":-22.5,"axis":"z","origin":[8,9.51517,8]},"faces":{"north":{"uv":[3.0625,0.4375,3.25,0.3125],"rotation":90,"texture":"#0"},"east":{"uv":[4.3125,0.3125,4.5,0.125],"rotation":90,"texture":"#0"},"south":{"uv":[3.0625,0.4375,3.25,0.3125],"rotation":90,"texture":"#0"},"west":{"uv":[4.3125,0.3125,4.5,0.125],"rotation":90,"texture":"#0"},"up":{"uv":[3.0625,0.5625,3.25,0.4375],"rotation":90,"texture":"#0"},"down":{"uv":[3.0625,0.5625,3.25,0.4375],"rotation":270,"texture":"#0"}}},{"from":[5.49935,10.68529,7],"to":[7.49935,12.18529,9],"rotation":{"angle":22.5,"axis":"z","origin":[8,9.51517,8]},"faces":{"north":{"uv":[3.25,0.125,3.5,0.3125],"texture":"#0"},"east":{"uv":[3.5,0.125,3.75,0.3125],"texture":"#0"},"south":{"uv":[3.25,0.125,3.5,0.3125],"texture":"#0"},"west":{"uv":[3.5,0.125,3.75,0.3125],"texture":"#0"},"up":{"uv":[2.8125,0.3125,3.0625,0.5625],"rotation":180,"texture":"#0"},"down":{"uv":[2.8125,0.3125,3.0625,0.5625],"texture":"#0"}}},{"from":[8,2,-10],"to":[8,22,7.5],"rotation":{"angle":0,"axis":"y","origin":[7,1,8]},"faces":{"north":{"uv":[2.375,0.75,2.1875,1],"texture":"#0"},"east":{"uv":[9.625,2.5,11.8125,0],"texture":"#0"},"south":{"uv":[2.375,0.75,2.1875,1],"texture":"#0"},"west":{"uv":[11.8125,2.5,9.625,0],"texture":"#0"},"up":{"uv":[1.5,1,1.5,3.1875],"texture":"#0"},"down":{"uv":[1.6875,1,1.5,1.6875],"texture":"#0"}}},{"from":[8,2,8.5],"to":[8,22,26],"rotation":{"angle":0,"axis":"y","origin":[7,1,8]},"faces":{"north":{"uv":[2.1875,0.75,2.375,1],"texture":"#0"},"east":{"uv":[11.8125,2.5,9.625,0],"texture":"#0"},"south":{"uv":[2.1875,0.75,2.375,1],"texture":"#0"},"west":{"uv":[9.625,2.5,11.8125,0],"texture":"#0"},"up":{"uv":[1.5,3.1875,1.5,1],"texture":"#0"},"down":{"uv":[1.6875,1.6875,1.5,1],"texture":"#0"}}},{"from":[4.53648,7.48566,7.1],"to":[6.03648,9.48566,8.9],"rotation":{"angle":-22.5,"axis":"z","origin":[8,9.51517,8]},"faces":{"north":{"uv":[3.75,0.125,4,0.3125],"rotation":90,"texture":"#0"},"east":{"uv":[2.8125,0.5625,3.0625,0.8125],"rotation":90,"texture":"#0"},"south":{"uv":[3.75,0.3125,4,0.125],"rotation":90,"texture":"#0"},"west":{"uv":[2.8125,0.5625,3.0625,0.8125],"rotation":90,"texture":"#0"},"up":{"uv":[4.0125,0.125,4.2625,0.3125],"rotation":90,"texture":"#0"},"down":{"uv":[4.0125,0.125,4.2625,0.3125],"rotation":270,"texture":"#0"}}},{"from":[4.79935,8.58529,7.25],"to":[5.79935,10.08529,8.75],"rotation":{"angle":22.5,"axis":"z","origin":[8,9.51517,8]},"faces":{"north":{"uv":[3.0625,0.3125,3.25,0.4375],"rotation":90,"texture":"#0"},"east":{"uv":[4.3125,0.125,4.5,0.3125],"rotation":90,"texture":"#0"},"south":{"uv":[3.0625,0.3125,3.25,0.4375],"rotation":90,"texture":"#0"},"west":{"uv":[4.3125,0.125,4.5,0.3125],"rotation":90,"texture":"#0"},"up":{"uv":[3.0625,0.4375,3.25,0.5625],"rotation":90,"texture":"#0"},"down":{"uv":[3.0625,0.4375,3.25,0.5625],"rotation":270,"texture":"#0"}}},{"from":[7,14,9],"to":[9,17,14],"rotation":{"angle":-22.5,"axis":"x","origin":[7,15,9]},"faces":{"north":{"uv":[1.25,0.375,1.5,0.75],"texture":"#0"},"east":{"uv":[0.625,0.375,1.25,0.75],"texture":"#0"},"south":{"uv":[1.25,0.375,1.5,0.75],"texture":"#0"},"west":{"uv":[1.25,0.375,0.625,0.75],"texture":"#0"},"up":{"uv":[0.625,0.75,0.875,1.375],"texture":"#0"},"down":{"uv":[0.625,0.75,0.875,1.375],"texture":"#0"}}},{"from":[6.9,13,10.2],"to":[9.1,14.5,11.7],"rotation":{"angle":-22.5,"axis":"x","origin":[7,15,9]},"faces":{"north":{"uv":[1.5,1.75,1.25,1.9375],"texture":"#0"},"east":{"uv":[1.4375,1.9375,1.25,2.125],"texture":"#0"},"south":{"uv":[1.5,1.75,1.25,1.9375],"texture":"#0"},"west":{"uv":[1.4375,1.9375,1.25,2.125],"texture":"#0"},"up":{"uv":[1.5,1.5625,1.25,1.75],"texture":"#0"},"down":{"uv":[1.5,1.5625,1.25,1.75],"texture":"#0"}}},{"from":[6,14.34149,10.73044],"to":[8,15.34149,11.73044],"rotation":{"angle":-22.5,"axis":"z","origin":[7,14.84149,11.23044]},"faces":{"north":{"uv":[1.4375,2.25,1.1875,2.375],"texture":"#0"},"east":{"uv":[1.3125,2.375,1.1875,2.5],"texture":"#0"},"south":{"uv":[1.4375,2.25,1.1875,2.375],"texture":"#0"},"west":{"uv":[1.3125,2.375,1.1875,2.5],"texture":"#0"},"up":{"uv":[1.5,2.125,1.25,2.25],"texture":"#0"},"down":{"uv":[1.5,2.125,1.25,2.25],"texture":"#0"}}},{"from":[8,14.34149,10.73044],"to":[10,15.34149,11.73044],"rotation":{"angle":22.5,"axis":"z","origin":[9,14.84149,11.23044]},"faces":{"north":{"uv":[1.1875,2.25,1.4375,2.375],"texture":"#0"},"east":{"uv":[1.1875,2.375,1.3125,2.5],"texture":"#0"},"south":{"uv":[1.1875,2.25,1.4375,2.375],"texture":"#0"},"west":{"uv":[1.1875,2.375,1.3125,2.5],"texture":"#0"},"up":{"uv":[1.25,2.125,1.5,2.25],"texture":"#0"},"down":{"uv":[1.25,2.125,1.5,2.25],"texture":"#0"}}},{"from":[6.02827,14.94928,12.73044],"to":[8.02827,15.94928,13.73044],"rotation":{"angle":-22.5,"axis":"z","origin":[8,15.71644,13.25518]},"faces":{"north":{"uv":[1.4375,2.25,1.1875,2.375],"texture":"#0"},"east":{"uv":[1.3125,2.375,1.1875,2.5],"texture":"#0"},"south":{"uv":[1.4375,2.25,1.1875,2.375],"texture":"#0"},"west":{"uv":[1.3125,2.375,1.1875,2.5],"texture":"#0"},"up":{"uv":[1.5,2.125,1.25,2.25],"texture":"#0"},"down":{"uv":[1.5,2.125,1.25,2.25],"texture":"#0"}}},{"from":[7.97173,14.94928,12.73044],"to":[9.97173,15.94928,13.73044],"rotation":{"angle":22.5,"axis":"z","origin":[8,15.71644,13.25518]},"faces":{"north":{"uv":[1.1875,2.25,1.4375,2.375],"texture":"#0"},"east":{"uv":[1.1875,2.375,1.3125,2.5],"texture":"#0"},"south":{"uv":[1.1875,2.25,1.4375,2.375],"texture":"#0"},"west":{"uv":[1.1875,2.375,1.3125,2.5],"texture":"#0"},"up":{"uv":[1.25,2.125,1.5,2.25],"texture":"#0"},"down":{"uv":[1.25,2.125,1.5,2.25],"texture":"#0"}}},{"from":[6.9,14.84144,12.48018],"to":[9.1,16.34144,13.98018],"rotation":{"angle":-22.5,"axis":"x","origin":[8,15.71644,13.25518]},"faces":{"north":{"uv":[1.5,1.75,1.25,1.9375],"texture":"#0"},"east":{"uv":[1.4375,1.9375,1.25,2.125],"texture":"#0"},"south":{"uv":[1.5,1.75,1.25,1.9375],"texture":"#0"},"west":{"uv":[1.4375,1.9375,1.25,2.125],"texture":"#0"},"up":{"uv":[1.5,1.5625,1.25,1.75],"texture":"#0"},"down":{"uv":[1.5,1.5625,1.25,1.75],"texture":"#0"}}},{"from":[7.15,16.99144,14.11982],"to":[8.85,18.49144,15.61982],"rotation":{"angle":22.5,"axis":"x","origin":[8.3,17.71644,14.74482]},"faces":{"north":{"uv":[1.25,1.5625,1.4375,1.75],"texture":"#0"},"east":{"uv":[1.4375,2.125,1.25,1.9375],"rotation":270,"texture":"#0"},"south":{"uv":[1.25,1.5625,1.4375,1.75],"rotation":180,"texture":"#0"},"west":{"uv":[1.4375,2.125,1.25,1.9375],"rotation":90,"texture":"#0"},"up":{"uv":[1.4375,1.9375,1.25,1.75],"rotation":180,"texture":"#0"},"down":{"uv":[1.4375,1.9375,1.25,1.75],"texture":"#0"}}},{"from":[6.9,13,4.3],"to":[9.1,14.5,5.8],"rotation":{"angle":22.5,"axis":"x","origin":[7,15,7]},"faces":{"north":{"uv":[1.25,1.75,1.5,1.9375],"texture":"#0"},"east":{"uv":[1.25,1.9375,1.4375,2.125],"texture":"#0"},"south":{"uv":[1.25,1.75,1.5,1.9375],"texture":"#0"},"west":{"uv":[1.25,1.9375,1.4375,2.125],"texture":"#0"},"up":{"uv":[1.5,1.75,1.25,1.5625],"texture":"#0"},"down":{"uv":[1.5,1.75,1.25,1.5625],"texture":"#0"}}},{"from":[8,14.34149,4.26956],"to":[10,15.34149,5.26956],"rotation":{"angle":22.5,"axis":"z","origin":[9,14.84149,4.76956]},"faces":{"north":{"uv":[1.4375,2.25,1.1875,2.375],"texture":"#0"},"east":{"uv":[1.3125,2.375,1.1875,2.5],"texture":"#0"},"south":{"uv":[1.4375,2.25,1.1875,2.375],"texture":"#0"},"west":{"uv":[1.3125,2.375,1.1875,2.5],"texture":"#0"},"up":{"uv":[1.25,2.25,1.5,2.125],"texture":"#0"},"down":{"uv":[1.25,2.25,1.5,2.125],"texture":"#0"}}},{"from":[7.97173,14.94928,2.26956],"to":[9.97173,15.94928,3.26956],"rotation":{"angle":22.5,"axis":"z","origin":[8,15.71644,2.74482]},"faces":{"north":{"uv":[1.4375,2.25,1.1875,2.375],"texture":"#0"},"east":{"uv":[1.3125,2.375,1.1875,2.5],"texture":"#0"},"south":{"uv":[1.4375,2.25,1.1875,2.375],"texture":"#0"},"west":{"uv":[1.3125,2.375,1.1875,2.5],"texture":"#0"},"up":{"uv":[1.25,2.25,1.5,2.125],"texture":"#0"},"down":{"uv":[1.25,2.25,1.5,2.125],"texture":"#0"}}},{"from":[6.9,14.84144,2.01982],"to":[9.1,16.34144,3.51982],"rotation":{"angle":22.5,"axis":"x","origin":[8,15.71644,2.74482]},"faces":{"north":{"uv":[1.25,1.75,1.5,1.9375],"texture":"#0"},"east":{"uv":[1.25,1.9375,1.4375,2.125],"texture":"#0"},"south":{"uv":[1.25,1.75,1.5,1.9375],"texture":"#0"},"west":{"uv":[1.25,1.9375,1.4375,2.125],"texture":"#0"},"up":{"uv":[1.5,1.75,1.25,1.5625],"texture":"#0"},"down":{"uv":[1.5,1.75,1.25,1.5625],"texture":"#0"}}},{"from":[6.02827,14.94928,2.26956],"to":[8.02827,15.94928,3.26956],"rotation":{"angle":-22.5,"axis":"z","origin":[8,15.71644,2.74482]},"faces":{"north":{"uv":[1.1875,2.25,1.4375,2.375],"texture":"#0"},"east":{"uv":[1.1875,2.375,1.3125,2.5],"texture":"#0"},"south":{"uv":[1.1875,2.25,1.4375,2.375],"texture":"#0"},"west":{"uv":[1.1875,2.375,1.3125,2.5],"texture":"#0"},"up":{"uv":[1.5,2.25,1.25,2.125],"texture":"#0"},"down":{"uv":[1.5,2.25,1.25,2.125],"texture":"#0"}}},{"from":[6.02827,-10.64928,5.43044],"to":[8.02827,-9.64928,6.43044],"rotation":{"angle":45,"axis":"z","origin":[8,-10.41644,5.95518]},"faces":{"north":{"uv":[1.4375,2.375,1.1875,2.25],"texture":"#0"},"east":{"uv":[1.3125,2.5,1.1875,2.375],"texture":"#0"},"south":{"uv":[1.4375,2.375,1.1875,2.25],"texture":"#0"},"west":{"uv":[1.3125,2.5,1.1875,2.375],"texture":"#0"},"up":{"uv":[1.5,2.25,1.25,2.125],"texture":"#0"},"down":{"uv":[1.5,2.25,1.25,2.125],"texture":"#0"}}},{"from":[6.9,-11.34144,5.18018],"to":[9.1,-9.84144,6.68018],"rotation":{"angle":22.5,"axis":"x","origin":[8,-10.71644,5.95518]},"faces":{"north":{"uv":[1.5,1.9375,1.25,1.75],"texture":"#0"},"east":{"uv":[1.4375,2.125,1.25,1.9375],"texture":"#0"},"south":{"uv":[1.5,1.9375,1.25,1.75],"texture":"#0"},"west":{"uv":[1.4375,2.125,1.25,1.9375],"texture":"#0"},"up":{"uv":[1.5,1.75,1.25,1.5625],"texture":"#0"},"down":{"uv":[1.5,1.75,1.25,1.5625],"texture":"#0"}}},{"from":[7.97173,-10.64928,5.43044],"to":[9.97173,-9.64928,6.43044],"rotation":{"angle":-45,"axis":"z","origin":[8,-10.41644,5.95518]},"faces":{"north":{"uv":[1.1875,2.375,1.4375,2.25],"texture":"#0"},"east":{"uv":[1.1875,2.5,1.3125,2.375],"texture":"#0"},"south":{"uv":[1.1875,2.375,1.4375,2.25],"texture":"#0"},"west":{"uv":[1.1875,2.5,1.3125,2.375],"texture":"#0"},"up":{"uv":[1.25,2.25,1.5,2.125],"texture":"#0"},"down":{"uv":[1.25,2.25,1.5,2.125],"texture":"#0"}}},{"from":[6.9,-11.34144,9.31982],"to":[9.1,-9.84144,10.81982],"rotation":{"angle":-22.5,"axis":"x","origin":[8,-10.71644,10.04482]},"faces":{"north":{"uv":[1.25,1.9375,1.5,1.75],"texture":"#0"},"east":{"uv":[1.25,2.125,1.4375,1.9375],"texture":"#0"},"south":{"uv":[1.25,1.9375,1.5,1.75],"texture":"#0"},"west":{"uv":[1.25,2.125,1.4375,1.9375],"texture":"#0"},"up":{"uv":[1.5,1.5625,1.25,1.75],"texture":"#0"},"down":{"uv":[1.5,1.5625,1.25,1.75],"texture":"#0"}}},{"from":[6.02827,-10.64928,9.56956],"to":[8.02827,-9.64928,10.56956],"rotation":{"angle":45,"axis":"z","origin":[8,-10.41644,10.04482]},"faces":{"north":{"uv":[1.1875,2.375,1.4375,2.25],"texture":"#0"},"east":{"uv":[1.1875,2.5,1.3125,2.375],"texture":"#0"},"south":{"uv":[1.1875,2.375,1.4375,2.25],"texture":"#0"},"west":{"uv":[1.1875,2.5,1.3125,2.375],"texture":"#0"},"up":{"uv":[1.5,2.125,1.25,2.25],"texture":"#0"},"down":{"uv":[1.5,2.125,1.25,2.25],"texture":"#0"}}},{"from":[7.25,-14.3,4.5],"to":[8.75,-12.8,5.5],"rotation":{"angle":-22.5,"axis":"x","origin":[8,-12.175,5.625]},"faces":{"north":{"uv":[4.3125,0.3125,4.5,0.125],"rotation":90,"texture":"#0"},"east":{"uv":[3.0625,0.4375,3.25,0.3125],"rotation":90,"texture":"#0"},"south":{"uv":[4.3125,0.3125,4.5,0.125],"rotation":90,"texture":"#0"},"west":{"uv":[3.0625,0.4375,3.25,0.3125],"rotation":90,"texture":"#0"},"up":{"uv":[3.0625,0.5625,3.25,0.4375],"texture":"#0"},"down":{"uv":[3.0625,0.5625,3.25,0.4375],"texture":"#0"}}},{"from":[7.1,-13.58188,4.47426],"to":[8.9,-11.58188,5.97426],"rotation":{"angle":22.5,"axis":"x","origin":[8,-12.175,5.625]},"faces":{"north":{"uv":[2.8125,0.8125,3.0625,0.5625],"rotation":90,"texture":"#0"},"east":{"uv":[3.75,0.125,4,0.3125],"rotation":90,"texture":"#0"},"south":{"uv":[2.8125,0.8125,3.0625,0.5625],"rotation":90,"texture":"#0"},"west":{"uv":[3.75,0.3125,4,0.125],"rotation":90,"texture":"#0"},"up":{"uv":[4.0125,0.3125,4.2625,0.125],"texture":"#0"},"down":{"uv":[4.0125,0.3125,4.2625,0.125],"texture":"#0"}}},{"from":[7.25,-14.3,10.5],"to":[8.75,-12.8,11.5],"rotation":{"angle":22.5,"axis":"x","origin":[8,-12.175,10.375]},"faces":{"north":{"uv":[4.3125,0.125,4.5,0.3125],"rotation":90,"texture":"#0"},"east":{"uv":[3.0625,0.3125,3.25,0.4375],"rotation":90,"texture":"#0"},"south":{"uv":[4.3125,0.125,4.5,0.3125],"rotation":90,"texture":"#0"},"west":{"uv":[3.0625,0.3125,3.25,0.4375],"rotation":90,"texture":"#0"},"up":{"uv":[3.0625,0.4375,3.25,0.5625],"texture":"#0"},"down":{"uv":[3.0625,0.4375,3.25,0.5625],"texture":"#0"}}},{"from":[7.1,-13.58188,10.02574],"to":[8.9,-11.58188,11.52574],"rotation":{"angle":-22.5,"axis":"x","origin":[8,-12.175,10.375]},"faces":{"north":{"uv":[2.8125,0.5625,3.0625,0.8125],"rotation":90,"texture":"#0"},"east":{"uv":[3.75,0.3125,4,0.125],"rotation":90,"texture":"#0"},"south":{"uv":[2.8125,0.5625,3.0625,0.8125],"rotation":90,"texture":"#0"},"west":{"uv":[3.75,0.125,4,0.3125],"rotation":90,"texture":"#0"},"up":{"uv":[4.0125,0.125,4.2625,0.3125],"texture":"#0"},"down":{"uv":[4.0125,0.125,4.2625,0.3125],"texture":"#0"}}},{"from":[7,-12.2,8.8],"to":[9,-10.7,10.8],"rotation":{"angle":22.5,"axis":"x","origin":[8,-12.175,10.375]},"faces":{"north":{"uv":[3.5,0.125,3.75,0.3125],"texture":"#0"},"east":{"uv":[3.25,0.125,3.5,0.3125],"texture":"#0"},"south":{"uv":[3.5,0.125,3.75,0.3125],"texture":"#0"},"west":{"uv":[3.25,0.125,3.5,0.3125],"texture":"#0"},"up":{"uv":[2.8125,0.3125,3.0625,0.5625],"rotation":90,"texture":"#0"},"down":{"uv":[2.8125,0.3125,3.0625,0.5625],"rotation":90,"texture":"#0"}}},{"from":[7,-12.2,5.2],"to":[9,-10.7,7.2],"rotation":{"angle":-22.5,"axis":"x","origin":[8,-12.175,5.625]},"faces":{"north":{"uv":[3.75,0.125,3.5,0.3125],"texture":"#0"},"east":{"uv":[3.5,0.125,3.25,0.3125],"texture":"#0"},"south":{"uv":[3.75,0.125,3.5,0.3125],"texture":"#0"},"west":{"uv":[3.5,0.125,3.25,0.3125],"texture":"#0"},"up":{"uv":[3.0625,0.3125,2.8125,0.5625],"rotation":90,"texture":"#0"},"down":{"uv":[3.0625,0.3125,2.8125,0.5625],"rotation":90,"texture":"#0"}}},{"from":[7.97173,-10.64928,9.56956],"to":[9.97173,-9.64928,10.56956],"rotation":{"angle":-45,"axis":"z","origin":[8,-10.41644,10.04482]},"faces":{"north":{"uv":[1.4375,2.375,1.1875,2.25],"texture":"#0"},"east":{"uv":[1.3125,2.5,1.1875,2.375],"texture":"#0"},"south":{"uv":[1.4375,2.375,1.1875,2.25],"texture":"#0"},"west":{"uv":[1.3125,2.5,1.1875,2.375],"texture":"#0"},"up":{"uv":[1.25,2.125,1.5,2.25],"texture":"#0"},"down":{"uv":[1.25,2.125,1.5,2.25],"texture":"#0"}}},{"from":[6,14.34149,4.26956],"to":[8,15.34149,5.26956],"rotation":{"angle":-22.5,"axis":"z","origin":[7,14.84149,4.76956]},"faces":{"north":{"uv":[1.1875,2.25,1.4375,2.375],"texture":"#0"},"east":{"uv":[1.1875,2.375,1.3125,2.5],"texture":"#0"},"south":{"uv":[1.1875,2.25,1.4375,2.375],"texture":"#0"},"west":{"uv":[1.1875,2.375,1.3125,2.5],"texture":"#0"},"up":{"uv":[1.5,2.25,1.25,2.125],"texture":"#0"},"down":{"uv":[1.5,2.25,1.25,2.125],"texture":"#0"}}},{"from":[6.32827,17.24117,0.28803],"to":[8.32827,18.24117,1.28803],"rotation":{"angle":45,"axis":"y","origin":[8.3,17.71644,1.05518]},"faces":{"north":{"uv":[1.5,2.125,1.25,2.25],"rotation":180,"texture":"#0"},"east":{"uv":[1.3125,2.375,1.1875,2.5],"rotation":270,"texture":"#0"},"south":{"uv":[1.5,2.125,1.25,2.25],"texture":"#0"},"west":{"uv":[1.3125,2.375,1.1875,2.5],"rotation":90,"texture":"#0"},"up":{"uv":[1.4375,2.25,1.1875,2.375],"rotation":180,"texture":"#0"},"down":{"uv":[1.4375,2.25,1.1875,2.375],"texture":"#0"}}},{"from":[7.15,16.99144,0.38018],"to":[8.85,18.49144,1.88018],"rotation":{"angle":-22.5,"axis":"x","origin":[8.3,17.71644,1.25518]},"faces":{"north":{"uv":[1.4375,1.5625,1.25,1.75],"rotation":180,"texture":"#0"},"east":{"uv":[1.4375,1.9375,1.25,2.125],"rotation":270,"texture":"#0"},"south":{"uv":[1.4375,1.5625,1.25,1.75],"texture":"#0"},"west":{"uv":[1.4375,1.9375,1.25,2.125],"rotation":90,"texture":"#0"},"up":{"uv":[1.4375,1.75,1.25,1.9375],"rotation":180,"texture":"#0"},"down":{"uv":[1.4375,1.75,1.25,1.9375],"texture":"#0"}}},{"from":[7.67173,17.24117,0.28803],"to":[9.67173,18.24117,1.28803],"rotation":{"angle":-45,"axis":"y","origin":[7.7,17.71644,1.05518]},"faces":{"north":{"uv":[1.25,2.125,1.5,2.25],"rotation":180,"texture":"#0"},"east":{"uv":[1.3125,2.5,1.1875,2.375],"rotation":90,"texture":"#0"},"south":{"uv":[1.25,2.125,1.5,2.25],"texture":"#0"},"west":{"uv":[1.3125,2.5,1.1875,2.375],"rotation":270,"texture":"#0"},"up":{"uv":[1.1875,2.25,1.4375,2.375],"rotation":180,"texture":"#0"},"down":{"uv":[1.1875,2.25,1.4375,2.375],"texture":"#0"}}},{"from":[6.32827,17.24117,14.71197],"to":[8.32827,18.24117,15.71197],"rotation":{"angle":-45,"axis":"y","origin":[8.3,17.71644,14.94482]},"faces":{"north":{"uv":[1.25,2.125,1.5,2.25],"texture":"#0"},"east":{"uv":[1.3125,2.5,1.1875,2.375],"rotation":270,"texture":"#0"},"south":{"uv":[1.25,2.125,1.5,2.25],"rotation":180,"texture":"#0"},"west":{"uv":[1.3125,2.5,1.1875,2.375],"rotation":90,"texture":"#0"},"up":{"uv":[1.4375,2.375,1.1875,2.25],"rotation":180,"texture":"#0"},"down":{"uv":[1.4375,2.375,1.1875,2.25],"texture":"#0"}}},{"from":[7.67173,17.24117,14.71197],"to":[9.67173,18.24117,15.71197],"rotation":{"angle":45,"axis":"y","origin":[7.7,17.71644,14.94482]},"faces":{"north":{"uv":[1.5,2.125,1.25,2.25],"texture":"#0"},"east":{"uv":[1.3125,2.375,1.1875,2.5],"rotation":90,"texture":"#0"},"south":{"uv":[1.5,2.125,1.25,2.25],"rotation":180,"texture":"#0"},"west":{"uv":[1.3125,2.375,1.1875,2.5],"rotation":270,"texture":"#0"},"up":{"uv":[1.1875,2.375,1.4375,2.25],"rotation":180,"texture":"#0"},"down":{"uv":[1.1875,2.375,1.4375,2.25],"texture":"#0"}}},{"from":[7.5,18.74467,-2.09261],"to":[8.5,20.24467,0.40739],"rotation":{"angle":0,"axis":"y","origin":[8,19.37268,0.51545]},"faces":{"north":{"uv":[0.75,1.375,0.625,1.5625],"rotation":180,"texture":"#0"},"east":{"uv":[1.1875,1.5625,1.375,1.25],"rotation":90,"texture":"#0"},"south":{"uv":[0.75,1.375,0.625,1.5625],"texture":"#0"},"west":{"uv":[1.375,1.5625,1.1875,1.25],"rotation":270,"texture":"#0"},"up":{"uv":[1.375,1.5625,1.5,1.25],"texture":"#0"},"down":{"uv":[1.375,1.5625,1.5,1.25],"rotation":180,"texture":"#0"}}},{"from":[7.25,16.0713,-0.32755],"to":[8.75,20.0713,2.17245],"rotation":{"angle":-45,"axis":"x","origin":[8,19.37268,0.51545]},"faces":{"north":{"uv":[1.375,0.75,1.1875,1.25],"texture":"#0"},"east":{"uv":[1.1875,0.75,0.875,1.25],"texture":"#0"},"south":{"uv":[1.375,0.75,1.1875,1.25],"texture":"#0"},"west":{"uv":[1.1875,0.75,0.875,1.25],"texture":"#0"},"up":{"uv":[0.875,1.5625,1.0625,1.25],"texture":"#0"},"down":{"uv":[0.875,1.5625,1.0625,1.25],"texture":"#0"}}},{"from":[7.5,18.74467,15.59261],"to":[8.5,20.24467,18.09261],"rotation":{"angle":0,"axis":"y","origin":[8,19.37268,15.48455]},"faces":{"north":{"uv":[0.625,1.375,0.75,1.5625],"texture":"#0"},"east":{"uv":[1.1875,1.25,1.375,1.5625],"rotation":90,"texture":"#0"},"south":{"uv":[0.625,1.375,0.75,1.5625],"rotation":180,"texture":"#0"},"west":{"uv":[1.375,1.25,1.1875,1.5625],"rotation":270,"texture":"#0"},"up":{"uv":[1.375,1.25,1.5,1.5625],"texture":"#0"},"down":{"uv":[1.375,1.25,1.5,1.5625],"rotation":180,"texture":"#0"}}},{"from":[7.25,16.0713,13.82755],"to":[8.75,20.0713,16.32755],"rotation":{"angle":45,"axis":"x","origin":[8,19.37268,15.48455]},"faces":{"north":{"uv":[1.1875,0.75,1.375,1.25],"texture":"#0"},"east":{"uv":[0.875,0.75,1.1875,1.25],"texture":"#0"},"south":{"uv":[1.1875,0.75,1.375,1.25],"texture":"#0"},"west":{"uv":[0.875,0.75,1.1875,1.25],"texture":"#0"},"up":{"uv":[0.875,1.25,1.0625,1.5625],"texture":"#0"},"down":{"uv":[0.875,1.25,1.0625,1.5625],"texture":"#0"}}},{"from":[7,14,2],"to":[9,17,7],"rotation":{"angle":22.5,"axis":"x","origin":[7,15,7]},"faces":{"north":{"uv":[1.5,0.375,1.25,0.75],"texture":"#0"},"east":{"uv":[1.25,0.375,0.625,0.75],"texture":"#0"},"south":{"uv":[1.5,0.375,1.25,0.75],"texture":"#0"},"west":{"uv":[0.625,0.375,1.25,0.75],"texture":"#0"},"up":{"uv":[0.625,1.375,0.875,0.75],"texture":"#0"},"down":{"uv":[0.625,1.375,0.875,0.75],"texture":"#0"}}},{"from":[7.75,21.26976,4.72383],"to":[8.25,23.26976,5.22383],"rotation":{"angle":0,"axis":"y","origin":[8,20.56166,5.76725]},"faces":{"north":{"uv":[2.4375,1.25,2.5,1],"texture":"#0"},"east":{"uv":[2.375,1.25,2.4375,1],"texture":"#0"},"south":{"uv":[2.4375,1.25,2.5,1],"texture":"#0"},"west":{"uv":[2.375,1.25,2.4375,1],"texture":"#0"},"up":{"uv":[1.4375,2,1.5,1.9375],"texture":"#0"},"down":{"uv":[1.4375,2,1.5,1.9375],"texture":"#0"}}},{"from":[7.5,19.3456,4.91572],"to":[8.5,22.3456,5.91572],"rotation":{"angle":-22.5,"axis":"x","origin":[8,20.56166,5.76725]},"faces":{"north":{"uv":[2,1.625,2.125,1.25],"texture":"#0"},"east":{"uv":[1.875,1.625,2,1.25],"texture":"#0"},"south":{"uv":[2,1.625,2.125,1.25],"texture":"#0"},"west":{"uv":[1.875,1.625,2,1.25],"texture":"#0"},"up":{"uv":[2.375,1,2.5,0.875],"texture":"#0"},"down":{"uv":[2.375,1,2.5,0.875],"texture":"#0"}}},{"from":[7.25,18.91487,5.53609],"to":[8.75,20.91487,9.53609],"rotation":{"angle":45,"axis":"x","origin":[8,20.56166,5.76725]},"faces":{"north":{"uv":[2.1875,1.25,2.375,1],"texture":"#0"},"east":{"uv":[1.6875,1.25,2.1875,1],"texture":"#0"},"south":{"uv":[2.1875,1.25,2.375,1],"texture":"#0"},"west":{"uv":[2.1875,1.25,1.6875,1],"texture":"#0"},"up":{"uv":[1.6875,1.75,1.875,1.25],"texture":"#0"},"down":{"uv":[1.6875,1.75,1.875,1.25],"texture":"#0"}}},{"from":[7.25,18.91487,6.46391],"to":[8.75,20.91487,10.46391],"rotation":{"angle":-45,"axis":"x","origin":[8,20.56166,10.23275]},"faces":{"north":{"uv":[2.375,1.25,2.1875,1],"texture":"#0"},"east":{"uv":[2.1875,1.25,1.6875,1],"texture":"#0"},"south":{"uv":[2.375,1.25,2.1875,1],"texture":"#0"},"west":{"uv":[1.6875,1.25,2.1875,1],"texture":"#0"},"up":{"uv":[1.6875,1.25,1.875,1.75],"texture":"#0"},"down":{"uv":[1.6875,1.25,1.875,1.75],"texture":"#0"}}},{"from":[7.5,19.3456,10.08428],"to":[8.5,22.3456,11.08428],"rotation":{"angle":22.5,"axis":"x","origin":[8,20.56166,10.23275]},"faces":{"north":{"uv":[2.125,1.625,2,1.25],"texture":"#0"},"east":{"uv":[2,1.625,1.875,1.25],"texture":"#0"},"south":{"uv":[2.125,1.625,2,1.25],"texture":"#0"},"west":{"uv":[2,1.625,1.875,1.25],"texture":"#0"},"up":{"uv":[2.375,0.875,2.5,1],"texture":"#0"},"down":{"uv":[2.375,0.875,2.5,1],"texture":"#0"}}},{"from":[7.75,21.26976,10.77617],"to":[8.25,23.26976,11.27617],"rotation":{"angle":0,"axis":"y","origin":[8,20.56166,10.23275]},"faces":{"north":{"uv":[2.5,1.25,2.4375,1],"texture":"#0"},"east":{"uv":[2.4375,1.25,2.375,1],"texture":"#0"},"south":{"uv":[2.5,1.25,2.4375,1],"texture":"#0"},"west":{"uv":[2.4375,1.25,2.375,1],"texture":"#0"},"up":{"uv":[1.4375,1.9375,1.5,2],"texture":"#0"},"down":{"uv":[1.4375,1.9375,1.5,2],"texture":"#0"}}},{"from":[8,22,3.25],"to":[8,26,13.25],"rotation":{"angle":0,"axis":"y","origin":[0,-7,0]},"faces":{"north":{"uv":[0,0,0,4],"texture":"#1"},"east":{"uv":[0,0,10,4],"texture":"#1"},"south":{"uv":[0,0,0,4],"texture":"#1"},"west":{"uv":[10,0,0,4],"texture":"#1"},"up":{"uv":[0,10,0,0],"texture":"#1"},"down":{"uv":[0,0,0,10],"texture":"#1"}}},{"from":[8,-16,3.25],"to":[8,-12,13.25],"rotation":{"angle":0,"axis":"y","origin":[0,17,0]},"faces":{"north":{"uv":[0,4,0,0],"texture":"#1"},"east":{"uv":[0,4,10,0],"texture":"#1"},"south":{"uv":[0,4,0,0],"texture":"#1"},"west":{"uv":[10,4,0,0],"texture":"#1"},"up":{"uv":[0,10,0,0],"texture":"#1"},"down":{"uv":[0,0,0,10],"texture":"#1"}}},{"from":[4.9,15.20711,6.5],"to":[4.9,18.20711,9.5],"rotation":{"angle":-45,"axis":"x","origin":[8,16.70711,8]},"faces":{"north":{"uv":[0,0,0,6],"texture":"#3"},"east":{"uv":[6,0,0,6],"texture":"#3"},"south":{"uv":[0,0,0,6],"texture":"#3"},"west":{"uv":[0,0,6,6],"texture":"#3"},"up":{"uv":[0,6,0,0],"texture":"#3"},"down":{"uv":[0,0,0,6],"texture":"#3"}}},{"from":[7.75,17.3,-1],"to":[8.25,18.3,2],"rotation":{"angle":-22.5,"axis":"x","origin":[8,17.5,1.5]},"faces":{"north":{"uv":[4.5,0,4.4375,0.125],"texture":"#0"},"east":{"uv":[3.9375,0,3.5625,0.125],"texture":"#0"},"south":{"uv":[4.5,0,4.4375,0.125],"texture":"#0"},"west":{"uv":[3.9375,0,3.5625,0.125],"texture":"#0"},"up":{"uv":[2.8125,0.3125,2.75,0.6875],"texture":"#0"},"down":{"uv":[2.8125,0.3125,2.75,0.6875],"texture":"#0"}}},{"from":[7.5,9.7,-0.7],"to":[8.5,13.2,0.3],"rotation":{"angle":22.5,"axis":"x","origin":[7,1,8]},"faces":{"north":{"uv":[2.625,0.125,2.5,0.5625],"rotation":180,"texture":"#0"},"east":{"uv":[2.9375,0,2.5,0.125],"rotation":90,"texture":"#0"},"south":{"uv":[2.625,0.125,2.5,0.5625],"texture":"#0"},"west":{"uv":[2.9375,0,2.5,0.125],"rotation":270,"texture":"#0"},"up":{"uv":[2.5,0.75,2.375,0.875],"texture":"#0"},"down":{"uv":[2.5,0.75,2.375,0.875],"rotation":180,"texture":"#0"}}},{"from":[7.5,5.1,-6.5],"to":[8.5,8.6,-5.5],"rotation":{"angle":45,"axis":"x","origin":[7,1,8]},"faces":{"north":{"uv":[2.625,0.125,2.5,0.5625],"rotation":180,"texture":"#0"},"east":{"uv":[2.9375,0,2.5,0.125],"rotation":90,"texture":"#0"},"south":{"uv":[2.625,0.125,2.5,0.5625],"texture":"#0"},"west":{"uv":[2.9375,0,2.5,0.125],"rotation":270,"texture":"#0"},"up":{"uv":[2.5,0.75,2.375,0.875],"texture":"#0"},"down":{"uv":[2.5,0.75,2.375,0.875],"rotation":180,"texture":"#0"}}},{"from":[7.75,17.3,14],"to":[8.25,18.3,17],"rotation":{"angle":22.5,"axis":"x","origin":[8,17.5,14.5]},"faces":{"north":{"uv":[4.4375,0,4.5,0.125],"texture":"#0"},"east":{"uv":[3.5625,0,3.9375,0.125],"texture":"#0"},"south":{"uv":[4.4375,0,4.5,0.125],"texture":"#0"},"west":{"uv":[3.5625,0,3.9375,0.125],"texture":"#0"},"up":{"uv":[2.8125,0.6875,2.75,0.3125],"texture":"#0"},"down":{"uv":[2.8125,0.6875,2.75,0.3125],"texture":"#0"}}},{"from":[7.5,5.1,21.5],"to":[8.5,8.6,22.5],"rotation":{"angle":-45,"axis":"x","origin":[7,1,8]},"faces":{"north":{"uv":[2.5,0.125,2.625,0.5625],"texture":"#0"},"east":{"uv":[2.9375,0.125,2.5,0],"rotation":90,"texture":"#0"},"south":{"uv":[2.5,0.125,2.625,0.5625],"rotation":180,"texture":"#0"},"west":{"uv":[2.9375,0.125,2.5,0],"rotation":270,"texture":"#0"},"up":{"uv":[2.5,0.875,2.375,0.75],"texture":"#0"},"down":{"uv":[2.5,0.875,2.375,0.75],"rotation":180,"texture":"#0"}}},{"from":[7.5,9.7,15.7],"to":[8.5,13.2,16.7],"rotation":{"angle":-22.5,"axis":"x","origin":[7,1,8]},"faces":{"north":{"uv":[2.5,0.125,2.625,0.5625],"texture":"#0"},"east":{"uv":[2.9375,0.125,2.5,0],"rotation":90,"texture":"#0"},"south":{"uv":[2.5,0.125,2.625,0.5625],"rotation":180,"texture":"#0"},"west":{"uv":[2.9375,0.125,2.5,0],"rotation":270,"texture":"#0"},"up":{"uv":[2.5,0.875,2.375,0.75],"texture":"#0"},"down":{"uv":[2.5,0.875,2.375,0.75],"rotation":180,"texture":"#0"}}},{"from":[11.4,13,3],"to":[11.4,21,13],"rotation":{"angle":0,"axis":"y","origin":[16,0,0]},"faces":{"north":{"uv":[0,0,0,7],"texture":"#2"},"east":{"uv":[10,0,0,8],"texture":"#2"},"south":{"uv":[0,0,0,7],"texture":"#2"},"west":{"uv":[0,0,10,8],"texture":"#2"},"up":{"uv":[0,10,0,0],"texture":"#2"},"down":{"uv":[0,0,0,10],"texture":"#2"}}},{"from":[4.6,14,4],"to":[4.6,20,12],"faces":{"north":{"uv":[0,0,0,7],"texture":"#2"},"east":{"uv":[10,0,0,8],"texture":"#2"},"south":{"uv":[0,0,0,7],"texture":"#2"},"west":{"uv":[0,0,10,8],"texture":"#2"},"up":{"uv":[0,10,0,0],"texture":"#2"},"down":{"uv":[0,0,0,10],"texture":"#2"}}},{"from":[7.9,13,18],"to":[7.9,16.5,23],"rotation":{"angle":-22.5,"axis":"x","origin":[8,14,24.5]},"faces":{"north":{"uv":[0,0,0,6],"texture":"#4"},"east":{"uv":[0,0,14,8],"texture":"#4"},"south":{"uv":[0,0,0,6],"texture":"#4"},"west":{"uv":[0,0,14,8],"texture":"#4"},"up":{"uv":[0,14,0,0],"texture":"#4"},"down":{"uv":[0,0,0,14],"texture":"#4"}}},{"from":[7.7,6,-8],"to":[7.7,10,-1],"rotation":{"angle":-22.5,"axis":"x","origin":[8,10,-5.5]},"faces":{"north":{"uv":[0,0,0,6],"texture":"#4"},"east":{"uv":[0,0,14,8],"texture":"#4"},"south":{"uv":[0,0,0,6],"texture":"#4"},"west":{"uv":[0,0,14,8],"texture":"#4"},"up":{"uv":[0,0,0,14],"texture":"#4"},"down":{"uv":[0,14,0,0],"texture":"#4"}}},{"from":[8.3,15,18],"to":[8.3,19,25],"rotation":{"angle":22.5,"axis":"x","origin":[8,14,24.5]},"faces":{"north":{"uv":[0,0,0,6],"texture":"#4"},"east":{"uv":[0,0,14,8],"texture":"#4"},"south":{"uv":[0,0,0,6],"texture":"#4"},"west":{"uv":[0,0,14,8],"texture":"#4"},"up":{"uv":[0,14,0,0],"texture":"#4"},"down":{"uv":[0,0,0,14],"texture":"#4"}}}],"gui_light":"front","display":{"thirdperson_righthand":{"translation":[0,7.75,1.75],"scale":[0.7,0.7,0.7]},"thirdperson_lefthand":{"translation":[0,7.75,1.75],"scale":[0.7,0.7,0.7]},"firstperson_righthand":{"rotation":[3,0,0],"translation":[3.25,4.75,0],"scale":[0.35,0.35,0.35]},"firstperson_lefthand":{"rotation":[3,0,0],"translation":[3.25,4.75,0],"scale":[0.35,0.35,0.35]},"ground":{"rotation":[45,0,0],"translation":[0,9,0],"scale":[0.45,0.45,0.45]},"gui":{"rotation":[-90,-45,-90],"translation":[-0.75,-0.75,-1.5],"scale":[0.38281,0.38281,0.38281]},"head":{"scale":[0,0,0]},"fixed":{"rotation":[0,90,0],"translation":[0,6,-4.25],"scale":[1.4,1.4,1.4]}},"mcmodels":"189a334a44333733ab167318ccb1a467"}