{"credit":"MadewithBlockbench","texture_size":[128,128],"textures":{"0":"elitecreatures:headlesshorseman_animated_weapon_set/headlesshorseman_texture_01","2":"elitecreatures:headlesshorseman_animated_weapon_set/headlesshorseman_animation_02","3":"elitecreatures:headlesshorseman_animated_weapon_set/headlesshorseman_animation_03","4":"elitecreatures:headlesshorseman_animated_weapon_set/headlesshorseman_animation_04","particle":"elitecreatures:headlesshorseman_animated_weapon_set/headlesshorseman_texture_01"},"elements":[{"from":[3.05,-7,2.65],"to":[8.05,13,2.65],"rotation":{"angle":-22.5,"axis":"y","origin":[9,3,2]},"faces":{"north":{"uv":[0.625,13.5,0,16],"texture":"#0"},"east":{"uv":[0,0,0,2.5],"texture":"#0"},"south":{"uv":[0,13.5,0.625,16],"texture":"#0"},"west":{"uv":[0,0,0,2.5],"texture":"#0"},"up":{"uv":[0,0,0,2.75],"rotation":270,"texture":"#0"},"down":{"uv":[0,0,0,2.75],"rotation":90,"texture":"#0"}}},{"from":[9,-7,5],"to":[9,13,11],"faces":{"north":{"uv":[0,0,0,2.5],"texture":"#0"},"east":{"uv":[1.75,13.5,1,16],"texture":"#0"},"south":{"uv":[0,0,0,2.5],"texture":"#0"},"west":{"uv":[1,13.5,1.75,16],"texture":"#0"},"up":{"uv":[0,0,0,1.5],"texture":"#0"},"down":{"uv":[0,0,0,1.5],"texture":"#0"}}},{"from":[9,-7,2],"to":[9,13,5],"rotation":{"angle":22.5,"axis":"y","origin":[9,3,5]},"faces":{"north":{"uv":[0,0,0,2.5],"texture":"#0"},"east":{"uv":[1,13.5,0.625,16],"texture":"#0"},"south":{"uv":[0,0,0,2.5],"texture":"#0"},"west":{"uv":[0.625,13.5,1,16],"texture":"#0"},"up":{"uv":[0,0,0,1.5],"texture":"#0"},"down":{"uv":[0,0,0,1.5],"texture":"#0"}}},{"from":[3.05,-7,13.35],"to":[8.05,13,13.35],"rotation":{"angle":22.5,"axis":"y","origin":[9,3,14]},"faces":{"north":{"uv":[0.625,13.5,0,16],"texture":"#0"},"east":{"uv":[0,0,0,2.5],"texture":"#0"},"south":{"uv":[0,13.5,0.625,16],"texture":"#0"},"west":{"uv":[0,0,0,2.5],"texture":"#0"},"up":{"uv":[0,0,0,2.75],"rotation":270,"texture":"#0"},"down":{"uv":[0,0,0,2.75],"rotation":90,"texture":"#0"}}},{"from":[9,-7,11],"to":[9,13,14],"rotation":{"angle":-22.5,"axis":"y","origin":[9,3,11]},"faces":{"north":{"uv":[0,0,0,2.5],"texture":"#0"},"east":{"uv":[0.625,13.5,1,16],"texture":"#0"},"south":{"uv":[0,0,0,2.5],"texture":"#0"},"west":{"uv":[1,13.5,0.625,16],"texture":"#0"},"up":{"uv":[0,1.5,0,0],"texture":"#0"},"down":{"uv":[0,1.5,0,0],"texture":"#0"}}},{"from":[3.15,-7,13.35],"to":[8.15,13,13.35],"rotation":{"angle":22.5,"axis":"y","origin":[9.1,3,14]},"faces":{"north":{"uv":[2.5625,13.5,1.9375,16],"texture":"#0"},"east":{"uv":[0,0,0,2.5],"texture":"#0"},"south":{"uv":[1.9375,13.5,2.5625,16],"texture":"#0"},"west":{"uv":[0,0,0,2.5],"texture":"#0"},"up":{"uv":[0,0,0,2.75],"rotation":270,"texture":"#0"},"down":{"uv":[0,0,0,2.75],"rotation":90,"texture":"#0"}}},{"from":[9.1,-7,11],"to":[9.1,13,14],"rotation":{"angle":-22.5,"axis":"y","origin":[9.1,3,11]},"faces":{"north":{"uv":[0,0,0,2.5],"texture":"#0"},"east":{"uv":[2.5625,13.5,2.9375,16],"texture":"#0"},"south":{"uv":[0,0,0,2.5],"texture":"#0"},"west":{"uv":[2.9375,13.5,2.5625,16],"texture":"#0"},"up":{"uv":[0,1.5,0,0],"texture":"#0"},"down":{"uv":[0,1.5,0,0],"texture":"#0"}}},{"from":[9.1,-7,2],"to":[9.1,13,5],"rotation":{"angle":22.5,"axis":"y","origin":[9.1,3,5]},"faces":{"north":{"uv":[0,0,0,2.5],"texture":"#0"},"east":{"uv":[2.9375,13.5,2.5625,16],"texture":"#0"},"south":{"uv":[0,0,0,2.5],"texture":"#0"},"west":{"uv":[2.5625,13.5,2.9375,16],"texture":"#0"},"up":{"uv":[0,0,0,1.5],"texture":"#0"},"down":{"uv":[0,0,0,1.5],"texture":"#0"}}},{"from":[3.15,-7,2.65],"to":[8.15,13,2.65],"rotation":{"angle":-22.5,"axis":"y","origin":[9.1,3,2]},"faces":{"north":{"uv":[2.5625,13.5,1.9375,16],"texture":"#0"},"east":{"uv":[0,0,0,2.5],"texture":"#0"},"south":{"uv":[1.9375,13.5,2.5625,16],"texture":"#0"},"west":{"uv":[0,0,0,2.5],"texture":"#0"},"up":{"uv":[0,0,0,2.75],"rotation":270,"texture":"#0"},"down":{"uv":[0,0,0,2.75],"rotation":90,"texture":"#0"}}},{"from":[9.1,-7,5],"to":[9.1,13,11],"rotation":{"angle":0,"axis":"y","origin":[0.1,0,0]},"faces":{"north":{"uv":[0,0,0,2.5],"texture":"#0"},"east":{"uv":[3.6875,13.5,2.9375,16],"texture":"#0"},"south":{"uv":[0,0,0,2.5],"texture":"#0"},"west":{"uv":[2.9375,13.5,3.6875,16],"texture":"#0"},"up":{"uv":[0,0,0,1.5],"texture":"#0"},"down":{"uv":[0,0,0,1.5],"texture":"#0"}}},{"from":[7.5,8.20711,6.5],"to":[11.5,11.20711,9.5],"rotation":{"angle":-45,"axis":"x","origin":[8.5,9.70711,8]},"faces":{"north":{"uv":[2.25,0,1.75,0.375],"texture":"#0"},"east":{"uv":[1,0,0.625,0.375],"texture":"#0"},"south":{"uv":[1.5,0,1,0.375],"texture":"#0"},"west":{"uv":[0.625,0,1,0.375],"texture":"#0"},"up":{"uv":[1.5,0,1,0.375],"texture":"#0"},"down":{"uv":[2.25,0,1.75,0.375],"texture":"#0"}}},{"from":[8.5,7,6],"to":[10.5,12,11],"rotation":{"angle":-45,"axis":"x","origin":[8.5,9,8]},"faces":{"north":{"uv":[0,0.875,0.625,0.625],"rotation":90,"texture":"#0"},"east":{"uv":[0,0,0.625,0.625],"rotation":90,"texture":"#0"},"south":{"uv":[0,0.625,0.625,0.875],"rotation":90,"texture":"#0"},"west":{"uv":[0,0,0.625,0.625],"rotation":90,"texture":"#0"},"up":{"uv":[0.625,0.625,0,0.875],"rotation":90,"texture":"#0"},"down":{"uv":[0.625,0.625,0,0.875],"rotation":90,"texture":"#0"}}},{"from":[11.6,8.20711,6.5],"to":[11.6,11.20711,9.5],"rotation":{"angle":-45,"axis":"x","origin":[8.5,9.70711,8]},"faces":{"north":{"uv":[0,0,0,6],"texture":"#3"},"east":{"uv":[6,0,0,6],"texture":"#3"},"south":{"uv":[0,0,0,6],"texture":"#3"},"west":{"uv":[0,0,6,6],"texture":"#3"},"up":{"uv":[0,6,0,0],"texture":"#3"},"down":{"uv":[0,0,0,6],"texture":"#3"}}},{"from":[9.2,-4,-14],"to":[9.2,11,17],"rotation":{"angle":22.5,"axis":"x","origin":[0.2,34,36]},"faces":{"north":{"uv":[0,0,0,1.875],"texture":"#missing"},"east":{"uv":[0,11.5,3.875,13.375],"texture":"#0"},"south":{"uv":[0,0,0,1.875],"texture":"#missing"},"west":{"uv":[3.875,11.5,0,13.375],"texture":"#0"},"up":{"uv":[0,0,0,3.75],"texture":"#missing"},"down":{"uv":[0,0,0,3.75],"texture":"#missing"}}},{"from":[9,-4,-14],"to":[9,11,17],"rotation":{"angle":22.5,"axis":"x","origin":[0,34,36]},"faces":{"north":{"uv":[0,0,0,1.875],"texture":"#missing"},"east":{"uv":[0,11.5,3.875,13.375],"texture":"#0"},"south":{"uv":[0,0,0,1.875],"texture":"#missing"},"west":{"uv":[3.875,11.5,0,13.375],"texture":"#0"},"up":{"uv":[0,0,0,3.75],"texture":"#missing"},"down":{"uv":[0,0,0,3.75],"texture":"#missing"}}},{"from":[9.2,-4,-1],"to":[9.2,11,30],"rotation":{"angle":-22.5,"axis":"x","origin":[0.2,34,-20]},"faces":{"north":{"uv":[0,0,0,1.875],"texture":"#missing"},"east":{"uv":[3.875,11.5,0,13.375],"texture":"#0"},"south":{"uv":[0,0,0,1.875],"texture":"#missing"},"west":{"uv":[0,11.5,3.875,13.375],"texture":"#0"},"up":{"uv":[0,3.75,0,0],"texture":"#missing"},"down":{"uv":[0,3.75,0,0],"texture":"#missing"}}},{"from":[9,-4,-1],"to":[9,11,30],"rotation":{"angle":-22.5,"axis":"x","origin":[0,34,-20]},"faces":{"north":{"uv":[0,0,0,1.875],"texture":"#missing"},"east":{"uv":[3.875,11.5,0,13.375],"texture":"#0"},"south":{"uv":[0,0,0,1.875],"texture":"#missing"},"west":{"uv":[0,11.5,3.875,13.375],"texture":"#0"},"up":{"uv":[0,3.75,0,0],"texture":"#missing"},"down":{"uv":[0,3.75,0,0],"texture":"#missing"}}},{"from":[8.5,13,2.5],"to":[9.5,15.5,4],"rotation":{"angle":-22.5,"axis":"x","origin":[9,11.93432,4.56582]},"faces":{"north":{"uv":[1.375,1.5625,1.5,1.25],"texture":"#0"},"east":{"uv":[1.1875,1.5625,1.375,1.25],"texture":"#0"},"south":{"uv":[1.375,1.5625,1.5,1.25],"texture":"#0"},"west":{"uv":[1.375,1.5625,1.1875,1.25],"texture":"#0"},"up":{"uv":[0.75,1.375,0.625,1.5625],"texture":"#0"},"down":{"uv":[0.75,1.375,0.625,1.5625],"texture":"#0"}}},{"from":[8.25,10.00735,2.07281],"to":[9.75,14.00735,4.57281],"rotation":{"angle":-45,"axis":"x","origin":[9,11.93432,4.56582]},"faces":{"north":{"uv":[1.375,0.75,1.1875,1.25],"texture":"#0"},"east":{"uv":[1.1875,0.75,0.875,1.25],"texture":"#0"},"south":{"uv":[1.375,0.75,1.1875,1.25],"texture":"#0"},"west":{"uv":[1.1875,0.75,0.875,1.25],"texture":"#0"},"up":{"uv":[0.875,1.5625,1.0625,1.25],"texture":"#0"},"down":{"uv":[0.875,1.5625,1.0625,1.25],"texture":"#0"}}},{"from":[8,8.79846,4.16765],"to":[10,11.79846,9.16765],"rotation":{"angle":0,"axis":"y","origin":[9,11.93432,4.56582]},"faces":{"north":{"uv":[1.5,0.375,1.25,0.75],"texture":"#0"},"east":{"uv":[1.25,0.375,0.625,0.75],"texture":"#0"},"south":{"uv":[1.5,0.375,1.25,0.75],"texture":"#0"},"west":{"uv":[0.625,0.375,1.25,0.75],"texture":"#0"},"up":{"uv":[0.625,1.375,0.875,0.75],"texture":"#0"},"down":{"uv":[0.625,1.375,0.875,0.75],"texture":"#0"}}},{"from":[8.67173,10.94117,1.08803],"to":[10.67173,11.94117,2.08803],"rotation":{"angle":-45,"axis":"y","origin":[8.7,11.41644,1.85518]},"faces":{"north":{"uv":[1.25,2.125,1.5,2.25],"rotation":180,"texture":"#0"},"east":{"uv":[1.3125,2.5,1.1875,2.375],"rotation":90,"texture":"#0"},"south":{"uv":[1.25,2.125,1.5,2.25],"texture":"#0"},"west":{"uv":[1.3125,2.5,1.1875,2.375],"rotation":270,"texture":"#0"},"up":{"uv":[1.1875,2.25,1.4375,2.375],"rotation":180,"texture":"#0"},"down":{"uv":[1.1875,2.25,1.4375,2.375],"texture":"#0"}}},{"from":[8.15,10.69144,1.18018],"to":[9.85,12.19144,2.68018],"rotation":{"angle":-22.5,"axis":"x","origin":[9.3,11.41644,2.05518]},"faces":{"north":{"uv":[1.4375,1.5625,1.25,1.75],"rotation":180,"texture":"#0"},"east":{"uv":[1.4375,1.9375,1.25,2.125],"rotation":270,"texture":"#0"},"south":{"uv":[1.4375,1.5625,1.25,1.75],"texture":"#0"},"west":{"uv":[1.4375,1.9375,1.25,2.125],"rotation":90,"texture":"#0"},"up":{"uv":[1.4375,1.75,1.25,1.9375],"rotation":180,"texture":"#0"},"down":{"uv":[1.4375,1.75,1.25,1.9375],"texture":"#0"}}},{"from":[8.97173,9.14928,3.26956],"to":[10.97173,10.14928,4.26956],"rotation":{"angle":22.5,"axis":"z","origin":[9,9.91644,3.74482]},"faces":{"north":{"uv":[1.4375,2.25,1.1875,2.375],"texture":"#0"},"east":{"uv":[1.3125,2.375,1.1875,2.5],"texture":"#0"},"south":{"uv":[1.4375,2.25,1.1875,2.375],"texture":"#0"},"west":{"uv":[1.3125,2.375,1.1875,2.5],"texture":"#0"},"up":{"uv":[1.25,2.25,1.5,2.125],"texture":"#0"},"down":{"uv":[1.25,2.25,1.5,2.125],"texture":"#0"}}},{"from":[7.9,8.64144,3.01982],"to":[10.1,10.14144,4.51982],"rotation":{"angle":0,"axis":"y","origin":[9,9.91644,3.74482]},"faces":{"north":{"uv":[1.25,1.75,1.5,1.9375],"texture":"#0"},"east":{"uv":[1.25,1.9375,1.4375,2.125],"texture":"#0"},"south":{"uv":[1.25,1.75,1.5,1.9375],"texture":"#0"},"west":{"uv":[1.25,1.9375,1.4375,2.125],"texture":"#0"},"up":{"uv":[1.5,1.75,1.25,1.5625],"texture":"#0"},"down":{"uv":[1.5,1.75,1.25,1.5625],"texture":"#0"}}},{"from":[7.9,7.8,5.2],"to":[10.1,9.3,6.7],"rotation":{"angle":0,"axis":"y","origin":[8,9.2,8]},"faces":{"north":{"uv":[1.25,1.75,1.5,1.9375],"texture":"#0"},"east":{"uv":[1.25,1.9375,1.4375,2.125],"texture":"#0"},"south":{"uv":[1.25,1.75,1.5,1.9375],"texture":"#0"},"west":{"uv":[1.25,1.9375,1.4375,2.125],"texture":"#0"},"up":{"uv":[1.5,1.75,1.25,1.5625],"texture":"#0"},"down":{"uv":[1.5,1.75,1.25,1.5625],"texture":"#0"}}},{"from":[8.5,13,12],"to":[9.5,15.5,13.5],"rotation":{"angle":22.5,"axis":"x","origin":[9,11.93432,11.43418]},"faces":{"north":{"uv":[1.5,1.5625,1.375,1.25],"texture":"#0"},"east":{"uv":[1.375,1.5625,1.1875,1.25],"texture":"#0"},"south":{"uv":[1.5,1.5625,1.375,1.25],"texture":"#0"},"west":{"uv":[1.1875,1.5625,1.375,1.25],"texture":"#0"},"up":{"uv":[0.75,1.5625,0.625,1.375],"texture":"#0"},"down":{"uv":[0.75,1.5625,0.625,1.375],"texture":"#0"}}},{"from":[8.25,10.00735,11.42719],"to":[9.75,14.00735,13.92719],"rotation":{"angle":45,"axis":"x","origin":[9,11.93432,11.43418]},"faces":{"north":{"uv":[1.1875,0.75,1.375,1.25],"texture":"#0"},"east":{"uv":[0.875,0.75,1.1875,1.25],"texture":"#0"},"south":{"uv":[1.1875,0.75,1.375,1.25],"texture":"#0"},"west":{"uv":[0.875,0.75,1.1875,1.25],"texture":"#0"},"up":{"uv":[0.875,1.25,1.0625,1.5625],"texture":"#0"},"down":{"uv":[0.875,1.25,1.0625,1.5625],"texture":"#0"}}},{"from":[8,8.79846,6.83235],"to":[10,11.79846,11.83235],"rotation":{"angle":0,"axis":"y","origin":[9,11.93432,11.43418]},"faces":{"north":{"uv":[1.25,0.375,1.5,0.75],"texture":"#0"},"east":{"uv":[0.625,0.375,1.25,0.75],"texture":"#0"},"south":{"uv":[1.25,0.375,1.5,0.75],"texture":"#0"},"west":{"uv":[1.25,0.375,0.625,0.75],"texture":"#0"},"up":{"uv":[0.625,0.75,0.875,1.375],"texture":"#0"},"down":{"uv":[0.625,0.75,0.875,1.375],"texture":"#0"}}},{"from":[7.9,7.8,9.3],"to":[10.1,9.3,10.8],"rotation":{"angle":0,"axis":"y","origin":[8,9.2,8]},"faces":{"north":{"uv":[1.5,1.75,1.25,1.9375],"texture":"#0"},"east":{"uv":[1.4375,1.9375,1.25,2.125],"texture":"#0"},"south":{"uv":[1.5,1.75,1.25,1.9375],"texture":"#0"},"west":{"uv":[1.4375,1.9375,1.25,2.125],"texture":"#0"},"up":{"uv":[1.5,1.5625,1.25,1.75],"texture":"#0"},"down":{"uv":[1.5,1.5625,1.25,1.75],"texture":"#0"}}},{"from":[8.97173,9.14928,11.73044],"to":[10.97173,10.14928,12.73044],"rotation":{"angle":22.5,"axis":"z","origin":[9,9.91644,12.25518]},"faces":{"north":{"uv":[1.1875,2.25,1.4375,2.375],"texture":"#0"},"east":{"uv":[1.1875,2.375,1.3125,2.5],"texture":"#0"},"south":{"uv":[1.1875,2.25,1.4375,2.375],"texture":"#0"},"west":{"uv":[1.1875,2.375,1.3125,2.5],"texture":"#0"},"up":{"uv":[1.25,2.125,1.5,2.25],"texture":"#0"},"down":{"uv":[1.25,2.125,1.5,2.25],"texture":"#0"}}},{"from":[7.9,8.64144,11.48018],"to":[10.1,10.14144,12.98018],"rotation":{"angle":0,"axis":"y","origin":[9,9.91644,12.25518]},"faces":{"north":{"uv":[1.5,1.75,1.25,1.9375],"texture":"#0"},"east":{"uv":[1.4375,1.9375,1.25,2.125],"texture":"#0"},"south":{"uv":[1.5,1.75,1.25,1.9375],"texture":"#0"},"west":{"uv":[1.4375,1.9375,1.25,2.125],"texture":"#0"},"up":{"uv":[1.5,1.5625,1.25,1.75],"texture":"#0"},"down":{"uv":[1.5,1.5625,1.25,1.75],"texture":"#0"}}},{"from":[8.67173,10.94117,13.91197],"to":[10.67173,11.94117,14.91197],"rotation":{"angle":45,"axis":"y","origin":[8.7,11.41644,14.14482]},"faces":{"north":{"uv":[1.5,2.125,1.25,2.25],"texture":"#0"},"east":{"uv":[1.3125,2.375,1.1875,2.5],"rotation":90,"texture":"#0"},"south":{"uv":[1.5,2.125,1.25,2.25],"rotation":180,"texture":"#0"},"west":{"uv":[1.3125,2.375,1.1875,2.5],"rotation":270,"texture":"#0"},"up":{"uv":[1.1875,2.375,1.4375,2.25],"rotation":180,"texture":"#0"},"down":{"uv":[1.1875,2.375,1.4375,2.25],"texture":"#0"}}},{"from":[8.15,10.69144,13.31982],"to":[9.85,12.19144,14.81982],"rotation":{"angle":22.5,"axis":"x","origin":[9.3,11.41644,13.94482]},"faces":{"north":{"uv":[1.25,1.5625,1.4375,1.75],"texture":"#0"},"east":{"uv":[1.4375,2.125,1.25,1.9375],"rotation":270,"texture":"#0"},"south":{"uv":[1.25,1.5625,1.4375,1.75],"rotation":180,"texture":"#0"},"west":{"uv":[1.4375,2.125,1.25,1.9375],"rotation":90,"texture":"#0"},"up":{"uv":[1.4375,1.9375,1.25,1.75],"rotation":180,"texture":"#0"},"down":{"uv":[1.4375,1.9375,1.25,1.75],"texture":"#0"}}},{"from":[8.75,15.26976,13.77617],"to":[9.25,17.26976,14.27617],"rotation":{"angle":-22.5,"axis":"x","origin":[9,14.73843,13.40953]},"faces":{"north":{"uv":[2.5,1.25,2.4375,1],"texture":"#0"},"east":{"uv":[2.4375,1.25,2.375,1],"texture":"#0"},"south":{"uv":[2.5,1.25,2.4375,1],"texture":"#0"},"west":{"uv":[2.4375,1.25,2.375,1],"texture":"#0"},"up":{"uv":[1.4375,1.9375,1.5,2],"texture":"#0"},"down":{"uv":[1.4375,1.9375,1.5,2],"texture":"#0"}}},{"from":[8.6,13.29141,13.16538],"to":[9.4,16.29141,14.16538],"rotation":{"angle":0,"axis":"y","origin":[9,14.73843,13.40953]},"faces":{"north":{"uv":[2.125,1.625,2,1.25],"texture":"#0"},"east":{"uv":[2,1.625,1.875,1.25],"texture":"#0"},"south":{"uv":[2.125,1.625,2,1.25],"texture":"#0"},"west":{"uv":[2,1.625,1.875,1.25],"texture":"#0"},"up":{"uv":[2.375,0.875,2.5,1],"texture":"#0"},"down":{"uv":[2.375,0.875,2.5,1],"texture":"#0"}}},{"from":[8.6,13.29141,1.83462],"to":[9.4,16.29141,2.83462],"rotation":{"angle":0,"axis":"y","origin":[9,14.73843,2.59047]},"faces":{"north":{"uv":[2,1.625,2.125,1.25],"texture":"#0"},"east":{"uv":[1.875,1.625,2,1.25],"texture":"#0"},"south":{"uv":[2,1.625,2.125,1.25],"texture":"#0"},"west":{"uv":[1.875,1.625,2,1.25],"texture":"#0"},"up":{"uv":[2.375,1,2.5,0.875],"texture":"#0"},"down":{"uv":[2.375,1,2.5,0.875],"texture":"#0"}}},{"from":[8.75,15.26976,1.72383],"to":[9.25,17.26976,2.22383],"rotation":{"angle":22.5,"axis":"x","origin":[9,14.73843,2.59047]},"faces":{"north":{"uv":[2.4375,1.25,2.5,1],"texture":"#0"},"east":{"uv":[2.375,1.25,2.4375,1],"texture":"#0"},"south":{"uv":[2.4375,1.25,2.5,1],"texture":"#0"},"west":{"uv":[2.375,1.25,2.4375,1],"texture":"#0"},"up":{"uv":[1.4375,2,1.5,1.9375],"texture":"#0"},"down":{"uv":[1.4375,2,1.5,1.9375],"texture":"#0"}}},{"from":[12,6,3],"to":[12,14,13],"rotation":{"angle":0,"axis":"y","origin":[16,0,0]},"faces":{"north":{"uv":[0,0,0,7],"texture":"#2"},"east":{"uv":[10,0,0,8],"texture":"#2"},"south":{"uv":[0,0,0,7],"texture":"#2"},"west":{"uv":[0,0,10,8],"texture":"#2"},"up":{"uv":[0,10,0,0],"texture":"#2"},"down":{"uv":[0,0,0,10],"texture":"#2"}}},{"from":[8,16,-12],"to":[8,20,-5],"rotation":{"angle":22.5,"axis":"x","origin":[8,15,-5.5]},"faces":{"north":{"uv":[0,0,0,6],"texture":"#4"},"east":{"uv":[0,0,14,8],"texture":"#4"},"south":{"uv":[0,0,0,6],"texture":"#4"},"west":{"uv":[0,0,14,8],"texture":"#4"},"up":{"uv":[0,14,0,0],"texture":"#4"},"down":{"uv":[0,0,0,14],"texture":"#4"}}},{"from":[7.9,14,-12],"to":[7.9,17.5,-7],"rotation":{"angle":-22.5,"axis":"x","origin":[8,15,-5.5]},"faces":{"north":{"uv":[0,0,0,6],"texture":"#4"},"east":{"uv":[0,0,14,8],"texture":"#4"},"south":{"uv":[0,0,0,6],"texture":"#4"},"west":{"uv":[0,0,14,8],"texture":"#4"},"up":{"uv":[0,14,0,0],"texture":"#4"},"down":{"uv":[0,0,0,14],"texture":"#4"}}},{"from":[8,14.70678,22.85397],"to":[8,18.70678,29.85397],"rotation":{"angle":22.5,"axis":"x","origin":[8,16.70678,26.35397]},"faces":{"north":{"uv":[0,0,0,6],"texture":"#4"},"east":{"uv":[14,0,0,8],"texture":"#4"},"south":{"uv":[0,0,0,6],"texture":"#4"},"west":{"uv":[14,0,0,8],"texture":"#4"},"up":{"uv":[0,0,0,14],"texture":"#4"},"down":{"uv":[0,14,0,0],"texture":"#4"}}},{"from":[9.05,6.90852,14.91034],"to":[9.55,10.90852,15.91034],"rotation":{"angle":-45,"axis":"x","origin":[9.3,6.53179,15.74298]},"faces":{"north":{"uv":[2.75,0.8125,2.8125,0.3125],"texture":"#0"},"east":{"uv":[4.0625,0,3.5625,0.125],"rotation":90,"texture":"#0"},"south":{"uv":[2.75,0.8125,2.8125,0.3125],"rotation":180,"texture":"#0"},"west":{"uv":[4.0625,0,3.5625,0.125],"rotation":270,"texture":"#0"},"up":{"uv":[4.5,0,4.4375,0.125],"texture":"#0"},"down":{"uv":[4.5,0,4.4375,0.125],"rotation":180,"texture":"#0"}}},{"from":[8.5,9.90806,11.4444],"to":[9.5,10.90806,15.9444],"rotation":{"angle":22.5,"axis":"x","origin":[8,6.53179,15.74298]},"faces":{"north":{"uv":[2.375,0.875,2.5,0.75],"texture":"#0"},"east":{"uv":[2.5,0.125,3.0625,0],"texture":"#0"},"south":{"uv":[2.375,0.875,2.5,0.75],"texture":"#0"},"west":{"uv":[2.5,0.125,3.0625,0],"texture":"#0"},"up":{"uv":[2.625,0.125,2.5,0.6875],"texture":"#0"},"down":{"uv":[2.625,0.125,2.5,0.6875],"texture":"#0"}}},{"from":[9.05,6.3,11],"to":[9.55,10.3,12],"rotation":{"angle":-22.5,"axis":"x","origin":[9.3,6.53179,15.74298]},"faces":{"north":{"uv":[2.75,0.8125,2.8125,0.3125],"texture":"#0"},"east":{"uv":[3.5625,0.125,4.0625,0],"rotation":270,"texture":"#0"},"south":{"uv":[2.75,0.8125,2.8125,0.3125],"rotation":180,"texture":"#0"},"west":{"uv":[3.5625,0.125,4.0625,0],"rotation":90,"texture":"#0"},"up":{"uv":[4.5,0,4.4375,0.125],"texture":"#0"},"down":{"uv":[4.5,0,4.4375,0.125],"rotation":180,"texture":"#0"}}},{"from":[8.5,9.90806,0.0556],"to":[9.5,10.90806,4.5556],"rotation":{"angle":-22.5,"axis":"x","origin":[8,6.53179,0.25702]},"faces":{"north":{"uv":[2.5,0.875,2.375,0.75],"texture":"#0"},"east":{"uv":[3.0625,0.125,2.5,0],"texture":"#0"},"south":{"uv":[2.5,0.875,2.375,0.75],"texture":"#0"},"west":{"uv":[3.0625,0.125,2.5,0],"texture":"#0"},"up":{"uv":[2.625,0.6875,2.5,0.125],"texture":"#0"},"down":{"uv":[2.625,0.6875,2.5,0.125],"texture":"#0"}}},{"from":[9.05,6.90852,0.08966],"to":[9.55,10.90852,1.08966],"rotation":{"angle":45,"axis":"x","origin":[9.3,6.53179,0.25702]},"faces":{"north":{"uv":[2.8125,0.8125,2.75,0.3125],"rotation":180,"texture":"#0"},"east":{"uv":[4.0625,0.125,3.5625,0],"rotation":90,"texture":"#0"},"south":{"uv":[2.8125,0.8125,2.75,0.3125],"texture":"#0"},"west":{"uv":[4.0625,0.125,3.5625,0],"rotation":270,"texture":"#0"},"up":{"uv":[4.5,0.125,4.4375,0],"texture":"#0"},"down":{"uv":[4.5,0.125,4.4375,0],"rotation":180,"texture":"#0"}}},{"from":[9.05,6.3,4],"to":[9.55,10.3,5],"rotation":{"angle":22.5,"axis":"x","origin":[9.3,6.53179,0.25702]},"faces":{"north":{"uv":[2.8125,0.8125,2.75,0.3125],"rotation":180,"texture":"#0"},"east":{"uv":[3.5625,0,4.0625,0.125],"rotation":270,"texture":"#0"},"south":{"uv":[2.8125,0.8125,2.75,0.3125],"texture":"#0"},"west":{"uv":[3.5625,0,4.0625,0.125],"rotation":90,"texture":"#0"},"up":{"uv":[4.5,0.125,4.4375,0],"texture":"#0"},"down":{"uv":[4.5,0.125,4.4375,0],"rotation":180,"texture":"#0"}}}],"gui_light":"front","display":{"thirdperson_righthand":{"rotation":[67.5,90,0],"translation":[0,0,-0.25],"scale":[0.41992,0.41992,0.41992]},"thirdperson_lefthand":{"rotation":[67.5,90,0],"translation":[-6,-5.5,7.75]},"firstperson_righthand":{"rotation":[0,90,0],"translation":[2.5,3.25,0],"scale":[0.30898,0.30898,0.30898]},"firstperson_lefthand":{"scale":[0,0,0]},"ground":{"translation":[0,13,0],"scale":[0.6,0.6,0.6]},"gui":{"rotation":[-90,-90,-90],"translation":[0,-0.5,-1.5],"scale":[0.26172,0.26172,0.26172]},"head":{"scale":[0,0,0]},"fixed":{"rotation":[0,-90,0],"translation":[0,2.25,-7.75],"scale":[2.2,2.2,2.2]}},"groups":[{"name":"group","origin":[8,0.70711,8],"color":0,"children":[]},{"name":"group","origin":[8,0.70711,8],"color":0,"children":[]},0,1,2,3,4,5,6,7,8,9,{"name":"group","origin":[8,22.21081,6.96724],"color":0,"children":[]},{"name":"group","origin":[11,7.70711,8],"color":0,"children":[10,11,12,13,14,15,16]},17,18,19,20,21,22,23,24,25,26,27,28,29,30,31,32,33,34,35,36,37,38,39,40,41,42,43,44,45,46],"mcmodels":"189a334a44333733ab167318ccb1a467"}