{
	"credit": "Made with Blockbench",
	"texture_size": [64, 64],
	"textures": {
		"0": "item/Straw_hat",
		"particle": "item/Straw_hat"
	},
	"elements": [
		{
			"from": [3, 10, 3],
			"to": [13, 11, 13],
			"rotation": {"angle": 0, "axis": "y", "origin": [3, 10, 3]},
			"faces": {
				"north": {"uv": [4.5, 7.5, 7, 7.75], "texture": "#0"},
				"east": {"uv": [7, 7.5, 9.5, 7.75], "texture": "#0"},
				"south": {"uv": [4.5, 7.75, 7, 8], "texture": "#0"},
				"west": {"uv": [7, 7.75, 9.5, 8], "texture": "#0"},
				"up": {"uv": [6, 2.5, 3.5, 0], "texture": "#0"},
				"down": {"uv": [6, 2.5, 3.5, 5], "texture": "#0"}
			}
		},
		{
			"from": [0.07612, 10.38268, 1],
			"to": [1.07612, 10.38268, 2],
			"rotation": {"angle": -22.5, "axis": "z", "origin": [0.07612, 10.38268, 3]},
			"faces": {
				"north": {"uv": [0, 0, 0.25, 0], "texture": "#0"},
				"east": {"uv": [0, 0, 0.25, 0], "texture": "#0"},
				"south": {"uv": [0, 0, 0.25, 0], "texture": "#0"},
				"west": {"uv": [0, 0, 0.25, 0], "texture": "#0"},
				"up": {"uv": [2.5, 7.25, 2.25, 7], "texture": "#0"},
				"down": {"uv": [2.75, 7, 2.5, 7.25], "texture": "#0"}
			}
		},
		{
			"from": [-0.84776, 10.76537, 1],
			"to": [0.15224, 10.76537, 2],
			"rotation": {"angle": -22.5, "axis": "z", "origin": [-0.84776, 10.76537, 3]},
			"faces": {
				"north": {"uv": [0, 0, 0.25, 0], "texture": "#0"},
				"east": {"uv": [0, 0, 0.25, 0], "texture": "#0"},
				"south": {"uv": [0, 0, 0.25, 0], "texture": "#0"},
				"west": {"uv": [0, 0, 0.25, 0], "texture": "#0"},
				"up": {"uv": [9, 7.25, 8.75, 7], "texture": "#0"},
				"down": {"uv": [7.5, 8.75, 7.25, 9], "texture": "#0"}
			}
		},
		{
			"from": [0.07612, 10.38268, 3],
			"to": [1.07612, 10.38268, 4],
			"rotation": {"angle": -22.5, "axis": "z", "origin": [0.07612, 10.38268, 5]},
			"faces": {
				"north": {"uv": [0, 0, 0.25, 0], "texture": "#0"},
				"east": {"uv": [0, 0, 0.25, 0], "texture": "#0"},
				"south": {"uv": [0, 0, 0.25, 0], "texture": "#0"},
				"west": {"uv": [0, 0, 0.25, 0], "texture": "#0"},
				"up": {"uv": [3, 7.25, 2.75, 7], "texture": "#0"},
				"down": {"uv": [3.25, 7, 3, 7.25], "texture": "#0"}
			}
		},
		{
			"from": [0.07612, 10.38268, 4],
			"to": [1.07612, 10.38268, 5],
			"rotation": {"angle": -22.5, "axis": "z", "origin": [0.07612, 10.38268, 6]},
			"faces": {
				"north": {"uv": [0, 0, 0.25, 0], "texture": "#0"},
				"east": {"uv": [0, 0, 0.25, 0], "texture": "#0"},
				"south": {"uv": [0, 0, 0.25, 0], "texture": "#0"},
				"west": {"uv": [0, 0, 0.25, 0], "texture": "#0"},
				"up": {"uv": [3.5, 7.25, 3.25, 7], "texture": "#0"},
				"down": {"uv": [2.5, 7.25, 2.25, 7.5], "texture": "#0"}
			}
		},
		{
			"from": [0.07612, 10.38268, 6],
			"to": [1.07612, 10.38268, 7],
			"rotation": {"angle": -22.5, "axis": "z", "origin": [0.07612, 10.38268, 8]},
			"faces": {
				"north": {"uv": [0, 0, 0.25, 0], "texture": "#0"},
				"east": {"uv": [0, 0, 0.25, 0], "texture": "#0"},
				"south": {"uv": [0, 0, 0.25, 0], "texture": "#0"},
				"west": {"uv": [0, 0, 0.25, 0], "texture": "#0"},
				"up": {"uv": [2.75, 7.5, 2.5, 7.25], "texture": "#0"},
				"down": {"uv": [3, 7.25, 2.75, 7.5], "texture": "#0"}
			}
		},
		{
			"from": [0.07612, 10.38268, 8],
			"to": [1.07612, 10.38268, 9],
			"rotation": {"angle": -22.5, "axis": "z", "origin": [0.07612, 10.38268, 10]},
			"faces": {
				"north": {"uv": [0, 0, 0.25, 0], "texture": "#0"},
				"east": {"uv": [0, 0, 0.25, 0], "texture": "#0"},
				"south": {"uv": [0, 0, 0.25, 0], "texture": "#0"},
				"west": {"uv": [0, 0, 0.25, 0], "texture": "#0"},
				"up": {"uv": [3.25, 7.5, 3, 7.25], "texture": "#0"},
				"down": {"uv": [3.5, 7.25, 3.25, 7.5], "texture": "#0"}
			}
		},
		{
			"from": [-0.84776, 10.76537, 8],
			"to": [0.15224, 10.76537, 9],
			"rotation": {"angle": -22.5, "axis": "z", "origin": [-0.84776, 10.76537, 10]},
			"faces": {
				"north": {"uv": [0, 0, 0.25, 0], "texture": "#0"},
				"east": {"uv": [0, 0, 0.25, 0], "texture": "#0"},
				"south": {"uv": [0, 0, 0.25, 0], "texture": "#0"},
				"west": {"uv": [0, 0, 0.25, 0], "texture": "#0"},
				"up": {"uv": [9, 7.5, 8.75, 7.25], "texture": "#0"},
				"down": {"uv": [7.75, 8.75, 7.5, 9], "texture": "#0"}
			}
		},
		{
			"from": [0.07612, 10.38268, 9],
			"to": [1.07612, 10.38268, 10],
			"rotation": {"angle": -22.5, "axis": "z", "origin": [0.07612, 10.38268, 11]},
			"faces": {
				"north": {"uv": [0, 0, 0.25, 0], "texture": "#0"},
				"east": {"uv": [0, 0, 0.25, 0], "texture": "#0"},
				"south": {"uv": [0, 0, 0.25, 0], "texture": "#0"},
				"west": {"uv": [0, 0, 0.25, 0], "texture": "#0"},
				"up": {"uv": [8.75, 2.25, 8.5, 2], "texture": "#0"},
				"down": {"uv": [8.75, 2.25, 8.5, 2.5], "texture": "#0"}
			}
		},
		{
			"from": [0.07612, 10.38268, 11],
			"to": [1.07612, 10.38268, 12],
			"rotation": {"angle": -22.5, "axis": "z", "origin": [0.07612, 10.38268, 13]},
			"faces": {
				"north": {"uv": [0, 0, 0.25, 0], "texture": "#0"},
				"east": {"uv": [0, 0, 0.25, 0], "texture": "#0"},
				"south": {"uv": [0, 0, 0.25, 0], "texture": "#0"},
				"west": {"uv": [0, 0, 0.25, 0], "texture": "#0"},
				"up": {"uv": [8.75, 2.75, 8.5, 2.5], "texture": "#0"},
				"down": {"uv": [8.75, 2.75, 8.5, 3], "texture": "#0"}
			}
		},
		{
			"from": [-0.84776, 10.76537, 11],
			"to": [0.15224, 10.76537, 12],
			"rotation": {"angle": -22.5, "axis": "z", "origin": [-0.84776, 10.76537, 13]},
			"faces": {
				"north": {"uv": [0, 0, 0.25, 0], "texture": "#0"},
				"east": {"uv": [0, 0, 0.25, 0], "texture": "#0"},
				"south": {"uv": [0, 0, 0.25, 0], "texture": "#0"},
				"west": {"uv": [0, 0, 0.25, 0], "texture": "#0"},
				"up": {"uv": [8, 9, 7.75, 8.75], "texture": "#0"},
				"down": {"uv": [8.25, 8.75, 8, 9], "texture": "#0"}
			}
		},
		{
			"from": [0.07612, 10.38268, 13],
			"to": [1.07612, 10.38268, 14],
			"rotation": {"angle": -22.5, "axis": "z", "origin": [0.07612, 10.38268, 15]},
			"faces": {
				"north": {"uv": [0, 0, 0.25, 0], "texture": "#0"},
				"east": {"uv": [0, 0, 0.25, 0], "texture": "#0"},
				"south": {"uv": [0, 0, 0.25, 0], "texture": "#0"},
				"west": {"uv": [0, 0, 0.25, 0], "texture": "#0"},
				"up": {"uv": [8.75, 3.25, 8.5, 3], "texture": "#0"},
				"down": {"uv": [8.75, 3.25, 8.5, 3.5], "texture": "#0"}
			}
		},
		{
			"from": [0.07612, 10.38268, 14],
			"to": [1.07612, 10.38268, 15],
			"rotation": {"angle": -22.5, "axis": "z", "origin": [0.07612, 10.38268, 16]},
			"faces": {
				"north": {"uv": [0, 0, 0.25, 0], "texture": "#0"},
				"east": {"uv": [0, 0, 0.25, 0], "texture": "#0"},
				"south": {"uv": [0, 0, 0.25, 0], "texture": "#0"},
				"west": {"uv": [0, 0, 0.25, 0], "texture": "#0"},
				"up": {"uv": [8.75, 3.75, 8.5, 3.5], "texture": "#0"},
				"down": {"uv": [8.75, 3.75, 8.5, 4], "texture": "#0"}
			}
		},
		{
			"from": [-0.84776, 10.76537, 14],
			"to": [0.15224, 10.76537, 15],
			"rotation": {"angle": -22.5, "axis": "z", "origin": [-0.84776, 10.76537, 16]},
			"faces": {
				"north": {"uv": [0, 0, 0.25, 0], "texture": "#0"},
				"east": {"uv": [0, 0, 0.25, 0], "texture": "#0"},
				"south": {"uv": [0, 0, 0.25, 0], "texture": "#0"},
				"west": {"uv": [0, 0, 0.25, 0], "texture": "#0"},
				"up": {"uv": [8.5, 9, 8.25, 8.75], "texture": "#0"},
				"down": {"uv": [8.75, 8.75, 8.5, 9], "texture": "#0"}
			}
		},
		{
			"from": [1, 10.38268, 14.92388],
			"to": [2, 10.38268, 15.92388],
			"rotation": {"angle": -22.5, "axis": "x", "origin": [3, 10.38268, 15.92388]},
			"faces": {
				"north": {"uv": [0, 0, 0.25, 0], "texture": "#0"},
				"east": {"uv": [0, 0, 0.25, 0], "texture": "#0"},
				"south": {"uv": [0, 0, 0.25, 0], "texture": "#0"},
				"west": {"uv": [0, 0, 0.25, 0], "texture": "#0"},
				"up": {"uv": [8.75, 4.25, 8.5, 4], "texture": "#0"},
				"down": {"uv": [8.75, 4.25, 8.5, 4.5], "texture": "#0"}
			}
		},
		{
			"from": [3, 10.38268, 14.92388],
			"to": [4, 10.38268, 15.92388],
			"rotation": {"angle": -22.5, "axis": "x", "origin": [5, 10.38268, 15.92388]},
			"faces": {
				"north": {"uv": [0, 0, 0.25, 0], "texture": "#0"},
				"east": {"uv": [0, 0, 0.25, 0], "texture": "#0"},
				"south": {"uv": [0, 0, 0.25, 0], "texture": "#0"},
				"west": {"uv": [0, 0, 0.25, 0], "texture": "#0"},
				"up": {"uv": [4.75, 8.75, 4.5, 8.5], "texture": "#0"},
				"down": {"uv": [8.75, 4.5, 8.5, 4.75], "texture": "#0"}
			}
		},
		{
			"from": [3, 10.76537, 15.84776],
			"to": [4, 10.76537, 16.84776],
			"rotation": {"angle": -22.5, "axis": "x", "origin": [5, 10.76537, 16.84776]},
			"faces": {
				"north": {"uv": [0, 0, 0.25, 0], "texture": "#0"},
				"east": {"uv": [0, 0, 0.25, 0], "texture": "#0"},
				"south": {"uv": [0, 0, 0.25, 0], "texture": "#0"},
				"west": {"uv": [0, 0, 0.25, 0], "texture": "#0"},
				"up": {"uv": [9, 6.5, 8.75, 6.25], "texture": "#0"},
				"down": {"uv": [6.75, 8.75, 6.5, 9], "texture": "#0"}
			}
		},
		{
			"from": [4, 10.38268, 14.92388],
			"to": [5, 10.38268, 15.92388],
			"rotation": {"angle": -22.5, "axis": "x", "origin": [6, 10.38268, 15.92388]},
			"faces": {
				"north": {"uv": [0, 0, 0.25, 0], "texture": "#0"},
				"east": {"uv": [0, 0, 0.25, 0], "texture": "#0"},
				"south": {"uv": [0, 0, 0.25, 0], "texture": "#0"},
				"west": {"uv": [0, 0, 0.25, 0], "texture": "#0"},
				"up": {"uv": [5, 8.75, 4.75, 8.5], "texture": "#0"},
				"down": {"uv": [8.75, 4.75, 8.5, 5], "texture": "#0"}
			}
		},
		{
			"from": [6, 10.38268, 14.92388],
			"to": [7, 10.38268, 15.92388],
			"rotation": {"angle": -22.5, "axis": "x", "origin": [8, 10.38268, 15.92388]},
			"faces": {
				"north": {"uv": [0, 0, 0.25, 0], "texture": "#0"},
				"east": {"uv": [0, 0, 0.25, 0], "texture": "#0"},
				"south": {"uv": [0, 0, 0.25, 0], "texture": "#0"},
				"west": {"uv": [0, 0, 0.25, 0], "texture": "#0"},
				"up": {"uv": [5.25, 8.75, 5, 8.5], "texture": "#0"},
				"down": {"uv": [8.75, 5, 8.5, 5.25], "texture": "#0"}
			}
		},
		{
			"from": [7, 10.38268, 14.92388],
			"to": [8, 10.38268, 15.92388],
			"rotation": {"angle": -22.5, "axis": "x", "origin": [9, 10.38268, 15.92388]},
			"faces": {
				"north": {"uv": [0, 0, 0.25, 0], "texture": "#0"},
				"east": {"uv": [0, 0, 0.25, 0], "texture": "#0"},
				"south": {"uv": [0, 0, 0.25, 0], "texture": "#0"},
				"west": {"uv": [0, 0, 0.25, 0], "texture": "#0"},
				"up": {"uv": [5.5, 8.75, 5.25, 8.5], "texture": "#0"},
				"down": {"uv": [8.75, 5.25, 8.5, 5.5], "texture": "#0"}
			}
		},
		{
			"from": [7, 10.76537, 15.84776],
			"to": [8, 10.76537, 16.84776],
			"rotation": {"angle": -22.5, "axis": "x", "origin": [9, 10.76537, 16.84776]},
			"faces": {
				"north": {"uv": [0, 0, 0.25, 0], "texture": "#0"},
				"east": {"uv": [0, 0, 0.25, 0], "texture": "#0"},
				"south": {"uv": [0, 0, 0.25, 0], "texture": "#0"},
				"west": {"uv": [0, 0, 0.25, 0], "texture": "#0"},
				"up": {"uv": [9, 6.25, 8.75, 6], "texture": "#0"},
				"down": {"uv": [6.5, 8.75, 6.25, 9], "texture": "#0"}
			}
		},
		{
			"from": [9, 10.38268, 14.92388],
			"to": [10, 10.38268, 15.92388],
			"rotation": {"angle": -22.5, "axis": "x", "origin": [11, 10.38268, 15.92388]},
			"faces": {
				"north": {"uv": [0, 0, 0.25, 0], "texture": "#0"},
				"east": {"uv": [0, 0, 0.25, 0], "texture": "#0"},
				"south": {"uv": [0, 0, 0.25, 0], "texture": "#0"},
				"west": {"uv": [0, 0, 0.25, 0], "texture": "#0"},
				"up": {"uv": [5.75, 8.75, 5.5, 8.5], "texture": "#0"},
				"down": {"uv": [8.75, 5.5, 8.5, 5.75], "texture": "#0"}
			}
		},
		{
			"from": [12, 10.38268, 14.92388],
			"to": [13, 10.38268, 15.92388],
			"rotation": {"angle": -22.5, "axis": "x", "origin": [14, 10.38268, 15.92388]},
			"faces": {
				"north": {"uv": [0, 0, 0.25, 0], "texture": "#0"},
				"east": {"uv": [0, 0, 0.25, 0], "texture": "#0"},
				"south": {"uv": [0, 0, 0.25, 0], "texture": "#0"},
				"west": {"uv": [0, 0, 0.25, 0], "texture": "#0"},
				"up": {"uv": [6, 8.75, 5.75, 8.5], "texture": "#0"},
				"down": {"uv": [8.75, 5.75, 8.5, 6], "texture": "#0"}
			}
		},
		{
			"from": [13, 10.38268, 14.92388],
			"to": [14, 10.38268, 15.92388],
			"rotation": {"angle": -22.5, "axis": "x", "origin": [15, 10.38268, 15.92388]},
			"faces": {
				"north": {"uv": [0, 0, 0.25, 0], "texture": "#0"},
				"east": {"uv": [0, 0, 0.25, 0], "texture": "#0"},
				"south": {"uv": [0, 0, 0.25, 0], "texture": "#0"},
				"west": {"uv": [0, 0, 0.25, 0], "texture": "#0"},
				"up": {"uv": [6.25, 8.75, 6, 8.5], "texture": "#0"},
				"down": {"uv": [8.75, 6, 8.5, 6.25], "texture": "#0"}
			}
		},
		{
			"from": [13, 10.76537, 15.84776],
			"to": [14, 10.76537, 16.84776],
			"rotation": {"angle": -22.5, "axis": "x", "origin": [15, 10.76537, 16.84776]},
			"faces": {
				"north": {"uv": [0, 0, 0.25, 0], "texture": "#0"},
				"east": {"uv": [0, 0, 0.25, 0], "texture": "#0"},
				"south": {"uv": [0, 0, 0.25, 0], "texture": "#0"},
				"west": {"uv": [0, 0, 0.25, 0], "texture": "#0"},
				"up": {"uv": [9, 6, 8.75, 5.75], "texture": "#0"},
				"down": {"uv": [6.25, 8.75, 6, 9], "texture": "#0"}
			}
		},
		{
			"from": [14.84776, 10.76537, 14],
			"to": [15.84776, 10.76537, 15],
			"rotation": {"angle": 22.5, "axis": "z", "origin": [16.84776, 10.76537, 15]},
			"faces": {
				"north": {"uv": [0, 0, 0.25, 0], "texture": "#0"},
				"east": {"uv": [0, 0, 0.25, 0], "texture": "#0"},
				"south": {"uv": [0, 0, 0.25, 0], "texture": "#0"},
				"west": {"uv": [0, 0, 0.25, 0], "texture": "#0"},
				"up": {"uv": [6.5, 8.75, 6.25, 8.5], "texture": "#0"},
				"down": {"uv": [8.75, 6.25, 8.5, 6.5], "texture": "#0"}
			}
		},
		{
			"from": [14.84776, 10.76537, 13],
			"to": [15.84776, 10.76537, 14],
			"rotation": {"angle": 22.5, "axis": "z", "origin": [16.84776, 10.76537, 14]},
			"faces": {
				"north": {"uv": [0, 0, 0.25, 0], "texture": "#0"},
				"east": {"uv": [0, 0, 0.25, 0], "texture": "#0"},
				"south": {"uv": [0, 0, 0.25, 0], "texture": "#0"},
				"west": {"uv": [0, 0, 0.25, 0], "texture": "#0"},
				"up": {"uv": [6.75, 8.75, 6.5, 8.5], "texture": "#0"},
				"down": {"uv": [8.75, 6.5, 8.5, 6.75], "texture": "#0"}
			}
		},
		{
			"from": [14.84776, 10.76537, 11],
			"to": [15.84776, 10.76537, 12],
			"rotation": {"angle": 22.5, "axis": "z", "origin": [16.84776, 10.76537, 12]},
			"faces": {
				"north": {"uv": [0, 0, 0.25, 0], "texture": "#0"},
				"east": {"uv": [0, 0, 0.25, 0], "texture": "#0"},
				"south": {"uv": [0, 0, 0.25, 0], "texture": "#0"},
				"west": {"uv": [0, 0, 0.25, 0], "texture": "#0"},
				"up": {"uv": [7, 8.75, 6.75, 8.5], "texture": "#0"},
				"down": {"uv": [8.75, 6.75, 8.5, 7], "texture": "#0"}
			}
		},
		{
			"from": [14.84776, 10.76537, 9],
			"to": [15.84776, 10.76537, 10],
			"rotation": {"angle": 22.5, "axis": "z", "origin": [16.84776, 10.76537, 10]},
			"faces": {
				"north": {"uv": [0, 0, 0.25, 0], "texture": "#0"},
				"east": {"uv": [0, 0, 0.25, 0], "texture": "#0"},
				"south": {"uv": [0, 0, 0.25, 0], "texture": "#0"},
				"west": {"uv": [0, 0, 0.25, 0], "texture": "#0"},
				"up": {"uv": [7.25, 8.75, 7, 8.5], "texture": "#0"},
				"down": {"uv": [8.75, 7, 8.5, 7.25], "texture": "#0"}
			}
		},
		{
			"from": [14.84776, 10.76537, 6],
			"to": [15.84776, 10.76537, 7],
			"rotation": {"angle": 22.5, "axis": "z", "origin": [16.84776, 10.76537, 7]},
			"faces": {
				"north": {"uv": [0, 0, 0.25, 0], "texture": "#0"},
				"east": {"uv": [0, 0, 0.25, 0], "texture": "#0"},
				"south": {"uv": [0, 0, 0.25, 0], "texture": "#0"},
				"west": {"uv": [0, 0, 0.25, 0], "texture": "#0"},
				"up": {"uv": [7.5, 8.75, 7.25, 8.5], "texture": "#0"},
				"down": {"uv": [8.75, 7.25, 8.5, 7.5], "texture": "#0"}
			}
		},
		{
			"from": [15.77164, 11.14805, 6],
			"to": [16.77164, 11.14805, 7],
			"rotation": {"angle": 22.5, "axis": "z", "origin": [17.77164, 11.14805, 7]},
			"faces": {
				"north": {"uv": [0, 0, 0.25, 0], "texture": "#0"},
				"east": {"uv": [0, 0, 0.25, 0], "texture": "#0"},
				"south": {"uv": [0, 0, 0.25, 0], "texture": "#0"},
				"west": {"uv": [0, 0, 0.25, 0], "texture": "#0"},
				"up": {"uv": [9, 5.75, 8.75, 5.5], "texture": "#0"},
				"down": {"uv": [6, 8.75, 5.75, 9], "texture": "#0"}
			}
		},
		{
			"from": [14.84776, 10.76537, 5],
			"to": [15.84776, 10.76537, 6],
			"rotation": {"angle": 22.5, "axis": "z", "origin": [16.84776, 10.76537, 6]},
			"faces": {
				"north": {"uv": [0, 0, 0.25, 0], "texture": "#0"},
				"east": {"uv": [0, 0, 0.25, 0], "texture": "#0"},
				"south": {"uv": [0, 0, 0.25, 0], "texture": "#0"},
				"west": {"uv": [0, 0, 0.25, 0], "texture": "#0"},
				"up": {"uv": [7.75, 8.75, 7.5, 8.5], "texture": "#0"},
				"down": {"uv": [8, 8.5, 7.75, 8.75], "texture": "#0"}
			}
		},
		{
			"from": [14.84776, 10.76537, 3],
			"to": [15.84776, 10.76537, 4],
			"rotation": {"angle": 22.5, "axis": "z", "origin": [16.84776, 10.76537, 4]},
			"faces": {
				"north": {"uv": [0, 0, 0.25, 0], "texture": "#0"},
				"east": {"uv": [0, 0, 0.25, 0], "texture": "#0"},
				"south": {"uv": [0, 0, 0.25, 0], "texture": "#0"},
				"west": {"uv": [0, 0, 0.25, 0], "texture": "#0"},
				"up": {"uv": [8.25, 8.75, 8, 8.5], "texture": "#0"},
				"down": {"uv": [8.5, 8.5, 8.25, 8.75], "texture": "#0"}
			}
		},
		{
			"from": [14.84776, 10.76537, 2],
			"to": [15.84776, 10.76537, 3],
			"rotation": {"angle": 22.5, "axis": "z", "origin": [16.84776, 10.76537, 3]},
			"faces": {
				"north": {"uv": [0, 0, 0.25, 0], "texture": "#0"},
				"east": {"uv": [0, 0, 0.25, 0], "texture": "#0"},
				"south": {"uv": [0, 0, 0.25, 0], "texture": "#0"},
				"west": {"uv": [0, 0, 0.25, 0], "texture": "#0"},
				"up": {"uv": [8.75, 8.75, 8.5, 8.5], "texture": "#0"},
				"down": {"uv": [9, 2, 8.75, 2.25], "texture": "#0"}
			}
		},
		{
			"from": [15.77164, 11.14805, 2],
			"to": [16.77164, 11.14805, 3],
			"rotation": {"angle": 22.5, "axis": "z", "origin": [17.77164, 11.14805, 3]},
			"faces": {
				"north": {"uv": [0, 0, 0.25, 0], "texture": "#0"},
				"east": {"uv": [0, 0, 0.25, 0], "texture": "#0"},
				"south": {"uv": [0, 0, 0.25, 0], "texture": "#0"},
				"west": {"uv": [0, 0, 0.25, 0], "texture": "#0"},
				"up": {"uv": [9, 5.5, 8.75, 5.25], "texture": "#0"},
				"down": {"uv": [5.75, 8.75, 5.5, 9], "texture": "#0"}
			}
		},
		{
			"from": [14, 10, 0],
			"to": [15, 10, 1],
			"rotation": {"angle": 22.5, "axis": "x", "origin": [16, 10, 1]},
			"faces": {
				"north": {"uv": [0, 0, 0.25, 0], "texture": "#0"},
				"east": {"uv": [0, 0, 0.25, 0], "texture": "#0"},
				"south": {"uv": [0, 0, 0.25, 0], "texture": "#0"},
				"west": {"uv": [0, 0, 0.25, 0], "texture": "#0"},
				"up": {"uv": [9, 2.5, 8.75, 2.25], "texture": "#0"},
				"down": {"uv": [9, 2.5, 8.75, 2.75], "texture": "#0"}
			}
		},
		{
			"from": [12, 10, 0],
			"to": [13, 10, 1],
			"rotation": {"angle": 22.5, "axis": "x", "origin": [14, 10, 1]},
			"faces": {
				"north": {"uv": [0, 0, 0.25, 0], "texture": "#0"},
				"east": {"uv": [0, 0, 0.25, 0], "texture": "#0"},
				"south": {"uv": [0, 0, 0.25, 0], "texture": "#0"},
				"west": {"uv": [0, 0, 0.25, 0], "texture": "#0"},
				"up": {"uv": [9, 3, 8.75, 2.75], "texture": "#0"},
				"down": {"uv": [9, 3, 8.75, 3.25], "texture": "#0"}
			}
		},
		{
			"from": [11, 10, 0],
			"to": [12, 10, 1],
			"rotation": {"angle": 22.5, "axis": "x", "origin": [13, 10, 1]},
			"faces": {
				"north": {"uv": [0, 0, 0.25, 0], "texture": "#0"},
				"east": {"uv": [0, 0, 0.25, 0], "texture": "#0"},
				"south": {"uv": [0, 0, 0.25, 0], "texture": "#0"},
				"west": {"uv": [0, 0, 0.25, 0], "texture": "#0"},
				"up": {"uv": [9, 3.5, 8.75, 3.25], "texture": "#0"},
				"down": {"uv": [9, 3.5, 8.75, 3.75], "texture": "#0"}
			}
		},
		{
			"from": [11, 10.38268, -0.92388],
			"to": [12, 10.38268, 0.07612],
			"rotation": {"angle": 22.5, "axis": "x", "origin": [13, 10.38268, 0.07612]},
			"faces": {
				"north": {"uv": [0, 0, 0.25, 0], "texture": "#0"},
				"east": {"uv": [0, 0, 0.25, 0], "texture": "#0"},
				"south": {"uv": [0, 0, 0.25, 0], "texture": "#0"},
				"west": {"uv": [0, 0, 0.25, 0], "texture": "#0"},
				"up": {"uv": [9, 6.75, 8.75, 6.5], "texture": "#0"},
				"down": {"uv": [7, 8.75, 6.75, 9], "texture": "#0"}
			}
		},
		{
			"from": [8, 10, 0],
			"to": [9, 10, 1],
			"rotation": {"angle": 22.5, "axis": "x", "origin": [10, 10, 1]},
			"faces": {
				"north": {"uv": [0, 0, 0.25, 0], "texture": "#0"},
				"east": {"uv": [0, 0, 0.25, 0], "texture": "#0"},
				"south": {"uv": [0, 0, 0.25, 0], "texture": "#0"},
				"west": {"uv": [0, 0, 0.25, 0], "texture": "#0"},
				"up": {"uv": [9, 4, 8.75, 3.75], "texture": "#0"},
				"down": {"uv": [9, 4, 8.75, 4.25], "texture": "#0"}
			}
		},
		{
			"from": [7, 10, 0],
			"to": [8, 10, 1],
			"rotation": {"angle": 22.5, "axis": "x", "origin": [9, 10, 1]},
			"faces": {
				"north": {"uv": [0, 0, 0.25, 0], "texture": "#0"},
				"east": {"uv": [0, 0, 0.25, 0], "texture": "#0"},
				"south": {"uv": [0, 0, 0.25, 0], "texture": "#0"},
				"west": {"uv": [0, 0, 0.25, 0], "texture": "#0"},
				"up": {"uv": [9, 4.5, 8.75, 4.25], "texture": "#0"},
				"down": {"uv": [4.75, 8.75, 4.5, 9], "texture": "#0"}
			}
		},
		{
			"from": [5, 10, 0],
			"to": [6, 10, 1],
			"rotation": {"angle": 22.5, "axis": "x", "origin": [7, 10, 1]},
			"faces": {
				"north": {"uv": [0, 0, 0.25, 0], "texture": "#0"},
				"east": {"uv": [0, 0, 0.25, 0], "texture": "#0"},
				"south": {"uv": [0, 0, 0.25, 0], "texture": "#0"},
				"west": {"uv": [0, 0, 0.25, 0], "texture": "#0"},
				"up": {"uv": [9, 4.75, 8.75, 4.5], "texture": "#0"},
				"down": {"uv": [5, 8.75, 4.75, 9], "texture": "#0"}
			}
		},
		{
			"from": [5, 10.38268, -0.92388],
			"to": [6, 10.38268, 0.07612],
			"rotation": {"angle": 22.5, "axis": "x", "origin": [7, 10.38268, 0.07612]},
			"faces": {
				"north": {"uv": [0, 0, 0.25, 0], "texture": "#0"},
				"east": {"uv": [0, 0, 0.25, 0], "texture": "#0"},
				"south": {"uv": [0, 0, 0.25, 0], "texture": "#0"},
				"west": {"uv": [0, 0, 0.25, 0], "texture": "#0"},
				"up": {"uv": [9, 7, 8.75, 6.75], "texture": "#0"},
				"down": {"uv": [7.25, 8.75, 7, 9], "texture": "#0"}
			}
		},
		{
			"from": [3, 10, 0],
			"to": [4, 10, 1],
			"rotation": {"angle": 22.5, "axis": "x", "origin": [5, 10, 1]},
			"faces": {
				"north": {"uv": [0, 0, 0.25, 0], "texture": "#0"},
				"east": {"uv": [0, 0, 0.25, 0], "texture": "#0"},
				"south": {"uv": [0, 0, 0.25, 0], "texture": "#0"},
				"west": {"uv": [0, 0, 0.25, 0], "texture": "#0"},
				"up": {"uv": [9, 5, 8.75, 4.75], "texture": "#0"},
				"down": {"uv": [5.25, 8.75, 5, 9], "texture": "#0"}
			}
		},
		{
			"from": [2, 10, 0],
			"to": [3, 10, 1],
			"rotation": {"angle": 22.5, "axis": "x", "origin": [4, 10, 1]},
			"faces": {
				"north": {"uv": [0, 0, 0.25, 0], "texture": "#0"},
				"east": {"uv": [0, 0, 0.25, 0], "texture": "#0"},
				"south": {"uv": [0, 0, 0.25, 0], "texture": "#0"},
				"west": {"uv": [0, 0, 0.25, 0], "texture": "#0"},
				"up": {"uv": [9, 5.25, 8.75, 5], "texture": "#0"},
				"down": {"uv": [5.5, 8.75, 5.25, 9], "texture": "#0"}
			}
		},
		{
			"from": [3, 10, 3],
			"to": [13, 11, 13],
			"rotation": {"angle": 0, "axis": "y", "origin": [3, 10, 3]},
			"faces": {
				"north": {"uv": [8.5, 0, 11, 0.25], "texture": "#0"},
				"east": {"uv": [8.5, 0.25, 11, 0.5], "texture": "#0"},
				"south": {"uv": [8.5, 0.5, 11, 0.75], "texture": "#0"},
				"west": {"uv": [8.5, 0.75, 11, 1], "texture": "#0"},
				"up": {"uv": [8.5, 5, 6, 2.5], "texture": "#0"},
				"down": {"uv": [8.5, 5, 6, 7.5], "texture": "#0"}
			}
		},
		{
			"from": [1, 9.8, 1],
			"to": [15, 10, 15],
			"rotation": {"angle": 0, "axis": "y", "origin": [3, 10, 3]},
			"faces": {
				"north": {"uv": [0, 0, 3.5, 0], "texture": "#0"},
				"east": {"uv": [0, 0, 3.5, 0], "texture": "#0"},
				"south": {"uv": [0, 0, 3.5, 0], "texture": "#0"},
				"west": {"uv": [0, 0, 3.5, 0], "texture": "#0"},
				"up": {"uv": [3.5, 3.5, 0, 0], "texture": "#0"},
				"down": {"uv": [3.5, 3.5, 0, 7], "texture": "#0"}
			}
		},
		{
			"from": [3, 11, 3],
			"to": [13, 12, 13],
			"rotation": {"angle": 0, "axis": "y", "origin": [3, 10.75, 3]},
			"faces": {
				"north": {"uv": [4.5, 8, 7, 8.25], "texture": "#0"},
				"east": {"uv": [7, 8, 9.5, 8.25], "texture": "#0"},
				"south": {"uv": [4.5, 8.25, 7, 8.5], "texture": "#0"},
				"west": {"uv": [7, 8.25, 9.5, 8.5], "texture": "#0"},
				"up": {"uv": [6, 7.5, 3.5, 5], "texture": "#0"},
				"down": {"uv": [8.5, 0, 6, 2.5], "texture": "#0"}
			}
		},
		{
			"from": [3.5, 12, 3.5],
			"to": [12.5, 12.75, 12.5],
			"rotation": {"angle": 0, "axis": "y", "origin": [3, 12, 3]},
			"faces": {
				"north": {"uv": [8.5, 1, 10.75, 1.25], "texture": "#0"},
				"east": {"uv": [8.5, 1.25, 10.75, 1.5], "texture": "#0"},
				"south": {"uv": [8.5, 1.5, 10.75, 1.75], "texture": "#0"},
				"west": {"uv": [8.5, 1.75, 10.75, 2], "texture": "#0"},
				"up": {"uv": [2.25, 9.25, 0, 7], "texture": "#0"},
				"down": {"uv": [4.5, 7.5, 2.25, 9.75], "texture": "#0"}
			}
		},
		{
			"from": [3.5, 12, 3.5],
			"to": [12.5, 12.75, 12.5],
			"rotation": {"angle": 0, "axis": "y", "origin": [3, 12, 3]},
			"faces": {
				"north": {"uv": [8.5, 1, 10.75, 1.25], "texture": "#0"},
				"east": {"uv": [8.5, 1.25, 10.75, 1.5], "texture": "#0"},
				"south": {"uv": [8.5, 1.5, 10.75, 1.75], "texture": "#0"},
				"west": {"uv": [8.5, 1.75, 10.75, 2], "texture": "#0"},
				"up": {"uv": [2.25, 9.25, 0, 7], "texture": "#0"},
				"down": {"uv": [4.5, 7.5, 2.25, 9.75], "texture": "#0"}
			}
		}
	],
	"display": {
		"thirdperson_righthand": {
			"rotation": [-5, 0, 0],
			"translation": [0, -0.75, 0],
			"scale": [0.49, 0.49, 0.49]
		},
		"thirdperson_lefthand": {
			"rotation": [-5, 0, 0],
			"translation": [0, -0.75, 0],
			"scale": [0.49, 0.49, 0.49]
		},
		"ground": {
			"translation": [0, -4.5, 0]
		},
		"gui": {
			"rotation": [31, 15, 0],
			"translation": [0.25, -1.75, 0],
			"scale": [0.83, 0.83, 0.83]
		},
		"head": {
			"translation": [0, 4.75, 0],
			"scale": [1.27, 1.27, 1.27]
		},
		"fixed": {
			"rotation": [-19, 0, 0],
			"translation": [0, -2.5, 0]
		}
	}
}