{
	"texture_size": [128, 128],
	"textures": {
		"1": "default/chest1",
		"particle": "default/chest1"
	},
	"elements": [
		{
			"from": [-1, 0, 3],
			"to": [17, 8, 16],
			"rotation": {"angle": 0, "axis": "y", "origin": [8, -0.5, 8]},
			"faces": {
				"north": {"uv": [5, 3.75, 7.25, 4.75], "texture": "#1"},
				"east": {"uv": [5.5, 0.625, 7.125, 1.625], "texture": "#1"},
				"south": {"uv": [5, 4.75, 7.25, 5.75], "texture": "#1"},
				"west": {"uv": [5.5, 1.625, 7.125, 2.625], "texture": "#1"},
				"up": {"uv": [5, 5.375, 2.75, 3.75], "texture": "#1"},
				"down": {"uv": [2.25, 4.25, 0, 5.875], "texture": "#1"}
			}
		},
		{
			"from": [-2.01159, -1, 5.24329],
			"to": [-2.01159, 4, 10.24329],
			"rotation": {"angle": -22.5, "axis": "y", "origin": [-2.61159, 1.5, 2.04329]},
			"faces": {
				"north": {"uv": [0, 0, 0, 0.625], "texture": "#1"},
				"east": {"uv": [1.875, 6.375, 2.5, 7], "texture": "#1"},
				"south": {"uv": [0, 0, 0, 0.625], "texture": "#1"},
				"west": {"uv": [2.5, 6.375, 3.125, 7], "texture": "#1"},
				"up": {"uv": [0, 0.625, 0, 0], "texture": "#1"},
				"down": {"uv": [0, 0, 0, 0.625], "texture": "#1"}
			}
		},
		{
			"from": [-2.01159, -1, 0.24329],
			"to": [1.98841, 4, 5.24329],
			"rotation": {"angle": -22.5, "axis": "y", "origin": [-2.61159, 1.5, 2.04329]},
			"faces": {
				"north": {"uv": [2.25, 4.25, 2.75, 4.875], "texture": "#1"},
				"east": {"uv": [3.125, 6.375, 3.75, 7], "texture": "#1"},
				"south": {"uv": [1.25, 6.75, 1.75, 7.375], "texture": "#1"},
				"west": {"uv": [3.75, 6.375, 4.375, 7], "texture": "#1"},
				"up": {"uv": [7.375, 7, 6.875, 6.375], "texture": "#1"},
				"down": {"uv": [2.25, 7, 1.75, 7.625], "texture": "#1"}
			}
		},
		{
			"from": [14.01159, -1, 0.24329],
			"to": [18.01159, 4, 5.24329],
			"rotation": {"angle": 22.5, "axis": "y", "origin": [18.61159, 1.5, 2.04329]},
			"faces": {
				"north": {"uv": [2.25, 7, 2.75, 7.625], "texture": "#1"},
				"east": {"uv": [5.625, 6.375, 6.25, 7], "texture": "#1"},
				"south": {"uv": [2.75, 7, 3.25, 7.625], "texture": "#1"},
				"west": {"uv": [6.25, 6.375, 6.875, 7], "texture": "#1"},
				"up": {"uv": [3.75, 7.625, 3.25, 7], "texture": "#1"},
				"down": {"uv": [4.25, 7, 3.75, 7.625], "texture": "#1"}
			}
		},
		{
			"from": [18.01159, -1, 5.24329],
			"to": [18.01159, 4, 10.24329],
			"rotation": {"angle": 22.5, "axis": "y", "origin": [18.61159, 1.5, 2.04329]},
			"faces": {
				"north": {"uv": [0, 0, 0, 0.625], "texture": "#1"},
				"east": {"uv": [4.375, 6.375, 5, 7], "texture": "#1"},
				"south": {"uv": [0, 0, 0, 0.625], "texture": "#1"},
				"west": {"uv": [5, 6.375, 5.625, 7], "texture": "#1"},
				"up": {"uv": [0, 0.625, 0, 0], "texture": "#1"},
				"down": {"uv": [0, 0, 0, 0.625], "texture": "#1"}
			}
		},
		{
			"from": [-2, 5, 2],
			"to": [1, 8, 5],
			"rotation": {"angle": 0, "axis": "y", "origin": [0, -3, 0]},
			"faces": {
				"north": {"uv": [4.625, 6, 5, 6.375], "texture": "#1"},
				"east": {"uv": [7.125, 1, 7.5, 1.375], "texture": "#1"},
				"south": {"uv": [7.125, 1.375, 7.5, 1.75], "texture": "#1"},
				"west": {"uv": [7.125, 1.75, 7.5, 2.125], "texture": "#1"},
				"up": {"uv": [7.5, 2.5, 7.125, 2.125], "texture": "#1"},
				"down": {"uv": [7.5, 5.75, 7.125, 6.125], "texture": "#1"}
			}
		},
		{
			"from": [15, 5, 2],
			"to": [18, 8, 5],
			"rotation": {"angle": 0, "axis": "y", "origin": [0, -3, 0]},
			"faces": {
				"north": {"uv": [7.125, 7, 7.5, 7.375], "texture": "#1"},
				"east": {"uv": [7.25, 3.625, 7.625, 4], "texture": "#1"},
				"south": {"uv": [7.25, 4, 7.625, 4.375], "texture": "#1"},
				"west": {"uv": [7.25, 4.375, 7.625, 4.75], "texture": "#1"},
				"up": {"uv": [7.625, 5.125, 7.25, 4.75], "texture": "#1"},
				"down": {"uv": [7.625, 5.125, 7.25, 5.5], "texture": "#1"}
			}
		},
		{
			"from": [-2, 5, 14],
			"to": [1, 8, 17],
			"rotation": {"angle": 0, "axis": "y", "origin": [0, -3, 0]},
			"faces": {
				"north": {"uv": [7.375, 6.5, 7.75, 6.875], "texture": "#1"},
				"east": {"uv": [6.875, 7.375, 7.25, 7.75], "texture": "#1"},
				"south": {"uv": [7.25, 7.375, 7.625, 7.75], "texture": "#1"},
				"west": {"uv": [7.5, 1, 7.875, 1.375], "texture": "#1"},
				"up": {"uv": [7.875, 1.75, 7.5, 1.375], "texture": "#1"},
				"down": {"uv": [7.875, 1.75, 7.5, 2.125], "texture": "#1"}
			}
		},
		{
			"from": [15, 5, 14],
			"to": [18, 8, 17],
			"rotation": {"angle": 0, "axis": "y", "origin": [0, -3, 0]},
			"faces": {
				"north": {"uv": [0, 7.375, 0.375, 7.75], "texture": "#1"},
				"east": {"uv": [0.375, 7.375, 0.75, 7.75], "texture": "#1"},
				"south": {"uv": [0.75, 7.375, 1.125, 7.75], "texture": "#1"},
				"west": {"uv": [1.125, 7.375, 1.5, 7.75], "texture": "#1"},
				"up": {"uv": [7.75, 6.5, 7.375, 6.125], "texture": "#1"},
				"down": {"uv": [6.875, 7.375, 6.5, 7.75], "texture": "#1"}
			}
		},
		{
			"from": [-2.21331, 4.18699, 7],
			"to": [-1.21331, 8.18699, 11],
			"rotation": {"angle": -45, "axis": "z", "origin": [-1.71331, 6.18699, 9]},
			"faces": {
				"north": {"uv": [1.5, 7.375, 1.625, 7.875], "texture": "#1"},
				"east": {"uv": [2.25, 4.875, 2.75, 5.375], "texture": "#1"},
				"south": {"uv": [1.625, 7.375, 1.75, 7.875], "texture": "#1"},
				"west": {"uv": [4.25, 7, 4.75, 7.5], "texture": "#1"},
				"up": {"uv": [7.625, 2.625, 7.5, 2.125], "texture": "#1"},
				"down": {"uv": [4.375, 7.5, 4.25, 8], "texture": "#1"}
			}
		},
		{
			"from": [-3.48107, 3.12633, 8],
			"to": [-2.48107, 5.12633, 10],
			"rotation": {"angle": 0, "axis": "z", "origin": [-3.48107, 3.52633, 7]},
			"faces": {
				"north": {"uv": [1.75, 6.75, 1.875, 7], "texture": "#1"},
				"east": {"uv": [7.125, 6.125, 7.375, 6.375], "texture": "#1"},
				"south": {"uv": [5.375, 7.5, 5.5, 7.75], "texture": "#1"},
				"west": {"uv": [7.25, 5.5, 7.5, 5.75], "texture": "#1"},
				"up": {"uv": [5.625, 7.75, 5.5, 7.5], "texture": "#1"},
				"down": {"uv": [7.625, 5.5, 7.5, 5.75], "texture": "#1"}
			}
		},
		{
			"from": [18.48107, 3.12633, 8],
			"to": [19.48107, 5.12633, 10],
			"rotation": {"angle": 0, "axis": "z", "origin": [19.48107, 3.52633, 7]},
			"faces": {
				"north": {"uv": [5.625, 7.5, 5.75, 7.75], "texture": "#1"},
				"east": {"uv": [4.875, 7.5, 5.125, 7.75], "texture": "#1"},
				"south": {"uv": [7.5, 5.75, 7.625, 6], "texture": "#1"},
				"west": {"uv": [5.125, 7.5, 5.375, 7.75], "texture": "#1"},
				"up": {"uv": [7.625, 7.125, 7.5, 6.875], "texture": "#1"},
				"down": {"uv": [7.625, 7.125, 7.5, 7.375], "texture": "#1"}
			}
		},
		{
			"from": [17.21331, 4.18699, 7],
			"to": [18.21331, 8.18699, 11],
			"rotation": {"angle": 45, "axis": "z", "origin": [17.71331, 6.18699, 9]},
			"faces": {
				"north": {"uv": [4.375, 7.5, 4.5, 8], "texture": "#1"},
				"east": {"uv": [4.75, 7, 5.25, 7.5], "texture": "#1"},
				"south": {"uv": [4.5, 7.5, 4.625, 8], "texture": "#1"},
				"west": {"uv": [5.25, 7, 5.75, 7.5], "texture": "#1"},
				"up": {"uv": [4.75, 8, 4.625, 7.5], "texture": "#1"},
				"down": {"uv": [4.875, 7.5, 4.75, 8], "texture": "#1"}
			}
		},
		{
			"from": [5.5, 6.23223, 0],
			"to": [10.5, 11.23223, 3],
			"rotation": {"angle": 0, "axis": "z", "origin": [8, 8.73223, 1.5]},
			"faces": {
				"north": {"uv": [0, 6.75, 0.625, 7.375], "texture": "#1"},
				"east": {"uv": [5.75, 7, 6.125, 7.625], "texture": "#1"},
				"south": {"uv": [0.625, 6.75, 1.25, 7.375], "texture": "#1"},
				"west": {"uv": [6.125, 7, 6.5, 7.625], "texture": "#1"},
				"up": {"uv": [7.125, 7.375, 6.5, 7], "texture": "#1"},
				"down": {"uv": [7.75, 0.625, 7.125, 1], "texture": "#1"}
			}
		},
		{
			"from": [-3, 8, 1],
			"to": [19, 13, 18],
			"rotation": {"angle": 0, "axis": "x", "origin": [8, 11.61612, 5.25]},
			"faces": {
				"north": {"uv": [2.25, 5.375, 5, 6], "texture": "#1"},
				"east": {"uv": [5.5, 2.625, 7.625, 3.25], "texture": "#1"},
				"south": {"uv": [5.5, 0, 8.25, 0.625], "texture": "#1"},
				"west": {"uv": [5, 5.75, 7.125, 6.375], "texture": "#1"},
				"up": {"uv": [2.75, 2.125, 0, 0], "texture": "#1"},
				"down": {"uv": [2.75, 2.125, 0, 4.25], "texture": "#1"}
			}
		},
		{
			"from": [-3, 13, 2],
			"to": [19, 16, 17],
			"rotation": {"angle": 0, "axis": "x", "origin": [8, 11.61612, 5.25]},
			"faces": {
				"north": {"uv": [5.5, 3.25, 8.25, 3.625], "texture": "#1"},
				"east": {"uv": [2.75, 6, 4.625, 6.375], "texture": "#1"},
				"south": {"uv": [0, 6, 2.75, 6.375], "texture": "#1"},
				"west": {"uv": [0, 6.375, 1.875, 6.75], "texture": "#1"},
				"up": {"uv": [5.5, 1.875, 2.75, 0], "texture": "#1"},
				"down": {"uv": [5.5, 1.875, 2.75, 3.75], "texture": "#1"}
			}
		}
	],
	"gui_light": "front",
	"display": {
		"thirdperson_righthand": {
			"rotation": [75, 45, 0],
			"translation": [0, 2.5, 0],
			"scale": [0.375, 0.375, 0.375]
		},
		"thirdperson_lefthand": {
			"rotation": [75, 45, 0],
			"translation": [0, 2.5, 0],
			"scale": [0.375, 0.375, 0.375]
		},
		"firstperson_righthand": {
			"rotation": [0, 45, 0],
			"scale": [0.4, 0.4, 0.4]
		},
		"firstperson_lefthand": {
			"rotation": [0, 225, 0],
			"scale": [0.4, 0.4, 0.4]
		},
		"gui": {
			"rotation": [30, 225, 0],
			"scale": [0.625, 0.625, 0.625]
		},
		"head": {
			"translation": [0, -20.75, 0],
			"scale": [1.85, 1.85, 1.85]
		}
	},
	"groups": [
		0,
		1,
		2,
		3,
		4,
		5,
		6,
		7,
		8,
		9,
		10,
		11,
		12,
		{
			"name": "group",
			"origin": [0, 0, 0],
			"color": 0,
			"nbt": "{}",
			"children": [13, 14, 15]
		}
	]
}