{
	"textures": {
		"0": "default/chip",
		"particle": "default/chip"
	},
	"elements": [
		{
			"name": "texture_0",
			"from": [5, 0, 7],
			"to": [11, 16, 9],
			"rotation": {"angle": 0, "axis": "y", "origin": [0, 0, 8]},
			"faces": {
				"north": {"uv": [11, 0, 5, 16], "texture": "#0"},
				"east": {"uv": [10, 0, 11, 16], "texture": "#0"},
				"south": {"uv": [5, 0, 11, 16], "texture": "#0"},
				"west": {"uv": [5, 0, 6, 16], "texture": "#0"},
				"up": {"uv": [5, 0, 11, 1], "texture": "#0"},
				"down": {"uv": [5, 15, 11, 16], "texture": "#0"}
			}
		},
		{
			"name": "texture_1",
			"from": [3, 1, 7],
			"to": [5, 15, 9],
			"rotation": {"angle": 0, "axis": "y", "origin": [0, 0, 8]},
			"faces": {
				"north": {"uv": [5, 1, 3, 15], "texture": "#0"},
				"east": {"uv": [4, 1, 5, 15], "texture": "#0"},
				"south": {"uv": [3, 1, 5, 15], "texture": "#0"},
				"west": {"uv": [3, 1, 4, 15], "texture": "#0"},
				"up": {"uv": [3, 1, 5, 2], "texture": "#0"},
				"down": {"uv": [3, 14, 5, 15], "texture": "#0"}
			}
		},
		{
			"name": "texture_2",
			"from": [11, 1, 7],
			"to": [13, 15, 9],
			"rotation": {"angle": 0, "axis": "y", "origin": [0, 0, 8]},
			"faces": {
				"north": {"uv": [13, 1, 11, 15], "texture": "#0"},
				"east": {"uv": [12, 1, 13, 15], "texture": "#0"},
				"south": {"uv": [11, 1, 13, 15], "texture": "#0"},
				"west": {"uv": [11, 1, 12, 15], "texture": "#0"},
				"up": {"uv": [11, 1, 13, 2], "texture": "#0"},
				"down": {"uv": [11, 14, 13, 15], "texture": "#0"}
			}
		},
		{
			"name": "texture_3",
			"from": [2, 2, 7],
			"to": [3, 14, 9],
			"rotation": {"angle": 0, "axis": "y", "origin": [0, 0, 8]},
			"faces": {
				"north": {"uv": [3, 2, 2, 14], "texture": "#0"},
				"east": {"uv": [2, 2, 3, 14], "texture": "#0"},
				"south": {"uv": [2, 2, 3, 14], "texture": "#0"},
				"west": {"uv": [2, 2, 3, 14], "texture": "#0"},
				"up": {"uv": [2, 2, 3, 3], "texture": "#0"},
				"down": {"uv": [2, 13, 3, 14], "texture": "#0"}
			}
		},
		{
			"name": "texture_4",
			"from": [13, 2, 7],
			"to": [14, 14, 9],
			"rotation": {"angle": 0, "axis": "y", "origin": [0, 0, 8]},
			"faces": {
				"north": {"uv": [14, 2, 13, 14], "texture": "#0"},
				"east": {"uv": [13, 2, 14, 14], "texture": "#0"},
				"south": {"uv": [13, 2, 14, 14], "texture": "#0"},
				"west": {"uv": [13, 2, 14, 14], "texture": "#0"},
				"up": {"uv": [13, 2, 14, 3], "texture": "#0"},
				"down": {"uv": [13, 13, 14, 14], "texture": "#0"}
			}
		},
		{
			"name": "texture_5",
			"from": [1, 3, 7],
			"to": [2, 13, 9],
			"rotation": {"angle": 0, "axis": "y", "origin": [0, 0, 8]},
			"faces": {
				"north": {"uv": [2, 3, 1, 13], "texture": "#0"},
				"east": {"uv": [1, 3, 2, 13], "texture": "#0"},
				"south": {"uv": [1, 3, 2, 13], "texture": "#0"},
				"west": {"uv": [1, 3, 2, 13], "texture": "#0"},
				"up": {"uv": [1, 3, 2, 4], "texture": "#0"},
				"down": {"uv": [1, 12, 2, 13], "texture": "#0"}
			}
		},
		{
			"name": "texture_6",
			"from": [14, 3, 7],
			"to": [15, 13, 9],
			"rotation": {"angle": 0, "axis": "y", "origin": [0, 0, 8]},
			"faces": {
				"north": {"uv": [15, 3, 14, 13], "texture": "#0"},
				"east": {"uv": [14, 3, 15, 13], "texture": "#0"},
				"south": {"uv": [14, 3, 15, 13], "texture": "#0"},
				"west": {"uv": [14, 3, 15, 13], "texture": "#0"},
				"up": {"uv": [14, 3, 15, 4], "texture": "#0"},
				"down": {"uv": [14, 12, 15, 13], "texture": "#0"}
			}
		},
		{
			"name": "texture_7",
			"from": [0, 5, 7],
			"to": [1, 11, 9],
			"rotation": {"angle": 0, "axis": "y", "origin": [0, 0, 8]},
			"faces": {
				"north": {"uv": [1, 5, 0, 11], "texture": "#0"},
				"east": {"uv": [0, 5, 1, 11], "texture": "#0"},
				"south": {"uv": [0, 5, 1, 11], "texture": "#0"},
				"west": {"uv": [0, 5, 1, 11], "texture": "#0"},
				"up": {"uv": [0, 5, 1, 6], "texture": "#0"},
				"down": {"uv": [0, 10, 1, 11], "texture": "#0"}
			}
		},
		{
			"name": "texture_8",
			"from": [15, 5, 7],
			"to": [16, 11, 9],
			"rotation": {"angle": 0, "axis": "y", "origin": [0, 0, 8]},
			"faces": {
				"north": {"uv": [16, 5, 15, 11], "texture": "#0"},
				"east": {"uv": [15, 5, 16, 11], "texture": "#0"},
				"south": {"uv": [15, 5, 16, 11], "texture": "#0"},
				"west": {"uv": [15, 5, 16, 11], "texture": "#0"},
				"up": {"uv": [15, 5, 16, 6], "texture": "#0"},
				"down": {"uv": [15, 10, 16, 11], "texture": "#0"}
			}
		}
	],
	"gui_light": "front",
	"display": {
		"thirdperson_righthand": {
			"translation": [0, 3, 1],
			"scale": [0.55, 0.55, 0.55]
		},
		"thirdperson_lefthand": {
			"translation": [0, 3, 1],
			"scale": [0.55, 0.55, 0.55]
		},
		"firstperson_righthand": {
			"rotation": [0, -90, 25],
			"translation": [1.13, 3.2, 1.13],
			"scale": [0.68, 0.68, 0.68]
		},
		"firstperson_lefthand": {
			"rotation": [0, -90, 25],
			"translation": [1.13, 3.2, 1.13],
			"scale": [0.68, 0.68, 0.68]
		},
		"ground": {
			"translation": [0, 7, 0]
		},
		"head": {
			"translation": [0, -5, 0],
			"scale": [2, 2, 2]
		}
	},
	"groups": [
		{
			"name": "texture",
			"origin": [8, 8, 8],
			"color": 0,
			"nbt": "{}",
			"children": [0, 1, 2, 3, 4, 5, 6, 7, 8]
		}
	]
}