{
	"texture_size": [64, 64],
	"textures": {
		"2": "default/gens_red",
		"3": "default/iron_block"
	},
	"elements": [
		{
			"name": "body",
			"from": [4.05644, 6, 4.94982],
			"to": [12.05644, 18, 8.94982],
			"rotation": {"angle": 0, "axis": "y", "origin": [0.05644, -3.5, -1.05018]},
			"faces": {
				"north": {"uv": [0, 0, 2, 3], "texture": "#2"},
				"east": {"uv": [2, 5, 3, 8], "texture": "#2"},
				"south": {"uv": [2, 0, 4, 3], "texture": "#2"},
				"west": {"uv": [3, 5, 4, 8], "texture": "#2"},
				"up": {"uv": [10.5, 3.25, 8.5, 2.25], "texture": "#2"},
				"down": {"uv": [5.5, 8.5, 3.5, 9.5], "texture": "#2"}
			}
		},
		{
			"name": "head",
			"from": [4.05644, 18, 2.94982],
			"to": [12.05644, 26, 10.94982],
			"rotation": {"angle": 0, "axis": "y", "origin": [0.05644, -3.5, -1.05018]},
			"faces": {
				"north": {"uv": [0, 3, 2, 5], "texture": "#2"},
				"east": {"uv": [2, 3, 4, 5], "texture": "#2"},
				"south": {"uv": [4, 0, 6, 2], "texture": "#2"},
				"west": {"uv": [4, 2, 6, 4], "texture": "#2"},
				"up": {"uv": [6, 6, 4, 4], "texture": "#2"},
				"down": {"uv": [2, 5, 0, 7], "texture": "#2"}
			}
		},
		{
			"from": [0.30373, 14.12518, 5],
			"to": [4.30373, 18.12518, 9],
			"rotation": {"angle": 22.5, "axis": "x", "origin": [2.19534, 16.21297, 7]},
			"faces": {
				"north": {"uv": [13.25, 0.75, 12.25, 1.75], "rotation": 180, "texture": "#2"},
				"east": {"uv": [5.25, 12.25, 4.25, 13.25], "rotation": 180, "texture": "#2"},
				"south": {"uv": [13.25, 4.25, 12.25, 5.25], "rotation": 180, "texture": "#2"},
				"west": {"uv": [2, 12.5, 1, 13.5], "rotation": 180, "texture": "#2"},
				"up": {"uv": [5.25, 12.5, 6.25, 13.5], "rotation": 180, "texture": "#2"},
				"down": {"uv": [2, 13.5, 3, 12.5], "rotation": 180, "texture": "#2"}
			}
		},
		{
			"from": [12.24649, 26.85143, 5],
			"to": [16.24649, 31.85143, 9],
			"rotation": {"angle": -45, "axis": "z", "origin": [9.45477, 21.32609, 7]},
			"faces": {
				"north": {"uv": [10.75, 9.25, 11.75, 10.5], "texture": "#2"},
				"east": {"uv": [5, 11, 6, 12.25], "texture": "#2"},
				"south": {"uv": [1, 11.25, 2, 12.5], "texture": "#2"},
				"west": {"uv": [11.25, 4.25, 12.25, 5.5], "texture": "#2"},
				"up": {"uv": [7.25, 13.5, 6.25, 12.5], "texture": "#2"},
				"down": {"uv": [9.25, 12.5, 8.25, 13.5], "texture": "#2"}
			}
		},
		{
			"from": [11.24649, 22.85143, 4],
			"to": [17.24649, 26.85143, 10],
			"rotation": {"angle": -45, "axis": "z", "origin": [9.45477, 21.32609, 7]},
			"faces": {
				"north": {"uv": [1, 10.25, 2.5, 11.25], "texture": "#2"},
				"east": {"uv": [10.5, 1.75, 12, 2.75], "texture": "#2"},
				"south": {"uv": [2.5, 10.5, 4, 11.5], "texture": "#2"},
				"west": {"uv": [10.5, 2.75, 12, 3.75], "texture": "#2"},
				"up": {"uv": [1.5, 8.5, 0, 7], "texture": "#2"},
				"down": {"uv": [5.5, 7, 4, 8.5], "texture": "#2"}
			}
		},
		{
			"from": [12.46326, 19.527, 5],
			"to": [16.46326, 23.527, 9],
			"rotation": {"angle": -45, "axis": "z", "origin": [9.45477, 21.32609, 7]},
			"faces": {
				"north": {"uv": [12.25, 0.75, 13.25, 1.75], "texture": "#2"},
				"east": {"uv": [4.25, 12.25, 5.25, 13.25], "texture": "#2"},
				"south": {"uv": [12.25, 4.25, 13.25, 5.25], "texture": "#2"},
				"west": {"uv": [1, 12.5, 2, 13.5], "texture": "#2"},
				"up": {"uv": [3, 13.5, 2, 12.5], "texture": "#2"},
				"down": {"uv": [6.25, 12.5, 5.25, 13.5], "texture": "#2"}
			}
		},
		{
			"from": [-0.91304, 10.30076, 5],
			"to": [5.08696, 14.30076, 11],
			"rotation": {"angle": 45, "axis": "x", "origin": [2.19534, 15.71297, 8]},
			"faces": {
				"north": {"uv": [2.5, 10.25, 1, 11.25], "rotation": 180, "texture": "#2"},
				"east": {"uv": [12, 1.75, 10.5, 2.75], "rotation": 180, "texture": "#2"},
				"south": {"uv": [4, 10.5, 2.5, 11.5], "rotation": 180, "texture": "#2"},
				"west": {"uv": [12, 2.75, 10.5, 3.75], "rotation": 180, "texture": "#2"},
				"up": {"uv": [4, 7, 5.5, 8.5], "rotation": 180, "texture": "#2"},
				"down": {"uv": [0, 8.5, 1.5, 7], "rotation": 180, "texture": "#2"}
			}
		},
		{
			"from": [0.08696, 11.71297, -1.16221],
			"to": [4.08696, 15.71297, 3.83779],
			"rotation": {"angle": -22.5, "axis": "x", "origin": [2.19534, 15.71297, 8]},
			"faces": {
				"north": {"uv": [6.25, 13.5, 7.25, 12.5], "texture": "#2"},
				"east": {"uv": [6, 11, 5, 12.25], "rotation": 90, "texture": "#2"},
				"south": {"uv": [8.25, 12.5, 9.25, 13.5], "rotation": 180, "texture": "#2"},
				"west": {"uv": [12.25, 4.25, 11.25, 5.5], "rotation": 270, "texture": "#2"},
				"up": {"uv": [11.75, 9.25, 10.75, 10.5], "texture": "#2"},
				"down": {"uv": [2, 11.25, 1, 12.5], "rotation": 180, "texture": "#2"}
			}
		},
		{
			"from": [5, -2.86388, 3.78714],
			"to": [7, -0.86388, 4.78714],
			"rotation": {"angle": 22.5, "axis": "x", "origin": [6, 6.75, 6]},
			"faces": {
				"north": {"uv": [1.5, 7.5, 2, 8], "texture": "#2"},
				"east": {"uv": [1, 9.25, 1.25, 9.75], "texture": "#2"},
				"south": {"uv": [3.5, 8, 4, 8.5], "texture": "#2"},
				"west": {"uv": [1.25, 9.25, 1.5, 9.75], "texture": "#2"},
				"up": {"uv": [5.5, 9.75, 5, 9.5], "texture": "#2"},
				"down": {"uv": [1.5, 9.75, 1, 10], "texture": "#2"}
			}
		},
		{
			"from": [4, -5.75, 2.62152],
			"to": [8, -2.75, 8.62152],
			"rotation": {"angle": 22.5, "axis": "x", "origin": [6, 6.75, 6]},
			"faces": {
				"north": {"uv": [13, 3.5, 14, 4.25], "texture": "#2"},
				"east": {"uv": [11.75, 8.75, 13.25, 9.5], "texture": "#2"},
				"south": {"uv": [13, 6.25, 14, 7], "texture": "#2"},
				"west": {"uv": [11.75, 9.5, 13.25, 10.25], "texture": "#2"},
				"up": {"uv": [11.5, 7.5, 10.5, 6], "texture": "#2"},
				"down": {"uv": [8.5, 10.5, 7.5, 12], "texture": "#2"}
			}
		},
		{
			"from": [4, -2.75, 4.62152],
			"to": [8, 6.25, 8.62152],
			"rotation": {"angle": 22.5, "axis": "x", "origin": [6, 6.75, 6]},
			"faces": {
				"north": {"uv": [2.5, 8, 3.5, 10.25], "texture": "#2"},
				"east": {"uv": [8, 4, 9, 6.25], "texture": "#2"},
				"south": {"uv": [0, 8.5, 1, 10.75], "texture": "#2"},
				"west": {"uv": [8.5, 0, 9.5, 2.25], "texture": "#2"},
				"up": {"uv": [1, 14, 0, 13], "texture": "#2"},
				"down": {"uv": [14, 1.75, 13, 2.75], "texture": "#2"}
			}
		},
		{
			"from": [8, -2.75, 4.62152],
			"to": [12, 6.25, 8.62152],
			"rotation": {"angle": -22.5, "axis": "x", "origin": [10, 6.75, 6]},
			"faces": {
				"north": {"uv": [2.5, 8, 3.5, 10.25], "texture": "#2"},
				"east": {"uv": [8, 4, 9, 6.25], "texture": "#2"},
				"south": {"uv": [0, 8.5, 1, 10.75], "texture": "#2"},
				"west": {"uv": [8.5, 0, 9.5, 2.25], "texture": "#2"},
				"up": {"uv": [1, 14, 0, 13], "texture": "#2"},
				"down": {"uv": [14, 1.75, 13, 2.75], "texture": "#2"}
			}
		},
		{
			"from": [9, -2.86388, 3.78714],
			"to": [11, -0.86388, 4.78714],
			"rotation": {"angle": -22.5, "axis": "x", "origin": [10, 6.75, 6]},
			"faces": {
				"north": {"uv": [1.5, 7.5, 2, 8], "texture": "#2"},
				"east": {"uv": [1, 9.25, 1.25, 9.75], "texture": "#2"},
				"south": {"uv": [3.5, 8, 4, 8.5], "texture": "#2"},
				"west": {"uv": [1.25, 9.25, 1.5, 9.75], "texture": "#2"},
				"up": {"uv": [5.5, 9.75, 5, 9.5], "texture": "#2"},
				"down": {"uv": [1.5, 9.75, 1, 10], "texture": "#2"}
			}
		},
		{
			"from": [8, -5.75, 2.62152],
			"to": [12, -2.75, 8.62152],
			"rotation": {"angle": -22.5, "axis": "x", "origin": [10, 6.75, 6]},
			"faces": {
				"north": {"uv": [13, 3.5, 14, 4.25], "texture": "#2"},
				"east": {"uv": [11.75, 8.75, 13.25, 9.5], "texture": "#2"},
				"south": {"uv": [13, 6.25, 14, 7], "texture": "#2"},
				"west": {"uv": [11.75, 9.5, 13.25, 10.25], "texture": "#2"},
				"up": {"uv": [11.5, 7.5, 10.5, 6], "texture": "#2"},
				"down": {"uv": [8.5, 10.5, 7.5, 12], "texture": "#2"}
			}
		},
		{
			"from": [5, 24, 2],
			"to": [11, 28, 9],
			"faces": {
				"north": {"uv": [9.75, 14, 11.25, 15], "texture": "#2"},
				"east": {"uv": [9.5, 15, 11.25, 16], "texture": "#2"},
				"south": {"uv": [11.5, 14, 13, 15], "texture": "#2"},
				"west": {"uv": [11.25, 15, 13, 16], "texture": "#2"},
				"up": {"uv": [13, 14.25, 14.5, 16], "texture": "#2"},
				"down": {"uv": [14.5, 14.25, 16, 16], "texture": "#2"}
			}
		},
		{
			"from": [1.25, 11.75, -2.25],
			"to": [4.75, 15.25, 1.25],
			"rotation": {"angle": 45, "axis": "y", "origin": [2, 14.5, 0.5]},
			"faces": {
				"north": {"uv": [0, 0, 16, 16], "texture": "#3"},
				"east": {"uv": [0, 0, 16, 16], "texture": "#3"},
				"south": {"uv": [0, 0, 16, 16], "texture": "#3"},
				"west": {"uv": [0, 0, 16, 16], "texture": "#3"},
				"up": {"uv": [0, 0, 16, 16], "texture": "#3"},
				"down": {"uv": [0, 0, 16, 16], "texture": "#3"}
			}
		}
	],
	"display": {
		"thirdperson_righthand": {
			"translation": [0, 3, 1],
			"scale": [0.55, 0.55, 0.55]
		},
		"thirdperson_lefthand": {
			"translation": [0, 3, 1],
			"scale": [0.55, 0.55, 0.55]
		},
		"firstperson_righthand": {
			"rotation": [0, 45, 0],
			"scale": [0.4, 0.4, 0.4]
		},
		"firstperson_lefthand": {
			"rotation": [0, 225, 0],
			"scale": [0.4, 0.4, 0.4]
		},
		"ground": {
			"translation": [0, 3, 0],
			"scale": [0.25, 0.25, 0.25]
		},
		"head": {
			"translation": [0, 11.25, 0],
			"scale": [3, 3, 3]
		},
		"fixed": {
			"rotation": [-90, 0, 0],
			"translation": [0, 0, -56.25],
			"scale": [4, 4, 4]
		}
	},
	"groups": [
		{
			"name": "body",
			"origin": [-8, 0, -8],
			"color": 0,
			"nbt": "{}",
			"children": [
				0,
				{
					"name": "head",
					"origin": [0, 0, 0],
					"color": 0,
					"nbt": "{}",
					"children": [
						{
							"name": "hair",
							"origin": [-9, 29.55, -4.05],
							"color": 0,
							"nbt": "{}",
							"children": []
						},
						{
							"name": "eyebrows",
							"origin": [0, 0, 0],
							"color": 0,
							"nbt": "{}",
							"children": [
								{
									"name": "left",
									"origin": [-2.5, 26.5, -4.05],
									"color": 0,
									"nbt": "{}",
									"children": []
								},
								{
									"name": "right",
									"origin": [1.97395, 27.14772, -4.05],
									"color": 0,
									"nbt": "{}",
									"children": []
								}
							]
						},
						1,
						{
							"name": "hoodie",
							"origin": [0, 21.6, 4.5],
							"color": 0,
							"nbt": "{}",
							"children": []
						}
					]
				},
				{
					"name": "arms",
					"origin": [17, 26.25, -1],
					"color": 0,
					"nbt": "{}",
					"children": [
						{
							"name": "right_arm",
							"origin": [28, 22.25, -1],
							"color": 0,
							"nbt": "{}",
							"children": [2, 3, 4, 5, 6, 7]
						}
					]
				},
				{
					"name": "legs",
					"origin": [12, 0, 0],
					"color": 0,
					"nbt": "{}",
					"children": [
						{
							"name": "left_leg",
							"origin": [2, 12, 0.6],
							"color": 0,
							"nbt": "{}",
							"children": [
								{
									"name": "shoe",
									"origin": [12, 0.5, 0.6],
									"color": 0,
									"nbt": "{}",
									"children": [
										{
											"name": "shoe_back",
											"origin": [-3, 8.5, 13.6],
											"color": 0,
											"nbt": "{}",
											"children": []
										},
										{
											"name": "shoe_front",
											"origin": [1, 9, 10.1],
											"color": 0,
											"nbt": "{}",
											"children": []
										}
									]
								}
							]
						},
						{
							"name": "right_leg",
							"origin": [-1.7, 11.75, -0.6],
							"color": 0,
							"nbt": "{}",
							"children": [
								{
									"name": "shoe2",
									"origin": [13.3, -4.75, -12.95688],
									"color": 0,
									"nbt": "{}",
									"children": [
										{
											"name": "shoe_back2",
											"origin": [-1.7, 3.25, 0.04312],
											"color": 0,
											"nbt": "{}",
											"children": []
										},
										{
											"name": "shoe_front2",
											"origin": [2.3, 3.75, -3.45688],
											"color": 0,
											"nbt": "{}",
											"children": [8]
										},
										9
									]
								},
								10
							]
						}
					]
				},
				{
					"name": "group",
					"origin": [10, -1.25, 6],
					"color": 0,
					"nbt": "{}",
					"children": [11, 12, 13]
				}
			]
		},
		14,
		15
	]
}