{"credit":"Made with Blockbench","textures":{"0":"elitecreatures:fallen_city_furniture_v1/brokenglass2texture","particle":"elitecreatures:fallen_city_furniture_v1/brokenglass2texture"},"elements":[{"from":[0,0,7],"to":[16,16,9],"rotation":{"angle":0,"axis":"y","origin":[0,0,7]},"faces":{"north":{"uv":[0,0,4,4],"texture":"#0"},"east":{"uv":[4,0,4.5,4],"texture":"#0"},"south":{"uv":[4,0,0,4],"texture":"#0"},"west":{"uv":[4,4,4.5,8],"texture":"#0"},"up":{"uv":[8.5,0.5,4.5,0],"texture":"#0"},"down":{"uv":[8.5,0.5,4.5,1],"texture":"#0"}}}],"gui_light":"front","display":{"thirdperson_righthand":{"rotation":[75,45,0],"translation":[0,1.75,0.25],"scale":[0.25781,0.25781,0.25781]},"thirdperson_lefthand":{"rotation":[75,45,0],"translation":[0,1.75,0.25],"scale":[0.25781,0.25781,0.25781]},"firstperson_righthand":{"rotation":[0,135,0],"translation":[1.25,4.5,0],"scale":[0.375,0.375,0.375]},"firstperson_lefthand":{"rotation":[0,135,0],"translation":[1.25,4.5,0],"scale":[0.375,0.375,0.375]},"ground":{"translation":[0,6,0],"scale":[0.5,0.5,0.5]},"gui":{"rotation":[30,135,0],"scale":[0.71875,0.71875,0.71875]},"head":{"rotation":[0,180,0],"translation":[0,-30.4,0],"scale":[1.6,1.6,1.6]},"fixed":{"rotation":[-90,0,0],"translation":[0,0,-16],"scale":[2,2,2]}},"mcmodels":"ea71bd802f684404974b1cfacb813cfb"}