{"credit":"Made with Blockbench","texture_size":[32,32],"textures":{"1":"elitecreatures:fallen_city_furniture_v1/lantern1animation01","3":"elitecreatures:fallen_city_furniture_v1/lantern1texture"},"elements":[{"from":[7,11.45,6.75],"to":[9,11.95,8.75],"rotation":{"angle":0,"axis":"x","origin":[8,10.325,10.875]},"faces":{"north":{"uv":[5,9.25,4,9],"rotation":180,"texture":"#3"},"east":{"uv":[3.5,9,3.75,10],"rotation":90,"texture":"#3"},"south":{"uv":[10,4.5,9,4.75],"texture":"#3"},"west":{"uv":[9,3.5,9.25,4.5],"rotation":270,"texture":"#3"},"up":{"uv":[6,6.5,7,7.5],"texture":"#3"},"down":{"uv":[6,2.5,7,3.5],"rotation":180,"texture":"#3"}}},{"from":[5.75,10.95,5.5],"to":[10.25,11.45,10],"rotation":{"angle":0,"axis":"x","origin":[8,10.325,10.875]},"faces":{"north":{"uv":[10.25,3.25,8,3],"rotation":180,"texture":"#3"},"east":{"uv":[7,8,7.25,10.25],"rotation":90,"texture":"#3"},"south":{"uv":[10.25,6.5,8,6.75],"texture":"#3"},"west":{"uv":[7.5,8,7.75,10.25],"rotation":270,"texture":"#3"},"up":{"uv":[2.5,4,4.75,6.25],"texture":"#3"},"down":{"uv":[0,4,2.25,6.25],"rotation":180,"texture":"#3"}}},{"from":[5.75,4.95,5.5],"to":[10.25,5.45,10],"rotation":{"angle":0,"axis":"x","origin":[8,10.325,10.875]},"faces":{"north":{"uv":[10.25,7.25,8,7],"rotation":180,"texture":"#3"},"east":{"uv":[6,8.5,6.25,10.75],"rotation":90,"texture":"#3"},"south":{"uv":[10.75,1,8.5,1.25],"texture":"#3"},"west":{"uv":[6.5,8.5,6.75,10.75],"rotation":270,"texture":"#3"},"up":{"uv":[6,0,8.25,2.25],"texture":"#3"},"down":{"uv":[5,4,7.25,6.25],"rotation":180,"texture":"#3"}}},{"from":[9.5,5.45,5.75],"to":[10,10.95,6.25],"rotation":{"angle":0,"axis":"x","origin":[8,10.325,10.875]},"faces":{"north":{"uv":[10.75,2.75,8,2.5],"rotation":180,"texture":"#3"},"east":{"uv":[8,2.5,10.75,2.75],"rotation":90,"texture":"#3"},"south":{"uv":[10.75,2.5,8,2.75],"texture":"#3"},"west":{"uv":[8,2.5,10.75,2.75],"rotation":270,"texture":"#3"},"up":{"uv":[8,9,8.25,9.25],"texture":"#3"},"down":{"uv":[5.5,9,5.75,9.25],"rotation":180,"texture":"#3"}}},{"from":[9.5,5.45,9.25],"to":[10,10.95,9.75],"rotation":{"angle":0,"axis":"x","origin":[8,10.325,10.875]},"faces":{"north":{"uv":[10.75,2.75,8,2.5],"rotation":180,"texture":"#3"},"east":{"uv":[8,2.5,10.75,2.75],"rotation":90,"texture":"#3"},"south":{"uv":[10.75,2.5,8,2.75],"texture":"#3"},"west":{"uv":[8,2.5,10.75,2.75],"rotation":270,"texture":"#3"},"up":{"uv":[8,9,8.25,9.25],"texture":"#3"},"down":{"uv":[5.5,9,5.75,9.25],"rotation":180,"texture":"#3"}}},{"from":[6,5.45,9.25],"to":[6.5,10.95,9.75],"rotation":{"angle":0,"axis":"x","origin":[8,10.325,10.875]},"faces":{"north":{"uv":[10.75,2.75,8,2.5],"rotation":180,"texture":"#3"},"east":{"uv":[8,2.5,10.75,2.75],"rotation":90,"texture":"#3"},"south":{"uv":[10.75,2.5,8,2.75],"texture":"#3"},"west":{"uv":[8,2.5,10.75,2.75],"rotation":270,"texture":"#3"},"up":{"uv":[8,9,8.25,9.25],"texture":"#3"},"down":{"uv":[5.5,9,5.75,9.25],"rotation":180,"texture":"#3"}}},{"from":[6,5.45,5.75],"to":[6.5,10.95,6.25],"rotation":{"angle":0,"axis":"x","origin":[8,10.325,10.875]},"faces":{"north":{"uv":[10.75,2.75,8,2.5],"rotation":180,"texture":"#3"},"east":{"uv":[8,2.5,10.75,2.75],"rotation":90,"texture":"#3"},"south":{"uv":[10.75,2.5,8,2.75],"texture":"#3"},"west":{"uv":[8,2.5,10.75,2.75],"rotation":270,"texture":"#3"},"up":{"uv":[8,9,8.25,9.25],"texture":"#3"},"down":{"uv":[5.5,9,5.75,9.25],"rotation":180,"texture":"#3"}}},{"from":[7.25,5.45,7],"to":[8.75,7.95,8.5],"rotation":{"angle":0,"axis":"x","origin":[8,10.325,10.875]},"faces":{"north":{"uv":[8.25,5.75,7.5,4.5],"rotation":180,"texture":"#3"},"east":{"uv":[7.5,3.5,8.75,4.25],"rotation":90,"texture":"#3"},"south":{"uv":[8.25,4.5,7.5,5.75],"texture":"#3"},"west":{"uv":[8.75,3.5,7.5,4.25],"rotation":270,"texture":"#3"},"up":{"uv":[8.5,0,9.25,0.75],"texture":"#3"},"down":{"uv":[8,8,8.75,8.75],"rotation":180,"texture":"#3"}}},{"from":[7,6.475,6.75],"to":[9,7.975,8.75],"rotation":{"angle":0,"axis":"x","origin":[8,10.325,10.875]},"faces":{"north":{"uv":[6.75,8.5,6,7.5],"rotation":270,"texture":"#3"},"east":{"uv":[6,7.5,6.75,8.5],"rotation":90,"texture":"#3"},"south":{"uv":[6,7.5,6.75,8.5],"rotation":90,"texture":"#3"},"west":{"uv":[6.75,8.5,6,7.5],"rotation":270,"texture":"#3"},"up":{"uv":[7,6.5,8,7.5],"texture":"#3"},"down":{"uv":[7,2.5,8,3.5],"rotation":180,"texture":"#3"}}},{"from":[9.45971,7.7,8.66529],"to":[10.95971,11.2,8.66529],"rotation":{"angle":0,"axis":"x","origin":[8,10.325,10.875]},"faces":{"north":{"uv":[6,0,0,14],"texture":"#1"},"east":{"uv":[0,0,0,0.625],"texture":"#missing"},"south":{"uv":[0,0,6,14],"texture":"#1"},"west":{"uv":[0,0,0,0.625],"texture":"#missing"},"up":{"uv":[0.375,0,0,0],"texture":"#missing"},"down":{"uv":[0.375,0,0,0],"texture":"#missing"}}},{"from":[10.20971,7.7,7.91529],"to":[10.20971,11.2,9.41529],"rotation":{"angle":0,"axis":"x","origin":[8,10.325,10.875]},"faces":{"north":{"uv":[0,0,0,0.625],"texture":"#missing"},"east":{"uv":[6,0,0,14],"texture":"#1"},"south":{"uv":[0,0,0,0.625],"texture":"#missing"},"west":{"uv":[0,0,6,14],"texture":"#1"},"up":{"uv":[0.375,0,0,0],"rotation":90,"texture":"#missing"},"down":{"uv":[0.375,0,0,0],"rotation":270,"texture":"#missing"}}},{"from":[6.75,9.95,15.5],"to":[9.25,15.95,16],"rotation":{"angle":0,"axis":"x","origin":[8,10.325,10.875]},"faces":{"north":{"uv":[1.25,9.5,0,6.5],"rotation":180,"texture":"#3"},"east":{"uv":[7.5,6,10.5,6.25],"rotation":90,"texture":"#3"},"south":{"uv":[2.75,6.5,1.5,9.5],"texture":"#3"},"west":{"uv":[7,7.5,10,7.75],"rotation":270,"texture":"#3"},"up":{"uv":[8.5,5.5,9.75,5.75],"texture":"#3"},"down":{"uv":[6,3.5,7.25,3.75],"rotation":180,"texture":"#3"}}},{"from":[8,9.95,8],"to":[8,15.95,15.5],"rotation":{"angle":0,"axis":"x","origin":[8,10.325,10.875]},"faces":{"north":{"uv":[0,3,0,0],"rotation":180,"texture":"#3"},"east":{"uv":[0,0,3,3.75],"rotation":90,"texture":"#3"},"south":{"uv":[0,0,0,3],"texture":"#3"},"west":{"uv":[3,0,6,3.75],"rotation":270,"texture":"#3"},"up":{"uv":[0,0,0,3.75],"texture":"#3"},"down":{"uv":[0,0,0,3.75],"rotation":180,"texture":"#3"}}},{"from":[6.75,11.2,7.75],"to":[9.25,15.7,7.75],"rotation":{"angle":0,"axis":"x","origin":[8,10.325,10.875]},"faces":{"north":{"uv":[4.25,8.75,3,6.5],"rotation":180,"texture":"#3"},"east":{"uv":[0,0,2.25,0],"rotation":90,"texture":"#3"},"south":{"uv":[5.75,6.5,4.5,8.75],"texture":"#3"},"west":{"uv":[0,0,2.25,0],"rotation":270,"texture":"#3"},"up":{"uv":[0,0,1.25,0],"texture":"#3"},"down":{"uv":[0,0,1.25,0],"rotation":180,"texture":"#3"}}},{"from":[7.5,14.95,7],"to":[8.5,15.95,8.5],"rotation":{"angle":0,"axis":"x","origin":[8,10.325,10.875]},"faces":{"north":{"uv":[5.5,9.5,5,9],"rotation":180,"texture":"#3"},"east":{"uv":[8.5,4.5,9,5.25],"rotation":90,"texture":"#3"},"south":{"uv":[9.5,5,9,5.5],"texture":"#3"},"west":{"uv":[3,9,3.5,9.75],"rotation":270,"texture":"#3"},"up":{"uv":[9,1.5,9.5,2.25],"texture":"#3"},"down":{"uv":[8.5,1.5,9,2.25],"rotation":180,"texture":"#3"}}}],"gui_light":"front","display":{"thirdperson_righthand":{"rotation":[75,45,0],"translation":[-0.5,2,-2.25],"scale":[0.38867,0.38867,0.38867]},"thirdperson_lefthand":{"rotation":[75,45,0],"translation":[-0.5,2,-2.25],"scale":[0.38867,0.38867,0.38867]},"firstperson_righthand":{"rotation":[0,45,0],"translation":[-0.75,3.75,1.25],"scale":[0.43125,0.43125,0.43125]},"firstperson_lefthand":{"rotation":[0,45,0],"translation":[-0.75,3.75,1.25],"scale":[0.43125,0.43125,0.43125]},"ground":{"translation":[0,6,0],"scale":[0.75,0.75,0.75]},"gui":{"rotation":[30,135,0],"translation":[-1.5,-3.25,0],"scale":[1.06836,1.06836,1.06836]},"head":{"rotation":[0,180,0],"translation":[0,-30.4,0],"scale":[1.6,1.6,1.6]},"fixed":{"translation":[0,0,-16],"scale":[2,2,2]}},"groups":[{"name":"group","origin":[7,1.5,12],"color":0,"children":[0,1,2,3,4,5,6,7,8,9,10,11,12,13,14]}],"mcmodels":"ea71bd802f684404974b1cfacb813cfb"}