{"credit":"Made with Blockbench","texture_size":[32,32],"textures":{"0":"elitecreatures:fallen_city_furniture_v1/wallmold1texture","particle":"elitecreatures:fallen_city_furniture_v1/wallmold1texture"},"elements":[{"from":[0,0.05,0],"to":[16,0.05,16],"rotation":{"angle":0,"axis":"y","origin":[0,0.05,14]},"faces":{"north":{"uv":[0,0,8,0],"texture":"#0"},"east":{"uv":[0,0,8,0],"texture":"#0"},"south":{"uv":[0,0,8,0],"texture":"#0"},"west":{"uv":[0,0,8,0],"texture":"#0"},"up":{"uv":[8,8,0,0],"texture":"#0"},"down":{"uv":[8,0,0,8],"texture":"#0"}}}],"gui_light":"front","display":{"thirdperson_righthand":{"rotation":[75,45,0],"translation":[0,3,2.25],"scale":[0.375,0.375,0.375]},"thirdperson_lefthand":{"rotation":[75,45,0],"translation":[0,3,2.25],"scale":[0.375,0.375,0.375]},"firstperson_righthand":{"rotation":[0,135,0],"translation":[0.75,6.5,0],"scale":[0.5543,0.5543,0.5543]},"firstperson_lefthand":{"rotation":[0,225,0],"translation":[0.75,6.5,0],"scale":[0.5543,0.5543,0.5543]},"ground":{"translation":[0,6,0],"scale":[0.9,0.9,0.9]},"gui":{"rotation":[30,135,0],"translation":[0,4.5,0],"scale":[0.80469,0.80469,0.80469]},"head":{"rotation":[90,180,0],"translation":[0,-30.4,0],"scale":[1.6,1.6,1.6]},"fixed":{"rotation":[-90,0,0],"translation":[0,0,-16],"scale":[2,2,2]}},"mcmodels":"ea71bd802f684404974b1cfacb813cfb"}