{
    "credit": "Polygony Creation Co.,Ltd.",
    "texture_size": [
        12,
        12
    ],
    "textures": {
        "1": "independence_dayset:american_flag",
        "2": "independence_dayset:hoe",
        "3": "independence_dayset:animations/star_animation",
        "particle": "independence_dayset:hoe"
    },
    "elements": [
        {
            "from": [
                7.25,
                1.5,
                7.25
            ],
            "to": [
                8.75,
                2,
                8.75
            ],
            "rotation": {
                "angle": 0,
                "axis": "y",
                "origin": [
                    8,
                    2,
                    8
                ]
            },
            "faces": {
                "north": {
                    "uv": [
                        14.4,
                        7.2,
                        15.6,
                        7.6
                    ],
                    "texture": "#2"
                },
                "east": {
                    "uv": [
                        8,
                        14.4,
                        9.2,
                        14.8
                    ],
                    "texture": "#2"
                },
                "south": {
                    "uv": [
                        14.4,
                        8,
                        15.6,
                        8.4
                    ],
                    "texture": "#2"
                },
                "west": {
                    "uv": [
                        9.6,
                        14.4,
                        10.8,
                        14.8
                    ],
                    "texture": "#2"
                },
                "up": {
                    "uv": [
                        13.2,
                        1.2,
                        12,
                        0
                    ],
                    "texture": "#2"
                },
                "down": {
                    "uv": [
                        2.8,
                        12,
                        1.6,
                        13.2
                    ],
                    "texture": "#2"
                }
            }
        },
        {
            "from": [
                7.25,
                3,
                7.25
            ],
            "to": [
                8.75,
                3.5,
                8.75
            ],
            "rotation": {
                "angle": 0,
                "axis": "y",
                "origin": [
                    8,
                    3.5,
                    8
                ]
            },
            "faces": {
                "north": {
                    "uv": [
                        14.4,
                        9.6,
                        15.6,
                        10
                    ],
                    "texture": "#2"
                },
                "east": {
                    "uv": [
                        14.4,
                        10.4,
                        15.6,
                        10.8
                    ],
                    "texture": "#2"
                },
                "south": {
                    "uv": [
                        11.2,
                        14.4,
                        12.4,
                        14.8
                    ],
                    "texture": "#2"
                },
                "west": {
                    "uv": [
                        12.8,
                        14.4,
                        14,
                        14.8
                    ],
                    "texture": "#2"
                },
                "up": {
                    "uv": [
                        13.2,
                        2.8,
                        12,
                        1.6
                    ],
                    "texture": "#2"
                },
                "down": {
                    "uv": [
                        4.4,
                        12,
                        3.2,
                        13.2
                    ],
                    "texture": "#2"
                }
            }
        },
        {
            "from": [
                7.25,
                8,
                7.25
            ],
            "to": [
                8.75,
                8.5,
                8.75
            ],
            "rotation": {
                "angle": 0,
                "axis": "y",
                "origin": [
                    8,
                    8.5,
                    8
                ]
            },
            "faces": {
                "north": {
                    "uv": [
                        14.4,
                        9.6,
                        15.6,
                        10
                    ],
                    "texture": "#2"
                },
                "east": {
                    "uv": [
                        14.4,
                        10.4,
                        15.6,
                        10.8
                    ],
                    "texture": "#2"
                },
                "south": {
                    "uv": [
                        11.2,
                        14.4,
                        12.4,
                        14.8
                    ],
                    "texture": "#2"
                },
                "west": {
                    "uv": [
                        12.8,
                        14.4,
                        14,
                        14.8
                    ],
                    "texture": "#2"
                },
                "up": {
                    "uv": [
                        13.2,
                        2.8,
                        12,
                        1.6
                    ],
                    "texture": "#2"
                },
                "down": {
                    "uv": [
                        4.4,
                        12,
                        3.2,
                        13.2
                    ],
                    "texture": "#2"
                }
            }
        },
        {
            "from": [
                7.25,
                14,
                7.25
            ],
            "to": [
                8.75,
                14.5,
                8.75
            ],
            "rotation": {
                "angle": 0,
                "axis": "y",
                "origin": [
                    8,
                    14.5,
                    8
                ]
            },
            "faces": {
                "north": {
                    "uv": [
                        14.4,
                        9.6,
                        15.6,
                        10
                    ],
                    "texture": "#2"
                },
                "east": {
                    "uv": [
                        14.4,
                        10.4,
                        15.6,
                        10.8
                    ],
                    "texture": "#2"
                },
                "south": {
                    "uv": [
                        11.2,
                        14.4,
                        12.4,
                        14.8
                    ],
                    "texture": "#2"
                },
                "west": {
                    "uv": [
                        12.8,
                        14.4,
                        14,
                        14.8
                    ],
                    "texture": "#2"
                },
                "up": {
                    "uv": [
                        13.2,
                        2.8,
                        12,
                        1.6
                    ],
                    "texture": "#2"
                },
                "down": {
                    "uv": [
                        4.4,
                        12,
                        3.2,
                        13.2
                    ],
                    "texture": "#2"
                }
            }
        },
        {
            "from": [
                7.5,
                2,
                7.5
            ],
            "to": [
                8.5,
                3,
                8.5
            ],
            "rotation": {
                "angle": 0,
                "axis": "y",
                "origin": [
                    8,
                    2.5,
                    8
                ]
            },
            "faces": {
                "north": {
                    "uv": [
                        8.8,
                        3.2,
                        9.6,
                        4
                    ],
                    "texture": "#2"
                },
                "east": {
                    "uv": [
                        9.6,
                        4.8,
                        10.4,
                        5.6
                    ],
                    "texture": "#2"
                },
                "south": {
                    "uv": [
                        8,
                        9.6,
                        8.8,
                        10.4
                    ],
                    "texture": "#2"
                },
                "west": {
                    "uv": [
                        10.4,
                        9.6,
                        11.2,
                        10.4
                    ],
                    "texture": "#2"
                }
            }
        },
        {
            "from": [
                7.25,
                5,
                7.25
            ],
            "to": [
                8.75,
                6.5,
                8.75
            ],
            "rotation": {
                "angle": -45,
                "axis": "x",
                "origin": [
                    8,
                    5.75,
                    8
                ]
            },
            "faces": {
                "north": {
                    "uv": [
                        4.8,
                        12,
                        6,
                        13.2
                    ],
                    "texture": "#2"
                },
                "east": {
                    "uv": [
                        12,
                        4.8,
                        13.2,
                        6
                    ],
                    "texture": "#2"
                },
                "south": {
                    "uv": [
                        12,
                        6.4,
                        13.2,
                        7.6
                    ],
                    "texture": "#2"
                },
                "west": {
                    "uv": [
                        8,
                        12,
                        9.2,
                        13.2
                    ],
                    "texture": "#2"
                },
                "up": {
                    "uv": [
                        13.2,
                        9.2,
                        12,
                        8
                    ],
                    "texture": "#2"
                },
                "down": {
                    "uv": [
                        10.8,
                        12,
                        9.6,
                        13.2
                    ],
                    "texture": "#2"
                }
            }
        },
        {
            "from": [
                7.15,
                0.25,
                7.25
            ],
            "to": [
                8.85,
                1.75,
                8.75
            ],
            "rotation": {
                "angle": -45,
                "axis": "x",
                "origin": [
                    8,
                    1,
                    8
                ]
            },
            "faces": {
                "north": {
                    "uv": [
                        11.2,
                        3.2,
                        12.6,
                        4.4
                    ],
                    "texture": "#2"
                },
                "east": {
                    "uv": [
                        12.8,
                        3.2,
                        14,
                        4.4
                    ],
                    "texture": "#2"
                },
                "south": {
                    "uv": [
                        11.2,
                        9.6,
                        12.6,
                        10.8
                    ],
                    "texture": "#2"
                },
                "west": {
                    "uv": [
                        12.8,
                        9.6,
                        14,
                        10.8
                    ],
                    "texture": "#2"
                },
                "up": {
                    "uv": [
                        12.6,
                        12.4,
                        11.2,
                        11.2
                    ],
                    "texture": "#2"
                },
                "down": {
                    "uv": [
                        1.4,
                        12,
                        0,
                        13.2
                    ],
                    "texture": "#2"
                }
            }
        },
        {
            "from": [
                6.9,
                0.5,
                7.5
            ],
            "to": [
                9.1,
                1.5,
                8.5
            ],
            "rotation": {
                "angle": -45,
                "axis": "x",
                "origin": [
                    8,
                    1,
                    8
                ]
            },
            "faces": {
                "north": {
                    "uv": [
                        11.2,
                        12.8,
                        13,
                        13.6
                    ],
                    "texture": "#2"
                },
                "east": {
                    "uv": [
                        5.6,
                        13.6,
                        6.4,
                        14.4
                    ],
                    "texture": "#2"
                },
                "south": {
                    "uv": [
                        12.8,
                        11.2,
                        14.6,
                        12
                    ],
                    "texture": "#2"
                },
                "west": {
                    "uv": [
                        13.6,
                        7.2,
                        14.4,
                        8
                    ],
                    "texture": "#2"
                },
                "up": {
                    "uv": [
                        14.6,
                        12.8,
                        12.8,
                        12
                    ],
                    "texture": "#2"
                },
                "down": {
                    "uv": [
                        1.8,
                        13.6,
                        0,
                        14.4
                    ],
                    "texture": "#2"
                }
            }
        },
        {
            "from": [
                7.5,
                3.5,
                7.5
            ],
            "to": [
                8.5,
                8,
                8.5
            ],
            "rotation": {
                "angle": 45,
                "axis": "y",
                "origin": [
                    8,
                    4,
                    8
                ]
            },
            "faces": {
                "north": {
                    "uv": [
                        6.4,
                        5.6,
                        7.2,
                        9.2
                    ],
                    "texture": "#2"
                },
                "east": {
                    "uv": [
                        7.2,
                        5.6,
                        8,
                        9.2
                    ],
                    "texture": "#2"
                },
                "south": {
                    "uv": [
                        8,
                        0,
                        8.8,
                        3.6
                    ],
                    "texture": "#2"
                },
                "west": {
                    "uv": [
                        8,
                        5.6,
                        8.8,
                        9.2
                    ],
                    "texture": "#2"
                },
                "up": {
                    "uv": [
                        8.8,
                        14.4,
                        8,
                        13.6
                    ],
                    "texture": "#2"
                },
                "down": {
                    "uv": [
                        14.4,
                        8,
                        13.6,
                        8.8
                    ],
                    "texture": "#2"
                }
            }
        },
        {
            "from": [
                7,
                14.5,
                7
            ],
            "to": [
                9,
                16.5,
                9
            ],
            "rotation": {
                "angle": 0,
                "axis": "y",
                "origin": [
                    7,
                    14.5,
                    7
                ]
            },
            "faces": {
                "north": {
                    "uv": [
                        8.8,
                        0,
                        10.4,
                        1.6
                    ],
                    "texture": "#2"
                },
                "east": {
                    "uv": [
                        8.8,
                        1.6,
                        10.4,
                        3.2
                    ],
                    "texture": "#2"
                },
                "south": {
                    "uv": [
                        8.8,
                        5.6,
                        10.4,
                        7.2
                    ],
                    "texture": "#2"
                },
                "west": {
                    "uv": [
                        8.8,
                        7.2,
                        10.4,
                        8.8
                    ],
                    "texture": "#2"
                },
                "up": {
                    "uv": [
                        10.4,
                        10.4,
                        8.8,
                        8.8
                    ],
                    "texture": "#2"
                },
                "down": {
                    "uv": [
                        11.2,
                        3.2,
                        9.6,
                        4.8
                    ],
                    "texture": "#2"
                }
            }
        },
        {
            "from": [
                7,
                14.5,
                5
            ],
            "to": [
                9,
                15,
                7
            ],
            "rotation": {
                "angle": 0,
                "axis": "y",
                "origin": [
                    7,
                    14.5,
                    5
                ]
            },
            "faces": {
                "east": {
                    "uv": [
                        8.8,
                        13.6,
                        10.4,
                        14
                    ],
                    "texture": "#2"
                },
                "west": {
                    "uv": [
                        13.6,
                        8.8,
                        15.2,
                        9.2
                    ],
                    "texture": "#2"
                },
                "up": {
                    "uv": [
                        8,
                        11.2,
                        6.4,
                        9.6
                    ],
                    "texture": "#2"
                },
                "down": {
                    "uv": [
                        1.6,
                        10.4,
                        0,
                        12
                    ],
                    "texture": "#2"
                }
            }
        },
        {
            "from": [
                7,
                16,
                5.25
            ],
            "to": [
                9,
                16.5,
                7
            ],
            "rotation": {
                "angle": 0,
                "axis": "y",
                "origin": [
                    7,
                    16,
                    5
                ]
            },
            "faces": {
                "east": {
                    "uv": [
                        3.2,
                        14.4,
                        4.6,
                        14.8
                    ],
                    "texture": "#2"
                },
                "west": {
                    "uv": [
                        14.4,
                        3.2,
                        15.8,
                        3.6
                    ],
                    "texture": "#2"
                },
                "up": {
                    "uv": [
                        6.4,
                        11.8,
                        4.8,
                        10.4
                    ],
                    "texture": "#2"
                },
                "down": {
                    "uv": [
                        12,
                        4.8,
                        10.4,
                        6.2
                    ],
                    "texture": "#2"
                }
            }
        },
        {
            "from": [
                7.25,
                15,
                5
            ],
            "to": [
                8.75,
                16,
                7
            ],
            "rotation": {
                "angle": 0,
                "axis": "y",
                "origin": [
                    7,
                    15.5,
                    5
                ]
            },
            "faces": {
                "east": {
                    "uv": [
                        2.4,
                        13.6,
                        4,
                        14.4
                    ],
                    "texture": "#2"
                },
                "west": {
                    "uv": [
                        4,
                        13.6,
                        5.6,
                        14.4
                    ],
                    "texture": "#2"
                }
            }
        },
        {
            "from": [
                7.0035,
                14.80656,
                3.4588
            ],
            "to": [
                8.9965,
                15.30656,
                5.4588
            ],
            "rotation": {
                "angle": 22.5,
                "axis": "x",
                "origin": [
                    8.0035,
                    15.80656,
                    4.4588
                ]
            },
            "faces": {
                "north": {
                    "uv": [
                        10.4,
                        13.6,
                        12,
                        14
                    ],
                    "texture": "#2"
                },
                "east": {
                    "uv": [
                        12,
                        13.6,
                        13.6,
                        14
                    ],
                    "texture": "#2"
                },
                "west": {
                    "uv": [
                        13.6,
                        12.8,
                        15.2,
                        13.2
                    ],
                    "texture": "#2"
                },
                "up": {
                    "uv": [
                        12,
                        1.6,
                        10.4,
                        0
                    ],
                    "texture": "#2"
                },
                "down": {
                    "uv": [
                        3.2,
                        10.4,
                        1.6,
                        12
                    ],
                    "texture": "#2"
                }
            }
        },
        {
            "from": [
                7.0035,
                16.29905,
                3.45357
            ],
            "to": [
                8.9965,
                16.77405,
                5.11057
            ],
            "rotation": {
                "angle": 22.5,
                "axis": "x",
                "origin": [
                    8.0035,
                    15.79905,
                    4.42857
                ]
            },
            "faces": {
                "north": {
                    "uv": [
                        13.6,
                        13.6,
                        15.2,
                        14
                    ],
                    "texture": "#2"
                },
                "east": {
                    "uv": [
                        14.4,
                        4,
                        15.8,
                        4.4
                    ],
                    "texture": "#2"
                },
                "west": {
                    "uv": [
                        4.8,
                        14.4,
                        6.2,
                        14.8
                    ],
                    "texture": "#2"
                },
                "up": {
                    "uv": [
                        12,
                        7.8,
                        10.4,
                        6.4
                    ],
                    "texture": "#2"
                },
                "down": {
                    "uv": [
                        9.6,
                        10.4,
                        8,
                        11.8
                    ],
                    "texture": "#2"
                }
            }
        },
        {
            "from": [
                7.2535,
                15.30656,
                3.7088
            ],
            "to": [
                8.7465,
                16.30656,
                5.4588
            ],
            "rotation": {
                "angle": 22.5,
                "axis": "x",
                "origin": [
                    8.0035,
                    15.80656,
                    4.4588
                ]
            },
            "faces": {
                "north": {
                    "uv": [
                        13.6,
                        6.4,
                        14.8,
                        7.2
                    ],
                    "texture": "#2"
                },
                "east": {
                    "uv": [
                        13.6,
                        4.8,
                        15,
                        5.6
                    ],
                    "texture": "#2"
                },
                "west": {
                    "uv": [
                        13.6,
                        5.6,
                        15,
                        6.4
                    ],
                    "texture": "#2"
                }
            }
        },
        {
            "from": [
                7.75,
                15.79328,
                6.1971
            ],
            "to": [
                8.25,
                20.79328,
                6.6971
            ],
            "rotation": {
                "angle": -22.5,
                "axis": "x",
                "origin": [
                    8,
                    18.79328,
                    5.4471
                ]
            },
            "faces": {
                "north": {
                    "uv": [
                        9,
                        0,
                        10,
                        10
                    ],
                    "texture": "#1"
                },
                "east": {
                    "uv": [
                        11,
                        0,
                        12,
                        10
                    ],
                    "texture": "#1"
                },
                "south": {
                    "uv": [
                        13,
                        0,
                        14,
                        10
                    ],
                    "texture": "#1"
                },
                "west": {
                    "uv": [
                        15,
                        0,
                        16,
                        10
                    ],
                    "texture": "#1"
                },
                "up": {
                    "uv": [
                        8.5,
                        1,
                        7.5,
                        0
                    ],
                    "texture": "#1"
                },
                "down": {
                    "uv": [
                        8.5,
                        2,
                        7.5,
                        3
                    ],
                    "texture": "#1"
                }
            }
        },
        {
            "from": [
                7.985,
                17.79328,
                2.6971
            ],
            "to": [
                8.015,
                20.79328,
                6.1971
            ],
            "rotation": {
                "angle": -22.5,
                "axis": "x",
                "origin": [
                    7.985,
                    18.79328,
                    5.4471
                ]
            },
            "faces": {
                "east": {
                    "uv": [
                        0,
                        0,
                        7,
                        6
                    ],
                    "texture": "#1"
                },
                "west": {
                    "uv": [
                        7,
                        0,
                        0,
                        6
                    ],
                    "texture": "#1"
                }
            }
        },
        {
            "from": [
                7.75,
                15.79328,
                9.3029
            ],
            "to": [
                8.25,
                20.79328,
                9.8029
            ],
            "rotation": {
                "angle": 22.5,
                "axis": "x",
                "origin": [
                    8,
                    18.79328,
                    10.5529
                ]
            },
            "faces": {
                "north": {
                    "uv": [
                        14,
                        0,
                        13,
                        10
                    ],
                    "texture": "#1"
                },
                "east": {
                    "uv": [
                        12,
                        0,
                        11,
                        10
                    ],
                    "texture": "#1"
                },
                "south": {
                    "uv": [
                        10,
                        0,
                        9,
                        10
                    ],
                    "texture": "#1"
                },
                "west": {
                    "uv": [
                        16,
                        0,
                        15,
                        10
                    ],
                    "texture": "#1"
                },
                "up": {
                    "uv": [
                        8.5,
                        0,
                        7.5,
                        1
                    ],
                    "texture": "#1"
                },
                "down": {
                    "uv": [
                        8.5,
                        3,
                        7.5,
                        2
                    ],
                    "texture": "#1"
                }
            }
        },
        {
            "from": [
                7.985,
                17.79328,
                9.8029
            ],
            "to": [
                8.015,
                20.79328,
                13.3029
            ],
            "rotation": {
                "angle": 22.5,
                "axis": "x",
                "origin": [
                    7.985,
                    18.79328,
                    10.5529
                ]
            },
            "faces": {
                "east": {
                    "uv": [
                        7,
                        0,
                        0,
                        6
                    ],
                    "texture": "#1"
                },
                "west": {
                    "uv": [
                        0,
                        0,
                        7,
                        6
                    ],
                    "texture": "#1"
                }
            }
        },
        {
            "from": [
                7.04289,
                8.5,
                6.75
            ],
            "to": [
                8.54289,
                14,
                8.25
            ],
            "rotation": {
                "angle": -45,
                "axis": "y",
                "origin": [
                    7.29289,
                    8.75,
                    8
                ]
            },
            "faces": {
                "north": {
                    "uv": [
                        0,
                        5.6,
                        1.2,
                        10
                    ],
                    "texture": "#2"
                },
                "east": {
                    "uv": [
                        1.6,
                        5.6,
                        2.8,
                        10
                    ],
                    "texture": "#2"
                },
                "south": {
                    "uv": [
                        3.2,
                        5.6,
                        4.4,
                        10
                    ],
                    "texture": "#2"
                },
                "west": {
                    "uv": [
                        4.8,
                        5.6,
                        6,
                        10
                    ],
                    "texture": "#2"
                },
                "up": {
                    "uv": [
                        14.8,
                        1.2,
                        13.6,
                        0
                    ],
                    "texture": "#2"
                },
                "down": {
                    "uv": [
                        14.8,
                        1.6,
                        13.6,
                        2.8
                    ],
                    "texture": "#2"
                }
            }
        },
        {
            "from": [
                7.75,
                14,
                1.25
            ],
            "to": [
                8.25,
                16,
                7.25
            ],
            "rotation": {
                "angle": -22.5,
                "axis": "x",
                "origin": [
                    8,
                    14.5,
                    2.75
                ]
            },
            "faces": {
                "east": {
                    "uv": [
                        0,
                        4,
                        4.8,
                        5.6
                    ],
                    "texture": "#2"
                },
                "west": {
                    "uv": [
                        4.8,
                        4,
                        9.6,
                        5.6
                    ],
                    "texture": "#2"
                },
                "up": {
                    "uv": [
                        6.8,
                        16,
                        6.4,
                        11.2
                    ],
                    "texture": "#2"
                },
                "down": {
                    "uv": [
                        7.6,
                        11.2,
                        7.2,
                        16
                    ],
                    "texture": "#2"
                }
            }
        },
        {
            "from": [
                7.985,
                11,
                -2.75
            ],
            "to": [
                8.015,
                16,
                7.25
            ],
            "rotation": {
                "angle": -22.5,
                "axis": "x",
                "origin": [
                    8,
                    14.5,
                    2.75
                ]
            },
            "faces": {
                "east": {
                    "uv": [
                        8,
                        0,
                        0,
                        4
                    ],
                    "texture": "#2"
                },
                "west": {
                    "uv": [
                        0,
                        0,
                        8,
                        4
                    ],
                    "texture": "#2"
                }
            }
        },
        {
            "from": [
                7.7475,
                12.5,
                0.62868
            ],
            "to": [
                8.2525,
                14.5,
                2.62868
            ],
            "rotation": {
                "angle": 22.5,
                "axis": "x",
                "origin": [
                    8,
                    14.5,
                    2.75
                ]
            },
            "faces": {
                "north": {
                    "uv": [
                        0,
                        14.4,
                        0.4,
                        16
                    ],
                    "texture": "#2"
                },
                "east": {
                    "uv": [
                        10.4,
                        1.6,
                        12,
                        3.2
                    ],
                    "texture": "#2"
                },
                "south": {
                    "uv": [
                        0.8,
                        14.4,
                        1.2,
                        16
                    ],
                    "texture": "#2"
                },
                "west": {
                    "uv": [
                        3.2,
                        10.4,
                        4.8,
                        12
                    ],
                    "texture": "#2"
                },
                "up": {
                    "uv": [
                        2,
                        16,
                        1.6,
                        14.4
                    ],
                    "texture": "#2"
                },
                "down": {
                    "uv": [
                        2.8,
                        14.4,
                        2.4,
                        16
                    ],
                    "texture": "#2"
                }
            }
        },
        {
            "from": [
                7,
                17.25,
                5
            ],
            "to": [
                7,
                20.5,
                8.25
            ],
            "rotation": {
                "angle": -22.5,
                "axis": "x",
                "origin": [
                    7,
                    17.25,
                    5
                ]
            },
            "faces": {
                "west": {
                    "uv": [
                        0,
                        6.66667,
                        4.33333,
                        11
                    ],
                    "texture": "#3"
                }
            }
        },
        {
            "from": [
                6.75,
                13.5,
                5.875
            ],
            "to": [
                6.75,
                17.75,
                10.125
            ],
            "rotation": {
                "angle": 0,
                "axis": "y",
                "origin": [
                    6.75,
                    13.5,
                    5.875
                ]
            },
            "faces": {
                "west": {
                    "uv": [
                        0,
                        0,
                        5.66667,
                        5.66667
                    ],
                    "texture": "#3"
                }
            }
        },
        {
            "from": [
                7,
                17.25,
                9
            ],
            "to": [
                7,
                19.5,
                11.25
            ],
            "rotation": {
                "angle": 22.5,
                "axis": "x",
                "origin": [
                    7,
                    17.25,
                    9
                ]
            },
            "faces": {
                "west": {
                    "uv": [
                        6.66667,
                        0,
                        9.66667,
                        3
                    ],
                    "texture": "#3"
                }
            }
        },
        {
            "from": [
                9,
                17.25,
                5
            ],
            "to": [
                9,
                20.5,
                8.25
            ],
            "rotation": {
                "angle": -22.5,
                "axis": "x",
                "origin": [
                    9,
                    17.25,
                    5
                ]
            },
            "faces": {
                "east": {
                    "uv": [
                        4.33333,
                        6.66667,
                        0,
                        11
                    ],
                    "texture": "#3"
                }
            }
        },
        {
            "from": [
                9.25,
                13.5,
                5.875
            ],
            "to": [
                9.25,
                17.75,
                10.125
            ],
            "rotation": {
                "angle": 0,
                "axis": "y",
                "origin": [
                    9.25,
                    13.5,
                    5.875
                ]
            },
            "faces": {
                "east": {
                    "uv": [
                        5.66667,
                        0,
                        0,
                        5.66667
                    ],
                    "texture": "#3"
                }
            }
        },
        {
            "from": [
                9,
                17.25,
                9
            ],
            "to": [
                9,
                19.5,
                11.25
            ],
            "rotation": {
                "angle": 22.5,
                "axis": "x",
                "origin": [
                    9,
                    17.25,
                    9
                ]
            },
            "faces": {
                "east": {
                    "uv": [
                        9.66667,
                        0,
                        6.66667,
                        3
                    ],
                    "texture": "#3"
                }
            }
        }
    ],
    "gui_light": "front",
    "display": {
        "thirdperson_righthand": {
            "translation": [
                0,
                0,
                1
            ]
        },
        "thirdperson_lefthand": {
            "translation": [
                0,
                0,
                1
            ]
        },
        "firstperson_righthand": {
            "rotation": [
                8.75,
                0,
                0
            ],
            "translation": [
                3.75,
                -2,
                -2.5
            ]
        },
        "firstperson_lefthand": {
            "rotation": [
                8.75,
                0,
                0
            ],
            "translation": [
                3.75,
                -2,
                -2.5
            ]
        },
        "ground": {
            "rotation": [
                -45,
                0,
                0
            ],
            "translation": [
                0,
                3,
                0
            ],
            "scale": [
                0.7,
                0.7,
                0.7
            ]
        },
        "gui": {
            "rotation": [
                -90,
                45,
                90
            ],
            "translation": [
                3,
                -3,
                0
            ]
        },
        "head": {
            "rotation": [
                0,
                -90,
                0
            ]
        },
        "fixed": {
            "rotation": [
                0,
                -90,
                0
            ],
            "translation": [
                0,
                0,
                -1.5
            ],
            "scale": [
                2,
                2,
                2
            ]
        }
    }
}