{"parent":"item/generated","textures":{"layer0":"item/paper"},"overrides":[{"predicate":{"custom_model_data":1},"model":"default/caveblock"},{"predicate":{"custom_model_data":2},"model":"amethyst_ore"},{"predicate":{"custom_model_data":3},"model":"ruby_ore"},{"predicate":{"custom_model_data":4},"model":"onyx_ore"},{"predicate":{"custom_model_data":5},"model":"orax_ore"},{"predicate":{"custom_model_data":6},"model":"brunnera"},{"predicate":{"custom_model_data":7},"model":"daffodil"},{"predicate":{"custom_model_data":8},"model":"dailily"},{"predicate":{"custom_model_data":9},"model":"default/table"},{"predicate":{"custom_model_data":10},"model":"default/cart"},{"predicate":{"custom_model_data":11},"model":"default/chair"},{"predicate":{"custom_model_data":12},"model":"default/coach"},{"predicate":{"custom_model_data":13},"model":"default/shelf"},{"predicate":{"custom_model_data":14},"model":"default/chest"},{"predicate":{"custom_model_data":15},"model":"default/dollar"},{"predicate":{"custom_model_data":16},"model":"default/chest1"},{"predicate":{"custom_model_data":17},"model":"default/chest2"},{"predicate":{"custom_model_data":18},"model":"default/chest3"},{"predicate":{"custom_model_data":19},"model":"default/chest4"},{"predicate":{"custom_model_data":20},"model":"default/chest5"},{"predicate":{"custom_model_data":21},"model":"default/clasher"},{"predicate":{"custom_model_data":22},"model":"default/wheat_drone"},{"predicate":{"custom_model_data":23},"model":"default/potato_drone"},{"predicate":{"custom_model_data":24},"model":"default/carrot_drone"},{"predicate":{"custom_model_data":25},"model":"default/beetroot_drone"},{"predicate":{"custom_model_data":26},"model":"default/clasher_logo"},{"predicate":{"custom_model_data":27},"model":"default/race_flag"},{"predicate":{"custom_model_data":28},"model":"default/chip"},{"predicate":{"custom_model_data":29},"model":"default/clasher_event_npc_item"},{"predicate":{"custom_model_data":30},"model":"default/mail_drone"},{"predicate":{"custom_model_data":31},"model":"default/wumpus"},{"predicate":{"custom_model_data":32},"model":"default/crashed_drone"},{"predicate":{"custom_model_data":33},"model":"arrow_next_icon"},{"predicate":{"custom_model_data":34},"model":"arrow_previous_icon"},{"predicate":{"custom_model_data":35},"model":"exit_icon"},{"predicate":{"custom_model_data":36},"model":"default/anubis_head"},{"predicate":{"custom_model_data":37},"model":"default/crown"},{"predicate":{"custom_model_data":38},"model":"default/pharaoh_head"},{"predicate":{"custom_model_data":39},"model":"default/witch_hat"},{"predicate":{"custom_model_data":40},"model":"default/space_helmet"},{"predicate":{"custom_model_data":41},"model":"amethyst"},{"predicate":{"custom_model_data":42},"model":"ruby"},{"predicate":{"custom_model_data":43},"model":"orax"},{"predicate":{"custom_model_data":44},"model":"weed_seed"},{"predicate":{"custom_model_data":45},"model":"default/weed/stage0"},{"predicate":{"custom_model_data":46},"model":"default/weed/stage1"},{"predicate":{"custom_model_data":47},"model":"default/weed/stage2"},{"predicate":{"custom_model_data":48},"model":"default/weed/stage3"},{"predicate":{"custom_model_data":49},"model":"grape_seeds"},{"predicate":{"custom_model_data":50},"model":"default/grape/stage0"},{"predicate":{"custom_model_data":51},"model":"default/grape/stage1"},{"predicate":{"custom_model_data":52},"model":"default/grape/stage2"},{"predicate":{"custom_model_data":53},"model":"default/grape/stage3"},{"predicate":{"custom_model_data":54},"model":"default/grape/stage4"},{"predicate":{"custom_model_data":55},"model":"iron_cog"},{"predicate":{"custom_model_data":56},"model":"gold_cog"},{"predicate":{"custom_model_data":57},"model":"diamond_cog"}]}