{
	"credit": "Made with Blockbench",
	"texture_size": [64, 64],
	"textures": {
		"4": "leonemc:item/new_years/axe"
	},
	"elements": [
		{
			"from": [6, 17, 6.5],
			"to": [10, 21, 9.5],
			"rotation": {"angle": 45, "axis": "z", "origin": [8, 19, 8]},
			"faces": {
				"north": {"uv": [3, 0.75, 4, 1.75], "texture": "#4"},
				"east": {"uv": [2.25, 0.75, 3, 1.75], "texture": "#4"},
				"south": {"uv": [4.75, 0.75, 5.75, 1.75], "texture": "#4"},
				"west": {"uv": [4, 0.75, 4.75, 1.75], "texture": "#4"},
				"up": {"uv": [4, 0.75, 3, 0], "texture": "#4"},
				"down": {"uv": [5, 0, 4, 0.75], "texture": "#4"}
			}
		},
		{
			"from": [7.995, 17.995, 7.495],
			"to": [14.005, 20.005, 8.505],
			"rotation": {"angle": 0, "axis": "y", "origin": [11, 18, 7]},
			"faces": {
				"north": {"uv": [2.5, 4, 3.75, 4.5], "texture": "#4"},
				"east": {"uv": [2.25, 4, 2.5, 4.5], "texture": "#4"},
				"south": {"uv": [4, 4, 5.25, 4.5], "texture": "#4"},
				"west": {"uv": [3.75, 4, 4, 4.5], "texture": "#4"},
				"up": {"uv": [3.75, 4, 2.5, 3.75], "texture": "#4"},
				"down": {"uv": [5, 3.75, 3.75, 4], "texture": "#4"}
			}
		},
		{
			"from": [13, 19, 7.5],
			"to": [15, 24, 8.5],
			"rotation": {"angle": 22.5, "axis": "z", "origin": [15, 19, 8]},
			"faces": {
				"north": {"uv": [5.25, 6, 5.75, 7.25], "texture": "#4"},
				"east": {"uv": [5, 6, 5.25, 7.25], "texture": "#4"},
				"south": {"uv": [6, 6, 6.5, 7.25], "texture": "#4"},
				"west": {"uv": [5.75, 6, 6, 7.25], "texture": "#4"},
				"up": {"uv": [5.75, 6, 5.25, 5.75], "texture": "#4"},
				"down": {"uv": [6.25, 5.75, 5.75, 6], "texture": "#4"}
			}
		},
		{
			"from": [9, 20, 7.5],
			"to": [13, 23, 8.5],
			"rotation": {"angle": 22.5, "axis": "z", "origin": [15, 19, 8]},
			"faces": {
				"north": {"uv": [5.75, 2.25, 6.75, 3], "texture": "#4"},
				"east": {"uv": [5.5, 2.25, 5.75, 3], "texture": "#4"},
				"south": {"uv": [7, 2.25, 8, 3], "texture": "#4"},
				"west": {"uv": [6.75, 2.25, 7, 3], "texture": "#4"},
				"up": {"uv": [6.75, 2.25, 5.75, 2], "texture": "#4"},
				"down": {"uv": [7.75, 2, 6.75, 2.25], "texture": "#4"}
			}
		},
		{
			"from": [13, 14, 7.5],
			"to": [15, 19, 8.5],
			"rotation": {"angle": -22.5, "axis": "z", "origin": [15, 19, 8]},
			"faces": {
				"north": {"uv": [6.25, 0.25, 6.75, 1.5], "texture": "#4"},
				"east": {"uv": [6, 0.25, 6.25, 1.5], "texture": "#4"},
				"south": {"uv": [7, 0.25, 7.5, 1.5], "texture": "#4"},
				"west": {"uv": [6.75, 0.25, 7, 1.5], "texture": "#4"},
				"up": {"uv": [6.75, 0.25, 6.25, 0], "texture": "#4"},
				"down": {"uv": [7.25, 0, 6.75, 0.25], "texture": "#4"}
			}
		},
		{
			"from": [9, 15, 7.5],
			"to": [13, 18, 8.5],
			"rotation": {"angle": -22.5, "axis": "z", "origin": [15, 19, 8]},
			"faces": {
				"north": {"uv": [5.75, 3.5, 6.75, 4.25], "texture": "#4"},
				"east": {"uv": [5.5, 3.5, 5.75, 4.25], "texture": "#4"},
				"south": {"uv": [7, 3.5, 8, 4.25], "texture": "#4"},
				"west": {"uv": [6.75, 3.5, 7, 4.25], "texture": "#4"},
				"up": {"uv": [6.75, 3.5, 5.75, 3.25], "texture": "#4"},
				"down": {"uv": [7.75, 3.25, 6.75, 3.5], "texture": "#4"}
			}
		},
		{
			"from": [1.995, 17.995, 7.495],
			"to": [8.005, 20.005, 8.505],
			"rotation": {"angle": 0, "axis": "y", "origin": [5, 18, 7]},
			"faces": {
				"north": {"uv": [2.5, 5, 3.75, 5.5], "texture": "#4"},
				"east": {"uv": [2.25, 5, 2.5, 5.5], "texture": "#4"},
				"south": {"uv": [4, 5, 5.25, 5.5], "texture": "#4"},
				"west": {"uv": [3.75, 5, 4, 5.5], "texture": "#4"},
				"up": {"uv": [3.75, 5, 2.5, 4.75], "texture": "#4"},
				"down": {"uv": [5, 4.75, 3.75, 5], "texture": "#4"}
			}
		},
		{
			"from": [1, 19, 7.5],
			"to": [3, 24, 8.5],
			"rotation": {"angle": -22.5, "axis": "z", "origin": [1, 19, 7]},
			"faces": {
				"north": {"uv": [7, 6, 7.5, 7.25], "texture": "#4"},
				"east": {"uv": [6.75, 6, 7, 7.25], "texture": "#4"},
				"south": {"uv": [7.75, 6, 8.25, 7.25], "texture": "#4"},
				"west": {"uv": [7.5, 6, 7.75, 7.25], "texture": "#4"},
				"up": {"uv": [7.5, 6, 7, 5.75], "texture": "#4"},
				"down": {"uv": [8, 5.75, 7.5, 6], "texture": "#4"}
			}
		},
		{
			"from": [3, 20, 7.5],
			"to": [7, 23, 8.5],
			"rotation": {"angle": -22.5, "axis": "z", "origin": [1, 19, 7]},
			"faces": {
				"north": {"uv": [5.75, 4.75, 6.75, 5.5], "texture": "#4"},
				"east": {"uv": [5.5, 4.75, 5.75, 5.5], "texture": "#4"},
				"south": {"uv": [7, 4.75, 8, 5.5], "texture": "#4"},
				"west": {"uv": [6.75, 4.75, 7, 5.5], "texture": "#4"},
				"up": {"uv": [6.75, 4.75, 5.75, 4.5], "texture": "#4"},
				"down": {"uv": [7.75, 4.5, 6.75, 4.75], "texture": "#4"}
			}
		},
		{
			"from": [1, 14, 7.5],
			"to": [3, 19, 8.5],
			"rotation": {"angle": 22.5, "axis": "z", "origin": [1, 19, 7]},
			"faces": {
				"north": {"uv": [0.25, 7.25, 0.75, 8.5], "texture": "#4"},
				"east": {"uv": [0, 7.25, 0.25, 8.5], "texture": "#4"},
				"south": {"uv": [1, 7.25, 1.5, 8.5], "texture": "#4"},
				"west": {"uv": [0.75, 7.25, 1, 8.5], "texture": "#4"},
				"up": {"uv": [0.75, 7.25, 0.25, 7], "texture": "#4"},
				"down": {"uv": [1.25, 7, 0.75, 7.25], "texture": "#4"}
			}
		},
		{
			"from": [3, 15, 7.5],
			"to": [7, 18, 8.5],
			"rotation": {"angle": 22.5, "axis": "z", "origin": [1, 19, 7]},
			"faces": {
				"north": {"uv": [0.25, 6, 1.25, 6.75], "texture": "#4"},
				"east": {"uv": [0, 6, 0.25, 6.75], "texture": "#4"},
				"south": {"uv": [1.5, 6, 2.5, 6.75], "texture": "#4"},
				"west": {"uv": [1.25, 6, 1.5, 6.75], "texture": "#4"},
				"up": {"uv": [1.25, 6, 0.25, 5.75], "texture": "#4"},
				"down": {"uv": [2.25, 5.75, 1.25, 6], "texture": "#4"}
			}
		},
		{
			"from": [7, 2, 7],
			"to": [9, 20, 9],
			"rotation": {"angle": 0, "axis": "y", "origin": [8, 2, 8]},
			"faces": {
				"north": {"uv": [0.5, 0.5, 1, 5], "texture": "#4"},
				"east": {"uv": [0, 0.5, 0.5, 5], "texture": "#4"},
				"south": {"uv": [1.5, 0.5, 2, 5], "texture": "#4"},
				"west": {"uv": [1, 0.5, 1.5, 5], "texture": "#4"},
				"up": {"uv": [1, 0.5, 0.5, 0], "texture": "#4"},
				"down": {"uv": [1.5, 0, 1, 0.5], "texture": "#4"}
			}
		},
		{
			"from": [6.75, 10.75, 6.75],
			"to": [9.25, 14.25, 9.25],
			"rotation": {"angle": 0, "axis": "y", "origin": [8, 4, 8]},
			"faces": {
				"north": {"uv": [3.25, 6.25, 3.75, 7], "texture": "#4"},
				"east": {"uv": [2.75, 6.25, 3.25, 7], "texture": "#4"},
				"south": {"uv": [4.25, 6.25, 4.75, 7], "texture": "#4"},
				"west": {"uv": [3.75, 6.25, 4.25, 7], "texture": "#4"},
				"up": {"uv": [3.75, 6.25, 3.25, 5.75], "texture": "#4"},
				"down": {"uv": [4.25, 5.75, 3.75, 6.25], "texture": "#4"}
			}
		},
		{
			"from": [6.5, 0, 6.5],
			"to": [9.5, 3, 9.5],
			"rotation": {"angle": 45, "axis": "z", "origin": [8, 1.5, 8]},
			"faces": {
				"north": {"uv": [3, 2.75, 3.75, 3.5], "texture": "#4"},
				"east": {"uv": [2.25, 2.75, 3, 3.5], "texture": "#4"},
				"south": {"uv": [4.5, 2.75, 5.25, 3.5], "texture": "#4"},
				"west": {"uv": [3.75, 2.75, 4.5, 3.5], "texture": "#4"},
				"up": {"uv": [3.75, 2.75, 3, 2], "texture": "#4"},
				"down": {"uv": [4.5, 2, 3.75, 2.75], "texture": "#4"}
			}
		}
	],
	"display": {
		"thirdperson_righthand": {
			"rotation": [0, 90, 0]
		},
		"thirdperson_lefthand": {
			"rotation": [0, -90, 0]
		},
		"firstperson_righthand": {
			"rotation": [0, 90, 0]
		},
		"firstperson_lefthand": {
			"rotation": [0, 90, 0]
		},
		"ground": {
			"rotation": [0, 0, 45],
			"translation": [4, 3, 0]
		},
		"gui": {
			"rotation": [0, 0, -45],
			"translation": [-2.75, -3, 0],
			"scale": [0.7, 0.7, 0.7]
		},
		"fixed": {
			"rotation": [0, 0, 45],
			"translation": [3, -2.75, 0],
			"scale": [0.7, 0.7, 0.7]
		}
	},
	"groups": [
		{
			"name": "root",
			"origin": [8, 0, 8],
			"color": 0,
			"children": [
				{
					"name": "EmeraldAxe",
					"origin": [8, 0, 8],
					"color": 0,
					"children": [
						{
							"name": "AxeHead",
							"origin": [8, 0, 8],
							"color": 0,
							"children": [
								0,
								{
									"name": "AxeHeadBonesA",
									"origin": [9, 0, 7],
									"color": 0,
									"children": [
										1,
										{
											"name": "AxeHeadBoneAA",
											"origin": [15, 19, 7],
											"color": 0,
											"children": [2, 3]
										},
										{
											"name": "AxeHeadBoneAB",
											"origin": [15, 19, 7],
											"color": 0,
											"children": [4, 5]
										}
									]
								},
								{
									"name": "AxeHeadBonesB",
									"origin": [7, 0, 7],
									"color": 0,
									"children": [
										6,
										{
											"name": "AxeHeadBoneBA",
											"origin": [1, 19, 7],
											"color": 0,
											"children": [7, 8]
										},
										{
											"name": "AxeHeadBoneBB",
											"origin": [1, 19, 7],
											"color": 0,
											"children": [9, 10]
										}
									]
								}
							]
						},
						{
							"name": "AxeHilt",
							"origin": [8, 0, 8],
							"color": 0,
							"children": [
								{
									"name": "AxeHandle",
									"origin": [8, 0, 8],
									"color": 0,
									"children": [11, 12]
								},
								{
									"name": "AxePommel",
									"origin": [8, 0, 8],
									"color": 0,
									"children": [13]
								}
							]
						}
					]
				}
			]
		}
	]
}