{
	"credit": "Made with Blockbench",
	"texture_size": [64, 64],
	"textures": {
		"10": "leonemc:item/new_years/mace"
	},
	"elements": [
		{
			"from": [2, 20, 4.5],
			"to": [14, 28, 11.5],
			"rotation": {"angle": 0, "axis": "y", "origin": [8, 21, 7]},
			"faces": {
				"north": {"uv": [1.75, 1.75, 4.75, 3.75], "texture": "#10"},
				"east": {"uv": [0, 1.75, 1.75, 3.75], "texture": "#10"},
				"south": {"uv": [6.5, 1.75, 9.5, 3.75], "texture": "#10"},
				"west": {"uv": [4.75, 1.75, 6.5, 3.75], "texture": "#10"},
				"up": {"uv": [4.75, 1.75, 1.75, 0], "texture": "#10"},
				"down": {"uv": [7.75, 0, 4.75, 1.75], "texture": "#10"}
			}
		},
		{
			"from": [6, 14, 6.5],
			"to": [10, 18, 9.5],
			"rotation": {"angle": 45, "axis": "z", "origin": [8, 16, 9]},
			"faces": {
				"north": {"uv": [3, 6.5, 4, 7.5], "texture": "#10"},
				"east": {"uv": [2.25, 6.5, 3, 7.5], "texture": "#10"},
				"south": {"uv": [4.75, 6.5, 5.75, 7.5], "texture": "#10"},
				"west": {"uv": [4, 6.5, 4.75, 7.5], "texture": "#10"},
				"up": {"uv": [4, 6.5, 3, 5.75], "texture": "#10"},
				"down": {"uv": [5, 5.75, 4, 6.5], "texture": "#10"}
			}
		},
		{
			"from": [6, 18, 6],
			"to": [10, 20, 10],
			"rotation": {"angle": 45, "axis": "y", "origin": [8, 19, 8]},
			"faces": {
				"north": {"uv": [4.25, 5, 3.25, 5.5], "texture": "#10"},
				"east": {"uv": [5.25, 5, 4.25, 5.5], "texture": "#10"},
				"south": {"uv": [6.25, 5, 5.25, 5.5], "texture": "#10"},
				"west": {"uv": [3.25, 5, 2.25, 5.5], "texture": "#10"},
				"up": {"uv": [3.25, 5, 4.25, 4], "texture": "#10"},
				"down": {"uv": [4.25, 4, 5.25, 5], "texture": "#10"}
			}
		},
		{
			"from": [7, -10, 7],
			"to": [9, 20, 9],
			"rotation": {"angle": 0, "axis": "y", "origin": [8, -10, 8]},
			"faces": {
				"north": {"uv": [0.5, 4.5, 1, 12], "texture": "#10"},
				"east": {"uv": [0, 4.5, 0.5, 12], "texture": "#10"},
				"south": {"uv": [1.5, 4.5, 2, 12], "texture": "#10"},
				"west": {"uv": [1, 4.5, 1.5, 12], "texture": "#10"},
				"up": {"uv": [1, 4.5, 0.5, 4], "texture": "#10"},
				"down": {"uv": [1.5, 4, 1, 4.5], "texture": "#10"}
			}
		},
		{
			"from": [6.75, 7.75, 6.75],
			"to": [9.25, 11.25, 9.25],
			"rotation": {"angle": 0, "axis": "y", "origin": [8, 9, 8]},
			"faces": {
				"north": {"uv": [7, 4.5, 7.5, 5.25], "texture": "#10"},
				"east": {"uv": [6.5, 4.5, 7, 5.25], "texture": "#10"},
				"south": {"uv": [8, 4.5, 8.5, 5.25], "texture": "#10"},
				"west": {"uv": [7.5, 4.5, 8, 5.25], "texture": "#10"},
				"up": {"uv": [7.5, 4.5, 7, 4], "texture": "#10"},
				"down": {"uv": [8, 4, 7.5, 4.5], "texture": "#10"}
			}
		},
		{
			"from": [6.5, -12, 6.5],
			"to": [9.5, -9, 9.5],
			"rotation": {"angle": 45, "axis": "z", "origin": [8, -10.5, 8]},
			"faces": {
				"north": {"uv": [6.75, 6.5, 7.5, 7.25], "texture": "#10"},
				"east": {"uv": [6, 6.5, 6.75, 7.25], "texture": "#10"},
				"south": {"uv": [8.25, 6.5, 9, 7.25], "texture": "#10"},
				"west": {"uv": [7.5, 6.5, 8.25, 7.25], "texture": "#10"},
				"up": {"uv": [7.5, 6.5, 6.75, 5.75], "texture": "#10"},
				"down": {"uv": [8.25, 5.75, 7.5, 6.5], "texture": "#10"}
			}
		}
	],
	"display": {
		"thirdperson_righthand": {
			"rotation": [0, 90, 0],
			"translation": [0, 4, 0]
		},
		"thirdperson_lefthand": {
			"rotation": [0, -90, 0],
			"translation": [0, 4, 0]
		},
		"firstperson_righthand": {
			"rotation": [0, 90, 0]
		},
		"firstperson_lefthand": {
			"rotation": [0, 90, 0]
		},
		"ground": {
			"rotation": [0, 0, 90],
			"translation": [0, 3, 0]
		},
		"gui": {
			"rotation": [0, 0, -45],
			"translation": [-1, -1, 0],
			"scale": [0.45, 0.45, 0.45]
		},
		"fixed": {
			"rotation": [0, 0, 45],
			"translation": [0.75, -1, 0],
			"scale": [0.45, 0.45, 0.45]
		}
	},
	"groups": [
		{
			"name": "root",
			"origin": [8, -12, 8],
			"color": 0,
			"boneType": "",
			"children": [
				{
					"name": "EmeraldHammer",
					"origin": [8, -12, 8],
					"color": 0,
					"boneType": "",
					"children": [
						{
							"name": "HammerHead",
							"origin": [8, -12, 8],
							"color": 0,
							"boneType": "",
							"children": [0, 1, 2]
						},
						{
							"name": "HammerHilt",
							"origin": [8, -12, 8],
							"color": 0,
							"boneType": "",
							"children": [
								{
									"name": "HammerHandle",
									"origin": [8, -12, 8],
									"color": 0,
									"boneType": "",
									"children": [3, 4]
								},
								{
									"name": "HammerPommel",
									"origin": [8, -10.5, 8],
									"color": 0,
									"boneType": "",
									"children": [5]
								}
							]
						}
					]
				}
			]
		}
	]
}