{
	"credit": "Made with Blockbench",
	"texture_size": [64, 64],
	"textures": {
		"5": "leonemc:item/new_years/shovel"
	},
	"elements": [
		{
			"from": [6, 17, 6.5],
			"to": [10, 21, 9.5],
			"rotation": {"angle": 45, "axis": "z", "origin": [8, 19, 8]},
			"faces": {
				"north": {"uv": [3, 0.75, 4, 1.75], "texture": "#5"},
				"east": {"uv": [2.25, 0.75, 3, 1.75], "texture": "#5"},
				"south": {"uv": [4.75, 0.75, 5.75, 1.75], "texture": "#5"},
				"west": {"uv": [4, 0.75, 4.75, 1.75], "texture": "#5"},
				"up": {"uv": [4, 0.75, 3, 0], "texture": "#5"},
				"down": {"uv": [5, 0, 4, 0.75], "texture": "#5"}
			}
		},
		{
			"from": [10, 17, 7],
			"to": [12, 19, 9],
			"rotation": {"angle": 45, "axis": "z", "origin": [8, 19, 7]},
			"faces": {
				"north": {"uv": [6, 4.25, 6.5, 4.75], "texture": "#5"},
				"east": {"uv": [5.5, 4.25, 6, 4.75], "texture": "#5"},
				"south": {"uv": [7, 4.25, 7.5, 4.75], "texture": "#5"},
				"west": {"uv": [6.5, 4.25, 7, 4.75], "texture": "#5"},
				"up": {"uv": [6.5, 4.25, 6, 3.75], "texture": "#5"},
				"down": {"uv": [7, 3.75, 6.5, 4.25], "texture": "#5"}
			}
		},
		{
			"from": [6, 21, 7],
			"to": [8, 23, 9],
			"rotation": {"angle": 45, "axis": "z", "origin": [8, 19, 7]},
			"faces": {
				"north": {"uv": [6, 5.5, 6.5, 6], "texture": "#5"},
				"east": {"uv": [5.5, 5.5, 6, 6], "texture": "#5"},
				"south": {"uv": [7, 5.5, 7.5, 6], "texture": "#5"},
				"west": {"uv": [6.5, 5.5, 7, 6], "texture": "#5"},
				"up": {"uv": [6.5, 5.5, 6, 5], "texture": "#5"},
				"down": {"uv": [7, 5, 6.5, 5.5], "texture": "#5"}
			}
		},
		{
			"from": [5.495, 18.995, 7.495],
			"to": [10.505, 25.005, 8.505],
			"rotation": {"angle": 0, "axis": "y", "origin": [7, 22, 8]},
			"faces": {
				"north": {"uv": [2.5, 2.25, 3.75, 3.75], "texture": "#5"},
				"east": {"uv": [2.25, 2.25, 2.5, 3.75], "texture": "#5"},
				"south": {"uv": [4, 2.25, 5.25, 3.75], "texture": "#5"},
				"west": {"uv": [3.75, 2.25, 4, 3.75], "texture": "#5"},
				"up": {"uv": [3.75, 2.25, 2.5, 2], "texture": "#5"},
				"down": {"uv": [5, 2, 3.75, 2.25], "texture": "#5"}
			}
		},
		{
			"from": [5.5, 23.5, 7.5],
			"to": [10.5, 28.5, 8.5],
			"rotation": {"angle": 45, "axis": "z", "origin": [8, 26, 8]},
			"faces": {
				"north": {"uv": [2.5, 4.25, 3.75, 5.5], "texture": "#5"},
				"east": {"uv": [2.25, 4.25, 2.5, 5.5], "texture": "#5"},
				"south": {"uv": [4, 4.25, 5.25, 5.5], "texture": "#5"},
				"west": {"uv": [3.75, 4.25, 4, 5.5], "texture": "#5"},
				"up": {"uv": [3.75, 4.25, 2.5, 4], "texture": "#5"},
				"down": {"uv": [5, 4, 3.75, 4.25], "texture": "#5"}
			}
		},
		{
			"from": [6.75, 10.75, 6.75],
			"to": [9.25, 14.25, 9.25],
			"rotation": {"angle": 0, "axis": "y", "origin": [8, -4, 8]},
			"faces": {
				"north": {"uv": [0.5, 5.75, 1, 6.5], "texture": "#5"},
				"east": {"uv": [0, 5.75, 0.5, 6.5], "texture": "#5"},
				"south": {"uv": [1.5, 5.75, 2, 6.5], "texture": "#5"},
				"west": {"uv": [1, 5.75, 1.5, 6.5], "texture": "#5"},
				"up": {"uv": [1, 5.75, 0.5, 5.25], "texture": "#5"},
				"down": {"uv": [1.5, 5.25, 1, 5.75], "texture": "#5"}
			}
		},
		{
			"from": [7, 2, 7],
			"to": [9, 20, 9],
			"rotation": {"angle": 0, "axis": "y", "origin": [8, 2, 8]},
			"faces": {
				"north": {"uv": [0.5, 0.5, 1, 5], "texture": "#5"},
				"east": {"uv": [0, 0.5, 0.5, 5], "texture": "#5"},
				"south": {"uv": [1.5, 0.5, 2, 5], "texture": "#5"},
				"west": {"uv": [1, 0.5, 1.5, 5], "texture": "#5"},
				"up": {"uv": [1, 0.5, 0.5, 0], "texture": "#5"},
				"down": {"uv": [1.5, 0, 1, 0.5], "texture": "#5"}
			}
		},
		{
			"from": [6.5, 0, 6.5],
			"to": [9.5, 3, 9.5],
			"rotation": {"angle": 45, "axis": "z", "origin": [8, 1.5, 8]},
			"faces": {
				"north": {"uv": [6.25, 2.75, 7, 3.5], "texture": "#5"},
				"east": {"uv": [5.5, 2.75, 6.25, 3.5], "texture": "#5"},
				"south": {"uv": [7.75, 2.75, 8.5, 3.5], "texture": "#5"},
				"west": {"uv": [7, 2.75, 7.75, 3.5], "texture": "#5"},
				"up": {"uv": [7, 2.75, 6.25, 2], "texture": "#5"},
				"down": {"uv": [7.75, 2, 7, 2.75], "texture": "#5"}
			}
		}
	],
	"display": {
		"thirdperson_righthand": {
			"rotation": [0, 90, 0]
		},
		"thirdperson_lefthand": {
			"rotation": [0, -90, 0]
		},
		"firstperson_righthand": {
			"rotation": [0, 90, 0],
			"translation": [0, -6, 0]
		},
		"firstperson_lefthand": {
			"rotation": [0, 90, 0],
			"translation": [0, -6, 0]
		},
		"ground": {
			"rotation": [0, 0, 45],
			"translation": [4, 3, 0]
		},
		"gui": {
			"rotation": [0, 0, -45],
			"translation": [-3, -3, 0],
			"scale": [0.7, 0.7, 0.7]
		},
		"fixed": {
			"rotation": [0, 0, 45],
			"translation": [3.25, -2.75, 0],
			"scale": [0.7, 0.7, 0.7]
		}
	},
	"groups": [
		{
			"name": "root",
			"origin": [8, 0, 8],
			"color": 0,
			"boneType": "",
			"children": [
				{
					"name": "EmeraldShovel",
					"origin": [8, 0, 8],
					"color": 0,
					"boneType": "",
					"children": [
						{
							"name": "ShovelHead",
							"origin": [8, 0, 8],
							"color": 0,
							"boneType": "",
							"children": [
								0,
								1,
								2,
								{
									"name": "ShovelHeadCubes",
									"origin": [8, 0, 8],
									"color": 0,
									"boneType": "",
									"children": [3, 4]
								}
							]
						},
						{
							"name": "ShovelHilt",
							"origin": [8, 0, 8],
							"color": 0,
							"boneType": "",
							"children": [
								{
									"name": "ShovelHandle",
									"origin": [8, 0, 8],
									"color": 0,
									"boneType": "",
									"children": [5, 6]
								},
								{
									"name": "ShovelPommel",
									"origin": [8, 1.5, 8],
									"color": 0,
									"boneType": "",
									"children": [7]
								}
							]
						}
					]
				}
			]
		}
	]
}