{
	"credit": "Made with Blockbench",
	"texture_size": [32, 32],
	"textures": {
		"7": "leonemc:item/new_years/hoe"
	},
	"elements": [
		{
			"from": [6, 17, 6.5],
			"to": [10, 21, 9.5],
			"rotation": {"angle": 45, "axis": "z", "origin": [8, 19, 8]},
			"faces": {
				"north": {"uv": [6, 1.5, 8, 3.5], "texture": "#7"},
				"east": {"uv": [4.5, 1.5, 6, 3.5], "texture": "#7"},
				"south": {"uv": [9.5, 1.5, 11.5, 3.5], "texture": "#7"},
				"west": {"uv": [8, 1.5, 9.5, 3.5], "texture": "#7"},
				"up": {"uv": [8, 1.5, 6, 0], "texture": "#7"},
				"down": {"uv": [10, 0, 8, 1.5], "texture": "#7"}
			}
		},
		{
			"from": [8, 18.5, 7.5],
			"to": [13, 21.5, 8.5],
			"rotation": {"angle": -22.5, "axis": "z", "origin": [8, 21.5, 8]},
			"faces": {
				"north": {"uv": [5, 8, 7.5, 9.5], "texture": "#7"},
				"east": {"uv": [4.5, 8, 5, 9.5], "texture": "#7"},
				"south": {"uv": [8, 8, 10.5, 9.5], "texture": "#7"},
				"west": {"uv": [7.5, 8, 8, 9.5], "texture": "#7"},
				"up": {"uv": [7.5, 8, 5, 7.5], "texture": "#7"},
				"down": {"uv": [10, 7.5, 7.5, 8], "texture": "#7"}
			}
		},
		{
			"from": [13, 19.5, 7.5],
			"to": [16, 21.5, 8.5],
			"rotation": {"angle": -22.5, "axis": "z", "origin": [8, 21.5, 8]},
			"faces": {
				"north": {"uv": [11.5, 4.5, 13, 5.5], "texture": "#7"},
				"east": {"uv": [11, 4.5, 11.5, 5.5], "texture": "#7"},
				"south": {"uv": [13.5, 4.5, 15, 5.5], "texture": "#7"},
				"west": {"uv": [13, 4.5, 13.5, 5.5], "texture": "#7"},
				"up": {"uv": [13, 4.5, 11.5, 4], "texture": "#7"},
				"down": {"uv": [14.5, 4, 13, 4.5], "texture": "#7"}
			}
		},
		{
			"from": [16, 19.5, 7.5],
			"to": [18, 20.5, 8.5],
			"rotation": {"angle": -22.5, "axis": "z", "origin": [8, 21.5, 8]},
			"faces": {
				"north": {"uv": [11.5, 6.5, 12.5, 7], "texture": "#7"},
				"east": {"uv": [11, 6.5, 11.5, 7], "texture": "#7"},
				"south": {"uv": [13, 6.5, 14, 7], "texture": "#7"},
				"west": {"uv": [12.5, 6.5, 13, 7], "texture": "#7"},
				"up": {"uv": [12.5, 6.5, 11.5, 6], "texture": "#7"},
				"down": {"uv": [13.5, 6, 12.5, 6.5], "texture": "#7"}
			}
		},
		{
			"from": [5, 18.25, 7],
			"to": [8, 21.25, 9],
			"rotation": {"angle": 0, "axis": "y", "origin": [8, 19, 8]},
			"faces": {
				"north": {"uv": [5.5, 11, 7, 12.5], "texture": "#7"},
				"east": {"uv": [4.5, 11, 5.5, 12.5], "texture": "#7"},
				"south": {"uv": [8, 11, 9.5, 12.5], "texture": "#7"},
				"west": {"uv": [7, 11, 8, 12.5], "texture": "#7"},
				"up": {"uv": [7, 11, 5.5, 10], "texture": "#7"},
				"down": {"uv": [8.5, 10, 7, 11], "texture": "#7"}
			}
		},
		{
			"from": [3, 19.25, 7],
			"to": [5, 21.25, 9],
			"rotation": {"angle": 0, "axis": "y", "origin": [5, 19, 8]},
			"faces": {
				"north": {"uv": [1, 11.5, 2, 12.5], "texture": "#7"},
				"east": {"uv": [0, 11.5, 1, 12.5], "texture": "#7"},
				"south": {"uv": [3, 11.5, 4, 12.5], "texture": "#7"},
				"west": {"uv": [2, 11.5, 3, 12.5], "texture": "#7"},
				"up": {"uv": [2, 11.5, 1, 10.5], "texture": "#7"},
				"down": {"uv": [3, 10.5, 2, 11.5], "texture": "#7"}
			}
		},
		{
			"from": [7, 2, 7],
			"to": [9, 20, 9],
			"rotation": {"angle": 0, "axis": "y", "origin": [8, 2, 8]},
			"faces": {
				"north": {"uv": [1, 1, 2, 10], "texture": "#7"},
				"east": {"uv": [0, 1, 1, 10], "texture": "#7"},
				"south": {"uv": [3, 1, 4, 10], "texture": "#7"},
				"west": {"uv": [2, 1, 3, 10], "texture": "#7"},
				"up": {"uv": [2, 1, 1, 0], "texture": "#7"},
				"down": {"uv": [3, 0, 2, 1], "texture": "#7"}
			}
		},
		{
			"from": [6.75, 10.75, 6.75],
			"to": [9.25, 14.25, 9.25],
			"rotation": {"angle": 0, "axis": "y", "origin": [8, -4, 8]},
			"faces": {
				"north": {"uv": [11, 11, 12, 12.5], "texture": "#7"},
				"east": {"uv": [10, 11, 11, 12.5], "texture": "#7"},
				"south": {"uv": [13, 11, 14, 12.5], "texture": "#7"},
				"west": {"uv": [12, 11, 13, 12.5], "texture": "#7"},
				"up": {"uv": [12, 11, 11, 10], "texture": "#7"},
				"down": {"uv": [13, 10, 12, 11], "texture": "#7"}
			}
		},
		{
			"from": [6.5, 0, 6.5],
			"to": [9.5, 3, 9.5],
			"rotation": {"angle": 45, "axis": "z", "origin": [8, 1.5, 8]},
			"faces": {
				"north": {"uv": [6, 5.5, 7.5, 7], "texture": "#7"},
				"east": {"uv": [4.5, 5.5, 6, 7], "texture": "#7"},
				"south": {"uv": [9, 5.5, 10.5, 7], "texture": "#7"},
				"west": {"uv": [7.5, 5.5, 9, 7], "texture": "#7"},
				"up": {"uv": [7.5, 5.5, 6, 4], "texture": "#7"},
				"down": {"uv": [9, 4, 7.5, 5.5], "texture": "#7"}
			}
		}
	],
	"display": {
		"thirdperson_righthand": {
			"rotation": [0, 90, 0]
		},
		"thirdperson_lefthand": {
			"rotation": [0, -90, 0]
		},
		"firstperson_righthand": {
			"rotation": [0, 90, 0]
		},
		"firstperson_lefthand": {
			"rotation": [0, 90, 0]
		},
		"ground": {
			"rotation": [0, 0, 45],
			"translation": [4, 3, 0]
		},
		"gui": {
			"rotation": [0, 0, -45],
			"translation": [-2.25, -2.5, 0],
			"scale": [0.7, 0.7, 0.7]
		},
		"fixed": {
			"rotation": [0, 0, 45],
			"translation": [2.5, -2.25, 0],
			"scale": [0.7, 0.7, 0.7]
		}
	},
	"groups": [
		{
			"name": "root",
			"origin": [8, 0, 8],
			"color": 0,
			"boneType": "",
			"children": [
				{
					"name": "EmeraldHoe",
					"origin": [8, 0, 8],
					"color": 0,
					"boneType": "",
					"children": [
						{
							"name": "HoeHead",
							"origin": [8, 0, 8],
							"color": 0,
							"boneType": "",
							"children": [
								0,
								{
									"name": "HoeHeadCubes",
									"origin": [8, 0, 8],
									"color": 0,
									"boneType": "",
									"children": [
										{
											"name": "HoeHeadCubesA",
											"origin": [8, 21.5, 8],
											"color": 0,
											"boneType": "",
											"children": [1, 2, 3]
										},
										{
											"name": "HoeHeadCubesB",
											"origin": [8, 21.25, 8],
											"color": 0,
											"boneType": "",
											"children": [4, 5]
										}
									]
								}
							]
						},
						{
							"name": "HoeHilt",
							"origin": [8, 0, 8],
							"color": 0,
							"boneType": "",
							"children": [
								{
									"name": "HoeHandle",
									"origin": [8, 0, 8],
									"color": 0,
									"boneType": "",
									"children": [6, 7]
								},
								{
									"name": "HoePommel",
									"origin": [8, 0, 8],
									"color": 0,
									"boneType": "",
									"children": [8]
								}
							]
						}
					]
				}
			]
		}
	]
}