{
	"credit": "Made with Blockbench",
	"texture_size": [32, 32],
	"textures": {
		"3": "leonemc:item/new_years/sword"
	},
	"elements": [
		{
			"from": [6.43526, 9.81846, 7.60706],
			"to": [9.56474, 21.54114, 8.39294],
			"rotation": {"angle": 0, "axis": "y", "origin": [8, 11.3832, 8]},
			"faces": {
				"north": {"uv": [0.5, 0.5, 2.5, 8], "texture": "#3"},
				"east": {"uv": [0, 0.5, 0.5, 8], "texture": "#3"},
				"south": {"uv": [3, 0.5, 5, 8], "texture": "#3"},
				"west": {"uv": [2.5, 0.5, 3, 8], "texture": "#3"},
				"up": {"uv": [2.5, 0.5, 0.5, 0], "texture": "#3"},
				"down": {"uv": [4.5, 0, 2.5, 0.5], "texture": "#3"}
			}
		},
		{
			"from": [6.4376, 20.367, 7.6094],
			"to": [9.5624, 23.4918, 8.3906],
			"rotation": {"angle": -45, "axis": "z", "origin": [8, 21.9294, 8]},
			"faces": {
				"north": {"uv": [11.5, 7.5, 13.5, 9.5], "texture": "#3"},
				"east": {"uv": [11, 7.5, 11.5, 9.5], "texture": "#3"},
				"south": {"uv": [14, 7.5, 16, 9.5], "texture": "#3"},
				"west": {"uv": [13.5, 7.5, 14, 9.5], "texture": "#3"},
				"up": {"uv": [13.5, 7.5, 11.5, 7], "texture": "#3"},
				"down": {"uv": [15.5, 7, 13.5, 7.5], "texture": "#3"}
			}
		},
		{
			"from": [6.4376, 7.4772, 6.8282],
			"to": [9.5624, 10.602, 9.1718],
			"rotation": {"angle": 45, "axis": "z", "origin": [8, 9.0396, 8]},
			"faces": {
				"north": {"uv": [6.5, 5, 8.5, 7], "texture": "#3"},
				"east": {"uv": [5, 5, 6.5, 7], "texture": "#3"},
				"south": {"uv": [10, 5, 12, 7], "texture": "#3"},
				"west": {"uv": [8.5, 5, 10, 7], "texture": "#3"},
				"up": {"uv": [8.5, 5, 6.5, 3.5], "texture": "#3"},
				"down": {"uv": [10.5, 3.5, 8.5, 5], "texture": "#3"}
			}
		},
		{
			"from": [8, 5.9148, 7.2188],
			"to": [10.3436, 9.0396, 8.7812],
			"rotation": {"angle": 45, "axis": "z", "origin": [8, 9.0396, 8]},
			"faces": {
				"north": {"uv": [7, 11, 8.5, 13], "texture": "#3"},
				"east": {"uv": [6, 11, 7, 13], "texture": "#3"},
				"south": {"uv": [9.5, 11, 11, 13], "texture": "#3"},
				"west": {"uv": [8.5, 11, 9.5, 13], "texture": "#3"},
				"up": {"uv": [8.5, 11, 7, 10], "texture": "#3"},
				"down": {"uv": [10, 10, 8.5, 11], "texture": "#3"}
			}
		},
		{
			"from": [4.8752, 9.0396, 7.2188],
			"to": [8, 11.3832, 8.7812],
			"rotation": {"angle": 45, "axis": "z", "origin": [8, 9.0396, 8]},
			"faces": {
				"north": {"uv": [1, 11, 3, 12.5], "texture": "#3"},
				"east": {"uv": [0, 11, 1, 12.5], "texture": "#3"},
				"south": {"uv": [4, 11, 6, 12.5], "texture": "#3"},
				"west": {"uv": [3, 11, 4, 12.5], "texture": "#3"},
				"up": {"uv": [3, 11, 1, 10], "texture": "#3"},
				"down": {"uv": [5, 10, 3, 11], "texture": "#3"}
			}
		},
		{
			"from": [7.2188, 4.3524, 7.2188],
			"to": [8.7812, 8.2584, 8.7812],
			"rotation": {"angle": 0, "axis": "y", "origin": [8, 4.3524, 8]},
			"faces": {
				"north": {"uv": [12, 10.5, 13, 13], "texture": "#3"},
				"east": {"uv": [11, 10.5, 12, 13], "texture": "#3"},
				"south": {"uv": [14, 10.5, 15, 13], "texture": "#3"},
				"west": {"uv": [13, 10.5, 14, 13], "texture": "#3"},
				"up": {"uv": [13, 10.5, 12, 9.5], "texture": "#3"},
				"down": {"uv": [14, 9.5, 13, 10.5], "texture": "#3"}
			}
		},
		{
			"from": [6.8282, 2.79, 6.8282],
			"to": [9.1718, 5.1336, 9.1718],
			"rotation": {"angle": 45, "axis": "z", "origin": [8, 3.9618, 7.2188]},
			"faces": {
				"north": {"uv": [6.5, 8.5, 8, 10], "texture": "#3"},
				"east": {"uv": [5, 8.5, 6.5, 10], "texture": "#3"},
				"south": {"uv": [9.5, 8.5, 11, 10], "texture": "#3"},
				"west": {"uv": [8, 8.5, 9.5, 10], "texture": "#3"},
				"up": {"uv": [8, 8.5, 6.5, 7], "texture": "#3"},
				"down": {"uv": [9.5, 7, 8, 8.5], "texture": "#3"}
			}
		}
	],
	"display": {
		"thirdperson_righthand": {
			"rotation": [0, 90, 0],
			"translation": [0, 0.5, 0]
		},
		"thirdperson_lefthand": {
			"rotation": [0, -90, 0],
			"translation": [0, 0.5, 0]
		},
		"firstperson_righthand": {
			"rotation": [0, 90, 0]
		},
		"firstperson_lefthand": {
			"rotation": [0, 90, 0]
		},
		"ground": {
			"rotation": [0, 0, 45],
			"translation": [4, 3, 0]
		},
		"gui": {
			"rotation": [0, 0, -45],
			"translation": [-2.75, -3, 0],
			"scale": [0.7, 0.7, 0.7]
		},
		"fixed": {
			"rotation": [0, 0, 45],
			"translation": [3, -2.75, 0],
			"scale": [0.7, 0.7, 0.7]
		}
	},
	"groups": [
		{
			"name": "root",
			"origin": [8, 0, 8],
			"color": 0,
			"children": [
				{
					"name": "EmeraldSword",
					"origin": [8, 0, 7],
					"color": 0,
					"children": [
						{
							"name": "SwordBlade",
							"origin": [8, 1, 7],
							"color": 0,
							"children": [0, 1]
						},
						{
							"name": "SwordHilt",
							"origin": [8, 0, 7],
							"color": 0,
							"children": [
								{
									"name": "SwordGuard",
									"origin": [8, 8, 8],
									"color": 0,
									"children": [2, 3, 4]
								},
								{
									"name": "SwordHandle",
									"origin": [8, 0, 7],
									"color": 0,
									"children": [5]
								},
								{
									"name": "SwordPommel",
									"origin": [8, 1.5, 7],
									"color": 0,
									"children": [6]
								}
							]
						}
					]
				}
			]
		}
	]
}