{
	"credit": "Made with Blockbench",
	"texture_size": [64, 64],
	"textures": {
		"6": "leonemc:item/new_years/pickaxe"
	},
	"elements": [
		{
			"from": [6, 17, 6.5],
			"to": [10, 21, 9.5],
			"rotation": {"angle": 45, "axis": "z", "origin": [8, 19, 8]},
			"faces": {
				"north": {"uv": [3, 0.75, 4, 1.75], "texture": "#6"},
				"east": {"uv": [2.25, 0.75, 3, 1.75], "texture": "#6"},
				"south": {"uv": [4.75, 0.75, 5.75, 1.75], "texture": "#6"},
				"west": {"uv": [4, 0.75, 4.75, 1.75], "texture": "#6"},
				"up": {"uv": [4, 0.75, 3, 0], "texture": "#6"},
				"down": {"uv": [5, 0, 4, 0.75], "texture": "#6"}
			}
		},
		{
			"from": [8, 18.5, 7],
			"to": [13, 21.5, 9],
			"rotation": {"angle": -22.5, "axis": "z", "origin": [8, 21.5, 8]},
			"faces": {
				"north": {"uv": [2.75, 2.5, 4, 3.25], "texture": "#6"},
				"east": {"uv": [2.25, 2.5, 2.75, 3.25], "texture": "#6"},
				"south": {"uv": [4.5, 2.5, 5.75, 3.25], "texture": "#6"},
				"west": {"uv": [4, 2.5, 4.5, 3.25], "texture": "#6"},
				"up": {"uv": [4, 2.5, 2.75, 2], "texture": "#6"},
				"down": {"uv": [5.25, 2, 4, 2.5], "texture": "#6"}
			}
		},
		{
			"from": [13, 19.5, 7],
			"to": [16, 21.5, 9],
			"rotation": {"angle": -22.5, "axis": "z", "origin": [8, 21.5, 8]},
			"faces": {
				"north": {"uv": [6, 5.5, 6.75, 6], "texture": "#6"},
				"east": {"uv": [5.5, 5.5, 6, 6], "texture": "#6"},
				"south": {"uv": [7.25, 5.5, 8, 6], "texture": "#6"},
				"west": {"uv": [6.75, 5.5, 7.25, 6], "texture": "#6"},
				"up": {"uv": [6.75, 5.5, 6, 5], "texture": "#6"},
				"down": {"uv": [7.5, 5, 6.75, 5.5], "texture": "#6"}
			}
		},
		{
			"from": [3, 18.5, 7],
			"to": [8, 21.5, 9],
			"rotation": {"angle": 22.5, "axis": "z", "origin": [8, 21.5, 8]},
			"faces": {
				"north": {"uv": [2.75, 4, 4, 4.75], "texture": "#6"},
				"east": {"uv": [2.25, 4, 2.75, 4.75], "texture": "#6"},
				"south": {"uv": [4.5, 4, 5.75, 4.75], "texture": "#6"},
				"west": {"uv": [4, 4, 4.5, 4.75], "texture": "#6"},
				"up": {"uv": [4, 4, 2.75, 3.5], "texture": "#6"},
				"down": {"uv": [5.25, 3.5, 4, 4], "texture": "#6"}
			}
		},
		{
			"from": [0, 19.5, 7],
			"to": [3, 21.5, 9],
			"rotation": {"angle": 22.5, "axis": "z", "origin": [8, 21.5, 8]},
			"faces": {
				"north": {"uv": [6.5, 0.5, 7.25, 1], "texture": "#6"},
				"east": {"uv": [6, 0.5, 6.5, 1], "texture": "#6"},
				"south": {"uv": [7.75, 0.5, 8.5, 1], "texture": "#6"},
				"west": {"uv": [7.25, 0.5, 7.75, 1], "texture": "#6"},
				"up": {"uv": [7.25, 0.5, 6.5, 0], "texture": "#6"},
				"down": {"uv": [8, 0, 7.25, 0.5], "texture": "#6"}
			}
		},
		{
			"from": [7, 2, 7],
			"to": [9, 20, 9],
			"rotation": {"angle": 0, "axis": "y", "origin": [8, 2, 8]},
			"faces": {
				"north": {"uv": [0.5, 0.5, 1, 5], "texture": "#6"},
				"east": {"uv": [0, 0.5, 0.5, 5], "texture": "#6"},
				"south": {"uv": [1.5, 0.5, 2, 5], "texture": "#6"},
				"west": {"uv": [1, 0.5, 1.5, 5], "texture": "#6"},
				"up": {"uv": [1, 0.5, 0.5, 0], "texture": "#6"},
				"down": {"uv": [1.5, 0, 1, 0.5], "texture": "#6"}
			}
		},
		{
			"from": [6.75, 10.75, 6.75],
			"to": [9.25, 14.25, 9.25],
			"rotation": {"angle": 0, "axis": "y", "origin": [8, -4, 8]},
			"faces": {
				"north": {"uv": [0.5, 5.75, 1, 6.5], "texture": "#6"},
				"east": {"uv": [0, 5.75, 0.5, 6.5], "texture": "#6"},
				"south": {"uv": [1.5, 5.75, 2, 6.5], "texture": "#6"},
				"west": {"uv": [1, 5.75, 1.5, 6.5], "texture": "#6"},
				"up": {"uv": [1, 5.75, 0.5, 5.25], "texture": "#6"},
				"down": {"uv": [1.5, 5.25, 1, 5.75], "texture": "#6"}
			}
		},
		{
			"from": [6.5, 0, 6.5],
			"to": [9.5, 3, 9.5],
			"rotation": {"angle": 45, "axis": "z", "origin": [8, 1.5, 8]},
			"faces": {
				"north": {"uv": [3, 5.75, 3.75, 6.5], "texture": "#6"},
				"east": {"uv": [2.25, 5.75, 3, 6.5], "texture": "#6"},
				"south": {"uv": [4.5, 5.75, 5.25, 6.5], "texture": "#6"},
				"west": {"uv": [3.75, 5.75, 4.5, 6.5], "texture": "#6"},
				"up": {"uv": [3.75, 5.75, 3, 5], "texture": "#6"},
				"down": {"uv": [4.5, 5, 3.75, 5.75], "texture": "#6"}
			}
		}
	],
	"display": {
		"thirdperson_righthand": {
			"rotation": [0, 90, 0]
		},
		"thirdperson_lefthand": {
			"rotation": [0, -90, 0]
		},
		"firstperson_righthand": {
			"rotation": [0, 90, 0]
		},
		"firstperson_lefthand": {
			"rotation": [0, 90, 0]
		},
		"ground": {
			"rotation": [0, 0, 45],
			"translation": [4, 3, 0]
		},
		"gui": {
			"rotation": [0, 0, -45],
			"translation": [-2.25, -2.5, 0],
			"scale": [0.7, 0.7, 0.7]
		},
		"fixed": {
			"rotation": [0, 0, 45],
			"translation": [2.5, -2.25, 0],
			"scale": [0.7, 0.7, 0.7]
		}
	},
	"groups": [
		{
			"name": "root",
			"origin": [8, 0, 8],
			"color": 0,
			"boneType": "",
			"children": [
				{
					"name": "EmeraldPickAxe",
					"origin": [8, 0, 8],
					"color": 0,
					"boneType": "",
					"children": [
						{
							"name": "PickAxeHead",
							"origin": [8, -2, 8],
							"color": 0,
							"boneType": "",
							"children": [
								0,
								{
									"name": "PickAxeHeadCubeA",
									"origin": [8, 21.5, 8],
									"color": 9,
									"boneType": "",
									"children": [1, 2]
								},
								{
									"name": "PickAxeHeadCubeA2",
									"origin": [8, 21.5, 8],
									"color": 9,
									"boneType": "",
									"children": [3, 4]
								}
							]
						},
						{
							"name": "PickAxeHilt",
							"origin": [8, 1, 8],
							"color": 0,
							"boneType": "",
							"children": [
								{
									"name": "PickAxeHandle",
									"origin": [8, 1, 8],
									"color": 0,
									"boneType": "",
									"children": [5, 6]
								},
								{
									"name": "PickAxePommel",
									"origin": [8, 1.5, 8],
									"color": 0,
									"boneType": "",
									"children": [7]
								}
							]
						}
					]
				}
			]
		}
	]
}