{
	"credit": "Made with Blockbench",
	"texture_size": [64, 64],
	"textures": {
		"1": "leonemc:item/new_years/helmet_trim"
	},
	"elements": [
		{
			"from": [3.45, -0.55, 3.45],
			"to": [12.55, 8.55, 12.55],
			"rotation": {"angle": 0, "axis": "y", "origin": [8, 0, 8]},
			"faces": {
				"north": {"uv": [2, 2, 4, 4], "texture": "#1"},
				"east": {"uv": [0, 2, 2, 4], "texture": "#1"},
				"south": {"uv": [6, 2, 8, 4], "texture": "#1"},
				"west": {"uv": [4, 2, 6, 4], "texture": "#1"},
				"up": {"uv": [4, 2, 2, 0], "texture": "#1"},
				"down": {"uv": [6, 0, 4, 2], "texture": "#1"}
			}
		},
		{
			"from": [8, 4, 2.5],
			"to": [13, 9, 4.5],
			"rotation": {"angle": 45, "axis": "z", "origin": [8, 4, 2.5]},
			"faces": {
				"north": {"uv": [0.5, 7.75, 1.75, 9], "texture": "#1"},
				"east": {"uv": [0, 7.75, 0.5, 9], "texture": "#1"},
				"south": {"uv": [2.25, 7.75, 3.5, 9], "texture": "#1"},
				"west": {"uv": [1.75, 7.75, 2.25, 9], "texture": "#1"},
				"up": {"uv": [1.75, 7.75, 0.5, 7.25], "texture": "#1"},
				"down": {"uv": [3, 7.25, 1.75, 7.75], "texture": "#1"}
			}
		},
		{
			"from": [8, 9, 2.5],
			"to": [10, 13, 4.5],
			"rotation": {"angle": 45, "axis": "z", "origin": [8, 4, 2.5]},
			"faces": {
				"north": {"uv": [8.75, 1.75, 9.25, 2.75], "texture": "#1"},
				"east": {"uv": [8.25, 1.75, 8.75, 2.75], "texture": "#1"},
				"south": {"uv": [9.75, 1.75, 10.25, 2.75], "texture": "#1"},
				"west": {"uv": [9.25, 1.75, 9.75, 2.75], "texture": "#1"},
				"up": {"uv": [9.25, 1.75, 8.75, 1.25], "texture": "#1"},
				"down": {"uv": [9.75, 1.25, 9.25, 1.75], "texture": "#1"}
			}
		},
		{
			"from": [13, 4, 2.5],
			"to": [17, 6, 4.5],
			"rotation": {"angle": 45, "axis": "z", "origin": [8, 4, 2.5]},
			"faces": {
				"north": {"uv": [8.75, 0.5, 9.75, 1], "texture": "#1"},
				"east": {"uv": [8.25, 0.5, 8.75, 1], "texture": "#1"},
				"south": {"uv": [10.25, 0.5, 11.25, 1], "texture": "#1"},
				"west": {"uv": [9.75, 0.5, 10.25, 1], "texture": "#1"},
				"up": {"uv": [9.75, 0.5, 8.75, 0], "texture": "#1"},
				"down": {"uv": [10.75, 0, 9.75, 0.5], "texture": "#1"}
			}
		},
		{
			"from": [7, 5.5, 4],
			"to": [9, 8.5, 12],
			"rotation": {"angle": -45, "axis": "x", "origin": [8, 8.5, 4]},
			"faces": {
				"north": {"uv": [2, 6.25, 2.5, 7], "texture": "#1"},
				"east": {"uv": [0, 6.25, 2, 7], "texture": "#1"},
				"south": {"uv": [4.5, 6.25, 5, 7], "texture": "#1"},
				"west": {"uv": [2.5, 6.25, 4.5, 7], "texture": "#1"},
				"up": {"uv": [2.5, 6.25, 2, 4.25], "texture": "#1"},
				"down": {"uv": [3, 4.25, 2.5, 6.25], "texture": "#1"}
			}
		},
		{
			"from": [7, -0.5, 7],
			"to": [9, 5.5, 12],
			"rotation": {"angle": -45, "axis": "x", "origin": [8, 8.5, 4]},
			"faces": {
				"north": {"uv": [6.5, 5.5, 7, 7], "texture": "#1"},
				"east": {"uv": [5.25, 5.5, 6.5, 7], "texture": "#1"},
				"south": {"uv": [8.25, 5.5, 8.75, 7], "texture": "#1"},
				"west": {"uv": [7, 5.5, 8.25, 7], "texture": "#1"},
				"up": {"uv": [7, 5.5, 6.5, 4.25], "texture": "#1"},
				"down": {"uv": [7.5, 4.25, 7, 5.5], "texture": "#1"}
			}
		},
		{
			"from": [9.5, 4, 6],
			"to": [12.5, 9, 8],
			"rotation": {"angle": -45, "axis": "z", "origin": [12.5, 4, 7]},
			"faces": {
				"north": {"uv": [4.25, 7.75, 5, 9], "texture": "#1"},
				"east": {"uv": [3.75, 7.75, 4.25, 9], "texture": "#1"},
				"south": {"uv": [5.5, 7.75, 6.25, 9], "texture": "#1"},
				"west": {"uv": [5, 7.75, 5.5, 9], "texture": "#1"},
				"up": {"uv": [5, 7.75, 4.25, 7.25], "texture": "#1"},
				"down": {"uv": [5.75, 7.25, 5, 7.75], "texture": "#1"}
			}
		},
		{
			"from": [9.5, 9, 6],
			"to": [11.5, 12, 8],
			"rotation": {"angle": -45, "axis": "z", "origin": [12.5, 4, 7]},
			"faces": {
				"north": {"uv": [9.5, 3.5, 10, 4.25], "texture": "#1"},
				"east": {"uv": [9, 3.5, 9.5, 4.25], "texture": "#1"},
				"south": {"uv": [10.5, 3.5, 11, 4.25], "texture": "#1"},
				"west": {"uv": [10, 3.5, 10.5, 4.25], "texture": "#1"},
				"up": {"uv": [10, 3.5, 9.5, 3], "texture": "#1"},
				"down": {"uv": [10.5, 3, 10, 3.5], "texture": "#1"}
			}
		},
		{
			"from": [3.5, 4, 6],
			"to": [6.5, 9, 8],
			"rotation": {"angle": 45, "axis": "z", "origin": [3.5, 4, 7]},
			"faces": {
				"north": {"uv": [7, 7.75, 7.75, 9], "texture": "#1"},
				"east": {"uv": [6.5, 7.75, 7, 9], "texture": "#1"},
				"south": {"uv": [8.25, 7.75, 9, 9], "texture": "#1"},
				"west": {"uv": [7.75, 7.75, 8.25, 9], "texture": "#1"},
				"up": {"uv": [7.75, 7.75, 7, 7.25], "texture": "#1"},
				"down": {"uv": [8.5, 7.25, 7.75, 7.75], "texture": "#1"}
			}
		},
		{
			"from": [4.5, 9, 6],
			"to": [6.5, 12, 8],
			"rotation": {"angle": 45, "axis": "z", "origin": [3.5, 4, 7]},
			"faces": {
				"north": {"uv": [9.5, 5, 10, 5.75], "texture": "#1"},
				"east": {"uv": [9, 5, 9.5, 5.75], "texture": "#1"},
				"south": {"uv": [10.5, 5, 11, 5.75], "texture": "#1"},
				"west": {"uv": [10, 5, 10.5, 5.75], "texture": "#1"},
				"up": {"uv": [10, 5, 9.5, 4.5], "texture": "#1"},
				"down": {"uv": [10.5, 4.5, 10, 5], "texture": "#1"}
			}
		}
	],
	"display": {
		"thirdperson_righthand": {
			"translation": [0, 4, 0],
			"scale": [0.8, 0.8, 0.8]
		},
		"thirdperson_lefthand": {
			"translation": [0, 4, 0],
			"scale": [0.8, 0.8, 0.8]
		},
		"ground": {
			"translation": [0, 5, 0]
		},
		"gui": {
			"rotation": [0, 180, 0],
			"translation": [0, 0.75, 0],
			"scale": [0.8, 0.8, 0.8]
		},
		"head": {
			"translation": [0, 6, 0],
			"scale": [1.5, 1.5, 1.5]
		},
		"fixed": {
			"translation": [0, 1.75, 0]
		}
	},
	"groups": [
		{
			"name": "root",
			"origin": [8, 0, 8],
			"color": 0,
			"boneType": "",
			"children": [
				{
					"name": "EmeraldArmorPack",
					"origin": [8, -24, 8],
					"color": 0,
					"boneType": "",
					"children": [
						{
							"name": "Helmet",
							"origin": [8, 0, 8],
							"color": 0,
							"boneType": "",
							"children": [
								0,
								{
									"name": "Helmet_Ornaments",
									"origin": [8, 0, 8],
									"color": 0,
									"boneType": "",
									"children": [
										{
											"name": "Helmet_Ornament_Center",
											"origin": [8, 4, 2.5],
											"color": 0,
											"boneType": "",
											"children": [1, 2, 3]
										},
										{
											"name": "Helmet_Ornament_Crest",
											"origin": [8, 8.5, 4],
											"color": 0,
											"boneType": "",
											"children": [4, 5]
										},
										{
											"name": "Helmet_Ornament_A",
											"origin": [12.5, 3, 7],
											"color": 0,
											"boneType": "",
											"children": [6, 7]
										},
										{
											"name": "Helmet_Ornament_B",
											"origin": [3.5, 3, 7],
											"color": 0,
											"boneType": "",
											"children": [8, 9]
										}
									]
								}
							]
						}
					]
				}
			]
		}
	]
}