{
  "providers": [
    {
      "type": "bitmap",
      "file": "leonemc:ui/general/orange_alert.png",
      "ascent": 7,
      "height": 7,
      "chars": [
        "\uE318"
      ]
    },
    {
      "type": "bitmap",
      "file": "leonemc:ui/general/yellow_alert.png",
      "ascent": 7,
      "height": 7,
      "chars": [
        "\uE13B"
      ]
    },
    {
      "type": "bitmap",
      "file": "leonemc:ui/general/red_alert.png",
      "ascent": 7,
      "height": 7,
      "chars": [
        "\uE13C"
      ]
    },
    {
      "type": "bitmap",
      "file": "leonemc:ui/general/green_alert.png",
      "ascent": 7,
      "height": 7,
      "chars": [
        "\uE13D"
      ]
    },
    {
      "type": "bitmap",
      "file": "leonemc:ui/general/rarities/common.png",
      "ascent": 7,
      "height": 7,
      "chars": [
        "\uE13E"
      ]
    },
    {
      "type": "bitmap",
      "file": "leonemc:ui/general/rarities/rare.png",
      "ascent": 7,
      "height": 7,
      "chars": [
        "\uE13F"
      ]
    },
    {
      "type": "bitmap",
      "file": "leonemc:ui/general/rarities/epic.png",
      "ascent": 7,
      "height": 7,
      "chars": [
        "\uE140"
      ]
    },
    {
      "type": "bitmap",
      "file": "leonemc:ui/general/rarities/legendary.png",
      "ascent": 7,
      "height": 7,
      "chars": [
        "\uE141"
      ]
    },
    {
      "type": "bitmap",
      "file": "leonemc:ui/titles/crates.png",
      "ascent": 6,
      "height": 8,
      "chars": [
        "\uE142"
      ]
    },
    {
      "type": "bitmap",
      "file": "leonemc:ui/titles/npc.png",
      "ascent": 7,
      "height": 8,
      "chars": [
        "\uE143"
      ]
    },
    {
      "type": "bitmap",
      "file": "leonemc:ui/titles/information.png",
      "ascent": 6,
      "height": 8,
      "chars": [
        "\uE144"
      ]
    },
    {
      "type": "bitmap",
      "file": "leonemc:ui/titles/holiday_item.png",
      "ascent": 8,
      "height": 9,
      "chars": [
        "\uE163"
      ]
    },
    {
      "type": "bitmap",
      "file": "leonemc:ui/general/level_stars/aqua_star.png",
      "ascent": 8,
      "height": 8,
      "chars": [
        "\uE145"
      ]
    },
    {
      "type": "bitmap",
      "file": "leonemc:ui/general/level_stars/blue_star.png",
      "ascent": 8,
      "height": 8,
      "chars": [
        "\uE146"
      ]
    },
    {
      "type": "bitmap",
      "file": "leonemc:ui/general/level_stars/bronze_star.png",
      "ascent": 7,
      "height": 8,
      "chars": [
        "\uE147"
      ]
    },
    {
      "type": "bitmap",
      "file": "leonemc:ui/general/level_stars/dark_red_star.png",
      "ascent": 7,
      "height": 8,
      "chars": [
        "\uE148"
      ]
    },
    {
      "type": "bitmap",
      "file": "leonemc:ui/general/level_stars/green_star.png",
      "ascent": 8,
      "height": 8,
      "chars": [
        "\uE149"
      ]
    },
    {
      "type": "bitmap",
      "file": "leonemc:ui/general/level_stars/light_red_star.png",
      "ascent": 8,
      "height": 8,
      "chars": [
        "\uE150"
      ]
    },
    {
      "type": "bitmap",
      "file": "leonemc:ui/general/level_stars/other_yellow_star.png",
      "ascent": 8,
      "height": 8,
      "chars": [
        "\uE151"
      ]
    },
    {
      "type": "bitmap",
      "file": "leonemc:ui/general/level_stars/pink_star.png",
      "ascent": 8,
      "height": 8,
      "chars": [
        "\uE152"
      ]
    },
    {
      "type": "bitmap",
      "file": "leonemc:ui/general/level_stars/gray_star.png",
      "ascent": 8,
      "height": 8,
      "chars": [
        "\uE153"
      ]
    },
    {
      "type": "bitmap",
      "file": "leonemc:ui/general/level_stars/white_star.png",
      "ascent": 8,
      "height": 8,
      "chars": [
        "\uE154"
      ]
    },
    {
      "type": "bitmap",
      "file": "leonemc:ui/general/level_stars/yellow_star.png",
      "ascent": 8,
      "height": 8,
      "chars": [
        "\uE155"
      ]
    },
    {
      "type": "bitmap",
      "file": "leonemc:ui/general/mouse_clicks.png",
      "ascent": 8,
      "height": 8,
      "chars": [
        "\uE156",
        "\uE157",
        "\uE159"
      ]
    },
    {
      "type": "bitmap",
      "file": "leonemc:ui/general/warning.png",
      "ascent": 7,
      "height": 8,
      "chars": [
        "\uE160"
      ]
    },
    {
      "type": "bitmap",
      "file": "leonemc:ui/general/skull.png",
      "ascent": 7,
      "height": 8,
      "chars": [
        "\uE161"
      ]
    },
    {
      "type": "bitmap",
      "file": "leonemc:ui/menu_footer.png",
      "chars": [
        "\uE162"
      ],
      "ascent": 7,
      "height": 108
    },
    {
      "type": "bitmap",
      "file": "leonemc:ui/titles/valentines_item.png",
      "ascent": 8,
      "height": 9,
      "chars": [
        "\uE164"
      ]
    }
  ]
}