{
    "sources": [
        {
            "type": "minecraft:paletted_permutations",
            "palette_key": "trims/color_palettes/trim_palette",
            "permutations": {
                "quartz": "trims/color_palettes/quartz",
                "iron": "trims/color_palettes/iron",
                "gold": "trims/color_palettes/gold",
                "diamond": "trims/color_palettes/diamond",
                "netherite": "trims/color_palettes/netherite",
                "redstone": "trims/color_palettes/redstone",
                "copper": "trims/color_palettes/copper",
                "emerald": "trims/color_palettes/emerald",
                "lapis": "trims/color_palettes/lapis",
                "amethyst": "trims/color_palettes/amethyst"
            },
            "textures": [
                "littledragonset:trims/models/armor/littledragon",
                "littledragonset:trims/models/armor/littledragon_leggings",
                "plny_lunar_new_year_2025:trims/models/armor/plny_lunar_new_year_2025",
                "plny_lunar_new_year_2025:trims/models/armor/plny_lunar_new_year_2025_leggings",
                "valentineset:trims/models/armor/valentine",
                "valentineset:trims/models/armor/valentine_leggings",
                "minecraft:trims/models/armor/chainmail",
                "minecraft:trims/models/armor/chainmail_leggings"
            ]
        }
    ]
}