{
    "sources": [
        {
            "source": "entity",
            "prefix": "entity/",
            "type": "directory"
        },
        {
            "type": "single",
            "resource": "littledragonset:animations/animations_flame_01"
        },
        {
            "type": "single",
            "resource": "littledragonset:animations/animations_flame_02"
        },
        {
            "type": "single",
            "resource": "littledragonset:animations/animations_flame_03"
        },
        {
            "type": "single",
            "resource": "littledragonset:animations/animations_flame_04"
        },
        {
            "type": "single",
            "resource": "littledragonset:animations/animations_flame_05"
        },
        {
            "type": "single",
            "resource": "littledragonset:animations/animations_wings"
        },
        {
            "type": "single",
            "resource": "littledragonset:armor/littledragon_boots_icon"
        },
        {
            "type": "single",
            "resource": "littledragonset:armor/littledragon_chestplate_icon"
        },
        {
            "type": "single",
            "resource": "littledragonset:armor/littledragon_helmet_icon"
        },
        {
            "type": "single",
            "resource": "littledragonset:armor/littledragon_leggings_icon"
        },
        {
            "type": "single",
            "resource": "littledragonset:axe"
        },
        {
            "type": "single",
            "resource": "littledragonset:backpack"
        },
        {
            "type": "single",
            "resource": "littledragonset:bow"
        },
        {
            "type": "single",
            "resource": "littledragonset:bow_1"
        },
        {
            "type": "single",
            "resource": "littledragonset:bow_2"
        },
        {
            "type": "single",
            "resource": "littledragonset:chest"
        },
        {
            "type": "single",
            "resource": "littledragonset:crossbow"
        },
        {
            "type": "single",
            "resource": "littledragonset:crossbow_1"
        },
        {
            "type": "single",
            "resource": "littledragonset:crossbow_2"
        },
        {
            "type": "single",
            "resource": "littledragonset:crossbow_firework"
        },
        {
            "type": "single",
            "resource": "littledragonset:fishing_rod"
        },
        {
            "type": "single",
            "resource": "littledragonset:fishing_rod_cast"
        },
        {
            "type": "single",
            "resource": "littledragonset:flag"
        },
        {
            "type": "single",
            "resource": "littledragonset:greatsword"
        },
        {
            "type": "single",
            "resource": "littledragonset:hammer"
        },
        {
            "type": "single",
            "resource": "littledragonset:helmet"
        },
        {
            "type": "single",
            "resource": "littledragonset:hoe"
        },
        {
            "type": "single",
            "resource": "littledragonset:key"
        },
        {
            "type": "single",
            "resource": "littledragonset:little_dragon"
        },
        {
            "type": "single",
            "resource": "littledragonset:pickaxe"
        },
        {
            "type": "single",
            "resource": "littledragonset:scythe"
        },
        {
            "type": "single",
            "resource": "littledragonset:shield"
        },
        {
            "type": "single",
            "resource": "littledragonset:shovel"
        },
        {
            "type": "single",
            "resource": "littledragonset:spear"
        },
        {
            "type": "single",
            "resource": "littledragonset:sword"
        },
        {
            "type": "single",
            "resource": "littledragonset:trident"
        },
        {
            "type": "single",
            "resource": "littledragonset:wings"
        },
        {
            "type": "single",
            "resource": "plny_lunar_new_year_2025:animated/animated_1"
        },
        {
            "type": "single",
            "resource": "plny_lunar_new_year_2025:animated/animated_2"
        },
        {
            "type": "single",
            "resource": "plny_lunar_new_year_2025:animated/animated_3"
        },
        {
            "type": "single",
            "resource": "plny_lunar_new_year_2025:animated/animated_4"
        },
        {
            "type": "single",
            "resource": "plny_lunar_new_year_2025:animated/animated_5"
        },
        {
            "type": "single",
            "resource": "plny_lunar_new_year_2025:animated/animated_6"
        },
        {
            "type": "single",
            "resource": "plny_lunar_new_year_2025:animated/animated_7"
        },
        {
            "type": "single",
            "resource": "plny_lunar_new_year_2025:animated/animated_8"
        },
        {
            "type": "single",
            "resource": "plny_lunar_new_year_2025:armor/plny_lunar_new_year_2025_boots_icon"
        },
        {
            "type": "single",
            "resource": "plny_lunar_new_year_2025:armor/plny_lunar_new_year_2025_chestplate_icon"
        },
        {
            "type": "single",
            "resource": "plny_lunar_new_year_2025:armor/plny_lunar_new_year_2025_helmet_icon"
        },
        {
            "type": "single",
            "resource": "plny_lunar_new_year_2025:armor/plny_lunar_new_year_2025_leggings_icon"
        },
        {
            "type": "single",
            "resource": "plny_lunar_new_year_2025:axe"
        },
        {
            "type": "single",
            "resource": "plny_lunar_new_year_2025:bow"
        },
        {
            "type": "single",
            "resource": "plny_lunar_new_year_2025:chest"
        },
        {
            "type": "single",
            "resource": "plny_lunar_new_year_2025:crossbow"
        },
        {
            "type": "single",
            "resource": "plny_lunar_new_year_2025:fishing_rod"
        },
        {
            "type": "single",
            "resource": "plny_lunar_new_year_2025:hammer"
        },
        {
            "type": "single",
            "resource": "plny_lunar_new_year_2025:helmet"
        },
        {
            "type": "single",
            "resource": "plny_lunar_new_year_2025:hoe"
        },
        {
            "type": "single",
            "resource": "plny_lunar_new_year_2025:key"
        },
        {
            "type": "single",
            "resource": "plny_lunar_new_year_2025:mace"
        },
        {
            "type": "single",
            "resource": "plny_lunar_new_year_2025:pickaxe"
        },
        {
            "type": "single",
            "resource": "plny_lunar_new_year_2025:scythe"
        },
        {
            "type": "single",
            "resource": "plny_lunar_new_year_2025:shield"
        },
        {
            "type": "single",
            "resource": "plny_lunar_new_year_2025:shovel"
        },
        {
            "type": "single",
            "resource": "plny_lunar_new_year_2025:staff"
        },
        {
            "type": "single",
            "resource": "plny_lunar_new_year_2025:sword"
        },
        {
            "type": "single",
            "resource": "valentineset:animations/animations_1"
        },
        {
            "type": "single",
            "resource": "valentineset:animations/staff_outline"
        },
        {
            "type": "single",
            "resource": "valentineset:animations/wings_outline"
        },
        {
            "type": "single",
            "resource": "valentineset:armor/valentine_boots_icon"
        },
        {
            "type": "single",
            "resource": "valentineset:armor/valentine_chestplate_icon"
        },
        {
            "type": "single",
            "resource": "valentineset:armor/valentine_helmet_icon"
        },
        {
            "type": "single",
            "resource": "valentineset:armor/valentine_leggings_icon"
        },
        {
            "type": "single",
            "resource": "valentineset:axe"
        },
        {
            "type": "single",
            "resource": "valentineset:backpack"
        },
        {
            "type": "single",
            "resource": "valentineset:bow"
        },
        {
            "type": "single",
            "resource": "valentineset:bow_1"
        },
        {
            "type": "single",
            "resource": "valentineset:bow_2"
        },
        {
            "type": "single",
            "resource": "valentineset:chest"
        },
        {
            "type": "single",
            "resource": "valentineset:crossbow"
        },
        {
            "type": "single",
            "resource": "valentineset:crossbow_1"
        },
        {
            "type": "single",
            "resource": "valentineset:crossbow_2"
        },
        {
            "type": "single",
            "resource": "valentineset:fishing_rod"
        },
        {
            "type": "single",
            "resource": "valentineset:greatsword"
        },
        {
            "type": "single",
            "resource": "valentineset:hammer"
        },
        {
            "type": "single",
            "resource": "valentineset:helmet"
        },
        {
            "type": "single",
            "resource": "valentineset:hoe"
        },
        {
            "type": "single",
            "resource": "valentineset:key"
        },
        {
            "type": "single",
            "resource": "valentineset:pickaxe"
        },
        {
            "type": "single",
            "resource": "valentineset:scythe"
        },
        {
            "type": "single",
            "resource": "valentineset:shield"
        },
        {
            "type": "single",
            "resource": "valentineset:shovel"
        },
        {
            "type": "single",
            "resource": "valentineset:spear"
        },
        {
            "type": "single",
            "resource": "valentineset:staff"
        },
        {
            "type": "single",
            "resource": "valentineset:sword"
        },
        {
            "type": "single",
            "resource": "valentineset:trident"
        },
        {
            "type": "single",
            "resource": "valentineset:wings"
        }
    ]
}