{"sources": [{"type": "single", "resource": "littledragonset:animations/animations_flame_01"}, {"type": "single", "resource": "littledragonset:animations/animations_flame_02"}, {"type": "single", "resource": "littledragonset:animations/animations_flame_03"}, {"type": "single", "resource": "littledragonset:animations/animations_flame_04"}, {"type": "single", "resource": "littledragonset:animations/animations_flame_05"}, {"type": "single", "resource": "littledragonset:animations/animations_wings"}, {"type": "single", "resource": "littledragonset:armor/littledragon_boots_icon"}, {"type": "single", "resource": "littledragonset:armor/littledragon_chestplate_icon"}, {"type": "single", "resource": "littledragonset:armor/littledragon_helmet_icon"}, {"type": "single", "resource": "littledragonset:armor/littledragon_leggings_icon"}, {"type": "single", "resource": "littledragonset:axe"}, {"type": "single", "resource": "littledragonset:backpack"}, {"type": "single", "resource": "littledragonset:bow"}, {"type": "single", "resource": "littledragonset:bow_1"}, {"type": "single", "resource": "littledragonset:bow_2"}, {"type": "single", "resource": "littledragonset:chest"}, {"type": "single", "resource": "littledragonset:crossbow"}, {"type": "single", "resource": "littledragonset:crossbow_1"}, {"type": "single", "resource": "littledragonset:crossbow_2"}, {"type": "single", "resource": "littledragonset:crossbow_firework"}, {"type": "single", "resource": "littledragonset:fishing_rod"}, {"type": "single", "resource": "littledragonset:fishing_rod_cast"}, {"type": "single", "resource": "littledragonset:flag"}, {"type": "single", "resource": "littledragonset:greatsword"}, {"type": "single", "resource": "littledragonset:hammer"}, {"type": "single", "resource": "littledragonset:helmet"}, {"type": "single", "resource": "littledragonset:hoe"}, {"type": "single", "resource": "littledragonset:key"}, {"type": "single", "resource": "littledragonset:little_dragon"}, {"type": "single", "resource": "littledragonset:pickaxe"}, {"type": "single", "resource": "littledragonset:scythe"}, {"type": "single", "resource": "littledragonset:shield"}, {"type": "single", "resource": "littledragonset:shovel"}, {"type": "single", "resource": "littledragonset:spear"}, {"type": "single", "resource": "littledragonset:sword"}, {"type": "single", "resource": "littledragonset:trident"}, {"type": "single", "resource": "littledragonset:wings"}]}