{
    "model": {
        "type": "range_dispatch",
        "property": "custom_model_data",
        "fallback": {
            "type": "model",
            "model": "minecraft:item/iron_axe"
        },
        "entries": [
            {
                "threshold": 10124,
                "model": {
                    "type": "model",
                    "model": "littledragonset:axe"
                }
            },
            {
                "threshold": 10125,
                "model": {
                    "type": "model",
                    "model": "item/iron_axe"
                }
            }
        ]
    }
}