{
    "model": {
        "type": "range_dispatch",
        "property": "custom_model_data",
        "fallback": {
            "type": "model",
            "model": "item/leather_helmet"
        },
        "entries": [
            {
                "threshold": 1,
                "model": {
                    "type": "model",
                    "model": "littledragonset:littledragonhelmet"
                }
            },
            {
                "threshold": 2,
                "model": {
                    "type": "model",
                    "model": "plny_lunar_new_year_2025:plny_lunar_new_year_2025helmet"
                }
            },
            {
                "threshold": 3,
                "model": {
                    "type": "model",
                    "model": "valentineset:valentinehelmet"
                }
            },
            {
                "threshold": 4,
                "model": {
                    "type": "model",
                    "model": "nanoedge_set:nanoedgehelmet"
                }
            }
        ]
    }
}