{
    "model": {
        "type": "range_dispatch",
        "property": "custom_model_data",
        "fallback": {
            "type": "model",
            "model": "item/leather_boots"
        },
        "entries": [
            {
                "threshold": 10120,
                "model": {
                    "type": "model",
                    "model": "littledragonset:littledragonboots"
                }
            },
            {
                "threshold": 10121,
                "model": {
                    "type": "model",
                    "model": "item/leather_boots"
                }
            }
        ]
    }
}