{
    "model": {
        "type": "range_dispatch",
        "property": "custom_model_data",
        "fallback": {
            "type": "model",
            "model": "minecraft:item/netherite_sword"
        },
        "entries": [
            {
                "threshold": 1,
                "model": {
                    "type": "model",
                    "model": "leonemc:tools/candycane/netherite_sword"
                }
            },
            {
                "threshold": 2,
                "model": {
                    "type": "model",
                    "model": "leonemc:tools/new_years/new_years_sword"
                }
            },
            {
                "threshold": 3,
                "model": {
                    "type": "model",
                    "model": "plny_lunar_new_year_2025:hammer"
                }
            },
            {
                "threshold": 4,
                "model": {
                    "type": "model",
                    "model": "plny_lunar_new_year_2025:scythe"
                }
            },
            {
                "threshold": 5,
                "model": {
                    "type": "model",
                    "model": "plny_lunar_new_year_2025:spear"
                }
            },
            {
                "threshold": 6,
                "model": {
                    "type": "model",
                    "model": "plny_lunar_new_year_2025:staff"
                }
            },
            {
                "threshold": 7,
                "model": {
                    "type": "model",
                    "model": "plny_lunar_new_year_2025:sword"
                }
            },
            {
                "threshold": 8,
                "model": {
                    "type": "model",
                    "model": "valentineset:scythe"
                }
            },
            {
                "threshold": 9,
                "model": {
                    "type": "model",
                    "model": "valentineset:spear"
                }
            },
            {
                "threshold": 10,
                "model": {
                    "type": "model",
                    "model": "valentineset:staff"
                }
            },
            {
                "threshold": 11,
                "model": {
                    "type": "model",
                    "model": "valentineset:sword"
                }
            },
            {
                "threshold": 12,
                "model": {
                    "type": "model",
                    "model": "valentineset:greatsword"
                }
            },
            {
                "threshold": 13,
                "model": {
                    "type": "model",
                    "model": "nanoedge_set:greatsword"
                }
            },
            {
                "threshold": 14,
                "model": {
                    "type": "model",
                    "model": "nanoedge_set:hammer"
                }
            },
            {
                "threshold": 15,
                "model": {
                    "type": "model",
                    "model": "nanoedge_set:scythe"
                }
            },
            {
                "threshold": 16,
                "model": {
                    "type": "model",
                    "model": "nanoedge_set:spear"
                }
            },
            {
                "threshold": 17,
                "model": {
                    "type": "model",
                    "model": "nanoedge_set:staff"
                }
            },
            {
                "threshold": 18,
                "model": {
                    "type": "model",
                    "model": "nanoedge_set:sword"
                }
            },
            {
                "threshold": 19,
                "model": {
                    "type": "model",
                    "model": "nanoedge_set:trident"
                }
            }
        ]
    }
}