{
    "model": {
        "type": "range_dispatch",
        "property": "custom_model_data",
        "fallback": {
            "type": "model",
            "model": "minecraft:item/paper"
        },
        "entries": [
            {
                "threshold": 10209,
                "model": {
                    "type": "model",
                    "model": "littledragonset:key"
                }
            },
            {
                "threshold": 10214,
                "model": {
                    "type": "model",
                    "model": "item/paper"
                }
            },
            {
                "threshold": 2,
                "model": {
                    "type": "model",
                    "model": "leonemc:character/wumpus/wumpus"
                }
            },
            {
                "threshold": 3,
                "model": {
                    "type": "model",
                    "model": "leonemc:dollar"
                }
            },
            {
                "threshold": 4,
                "model": {
                    "type": "model",
                    "model": "leonemc:board/event/board_event"
                }
            },
            {
                "threshold": 5,
                "model": {
                    "type": "model",
                    "model": "leonemc:board/blank/board_blank"
                }
            },
            {
                "threshold": 6,
                "model": {
                    "type": "model",
                    "model": "leonemc:board/wide/board_wide"
                }
            },
            {
                "threshold": 7,
                "model": {
                    "type": "model",
                    "model": "leonemc:horns"
                }
            },
            {
                "threshold": 8,
                "model": {
                    "type": "model",
                    "model": "leonemc:crown/crown_1"
                }
            },
            {
                "threshold": 9,
                "model": {
                    "type": "model",
                    "model": "leonemc:crown/crown_2"
                }
            },
            {
                "threshold": 10,
                "model": {
                    "type": "model",
                    "model": "leonemc:crown/crown_3"
                }
            },
            {
                "threshold": 11,
                "model": {
                    "type": "model",
                    "model": "leonemc:crown/crown_4"
                }
            },
            {
                "threshold": 12,
                "model": {
                    "type": "model",
                    "model": "leonemc:crown/crown_5"
                }
            },
            {
                "threshold": 13,
                "model": {
                    "type": "model",
                    "model": "leonemc:crown/sceptre"
                }
            },
            {
                "threshold": 14,
                "model": {
                    "type": "model",
                    "model": "leonemc:hats/sombrero_cap"
                }
            },
            {
                "threshold": 15,
                "model": {
                    "type": "model",
                    "model": "plny_lunar_new_year_2025:chest"
                }
            },
            {
                "threshold": 16,
                "model": {
                    "type": "model",
                    "model": "plny_lunar_new_year_2025:helmet"
                }
            },
            {
                "threshold": 17,
                "model": {
                    "type": "model",
                    "model": "plny_lunar_new_year_2025:key"
                }
            },
            {
                "threshold": 18,
                "model": {
                    "type": "model",
                    "model": "valentineset:key"
                }
            },
            {
                "threshold": 19,
                "model": {
                    "type": "model",
                    "model": "nanoedge_set:chest"
                }
            },
            {
                "threshold": 20,
                "model": {
                    "type": "model",
                    "model": "nanoedge_set:helmet"
                }
            },
            {
                "threshold": 21,
                "model": {
                    "type": "model",
                    "model": "nanoedge_set:key"
                }
            },
            {
                "threshold": 22,
                "model": {
                    "type": "model",
                    "model": "nanoedge_set:wings"
                }
            }
        ]
    }
}