{
    "model": {
        "type": "range_dispatch",
        "property": "custom_model_data",
        "fallback": {
            "type": "model",
            "model": "minecraft:block/sea_lantern"
        },
        "entries": [
            {
                "threshold": 1,
                "model": {
                    "type": "model",
                    "model": "valentineset:chest"
                }
            },
            {
                "threshold": 10178,
                "model": {
                    "type": "model",
                    "model": "item/sea_lantern"
                }
            }
        ]
    }
}